product_id,vendor_id,vendor,title,status,current_brand_id,current_brand_name,current_licenses,classification,suggested_brand_id,suggested_brand_name,suggested_license_id,suggested_license_name,brand_confidence,license_confidence,evidence,recommended_action,will_auto_fix,reason
"d6436dff-23cf-44dc-a082-5047d931c4c4","2f619f21-5fae-4874-8c77-6b28f46eb845","Tienda-testing","99 Nights in the Forest - Minifiguras- Serie 1 - Incluye códigos DLC canjeables en Roblox","published","7fb95fff-e06e-4761-b000-a38e1661b001","PhatMojo","","VALID_BRAND","","","232c01a8-c01e-40af-8886-f7195380b48f","Roblox","0.95","0.9","TITLE_LICENSE_MATCH:Roblox","AUTO_ASSIGN_LICENSE","FALSE","Marca/Fabricante válida y aprobada."
"3f91bfe2-8434-43eb-a7a4-9b880fa7c0bb","2f619f21-5fae-4874-8c77-6b28f46eb845","Tienda-testing","PhatMojo","published","7fb95fff-e06e-4761-b000-a38e1661b001","PhatMojo","","VALID_BRAND","","","","","0.95","0","TITLE_MANUFACTURER_MATCH:PhatMojo","KEEP","FALSE","Marca/Fabricante válida y aprobada."
"c7475b6b-2afa-4cb5-b721-1b8f47cd0116","61a48094-7453-4b7f-9563-e51f184832f9","JorgiToys","Figura De Acción Glamrock Fred Security Breach 47490 De Funko","published","1cbd2abc-1508-40c4-8823-9806998979e3","Funko","","VALID_BRAND","","","","","0.95","0","TITLE_MANUFACTURER_MATCH:Funko","KEEP","FALSE","Marca/Fabricante válida y aprobada."
"e22134b6-3bcb-42c9-a4f5-f8f1f05cf809","61a48094-7453-4b7f-9563-e51f184832f9","JorgiToys","Mace Windu Star Wars Attack Of The Clones Vintage Hasbro ","published","0df4aeab-c5e9-4d35-8a9b-e63f391d5a57","Hasbro","","VALID_BRAND","","","1d4ebf30-350d-4336-9058-90689b87700a","Star Wars","0.95","0.9","TITLE_LICENSE_MATCH:Star Wars;TITLE_MANUFACTURER_MATCH:Hasbro","AUTO_ASSIGN_LICENSE","FALSE","Marca/Fabricante válida y aprobada."
"35afb05e-001c-405d-9ab2-c1a5552c0f47","61a48094-7453-4b7f-9563-e51f184832f9","JorgiToys","Darkstar Marvel Legends Ursa Major Baf Hasbro","published","0df4aeab-c5e9-4d35-8a9b-e63f391d5a57","Hasbro","","VALID_BRAND","","","39af7eed-0ae2-4c7f-ac30-107d20957036","Marvel","0.95","0.9","TITLE_LICENSE_MATCH:Marvel;TITLE_MANUFACTURER_MATCH:Hasbro","AUTO_ASSIGN_LICENSE","FALSE","Marca/Fabricante válida y aprobada."
"b3c8c811-c0c4-4b0f-9ac7-40de15684f97","61a48094-7453-4b7f-9563-e51f184832f9","JorgiToys","Once Eleven With Eggo Stranger Things 421 Funko Pop","published","1cbd2abc-1508-40c4-8823-9806998979e3","Funko","","VALID_BRAND","","","","","0.95","0","TITLE_MANUFACTURER_MATCH:Funko","KEEP","FALSE","Marca/Fabricante válida y aprobada."
"daef9acc-bf2c-46fc-b23a-d66afb1d15d0","61a48094-7453-4b7f-9563-e51f184832f9","JorgiToys","The Creep Ultimate Creepshow 40th Anniversary Neca","published","43edaabc-3910-45ab-b93d-857698fad50b","NECA","","VALID_BRAND","","","","","0.95","0","TITLE_MANUFACTURER_MATCH:NECA","KEEP","FALSE","Marca/Fabricante válida y aprobada."
"87942584-a107-45f1-a680-aa5bbcc22a10","61a48094-7453-4b7f-9563-e51f184832f9","JorgiToys","Shadow Knuckles Buzz Drone Sonic 3 La Película Jakks Pacific","published","4c557954-aa44-444a-96c8-f1c714d5847f","Jakks Pacific","","VALID_BRAND","","","e0b9f1da-0b23-4007-905a-8c6ce242d445","Sonic","0.95","0.9","TITLE_LICENSE_MATCH:Sonic;TITLE_MANUFACTURER_MATCH:Jakks Pacific","AUTO_ASSIGN_LICENSE","FALSE","Marca/Fabricante válida y aprobada."
"335e4123-4cf1-493e-bab1-1c9a4089b5ae","61a48094-7453-4b7f-9563-e51f184832f9","JorgiToys","Speed Force Flash Justice League 2021 Dc Mcfarlane","published","c2451c65-4354-4955-8afd-ad4bffecd26c","Mcfarlane","","VALID_BRAND","","","8956afcb-0f0d-4be9-b26e-3d9ff47ebc1b","DC","0.95","0.9","TITLE_LICENSE_MATCH:DC;TITLE_MANUFACTURER_MATCH:McFarlane Toys","AUTO_ASSIGN_LICENSE","FALSE","Marca/Fabricante válida y aprobada."
"65dd7af5-b301-4c03-b210-47cd84a40619","61a48094-7453-4b7f-9563-e51f184832f9","JorgiToys","Jalapeño Plantas Vs Zombies Peluche 18cm","published","","","","MISSING_BRAND","","","","","0","0","","REQUIRES_VENDOR_ATTENTION","FALSE","El producto no posee marca asignada (brand_id es NULL)."
"ce814904-ff35-4634-af48-511f2db70e69","61a48094-7453-4b7f-9563-e51f184832f9","JorgiToys","Cyborg Spiderman Marvel Legends Hasbro","published","0df4aeab-c5e9-4d35-8a9b-e63f391d5a57","Hasbro","","VALID_BRAND","","","39af7eed-0ae2-4c7f-ac30-107d20957036","Marvel","0.95","0.9","TITLE_LICENSE_MATCH:Marvel;TITLE_MANUFACTURER_MATCH:Hasbro","AUTO_ASSIGN_LICENSE","FALSE","Marca/Fabricante válida y aprobada."
"ca42fe36-06cf-43f1-9937-e7e49353ea52","61a48094-7453-4b7f-9563-e51f184832f9","JorgiToys","Super Mario 6cm Wave 22 Nintendo Jakks","published","79c769ff-c82f-4a74-82de-790b8c3ecf05","Jakks Pacific","","VALID_BRAND","","","","","0.95","0","TITLE_MANUFACTURER_MATCH:Jakks Pacific","KEEP","FALSE","Marca/Fabricante válida y aprobada."
"778a4c66-9278-40a9-9bb5-d0895e2fb4c1","61a48094-7453-4b7f-9563-e51f184832f9","JorgiToys","Shadow Sonic The Hedgehog Great Eastern Peluche 30cm","published","c4e4213e-b7cb-49cc-92be-cbe13cc7209e","Great Eastern Entertainment","","VALID_BRAND","","","e0b9f1da-0b23-4007-905a-8c6ce242d445","Sonic","0.95","0.9","TITLE_LICENSE_MATCH:Sonic","AUTO_ASSIGN_LICENSE","FALSE","Marca/Fabricante válida y aprobada."
"2c103ab8-d7f8-4cc9-a87f-be12a5601372","61a48094-7453-4b7f-9563-e51f184832f9","JorgiToys","Tinker Bell Campanita Peter Pan Story Doll Princesas Disney","published","79352f1b-f900-4f8a-97dc-74649d3022d2","Disney","","LICENSE_AS_BRAND","","","c948500a-b519-4843-82fd-a70f782c8571","Disney","0.4","0.95","CURRENT_BRAND_IS_LICENSE:Disney","MANUAL_REVIEW","FALSE","La marca actual (""Disney"") es una Licencia/Franquicia y no el Fabricante del producto. | No se detectó evidencia del fabricante real. Se requiere revisión manual sin inventar marca."
"29b53023-c9c6-4c3b-babf-4932ee93d00c","61a48094-7453-4b7f-9563-e51f184832f9","JorgiToys","Five Nights At Freddy's 6 Figuras Muñecos Set #2","published","fac762b8-889d-4f6d-bf1c-da9f06dab0d7","Genérica","","GENERIC_BRAND","","","","","0","0","GENERIC_BRAND_DETECTED","REQUIRES_VENDOR_ATTENTION","FALSE","El producto utiliza una marca genérica no permitida a vendedores (""Genérica"")."
"53ee9cd2-ee2f-459b-baf5-427ee05d1b2a","61a48094-7453-4b7f-9563-e51f184832f9","JorgiToys","South Park Kenny Stan Cartman Kyle Butters Set 5 Figuras","published","","","","MISSING_BRAND","","","","","0","0","","REQUIRES_VENDOR_ATTENTION","FALSE","El producto no posee marca asignada (brand_id es NULL)."
"1ec44a51-c2b4-463d-b7cd-714fc579bc05","61a48094-7453-4b7f-9563-e51f184832f9","JorgiToys","Bob Esponja Peluche 20cm","published","","","","MISSING_BRAND","","","","","0","0","","REQUIRES_VENDOR_ATTENTION","FALSE","El producto no posee marca asignada (brand_id es NULL)."
"52ed0889-3349-4dd8-8998-0753f5474763","61a48094-7453-4b7f-9563-e51f184832f9","JorgiToys","Ra´s Al Ghul Batman The Animated Series Dc Collectibles 24","published","ad5d4bf0-769c-49ea-9d84-211a2fb33a68","DC Collectibles","","VALID_BRAND","","","8956afcb-0f0d-4be9-b26e-3d9ff47ebc1b","DC","0.95","0.9","TITLE_LICENSE_MATCH:DC","AUTO_ASSIGN_LICENSE","FALSE","Marca/Fabricante válida y aprobada."
"b4db3bfd-01ad-4e3b-a112-ecf7e51ff429","61a48094-7453-4b7f-9563-e51f184832f9","JorgiToys","Starscream Transformers Legacy Core Class Hasbro","published","0df4aeab-c5e9-4d35-8a9b-e63f391d5a57","Hasbro","","VALID_BRAND","","","","","0.95","0","TITLE_MANUFACTURER_MATCH:Hasbro","KEEP","FALSE","Marca/Fabricante válida y aprobada."
"98b246e6-6fbf-4294-9f99-cf75f7fe8a05","61a48094-7453-4b7f-9563-e51f184832f9","JorgiToys","Plantas Vs Zombies 4 Muñecos Figuras Set #2","published","","","","MISSING_BRAND","","","","","0","0","","REQUIRES_VENDOR_ATTENTION","FALSE","El producto no posee marca asignada (brand_id es NULL)."
"674f42e5-afb4-41f1-9c08-c7331db429df","61a48094-7453-4b7f-9563-e51f184832f9","JorgiToys","Plantas Vs Zombies 3 Muñecos Figuras Set #7","published","","","","MISSING_BRAND","","","","","0","0","","REQUIRES_VENDOR_ATTENTION","FALSE","El producto no posee marca asignada (brand_id es NULL)."
"3fd7f72d-4325-45a5-8b62-51894390bc81","61a48094-7453-4b7f-9563-e51f184832f9","JorgiToys","Foxy Corn Maze Five Nights At Freddy´s Mcfarlane 38pcs","published","c2451c65-4354-4955-8afd-ad4bffecd26c","Mcfarlane","","VALID_BRAND","","","","","0.95","0","TITLE_MANUFACTURER_MATCH:McFarlane Toys","KEEP","FALSE","Marca/Fabricante válida y aprobada."
"13b8c746-f3df-43ce-9c0b-0903ca050394","61a48094-7453-4b7f-9563-e51f184832f9","JorgiToys","Hermione Granger Harry Potter Peluche Lego","published","da508c22-2fc6-411a-811e-caf2a0e3704c","Lego","","VALID_BRAND","","","3a1d5406-c556-4f3a-a77a-29d0cd182e9b","Harry Potter","0.95","0.9","TITLE_LICENSE_MATCH:Harry Potter;TITLE_MANUFACTURER_MATCH:Lego","AUTO_ASSIGN_LICENSE","FALSE","Marca/Fabricante válida y aprobada."
"6eb72824-e0b0-456e-a8a4-359df9d1be43","61a48094-7453-4b7f-9563-e51f184832f9","JorgiToys","Mira Guerreras Kpop Demon Hunter 1 Figura En Caja + Carta","published","fac762b8-889d-4f6d-bf1c-da9f06dab0d7","Genérica","","GENERIC_BRAND","","","","","0","0","GENERIC_BRAND_DETECTED","REQUIRES_VENDOR_ATTENTION","FALSE","El producto utiliza una marca genérica no permitida a vendedores (""Genérica"")."
"a4268fa8-53a1-45e4-89c8-2d218b3ae347","61a48094-7453-4b7f-9563-e51f184832f9","JorgiToys","My Melody Kuromi Hello Kitty Sanrio Gorro","published","1af01a3d-c8c7-42a7-9d9c-a215d3cb75e8","Sanrio","","VALID_BRAND","","","","","0.95","0","","KEEP","FALSE","Marca/Fabricante válida y aprobada."
"3c77caf8-310b-44d5-8db8-7ee91cb40060","61a48094-7453-4b7f-9563-e51f184832f9","JorgiToys","Figura Super Sonic Amarillo 13cm Sonic 3","published","79c769ff-c82f-4a74-82de-790b8c3ecf05","Jakks Pacific","","VALID_BRAND","","","e0b9f1da-0b23-4007-905a-8c6ce242d445","Sonic","0.95","0.9","TITLE_LICENSE_MATCH:Sonic","AUTO_ASSIGN_LICENSE","FALSE","Marca/Fabricante válida y aprobada."
"026ffcd1-9c65-498b-bac8-47676e942854","61a48094-7453-4b7f-9563-e51f184832f9","JorgiToys","Milu Living Dead Dolls Series 27 Mezco","published","65e6db0a-f7cc-49e4-9d2e-2bac37eaf8da","Mezco Toyz","","VALID_BRAND","","","","","0.95","0","TITLE_MANUFACTURER_MATCH:Mezco Toyz","KEEP","FALSE","Marca/Fabricante válida y aprobada."
"3a7ba330-be2c-4e88-acca-124b53e2dde5","61a48094-7453-4b7f-9563-e51f184832f9","JorgiToys","Darth Vader Star Wars The Empire Strikes Back Black Series","published","0df4aeab-c5e9-4d35-8a9b-e63f391d5a57","Hasbro","","VALID_BRAND","","","1d4ebf30-350d-4336-9058-90689b87700a","Star Wars","0.95","0.9","TITLE_LICENSE_MATCH:Star Wars","AUTO_ASSIGN_LICENSE","FALSE","Marca/Fabricante válida y aprobada."
"fdedb75e-5512-449c-b68f-71f9ffaa1d32","61a48094-7453-4b7f-9563-e51f184832f9","JorgiToys","Harry Potter Lentes","published","fac762b8-889d-4f6d-bf1c-da9f06dab0d7","Genérica","","GENERIC_BRAND","","","3a1d5406-c556-4f3a-a77a-29d0cd182e9b","Harry Potter","0","0.9","TITLE_LICENSE_MATCH:Harry Potter;GENERIC_BRAND_DETECTED","REQUIRES_VENDOR_ATTENTION","FALSE","El producto utiliza una marca genérica no permitida a vendedores (""Genérica"")."
"5907de3c-3101-4b6f-afcf-773c8a32ee4d","61a48094-7453-4b7f-9563-e51f184832f9","JorgiToys","Cyclops X-men 97 Wave 2 Marvel Legends Hasbro","published","5f1f8d40-ec5c-4e95-9c55-7676bc9308b5","Marvel","","LICENSE_AS_BRAND","0df4aeab-c5e9-4d35-8a9b-e63f391d5a57","Hasbro","39af7eed-0ae2-4c7f-ac30-107d20957036","Marvel","0.88","0.95","CURRENT_BRAND_IS_LICENSE:Marvel;TITLE_MANUFACTURER_MATCH:Hasbro","MANUAL_REVIEW","FALSE","La marca actual (""Marvel"") es una Licencia/Franquicia y no el Fabricante del producto. | Fabricante sugerido: ""Hasbro""."
"d8f21602-82f7-40cc-8fc8-1a75e2bf4aa5","61a48094-7453-4b7f-9563-e51f184832f9","JorgiToys","Magneto X-men 97 Wave 2 Marvel Legends Hasbro ","published","0df4aeab-c5e9-4d35-8a9b-e63f391d5a57","Hasbro","","VALID_BRAND","","","39af7eed-0ae2-4c7f-ac30-107d20957036","Marvel","0.95","0.9","TITLE_LICENSE_MATCH:Marvel;TITLE_MANUFACTURER_MATCH:Hasbro","AUTO_ASSIGN_LICENSE","FALSE","Marca/Fabricante válida y aprobada."
"ec409f89-2bdf-42fe-adf5-8da9c34ef274","61a48094-7453-4b7f-9563-e51f184832f9","JorgiToys","Mjolnir Thor Love And Thunder Marvel Legends Hasbro","published","0df4aeab-c5e9-4d35-8a9b-e63f391d5a57","Hasbro","","VALID_BRAND","","","39af7eed-0ae2-4c7f-ac30-107d20957036","Marvel","0.95","0.9","TITLE_LICENSE_MATCH:Marvel;TITLE_MANUFACTURER_MATCH:Hasbro","AUTO_ASSIGN_LICENSE","FALSE","Marca/Fabricante válida y aprobada."
"e1359aee-9697-463a-8fef-393245df06b9","61a48094-7453-4b7f-9563-e51f184832f9","JorgiToys","Peluche Sonic The Hedgehog La Pelicula 2 (33cm)","published","79c769ff-c82f-4a74-82de-790b8c3ecf05","Jakks Pacific","","VALID_BRAND","","","e0b9f1da-0b23-4007-905a-8c6ce242d445","Sonic","0.95","0.9","TITLE_LICENSE_MATCH:Sonic","AUTO_ASSIGN_LICENSE","FALSE","Marca/Fabricante válida y aprobada."
"b978603f-df9e-43b1-ad06-5af35b8da8a9","61a48094-7453-4b7f-9563-e51f184832f9","JorgiToys","Gwen Stacy Spiderman Marvel Legends Hasbro","published","0df4aeab-c5e9-4d35-8a9b-e63f391d5a57","Hasbro","","VALID_BRAND","","","39af7eed-0ae2-4c7f-ac30-107d20957036","Marvel","0.95","0.9","TITLE_LICENSE_MATCH:Marvel;TITLE_MANUFACTURER_MATCH:Hasbro","AUTO_ASSIGN_LICENSE","FALSE","Marca/Fabricante válida y aprobada."
"f884d173-ba91-4084-8eb1-18c6ca61aa2d","61a48094-7453-4b7f-9563-e51f184832f9","JorgiToys","Dr. Doom Marvel Legends Xenmu Baf Hasbro","published","0df4aeab-c5e9-4d35-8a9b-e63f391d5a57","Hasbro","","VALID_BRAND","","","39af7eed-0ae2-4c7f-ac30-107d20957036","Marvel","0.95","0.9","TITLE_LICENSE_MATCH:Marvel;TITLE_MANUFACTURER_MATCH:Hasbro","AUTO_ASSIGN_LICENSE","FALSE","Marca/Fabricante válida y aprobada."
"e1a69072-8ef7-474c-9f02-b93868c0a835","61a48094-7453-4b7f-9563-e51f184832f9","JorgiToys","Figura Articulada Neca Steel Clan Robot Gárgolas Con Accesorios 19 Cm","published","43edaabc-3910-45ab-b93d-857698fad50b","NECA","","VALID_BRAND","","","","","0.95","0","TITLE_MANUFACTURER_MATCH:NECA","KEEP","FALSE","Marca/Fabricante válida y aprobada."
"2bccb6ed-df36-4e5f-a660-efe9026769af","61a48094-7453-4b7f-9563-e51f184832f9","JorgiToys","Margarita Marigold Plantas Vs Zombies Peluche 18cm","published","","","","MISSING_BRAND","","","","","0","0","","REQUIRES_VENDOR_ATTENTION","FALSE","El producto no posee marca asignada (brand_id es NULL)."
"e89ec5a1-c606-46e9-8475-82eea34d4631","61a48094-7453-4b7f-9563-e51f184832f9","JorgiToys","Jocasta Marvel Legends Joe Fixit Baf Hasbro","published","0df4aeab-c5e9-4d35-8a9b-e63f391d5a57","Hasbro","","VALID_BRAND","","","39af7eed-0ae2-4c7f-ac30-107d20957036","Marvel","0.95","0.9","TITLE_LICENSE_MATCH:Marvel;TITLE_MANUFACTURER_MATCH:Hasbro","AUTO_ASSIGN_LICENSE","FALSE","Marca/Fabricante válida y aprobada."
"a27b3fab-0b51-43dc-80c2-a4f45815a44d","61a48094-7453-4b7f-9563-e51f184832f9","JorgiToys","Guantelete Infinito Thanos Avengers Con Luz Talle Niño","published","","","","MISSING_BRAND","","","","","0","0","","REQUIRES_VENDOR_ATTENTION","FALSE","El producto no posee marca asignada (brand_id es NULL)."
"b3ef122a-5c4e-47a8-b953-8982df836a23","61a48094-7453-4b7f-9563-e51f184832f9","JorgiToys","Star Wars F7109 The Black Series Ahsoka General Hera Syndulla","published","805f40a4-b371-40ac-ba05-ee277b20dd27","Star Wars","","LICENSE_AS_BRAND","","","1d4ebf30-350d-4336-9058-90689b87700a","Star Wars","0.4","0.95","CURRENT_BRAND_IS_LICENSE:Star Wars","MANUAL_REVIEW","FALSE","La marca actual (""Star Wars"") es una Licencia/Franquicia y no el Fabricante del producto. | No se detectó evidencia del fabricante real. Se requiere revisión manual sin inventar marca."
"f24ae857-2419-45d4-b85d-9cd00347046a","61a48094-7453-4b7f-9563-e51f184832f9","JorgiToys","Chun-li Super Street Fighter 4 Rah Medicom Toy 657","published","e44551bc-0261-4421-8761-20f201815f93","Medicom Toy","","VALID_BRAND","","","","","0.95","0","","KEEP","FALSE","Marca/Fabricante válida y aprobada."
"ea632421-b0c9-46dc-a779-971376d8a7d0","61a48094-7453-4b7f-9563-e51f184832f9","JorgiToys","Capricorn Saint Seiya Cloth Collection Vol.2  Medicos","published","ba4cf015-ae50-48cd-8de5-90be5cb5ff06","Medicos Entertainment","","VALID_BRAND","","","","","0.95","0","","KEEP","FALSE","Marca/Fabricante válida y aprobada."
"8a65b9da-8e57-4b1a-b2d5-96c9b3163aec","61a48094-7453-4b7f-9563-e51f184832f9","JorgiToys","Wolverine X-men 97 Marvel Legends Hasbro","published","0df4aeab-c5e9-4d35-8a9b-e63f391d5a57","Hasbro","","VALID_BRAND","","","39af7eed-0ae2-4c7f-ac30-107d20957036","Marvel","0.95","0.9","TITLE_LICENSE_MATCH:Marvel;TITLE_MANUFACTURER_MATCH:Hasbro","AUTO_ASSIGN_LICENSE","FALSE","Marca/Fabricante válida y aprobada."
"cd1f3125-efb2-427d-8399-385818a3dd17","61a48094-7453-4b7f-9563-e51f184832f9","JorgiToys","Alex Delarge A Clockwork Orange Living Dead Dolls Mezco","published","65e6db0a-f7cc-49e4-9d2e-2bac37eaf8da","Mezco Toyz","","VALID_BRAND","","","","","0.95","0","TITLE_MANUFACTURER_MATCH:Mezco Toyz","KEEP","FALSE","Marca/Fabricante válida y aprobada."
"24cd762d-33b1-4328-a4b3-3a0032e5f138","61a48094-7453-4b7f-9563-e51f184832f9","JorgiToys","Pikachu Pokemon Aoger Peluche 25cm","published","","","","MISSING_BRAND","","","","","0","0","","REQUIRES_VENDOR_ATTENTION","FALSE","El producto no posee marca asignada (brand_id es NULL)."
"adb55dd9-3583-4c63-b2ed-b71980c61ae9","61a48094-7453-4b7f-9563-e51f184832f9","JorgiToys","Venom Let There Be Carnage Marvel Legends Hasbro","published","0df4aeab-c5e9-4d35-8a9b-e63f391d5a57","Hasbro","","VALID_BRAND","","","39af7eed-0ae2-4c7f-ac30-107d20957036","Marvel","0.95","0.9","TITLE_LICENSE_MATCH:Marvel;TITLE_MANUFACTURER_MATCH:Hasbro","AUTO_ASSIGN_LICENSE","FALSE","Marca/Fabricante válida y aprobada."
"c08d2b25-a8fa-4897-802f-4485e5cfd054","61a48094-7453-4b7f-9563-e51f184832f9","JorgiToys","Catwoman Batman The Animated Series Dc Collectibles 04","published","ad5d4bf0-769c-49ea-9d84-211a2fb33a68","DC Collectibles","","VALID_BRAND","","","8956afcb-0f0d-4be9-b26e-3d9ff47ebc1b","DC","0.95","0.9","TITLE_LICENSE_MATCH:DC","AUTO_ASSIGN_LICENSE","FALSE","Marca/Fabricante válida y aprobada."
"aa306b9c-af7e-4d28-908c-081e9eb8eabb","61a48094-7453-4b7f-9563-e51f184832f9","JorgiToys","Rapunzel Story Doll Princesas Disney Store","published","79352f1b-f900-4f8a-97dc-74649d3022d2","Disney","","LICENSE_AS_BRAND","","","c948500a-b519-4843-82fd-a70f782c8571","Disney","0.4","0.95","CURRENT_BRAND_IS_LICENSE:Disney","MANUAL_REVIEW","FALSE","La marca actual (""Disney"") es una Licencia/Franquicia y no el Fabricante del producto. | No se detectó evidencia del fabricante real. Se requiere revisión manual sin inventar marca."
"f2f3d886-86ab-417c-88de-155caf6f8a26","61a48094-7453-4b7f-9563-e51f184832f9","JorgiToys","Magnetoseta Magnet-shroom Plantas Vs Zombies Peluche 18cm","published","","","","MISSING_BRAND","","","","","0","0","","REQUIRES_VENDOR_ATTENTION","FALSE","El producto no posee marca asignada (brand_id es NULL)."
"e7b5e24a-150e-4bcb-be97-972011f4d19b","61a48094-7453-4b7f-9563-e51f184832f9","JorgiToys","Deadpool Corps Scooter Marvel Legends Vehicles","published","0df4aeab-c5e9-4d35-8a9b-e63f391d5a57","Hasbro","","VALID_BRAND","","","39af7eed-0ae2-4c7f-ac30-107d20957036","Marvel","0.95","0.9","TITLE_LICENSE_MATCH:Marvel;TITLE_MANUFACTURER_MATCH:Hasbro","AUTO_ASSIGN_LICENSE","FALSE","Marca/Fabricante válida y aprobada."
"e089452d-f361-476e-bf50-3314482adb9a","61a48094-7453-4b7f-9563-e51f184832f9","JorgiToys","Lapras The Pokemon Company Peluche 25cm","published","4d53b85f-735f-4b4f-9011-211a8b34d11d","The Pokémon Company","","VALID_BRAND","","","","","0.95","0","","KEEP","FALSE","Marca/Fabricante válida y aprobada."
"04723651-6221-4568-b367-3b093718ea5c","61a48094-7453-4b7f-9563-e51f184832f9","JorgiToys","Banshee Gambit Psylocke X-men Marvel Legends Hasbro","published","5f1f8d40-ec5c-4e95-9c55-7676bc9308b5","Marvel","","LICENSE_AS_BRAND","0df4aeab-c5e9-4d35-8a9b-e63f391d5a57","Hasbro","39af7eed-0ae2-4c7f-ac30-107d20957036","Marvel","0.88","0.95","CURRENT_BRAND_IS_LICENSE:Marvel;TITLE_MANUFACTURER_MATCH:Hasbro","MANUAL_REVIEW","FALSE","La marca actual (""Marvel"") es una Licencia/Franquicia y no el Fabricante del producto. | Fabricante sugerido: ""Hasbro""."
"265a4e0b-ade5-4801-b51e-1ee167134ea4","61a48094-7453-4b7f-9563-e51f184832f9","JorgiToys","Seta Solar Sun Shroom Plantas Vs Zombies Peluche 18cm","published","","","","MISSING_BRAND","","","","","0","0","","REQUIRES_VENDOR_ATTENTION","FALSE","El producto no posee marca asignada (brand_id es NULL)."
"6ac48228-1581-4532-9bed-78b9eb786f70","61a48094-7453-4b7f-9563-e51f184832f9","JorgiToys","Figura De Acción Hot Toys Bo-katan Kryze 1/6 Scale Star Wars Coleccionable","published","fc844555-f19f-4278-9f4b-efdfdb45b42e","Hot Toys","","VALID_BRAND","","","1d4ebf30-350d-4336-9058-90689b87700a","Star Wars","0.95","0.9","TITLE_LICENSE_MATCH:Star Wars;TITLE_MANUFACTURER_MATCH:Hot Toys","AUTO_ASSIGN_LICENSE","FALSE","Marca/Fabricante válida y aprobada."
"00049697-546f-4e67-bf3e-04cee864341a","61a48094-7453-4b7f-9563-e51f184832f9","JorgiToys","Zeddemore The Real Ghostbusters Kenner Classics Hasbro","published","0df4aeab-c5e9-4d35-8a9b-e63f391d5a57","Hasbro","","VALID_BRAND","","","","","0.95","0","TITLE_MANUFACTURER_MATCH:Hasbro","KEEP","FALSE","Marca/Fabricante válida y aprobada."
"7d10c690-420f-4f9c-967d-4e997a849fa2","61a48094-7453-4b7f-9563-e51f184832f9","JorgiToys","Captain Foxy Five Nights At Freddy´s Curse Dreadbear Funko","published","1cbd2abc-1508-40c4-8823-9806998979e3","Funko","","VALID_BRAND","","","","","0.95","0","TITLE_MANUFACTURER_MATCH:Funko","KEEP","FALSE","Marca/Fabricante válida y aprobada."
"e78b9aa8-2b17-45ba-b4ec-2165db1f430f","61a48094-7453-4b7f-9563-e51f184832f9","JorgiToys","Zombi Delfín Dolphin Raider Plantas Vs Zombies Peluche 30cm Zombie Con Delfín","published","","","","MISSING_BRAND","","","","","0","0","","REQUIRES_VENDOR_ATTENTION","FALSE","El producto no posee marca asignada (brand_id es NULL)."
"39cf44c9-02a8-4d7f-95ce-f8dd0e28924f","61a48094-7453-4b7f-9563-e51f184832f9","JorgiToys"," Bride Of Chucky Tiffany Clothed Neca","published","43edaabc-3910-45ab-b93d-857698fad50b","NECA","","VALID_BRAND","","","","","0.95","0","TITLE_MANUFACTURER_MATCH:NECA","KEEP","FALSE","Marca/Fabricante válida y aprobada."
"a4c00f89-8077-4eac-a5df-7cc23a2a7872","61a48094-7453-4b7f-9563-e51f184832f9","JorgiToys","Velocity Suit Spiderman Marvel Legends Demogoblin Baf Hasbro","published","0df4aeab-c5e9-4d35-8a9b-e63f391d5a57","Hasbro","","VALID_BRAND","","","39af7eed-0ae2-4c7f-ac30-107d20957036","Marvel","0.95","0.9","TITLE_LICENSE_MATCH:Marvel;TITLE_MANUFACTURER_MATCH:Hasbro","AUTO_ASSIGN_LICENSE","FALSE","Marca/Fabricante válida y aprobada."
"26408632-0c51-4fa8-b0f2-1a5396fd099e","61a48094-7453-4b7f-9563-e51f184832f9","JorgiToys","Figuras De Acción Sonic 3 Shadow Knuckles Tails Con Luz","published","79c769ff-c82f-4a74-82de-790b8c3ecf05","Jakks Pacific","","VALID_BRAND","","","e0b9f1da-0b23-4007-905a-8c6ce242d445","Sonic","0.95","0.9","TITLE_LICENSE_MATCH:Sonic","AUTO_ASSIGN_LICENSE","FALSE","Marca/Fabricante válida y aprobada."
"ddbddeed-2d54-4a6c-98ef-4eacba45f743","61a48094-7453-4b7f-9563-e51f184832f9","JorgiToys","Figuras Sonic 3 Super Sonic + Super Shadow Con Luz","published","79c769ff-c82f-4a74-82de-790b8c3ecf05","Jakks Pacific","","VALID_BRAND","","","e0b9f1da-0b23-4007-905a-8c6ce242d445","Sonic","0.95","0.9","TITLE_LICENSE_MATCH:Sonic","AUTO_ASSIGN_LICENSE","FALSE","Marca/Fabricante válida y aprobada."
"9a194831-ba23-4b4e-b742-8ae77d996bed","61a48094-7453-4b7f-9563-e51f184832f9","JorgiToys","Pikazard Pikachu Mega Charizard Pokemon Center Peluche Pikazard","published","b2d190fa-057b-44b8-868e-ced887d9e55a","TakaraTomy","","VALID_BRAND","","","","","0.95","0","","KEEP","FALSE","Marca/Fabricante válida y aprobada."
"4fc56478-7f59-4d62-b4f7-7ffdeffc34a0","61a48094-7453-4b7f-9563-e51f184832f9","JorgiToys","Los Simpsons - Figura Vampiro Sr Burns 12 Cm","published","79c769ff-c82f-4a74-82de-790b8c3ecf05","Jakks Pacific","","VALID_BRAND","","","","","0.95","0","","KEEP","FALSE","Marca/Fabricante válida y aprobada."
"0516c967-f676-404f-8214-9134c6e6cf38","61a48094-7453-4b7f-9563-e51f184832f9","JorgiToys","Nightcrawler X-men Marvel Legends Wendigo Baf Hasbro","published","0df4aeab-c5e9-4d35-8a9b-e63f391d5a57","Hasbro","","VALID_BRAND","","","39af7eed-0ae2-4c7f-ac30-107d20957036","Marvel","0.95","0.9","TITLE_LICENSE_MATCH:Marvel;TITLE_MANUFACTURER_MATCH:Hasbro","AUTO_ASSIGN_LICENSE","FALSE","Marca/Fabricante válida y aprobada."
"ff21c4e4-d0a2-46c8-b652-cb15d2b8523e","61a48094-7453-4b7f-9563-e51f184832f9","JorgiToys","Lanzaguisantes Peashooter Plantas Vs Zombies Con Luz","published","","","","MISSING_BRAND","","","","","0","0","","REQUIRES_VENDOR_ATTENTION","FALSE","El producto no posee marca asignada (brand_id es NULL)."
"7cae0fe6-fa43-4150-8d57-ca882032a6b6","61a48094-7453-4b7f-9563-e51f184832f9","JorgiToys","Zombie Iron Man What If Marvel Legends Khonshu Baf Hasbro","published","0df4aeab-c5e9-4d35-8a9b-e63f391d5a57","Hasbro","","VALID_BRAND","","","39af7eed-0ae2-4c7f-ac30-107d20957036","Marvel","0.95","0.9","TITLE_LICENSE_MATCH:Marvel;TITLE_MANUFACTURER_MATCH:Hasbro","AUTO_ASSIGN_LICENSE","FALSE","Marca/Fabricante válida y aprobada."
"4cef7580-aad1-473d-b312-d943bf3f2f60","61a48094-7453-4b7f-9563-e51f184832f9","JorgiToys","Alola Vulpix Pokemon Center Peluche 20cm","published","b2d190fa-057b-44b8-868e-ced887d9e55a","TakaraTomy","","VALID_BRAND","","","","","0.95","0","","KEEP","FALSE","Marca/Fabricante válida y aprobada."
"9389f977-e498-4c40-9895-518004889ea0","61a48094-7453-4b7f-9563-e51f184832f9","JorgiToys","Ahsoka Tano Mandalore Star Wars Clone Wars Vintage Hasbro","published","0df4aeab-c5e9-4d35-8a9b-e63f391d5a57","Hasbro","","VALID_BRAND","","","1d4ebf30-350d-4336-9058-90689b87700a","Star Wars","0.95","0.9","TITLE_LICENSE_MATCH:Star Wars;TITLE_MANUFACTURER_MATCH:Hasbro","AUTO_ASSIGN_LICENSE","FALSE","Marca/Fabricante válida y aprobada."
"22457130-9e7a-4210-a48e-a576b53a9b6a","61a48094-7453-4b7f-9563-e51f184832f9","JorgiToys","Wild Child X-men Marvel Legends Sugar Man Baf Hasbro","published","0df4aeab-c5e9-4d35-8a9b-e63f391d5a57","Hasbro","","VALID_BRAND","","","39af7eed-0ae2-4c7f-ac30-107d20957036","Marvel","0.95","0.9","TITLE_LICENSE_MATCH:Marvel;TITLE_MANUFACTURER_MATCH:Hasbro","AUTO_ASSIGN_LICENSE","FALSE","Marca/Fabricante válida y aprobada."
"0b823c50-b28a-40de-bc0e-9cc34fa1931d","61a48094-7453-4b7f-9563-e51f184832f9","JorgiToys","Zombistein Gargantuar Plantas Vs Zombies","published","","","","MISSING_BRAND","","","","","0","0","","REQUIRES_VENDOR_ATTENTION","FALSE","El producto no posee marca asignada (brand_id es NULL)."
"37330de5-9726-4dd2-81c6-cd90cd7a655d","61a48094-7453-4b7f-9563-e51f184832f9","JorgiToys","Kraven Spiderman Marvel Legends Hasbro","published","0df4aeab-c5e9-4d35-8a9b-e63f391d5a57","Hasbro","","VALID_BRAND","","","39af7eed-0ae2-4c7f-ac30-107d20957036","Marvel","0.95","0.9","TITLE_LICENSE_MATCH:Marvel;TITLE_MANUFACTURER_MATCH:Hasbro","AUTO_ASSIGN_LICENSE","FALSE","Marca/Fabricante válida y aprobada."
"4b8c4fde-b922-4621-beb9-37f7633aec9b","61a48094-7453-4b7f-9563-e51f184832f9","JorgiToys","Peter B. Parker Spiderman Across Spider-verse Marvel Legends","published","0df4aeab-c5e9-4d35-8a9b-e63f391d5a57","Hasbro","","VALID_BRAND","","","39af7eed-0ae2-4c7f-ac30-107d20957036","Marvel","0.95","0.9","TITLE_LICENSE_MATCH:Marvel;TITLE_MANUFACTURER_MATCH:Hasbro","AUTO_ASSIGN_LICENSE","FALSE","Marca/Fabricante válida y aprobada."
"92ad9859-517e-45cd-9e51-41b58b9b0520","61a48094-7453-4b7f-9563-e51f184832f9","JorgiToys","Age Of Apocalypse Marvel Legends Hasbro","published","0df4aeab-c5e9-4d35-8a9b-e63f391d5a57","Hasbro","","VALID_BRAND","","","39af7eed-0ae2-4c7f-ac30-107d20957036","Marvel","0.95","0.9","TITLE_LICENSE_MATCH:Marvel;TITLE_MANUFACTURER_MATCH:Hasbro","AUTO_ASSIGN_LICENSE","FALSE","Marca/Fabricante válida y aprobada."
"cc63fde5-475d-4e83-80a8-47af2c0d062d","61a48094-7453-4b7f-9563-e51f184832f9","JorgiToys","Two-face 2.0 Batman The Dark Knight Hot Toys Mms546","published","15765f46-949b-485b-bb80-295065015942","Hot Toys","","VALID_BRAND","","","","","0.95","0","TITLE_MANUFACTURER_MATCH:Hot Toys","KEEP","FALSE","Marca/Fabricante válida y aprobada."
"1d941d52-acd0-48b8-8b26-2ccdc48cf1c7","61a48094-7453-4b7f-9563-e51f184832f9","JorgiToys","Black Gold Spiderman No Way Home Marvel Legends Hasbro","published","0df4aeab-c5e9-4d35-8a9b-e63f391d5a57","Hasbro","","VALID_BRAND","","","39af7eed-0ae2-4c7f-ac30-107d20957036","Marvel","0.95","0.9","TITLE_LICENSE_MATCH:Marvel;TITLE_MANUFACTURER_MATCH:Hasbro","AUTO_ASSIGN_LICENSE","FALSE","Marca/Fabricante válida y aprobada."
"8f2bf3b2-7290-41d4-9a8f-f0be2245e54d","61a48094-7453-4b7f-9563-e51f184832f9","JorgiToys","Eevee Pokemon Center Sp Edition Peluche 30cm","published","b2d190fa-057b-44b8-868e-ced887d9e55a","TakaraTomy","","VALID_BRAND","","","","","0.95","0","","KEEP","FALSE","Marca/Fabricante válida y aprobada."
"d32a3b8e-a0fc-485e-8be6-3945f157de91","61a48094-7453-4b7f-9563-e51f184832f9","JorgiToys","Raphael Tortugas Ninja Turtles Figuarts Bandai","published","35d99a48-df19-4d41-8f1e-944862b40f3e","Bandai","","VALID_BRAND","","","","","0.95","0","TITLE_MANUFACTURER_MATCH:Bandai","KEEP","FALSE","Marca/Fabricante válida y aprobada."
"4676f24b-93cf-4946-9ce9-f7a72df3b4b2","61a48094-7453-4b7f-9563-e51f184832f9","JorgiToys","Batwing Batman The Animated Series Dc Collectibles","published","ad5d4bf0-769c-49ea-9d84-211a2fb33a68","DC Collectibles","","VALID_BRAND","","","8956afcb-0f0d-4be9-b26e-3d9ff47ebc1b","DC","0.95","0.9","TITLE_LICENSE_MATCH:DC","AUTO_ASSIGN_LICENSE","FALSE","Marca/Fabricante válida y aprobada."
"e168c954-c00e-41ed-bc43-1986e7592045","61a48094-7453-4b7f-9563-e51f184832f9","JorgiToys","Guisantralladora Gattling Pea Plantas Vs Zombies Verde","published","","","","MISSING_BRAND","","","","","0","0","","REQUIRES_VENDOR_ATTENTION","FALSE","El producto no posee marca asignada (brand_id es NULL)."
"bb68008f-5f94-4b84-8ef3-a34c9e62d73c","61a48094-7453-4b7f-9563-e51f184832f9","JorgiToys","Warrior Gamora What If Marvel Legends Hydra Stomper Baf","published","0df4aeab-c5e9-4d35-8a9b-e63f391d5a57","Hasbro","","VALID_BRAND","","","39af7eed-0ae2-4c7f-ac30-107d20957036","Marvel","0.95","0.9","TITLE_LICENSE_MATCH:Marvel;TITLE_MANUFACTURER_MATCH:Hasbro","AUTO_ASSIGN_LICENSE","FALSE","Marca/Fabricante válida y aprobada."
"6aa07a12-59de-4cf8-8ec0-ba5f4e7d47a1","61a48094-7453-4b7f-9563-e51f184832f9","JorgiToys","Latios Pokemon Center Peluche","published","b2d190fa-057b-44b8-868e-ced887d9e55a","TakaraTomy","","VALID_BRAND","","","","","0.95","0","","KEEP","FALSE","Marca/Fabricante válida y aprobada."
"30b595ca-600f-4e5a-bb3a-416aa06989a1","61a48094-7453-4b7f-9563-e51f184832f9","JorgiToys","Cinderance Evolución Scorbunny Pokémon Peluche","published","b2d190fa-057b-44b8-868e-ced887d9e55a","TakaraTomy","","VALID_BRAND","","","b3ab0279-a354-4417-b40e-dcd52f022a57","Pokémon","0.95","0.9","TITLE_LICENSE_MATCH:Pokémon","AUTO_ASSIGN_LICENSE","FALSE","Marca/Fabricante válida y aprobada."
"a84f7e5c-46a9-46c3-9c5d-5b0122451d47","61a48094-7453-4b7f-9563-e51f184832f9","JorgiToys","Super Saiyan God Ss Goku Dragon Ball Evolve Bandai","published","35d99a48-df19-4d41-8f1e-944862b40f3e","Bandai","","VALID_BRAND","","","372f7dd6-f134-4a9e-a1cf-f82497ba6ed3","Dragon Ball","0.95","0.9","TITLE_LICENSE_MATCH:Dragon Ball;TITLE_MANUFACTURER_MATCH:Bandai","AUTO_ASSIGN_LICENSE","FALSE","Marca/Fabricante válida y aprobada."
"b5a022f1-9aa7-4001-9bc3-811716bc4555","61a48094-7453-4b7f-9563-e51f184832f9","JorgiToys","Jason Voorhees Freddy Vs Jason Ultimate Neca","published","43edaabc-3910-45ab-b93d-857698fad50b","NECA","","VALID_BRAND","","","","","0.95","0","TITLE_MANUFACTURER_MATCH:NECA","KEEP","FALSE","Marca/Fabricante válida y aprobada."
"ce72e73f-d849-4cf3-84a9-b847ee5177a9","61a48094-7453-4b7f-9563-e51f184832f9","JorgiToys","Ninjago Ninja Disfraz Niños Verde/negro 120","published","","","","MISSING_BRAND","","","","","0","0","","REQUIRES_VENDOR_ATTENTION","FALSE","El producto no posee marca asignada (brand_id es NULL)."
"7e3ac357-133d-4396-93bf-c7b611692054","61a48094-7453-4b7f-9563-e51f184832f9","JorgiToys","Spiderman Spinneret Renew Your Vows Marvel Legends Hasbro","published","0df4aeab-c5e9-4d35-8a9b-e63f391d5a57","Hasbro","","VALID_BRAND","","","39af7eed-0ae2-4c7f-ac30-107d20957036","Marvel","0.95","0.9","TITLE_LICENSE_MATCH:Marvel;TITLE_MANUFACTURER_MATCH:Hasbro","AUTO_ASSIGN_LICENSE","FALSE","Marca/Fabricante válida y aprobada."
"157fe361-e5d0-43da-b150-f2036abb691b","61a48094-7453-4b7f-9563-e51f184832f9","JorgiToys","Hyuga Kojiro Captain Tsubasa Dasin Model","published","1131563d-5cd6-49f7-a3f1-7511da3e9a13","Dasin Model","","VALID_BRAND","","","","","0.95","0","","KEEP","FALSE","Marca/Fabricante válida y aprobada."
"ec57e608-b8bd-4d6a-ab69-b71df6a8087b","61a48094-7453-4b7f-9563-e51f184832f9","JorgiToys","Itachi Naruto Ultimate Legends Bandai","published","35d99a48-df19-4d41-8f1e-944862b40f3e","Bandai","","VALID_BRAND","","","cf17945b-e570-4369-8b87-6e82bef9bfda","Naruto","0.95","0.9","TITLE_LICENSE_MATCH:Naruto;TITLE_MANUFACTURER_MATCH:Bandai","AUTO_ASSIGN_LICENSE","FALSE","Marca/Fabricante válida y aprobada."
"53fc4e26-ecac-4c6f-b80a-e6d89df4867c","61a48094-7453-4b7f-9563-e51f184832f9","JorgiToys","Raphael Tortugas Ninja Turtles Shellraiser Playmates","published","","","","MISSING_BRAND","","","","","0","0","","REQUIRES_VENDOR_ATTENTION","FALSE","El producto no posee marca asignada (brand_id es NULL)."
"73708675-5dbd-4a89-bda2-bdcb2b166ff2","61a48094-7453-4b7f-9563-e51f184832f9","JorgiToys","Taurus Saint Seiya Cloth Collection Vol.2  Medicos","published","ba4cf015-ae50-48cd-8de5-90be5cb5ff06","Medicos Entertainment","","VALID_BRAND","","","","","0.95","0","","KEEP","FALSE","Marca/Fabricante válida y aprobada."
"d6ea00e1-4b62-491d-b709-334b382967cf","61a48094-7453-4b7f-9563-e51f184832f9","JorgiToys","Prowler Spiderman 90's Marvel Legends Hasbro","published","0df4aeab-c5e9-4d35-8a9b-e63f391d5a57","Hasbro","","VALID_BRAND","","","39af7eed-0ae2-4c7f-ac30-107d20957036","Marvel","0.95","0.9","TITLE_LICENSE_MATCH:Marvel;TITLE_MANUFACTURER_MATCH:Hasbro","AUTO_ASSIGN_LICENSE","FALSE","Marca/Fabricante válida y aprobada."
"2b572eff-eab6-419d-90a7-247d2f271ba1","61a48094-7453-4b7f-9563-e51f184832f9","JorgiToys","Btgirl Of Burnside Deluxe Icons Dc Collectibles 23","published","ad5d4bf0-769c-49ea-9d84-211a2fb33a68","DC Collectibles","","VALID_BRAND","","","8956afcb-0f0d-4be9-b26e-3d9ff47ebc1b","DC","0.95","0.9","TITLE_LICENSE_MATCH:DC","AUTO_ASSIGN_LICENSE","FALSE","Marca/Fabricante válida y aprobada."
"717623f2-1419-4e42-b3d6-cacae8cc6c0f","61a48094-7453-4b7f-9563-e51f184832f9","JorgiToys","Lisa Simpson Peluche 33cm Lisa","published","","","","MISSING_BRAND","","","","","0","0","","REQUIRES_VENDOR_ATTENTION","FALSE","El producto no posee marca asignada (brand_id es NULL)."
"63bc5a4e-886d-448b-9e83-817b3d38bedc","61a48094-7453-4b7f-9563-e51f184832f9","JorgiToys","Robocop Ultimate Neca","published","43edaabc-3910-45ab-b93d-857698fad50b","NECA","","VALID_BRAND","","","","","0.95","0","TITLE_MANUFACTURER_MATCH:NECA","KEEP","FALSE","Marca/Fabricante válida y aprobada."
"5fa2be45-1c55-4bcd-843c-f558ea440e91","61a48094-7453-4b7f-9563-e51f184832f9","JorgiToys","Wartortle The Pokemon Company Peluche 22cm","published","4d53b85f-735f-4b4f-9011-211a8b34d11d","The Pokémon Company","","VALID_BRAND","","","","","0.95","0","","KEEP","FALSE","Marca/Fabricante válida y aprobada."
"cb03d2f0-34b7-4d8e-97c2-21fe5abd88e4","61a48094-7453-4b7f-9563-e51f184832f9","JorgiToys","Luke Skywalker Bespin Star Wars Return Of The Jedi Vintage","published","0df4aeab-c5e9-4d35-8a9b-e63f391d5a57","Hasbro","","VALID_BRAND","","","1d4ebf30-350d-4336-9058-90689b87700a","Star Wars","0.95","0.9","TITLE_LICENSE_MATCH:Star Wars","AUTO_ASSIGN_LICENSE","FALSE","Marca/Fabricante válida y aprobada."
"036f5be4-d6fd-43da-9323-7d2e231e12f8","61a48094-7453-4b7f-9563-e51f184832f9","JorgiToys","Gunther Funhouse Mascara Trick Or Treat Studios Gunther","published","05ed3ea9-2136-44d1-8b89-72661ac9886e","Trick or Treat Studios","","VALID_BRAND","","","","","0.95","0","","KEEP","FALSE","Marca/Fabricante válida y aprobada."
"d1238830-5312-4a1d-aaa6-1f93b1cf343a","61a48094-7453-4b7f-9563-e51f184832f9","JorgiToys","Robocop 2 Mafex Medicom No.074","published","4945c990-250a-4647-85c1-cf9b376f51ba","Medicom","","VALID_BRAND","","","","","0.95","0","","KEEP","FALSE","Marca/Fabricante válida y aprobada."
"82722690-76ae-42d4-b9d9-4040adf8ad0e","61a48094-7453-4b7f-9563-e51f184832f9","JorgiToys","Bernacles Octonautas Peluche Grande 30cm","published","c78e66a1-7c09-4912-ab8d-4a2c3aa251ee","Octonautas","","VALID_BRAND","","","","","0.95","0","","KEEP","FALSE","Marca/Fabricante válida y aprobada."
"12680e97-56a6-44d4-87f1-7d2392cac9df","61a48094-7453-4b7f-9563-e51f184832f9","JorgiToys","Namor Black Panther Wakanda Forever Attuma Baf","published","5f1f8d40-ec5c-4e95-9c55-7676bc9308b5","Marvel","","LICENSE_AS_BRAND","","","39af7eed-0ae2-4c7f-ac30-107d20957036","Marvel","0.4","0.95","CURRENT_BRAND_IS_LICENSE:Marvel","MANUAL_REVIEW","FALSE","La marca actual (""Marvel"") es una Licencia/Franquicia y no el Fabricante del producto. | No se detectó evidencia del fabricante real. Se requiere revisión manual sin inventar marca."
"c0c57f84-820b-4199-95ad-b2e5b3332fd1","61a48094-7453-4b7f-9563-e51f184832f9","JorgiToys","Harry Potter Bufanda Gryffindor Slytherin Ravenclaw Hufflepu","published","","","","MISSING_BRAND","","","3a1d5406-c556-4f3a-a77a-29d0cd182e9b","Harry Potter","0","0.9","TITLE_LICENSE_MATCH:Harry Potter","REQUIRES_VENDOR_ATTENTION","FALSE","El producto no posee marca asignada (brand_id es NULL)."
"1f72ef30-cfa1-47cf-9de3-a3df9f0942d5","61a48094-7453-4b7f-9563-e51f184832f9","JorgiToys","Joe Fixit Incredible Hulk Marvel Legends Hasbro","published","0df4aeab-c5e9-4d35-8a9b-e63f391d5a57","Hasbro","","VALID_BRAND","","","39af7eed-0ae2-4c7f-ac30-107d20957036","Marvel","0.95","0.9","TITLE_LICENSE_MATCH:Marvel;TITLE_MANUFACTURER_MATCH:Hasbro","AUTO_ASSIGN_LICENSE","FALSE","Marca/Fabricante válida y aprobada."
"05ac4c86-884e-4956-8643-07748fdf0f98","61a48094-7453-4b7f-9563-e51f184832f9","JorgiToys","Articuno Pokemon Center Peluche 28cm","published","b2d190fa-057b-44b8-868e-ced887d9e55a","TakaraTomy","","VALID_BRAND","","","","","0.95","0","","KEEP","FALSE","Marca/Fabricante válida y aprobada."
"35d86ae8-a4a8-4e5f-9569-40838d176921","61a48094-7453-4b7f-9563-e51f184832f9","JorgiToys","Cars 9 Vehículos Disney Store Deluxe Exclusive 9 Pack Lightning Mcqueen, Jackson Storm, Brick Yardley, Cal Weathers, Mac Icar, Chuck Armstrong, Tim Treadless, Ryan ''inside'' Laney, And Rookie...","published","79352f1b-f900-4f8a-97dc-74649d3022d2","Disney","","LICENSE_AS_BRAND","","","c948500a-b519-4843-82fd-a70f782c8571","Disney","0.4","0.95","CURRENT_BRAND_IS_LICENSE:Disney","MANUAL_REVIEW","FALSE","La marca actual (""Disney"") es una Licencia/Franquicia y no el Fabricante del producto. | No se detectó evidencia del fabricante real. Se requiere revisión manual sin inventar marca."
"9c01c3d3-e9b7-460c-9b1d-fd66cb6241c8","61a48094-7453-4b7f-9563-e51f184832f9","JorgiToys","Majin-boo Dragon Ball Figuarts Bandai","published","35d99a48-df19-4d41-8f1e-944862b40f3e","Bandai","","VALID_BRAND","","","372f7dd6-f134-4a9e-a1cf-f82497ba6ed3","Dragon Ball","0.95","0.9","TITLE_LICENSE_MATCH:Dragon Ball;TITLE_MANUFACTURER_MATCH:Bandai","AUTO_ASSIGN_LICENSE","FALSE","Marca/Fabricante válida y aprobada."
"14426a3d-3e13-4a8b-b35f-11699049273e","61a48094-7453-4b7f-9563-e51f184832f9","JorgiToys","Calamardo Bob Esponja Peluche 25cm","published","","","","MISSING_BRAND","","","","","0","0","","REQUIRES_VENDOR_ATTENTION","FALSE","El producto no posee marca asignada (brand_id es NULL)."
"bf0996ab-2bf4-48f6-91d8-4a01630a386c","61a48094-7453-4b7f-9563-e51f184832f9","JorgiToys","Moana 2 Muñeca Que Canta Princesas Disney","published","79352f1b-f900-4f8a-97dc-74649d3022d2","Disney","","LICENSE_AS_BRAND","","","c948500a-b519-4843-82fd-a70f782c8571","Disney","0.4","0.95","CURRENT_BRAND_IS_LICENSE:Disney","MANUAL_REVIEW","FALSE","La marca actual (""Disney"") es una Licencia/Franquicia y no el Fabricante del producto. | No se detectó evidencia del fabricante real. Se requiere revisión manual sin inventar marca."
"1691752b-2f2a-4f47-8004-c7dd30ee2bc3","61a48094-7453-4b7f-9563-e51f184832f9","JorgiToys","Luigi Super Mario Movie Peluche Poseable Jakks Muñeco Figura","published","79c769ff-c82f-4a74-82de-790b8c3ecf05","Jakks Pacific","","VALID_BRAND","","","","","0.95","0","TITLE_MANUFACTURER_MATCH:Jakks Pacific","KEEP","FALSE","Marca/Fabricante válida y aprobada."
"eb2768eb-8dd6-4d7a-9042-6a69be8dd24a","61a48094-7453-4b7f-9563-e51f184832f9","JorgiToys","Luminara Unduli Star Wars Clone Wars Vintage Hasbro","published","805f40a4-b371-40ac-ba05-ee277b20dd27","Star Wars","","LICENSE_AS_BRAND","0df4aeab-c5e9-4d35-8a9b-e63f391d5a57","Hasbro","1d4ebf30-350d-4336-9058-90689b87700a","Star Wars","0.88","0.95","CURRENT_BRAND_IS_LICENSE:Star Wars;TITLE_MANUFACTURER_MATCH:Hasbro","MANUAL_REVIEW","FALSE","La marca actual (""Star Wars"") es una Licencia/Franquicia y no el Fabricante del producto. | Fabricante sugerido: ""Hasbro""."
"9ae764d2-2b38-41f3-89e2-3d29ea93ce1b","61a48094-7453-4b7f-9563-e51f184832f9","JorgiToys","Indoraptor Track 'n Attack Jurassic World Dino Trackers","published","ad42bb8f-2dee-4f99-b47a-85c1d029b528","Mattel","","VALID_BRAND","","","","","0.95","0","","KEEP","FALSE","Marca/Fabricante válida y aprobada."
"d91b67f5-1788-4637-ac49-e3ef4f849170","61a48094-7453-4b7f-9563-e51f184832f9","JorgiToys","The Spot Spiderman Across Spider-verse Marvel Legends","published","0df4aeab-c5e9-4d35-8a9b-e63f391d5a57","Hasbro","","VALID_BRAND","","","39af7eed-0ae2-4c7f-ac30-107d20957036","Marvel","0.95","0.9","TITLE_LICENSE_MATCH:Marvel;TITLE_MANUFACTURER_MATCH:Hasbro","AUTO_ASSIGN_LICENSE","FALSE","Marca/Fabricante válida y aprobada."
"e447a764-125a-4fee-8383-de9e55503d98","61a48094-7453-4b7f-9563-e51f184832f9","JorgiToys","Apisonaflor Squash Plantas Vs Zombies Peluche 18cm","published","","","","MISSING_BRAND","","","","","0","0","","REQUIRES_VENDOR_ATTENTION","FALSE","El producto no posee marca asignada (brand_id es NULL)."
"450f8d15-0dfd-4c82-8a26-0a0450ab5ac2","61a48094-7453-4b7f-9563-e51f184832f9","JorgiToys","Din Djarin Beskar Armor Mandalorian Star Wars Black Series","published","805f40a4-b371-40ac-ba05-ee277b20dd27","Star Wars","","LICENSE_AS_BRAND","0df4aeab-c5e9-4d35-8a9b-e63f391d5a57","Hasbro","1d4ebf30-350d-4336-9058-90689b87700a","Star Wars","0.88","0.95","CURRENT_BRAND_IS_LICENSE:Star Wars;TITLE_MANUFACTURER_MATCH:Hasbro","MANUAL_REVIEW","FALSE","La marca actual (""Star Wars"") es una Licencia/Franquicia y no el Fabricante del producto. | Fabricante sugerido: ""Hasbro""."
"3cf71f00-4d88-4cda-90b1-c864ef547b6e","61a48094-7453-4b7f-9563-e51f184832f9","JorgiToys","Din Djarin Mandalorian Star Wars Credit Collection","published","0df4aeab-c5e9-4d35-8a9b-e63f391d5a57","Hasbro","","VALID_BRAND","","","1d4ebf30-350d-4336-9058-90689b87700a","Star Wars","0.95","0.9","TITLE_LICENSE_MATCH:Star Wars","AUTO_ASSIGN_LICENSE","FALSE","Marca/Fabricante válida y aprobada."
"a3e4fbaa-29d1-43aa-a071-c92559da5df5","61a48094-7453-4b7f-9563-e51f184832f9","JorgiToys","Integrated Suit Spiderman No Way Home Marvel Legends Hasbro","published","0df4aeab-c5e9-4d35-8a9b-e63f391d5a57","Hasbro","","VALID_BRAND","","","39af7eed-0ae2-4c7f-ac30-107d20957036","Marvel","0.95","0.9","TITLE_LICENSE_MATCH:Marvel;TITLE_MANUFACTURER_MATCH:Hasbro","AUTO_ASSIGN_LICENSE","FALSE","Marca/Fabricante válida y aprobada."
"b96cd3f7-34fd-47c6-a494-e7ab5cdc8b11","61a48094-7453-4b7f-9563-e51f184832f9","JorgiToys","Glaceon Eevee Pokemon Center Peluche 20cm","published","b2d190fa-057b-44b8-868e-ced887d9e55a","TakaraTomy","","VALID_BRAND","","","","","0.95","0","","KEEP","FALSE","Marca/Fabricante válida y aprobada."
"0102b77d-44df-49db-83be-621aeb2c865a","61a48094-7453-4b7f-9563-e51f184832f9","JorgiToys","Ariel La Sirenita Classic Doll Princesas Disney Store","published","79352f1b-f900-4f8a-97dc-74649d3022d2","Disney","","LICENSE_AS_BRAND","","","c948500a-b519-4843-82fd-a70f782c8571","Disney","0.4","0.95","CURRENT_BRAND_IS_LICENSE:Disney","MANUAL_REVIEW","FALSE","La marca actual (""Disney"") es una Licencia/Franquicia y no el Fabricante del producto. | No se detectó evidencia del fabricante real. Se requiere revisión manual sin inventar marca."
"199a7782-53f3-4f0e-913e-474b85cf4f70","61a48094-7453-4b7f-9563-e51f184832f9","JorgiToys","Human Torch Fantastic Four Marvel Legends Hasbro","published","0df4aeab-c5e9-4d35-8a9b-e63f391d5a57","Hasbro","","VALID_BRAND","","","39af7eed-0ae2-4c7f-ac30-107d20957036","Marvel","0.95","0.9","TITLE_LICENSE_MATCH:Marvel;TITLE_MANUFACTURER_MATCH:Hasbro","AUTO_ASSIGN_LICENSE","FALSE","Marca/Fabricante válida y aprobada."
"15fcfd7f-51e5-4dbe-903b-6a980d2b2e57","61a48094-7453-4b7f-9563-e51f184832f9","JorgiToys","Wolverine Secret Wars Marvel Legends Hasbro","published","0df4aeab-c5e9-4d35-8a9b-e63f391d5a57","Hasbro","","VALID_BRAND","","","39af7eed-0ae2-4c7f-ac30-107d20957036","Marvel","0.95","0.9","TITLE_LICENSE_MATCH:Marvel;TITLE_MANUFACTURER_MATCH:Hasbro","AUTO_ASSIGN_LICENSE","FALSE","Marca/Fabricante válida y aprobada."
"287c2109-9360-40d9-953b-1e162818a3e2","61a48094-7453-4b7f-9563-e51f184832f9","JorgiToys","Charles Xavier X-men Marvel Legends Tri-sentinel Baf Hasbro","published","0df4aeab-c5e9-4d35-8a9b-e63f391d5a57","Hasbro","","VALID_BRAND","","","39af7eed-0ae2-4c7f-ac30-107d20957036","Marvel","0.95","0.9","TITLE_LICENSE_MATCH:Marvel;TITLE_MANUFACTURER_MATCH:Hasbro","AUTO_ASSIGN_LICENSE","FALSE","Marca/Fabricante válida y aprobada."
"94c1df13-7f75-4c5a-b6db-e9b348483421","61a48094-7453-4b7f-9563-e51f184832f9","JorgiToys","Charizard The Pokemon Company Peluche 28cm","published","4d53b85f-735f-4b4f-9011-211a8b34d11d","The Pokémon Company","","VALID_BRAND","","","","","0.95","0","","KEEP","FALSE","Marca/Fabricante válida y aprobada."
"d92089ca-75be-4aae-a247-809beb734d2e","61a48094-7453-4b7f-9563-e51f184832f9","JorgiToys","Electro Francine Frye Spiderman Series Marvel Legends Hasbro","published","0df4aeab-c5e9-4d35-8a9b-e63f391d5a57","Hasbro","","VALID_BRAND","","","39af7eed-0ae2-4c7f-ac30-107d20957036","Marvel","0.95","0.9","TITLE_LICENSE_MATCH:Marvel;TITLE_MANUFACTURER_MATCH:Hasbro","AUTO_ASSIGN_LICENSE","FALSE","Marca/Fabricante válida y aprobada."
"d97c2632-3895-46f4-bfdf-ae5984350540","61a48094-7453-4b7f-9563-e51f184832f9","JorgiToys","Cancer Saint Seiya Cloth Collection Vol.2 Medicos","published","ba4cf015-ae50-48cd-8de5-90be5cb5ff06","Medicos Entertainment","","VALID_BRAND","","","","","0.95","0","","KEEP","FALSE","Marca/Fabricante válida y aprobada."
"a123ae79-d7ce-461f-8f88-1ca0b1b08834","61a48094-7453-4b7f-9563-e51f184832f9","JorgiToys","Eclipse Five Nights Freddy´s Security Breach Ruin Funko","published","1cbd2abc-1508-40c4-8823-9806998979e3","Funko","","VALID_BRAND","","","","","0.95","0","TITLE_MANUFACTURER_MATCH:Funko","KEEP","FALSE","Marca/Fabricante válida y aprobada."
"fd4557e0-273c-400c-a46d-97bbfad20418","61a48094-7453-4b7f-9563-e51f184832f9","JorgiToys","Hielaguisantes Snow Pea Plantas Vs Zombies Peluche 18cm","published","","","","MISSING_BRAND","","","","","0","0","","REQUIRES_VENDOR_ATTENTION","FALSE","El producto no posee marca asignada (brand_id es NULL)."
"3c33fa77-26f6-40af-8f56-f9ddbb49c294","61a48094-7453-4b7f-9563-e51f184832f9","JorgiToys","Banshee Gambit Psylocke X-men Marvel Legends Hasbro","published","0df4aeab-c5e9-4d35-8a9b-e63f391d5a57","Hasbro","","VALID_BRAND","","","39af7eed-0ae2-4c7f-ac30-107d20957036","Marvel","0.95","0.9","TITLE_LICENSE_MATCH:Marvel;TITLE_MANUFACTURER_MATCH:Hasbro","AUTO_ASSIGN_LICENSE","FALSE","Marca/Fabricante válida y aprobada."
"5ecd61ef-3db2-40fe-a60b-279594186f31","61a48094-7453-4b7f-9563-e51f184832f9","JorgiToys","Rose Spiderman Marvel Legends Hasbro","published","0df4aeab-c5e9-4d35-8a9b-e63f391d5a57","Hasbro","","VALID_BRAND","","","39af7eed-0ae2-4c7f-ac30-107d20957036","Marvel","0.95","0.9","TITLE_LICENSE_MATCH:Marvel;TITLE_MANUFACTURER_MATCH:Hasbro","AUTO_ASSIGN_LICENSE","FALSE","Marca/Fabricante válida y aprobada."
"8464289d-7300-443e-9fd0-749d4f9f082f","61a48094-7453-4b7f-9563-e51f184832f9","JorgiToys","Blancanieves Snow White Classic Doll Princesas Disney Store","published","79352f1b-f900-4f8a-97dc-74649d3022d2","Disney","","LICENSE_AS_BRAND","","","c948500a-b519-4843-82fd-a70f782c8571","Disney","0.4","0.95","CURRENT_BRAND_IS_LICENSE:Disney","MANUAL_REVIEW","FALSE","La marca actual (""Disney"") es una Licencia/Franquicia y no el Fabricante del producto. | No se detectó evidencia del fabricante real. Se requiere revisión manual sin inventar marca."
"261c81eb-98f1-497c-869b-2bf329a49a36","61a48094-7453-4b7f-9563-e51f184832f9","JorgiToys","Binary Marvel Legends Hasbro","published","0df4aeab-c5e9-4d35-8a9b-e63f391d5a57","Hasbro","","VALID_BRAND","","","39af7eed-0ae2-4c7f-ac30-107d20957036","Marvel","0.95","0.9","TITLE_LICENSE_MATCH:Marvel;TITLE_MANUFACTURER_MATCH:Hasbro","AUTO_ASSIGN_LICENSE","FALSE","Marca/Fabricante válida y aprobada."
"ab3eb6d9-9f30-4d92-a4bd-9441eb1f3a13","61a48094-7453-4b7f-9563-e51f184832f9","JorgiToys","The Hood Marvel Legends Xenmu Baf Hasbro","published","0df4aeab-c5e9-4d35-8a9b-e63f391d5a57","Hasbro","","VALID_BRAND","","","39af7eed-0ae2-4c7f-ac30-107d20957036","Marvel","0.95","0.9","TITLE_LICENSE_MATCH:Marvel;TITLE_MANUFACTURER_MATCH:Hasbro","AUTO_ASSIGN_LICENSE","FALSE","Marca/Fabricante válida y aprobada."
"2eb05cd9-b532-4f36-aee4-a325a772eb14","61a48094-7453-4b7f-9563-e51f184832f9","JorgiToys","Faun Pan´s Labirinth Signature Collection Neca","published","43edaabc-3910-45ab-b93d-857698fad50b","NECA","","VALID_BRAND","","","","","0.95","0","TITLE_MANUFACTURER_MATCH:NECA","KEEP","FALSE","Marca/Fabricante válida y aprobada."
"ffb22c34-b2f0-4d62-bca6-4bcbd2126fcb","61a48094-7453-4b7f-9563-e51f184832f9","JorgiToys","Barris Offee Star Wars Clone Wars Vintage Hasbro","published","0df4aeab-c5e9-4d35-8a9b-e63f391d5a57","Hasbro","","VALID_BRAND","","","1d4ebf30-350d-4336-9058-90689b87700a","Star Wars","0.95","0.9","TITLE_LICENSE_MATCH:Star Wars;TITLE_MANUFACTURER_MATCH:Hasbro","AUTO_ASSIGN_LICENSE","FALSE","Marca/Fabricante válida y aprobada."
"7c38b8b2-efb8-4111-b198-fd13b3f88e92","61a48094-7453-4b7f-9563-e51f184832f9","JorgiToys","Star Lord Guardians Of The Galaxy Marvel Legends Hasbro","published","0df4aeab-c5e9-4d35-8a9b-e63f391d5a57","Hasbro","","VALID_BRAND","","","39af7eed-0ae2-4c7f-ac30-107d20957036","Marvel","0.95","0.9","TITLE_LICENSE_MATCH:Marvel;TITLE_MANUFACTURER_MATCH:Hasbro","AUTO_ASSIGN_LICENSE","FALSE","Marca/Fabricante válida y aprobada."
"afb7e181-adcd-4b01-a6f1-f081fe0b7e02","61a48094-7453-4b7f-9563-e51f184832f9","JorgiToys","Beerus Dragon Ball Super Evolve Bandai","published","35d99a48-df19-4d41-8f1e-944862b40f3e","Bandai","","VALID_BRAND","","","372f7dd6-f134-4a9e-a1cf-f82497ba6ed3","Dragon Ball","0.95","0.9","TITLE_LICENSE_MATCH:Dragon Ball;TITLE_MANUFACTURER_MATCH:Bandai","AUTO_ASSIGN_LICENSE","FALSE","Marca/Fabricante válida y aprobada."
"566c5fd3-32e8-47db-872f-ee9b2eb6bc5d","61a48094-7453-4b7f-9563-e51f184832f9","JorgiToys","Mandalorian & Grogu Maldo Kreis Star Wars Vintage Hasbro","published","0df4aeab-c5e9-4d35-8a9b-e63f391d5a57","Hasbro","","VALID_BRAND","","","1d4ebf30-350d-4336-9058-90689b87700a","Star Wars","0.95","0.9","TITLE_LICENSE_MATCH:Star Wars;TITLE_MANUFACTURER_MATCH:Hasbro","AUTO_ASSIGN_LICENSE","FALSE","Marca/Fabricante válida y aprobada."
"841a0a30-1630-413c-98d2-54b68f9ecb23","61a48094-7453-4b7f-9563-e51f184832f9","JorgiToys","Freddy Krueger A Nighmare On Elm Street Mascara Doble Rubies Freddy Krueger","published","7cc97197-7fab-462f-99d0-d80e495d0b95","Rubies Costume Co. Inc","","VALID_BRAND","","","","","0.95","0","","KEEP","FALSE","Marca/Fabricante válida y aprobada."
"9187d629-100a-42be-8afa-7cc9b2d23d82","61a48094-7453-4b7f-9563-e51f184832f9","JorgiToys","Lady Deathstrike Marvel Legends Xenmu Baf Hasbro","published","0df4aeab-c5e9-4d35-8a9b-e63f391d5a57","Hasbro","","VALID_BRAND","","","39af7eed-0ae2-4c7f-ac30-107d20957036","Marvel","0.95","0.9","TITLE_LICENSE_MATCH:Marvel;TITLE_MANUFACTURER_MATCH:Hasbro","AUTO_ASSIGN_LICENSE","FALSE","Marca/Fabricante válida y aprobada."
"f9f223c8-0c8f-4064-b710-15bedd53c4cc","61a48094-7453-4b7f-9563-e51f184832f9","JorgiToys","Freddy Krueger Ultimate Nightmare On Elm Street 2 Neca","published","43edaabc-3910-45ab-b93d-857698fad50b","NECA","","VALID_BRAND","","","","","0.95","0","TITLE_MANUFACTURER_MATCH:NECA","KEEP","FALSE","Marca/Fabricante válida y aprobada."
"86755773-22bc-4232-8d85-aa6bd62993e6","61a48094-7453-4b7f-9563-e51f184832f9","JorgiToys","Beast Boy Teen Titans Go! Jovenes Titanes Peluche 25cm Beast Boy","published","fac762b8-889d-4f6d-bf1c-da9f06dab0d7","Genérica","","GENERIC_BRAND","","","","","0","0","GENERIC_BRAND_DETECTED","REQUIRES_VENDOR_ATTENTION","FALSE","El producto utiliza una marca genérica no permitida a vendedores (""Genérica"")."
"d5b893af-16bc-482d-b133-3969072e9082","61a48094-7453-4b7f-9563-e51f184832f9","JorgiToys","Dr. Eggman Sonic The Hedgehog 10cm Wave 3 Jakks Pacific","published","79c769ff-c82f-4a74-82de-790b8c3ecf05","Jakks Pacific","","VALID_BRAND","","","e0b9f1da-0b23-4007-905a-8c6ce242d445","Sonic","0.95","0.9","TITLE_LICENSE_MATCH:Sonic;TITLE_MANUFACTURER_MATCH:Jakks Pacific","AUTO_ASSIGN_LICENSE","FALSE","Marca/Fabricante válida y aprobada."
"fb99493b-581a-45d7-969e-f54fdbc0bc63","61a48094-7453-4b7f-9563-e51f184832f9","JorgiToys","Mazorcañon Caracubo Plantas Vs Zombies Soft Rubber En Caja","published","","","","MISSING_BRAND","","","","","0","0","","REQUIRES_VENDOR_ATTENTION","FALSE","El producto no posee marca asignada (brand_id es NULL)."
"594bd2d6-95d1-4cd5-927f-611528efc5b8","61a48094-7453-4b7f-9563-e51f184832f9","JorgiToys","Foxy Five Nights At Freddy's Disfraz Rubies","published","","","","MISSING_BRAND","","","","","0","0","","REQUIRES_VENDOR_ATTENTION","FALSE","El producto no posee marca asignada (brand_id es NULL)."
"65e51927-06b7-43cc-81d0-5215053cd975","61a48094-7453-4b7f-9563-e51f184832f9","JorgiToys","Bulma Dragon Ball Figuarts Bandai","published","35d99a48-df19-4d41-8f1e-944862b40f3e","Bandai","","VALID_BRAND","","","372f7dd6-f134-4a9e-a1cf-f82497ba6ed3","Dragon Ball","0.95","0.9","TITLE_LICENSE_MATCH:Dragon Ball;TITLE_MANUFACTURER_MATCH:Bandai","AUTO_ASSIGN_LICENSE","FALSE","Marca/Fabricante válida y aprobada."
"35a94280-b135-49e9-bb38-d97ebcf79a1c","61a48094-7453-4b7f-9563-e51f184832f9","JorgiToys","Batcycle Batman The Animated Series Dc Collectibles ","published","ad5d4bf0-769c-49ea-9d84-211a2fb33a68","DC Collectibles","","VALID_BRAND","","","8956afcb-0f0d-4be9-b26e-3d9ff47ebc1b","DC","0.95","0.9","TITLE_LICENSE_MATCH:DC","AUTO_ASSIGN_LICENSE","FALSE","Marca/Fabricante válida y aprobada."
"17a05622-eeb5-471b-bb37-c50d83a20e41","61a48094-7453-4b7f-9563-e51f184832f9","JorgiToys","Bob Esponja Spongebob Squarepants Peluche 35cm","published","","","","MISSING_BRAND","","","","","0","0","","REQUIRES_VENDOR_ATTENTION","FALSE","El producto no posee marca asignada (brand_id es NULL)."
"767e0991-de0b-420a-aa0e-39884b6ba639","61a48094-7453-4b7f-9563-e51f184832f9","JorgiToys","Captain America Stealth Marvel Legends Joe Fixit Baf Hasbro","published","0df4aeab-c5e9-4d35-8a9b-e63f391d5a57","Hasbro","","VALID_BRAND","","","39af7eed-0ae2-4c7f-ac30-107d20957036","Marvel","0.95","0.9","TITLE_LICENSE_MATCH:Marvel;TITLE_MANUFACTURER_MATCH:Hasbro","AUTO_ASSIGN_LICENSE","FALSE","Marca/Fabricante válida y aprobada."
"9b5d304e-8ef3-457c-8564-97c7aa283428","61a48094-7453-4b7f-9563-e51f184832f9","JorgiToys","Taro Misaki Teppei Kisugi Captain Tsubasa Dasin Model","published","1131563d-5cd6-49f7-a3f1-7511da3e9a13","Dasin Model","","VALID_BRAND","","","","","0.95","0","","KEEP","FALSE","Marca/Fabricante válida y aprobada."
"eb73d3be-ae11-45ca-b41c-0a2b49df75c2","61a48094-7453-4b7f-9563-e51f184832f9","JorgiToys","Tom Y Jerry Dasin Model","published","1131563d-5cd6-49f7-a3f1-7511da3e9a13","Dasin Model","","VALID_BRAND","","","","","0.95","0","","KEEP","FALSE","Marca/Fabricante válida y aprobada."
"ade9d5c3-8e43-4008-a145-a58748f56faa","61a48094-7453-4b7f-9563-e51f184832f9","JorgiToys","Harry Potter Varitas","published","fac762b8-889d-4f6d-bf1c-da9f06dab0d7","Genérica","","GENERIC_BRAND","","","3a1d5406-c556-4f3a-a77a-29d0cd182e9b","Harry Potter","0","0.9","TITLE_LICENSE_MATCH:Harry Potter;GENERIC_BRAND_DETECTED","REQUIRES_VENDOR_ATTENTION","FALSE","El producto utiliza una marca genérica no permitida a vendedores (""Genérica"")."
"dd6afafb-d455-4698-a1a8-41e61ff9c3c3","61a48094-7453-4b7f-9563-e51f184832f9","JorgiToys","Alicia Classic Doll Princesas Disney Store","published","79352f1b-f900-4f8a-97dc-74649d3022d2","Disney","","LICENSE_AS_BRAND","","","c948500a-b519-4843-82fd-a70f782c8571","Disney","0.4","0.95","CURRENT_BRAND_IS_LICENSE:Disney","MANUAL_REVIEW","FALSE","La marca actual (""Disney"") es una Licencia/Franquicia y no el Fabricante del producto. | No se detectó evidencia del fabricante real. Se requiere revisión manual sin inventar marca."
"f22ee8d9-78f4-4edf-b902-603c4977cb9a","61a48094-7453-4b7f-9563-e51f184832f9","JorgiToys","Ezra Bridger Lothal Star Wars The Black Series Hasbro","published","805f40a4-b371-40ac-ba05-ee277b20dd27","Star Wars","","LICENSE_AS_BRAND","0df4aeab-c5e9-4d35-8a9b-e63f391d5a57","Hasbro","1d4ebf30-350d-4336-9058-90689b87700a","Star Wars","0.88","0.95","CURRENT_BRAND_IS_LICENSE:Star Wars;TITLE_MANUFACTURER_MATCH:Hasbro","MANUAL_REVIEW","FALSE","La marca actual (""Star Wars"") es una Licencia/Franquicia y no el Fabricante del producto. | Fabricante sugerido: ""Hasbro""."
"16dadb17-badf-41fe-8a19-d98afd427d9d","61a48094-7453-4b7f-9563-e51f184832f9","JorgiToys","Lanzaguisantes De Fuego Fire Pea Plantas Vs Zombies","published","","","","MISSING_BRAND","","","","","0","0","","REQUIRES_VENDOR_ATTENTION","FALSE","El producto no posee marca asignada (brand_id es NULL)."
"570965af-47ae-41b3-95aa-6ba214bff921","61a48094-7453-4b7f-9563-e51f184832f9","JorgiToys","Eren Jaeger Shigeki No Kyojin Rah Medicom Toy 668","published","4945c990-250a-4647-85c1-cf9b376f51ba","Medicom","","VALID_BRAND","","","","","0.95","0","","KEEP","FALSE","Marca/Fabricante válida y aprobada."
"e13e5604-8f9a-4c03-a1d4-112c9531bf4a","61a48094-7453-4b7f-9563-e51f184832f9","JorgiToys","Darth Malak Star Wars The Black Series Hasbro","published","0df4aeab-c5e9-4d35-8a9b-e63f391d5a57","Hasbro","","VALID_BRAND","","","1d4ebf30-350d-4336-9058-90689b87700a","Star Wars","0.95","0.9","TITLE_LICENSE_MATCH:Star Wars;TITLE_MANUFACTURER_MATCH:Hasbro","AUTO_ASSIGN_LICENSE","FALSE","Marca/Fabricante válida y aprobada."
"3b0bb754-7962-4f8a-ab74-bea6899af381","61a48094-7453-4b7f-9563-e51f184832f9","JorgiToys","Charizard Gigantamax Pokemon Center Peluche Articulado 40cm","published","b2d190fa-057b-44b8-868e-ced887d9e55a","TakaraTomy","","VALID_BRAND","","","","","0.95","0","","KEEP","FALSE","Marca/Fabricante válida y aprobada."
"986a2816-9259-4fb9-8588-e39cdf2d4d82","61a48094-7453-4b7f-9563-e51f184832f9","JorgiToys","Gary Bob Esponja Peluche 20cm","published","","","","MISSING_BRAND","","","","","0","0","","REQUIRES_VENDOR_ATTENTION","FALSE","El producto no posee marca asignada (brand_id es NULL)."
"28b4096c-cc1c-4b96-a706-9d508f53db70","61a48094-7453-4b7f-9563-e51f184832f9","JorgiToys","Baylan Skoll Mercenary Star Wars Black Series Hasbro","published","0df4aeab-c5e9-4d35-8a9b-e63f391d5a57","Hasbro","","VALID_BRAND","","","1d4ebf30-350d-4336-9058-90689b87700a","Star Wars","0.95","0.9","TITLE_LICENSE_MATCH:Star Wars;TITLE_MANUFACTURER_MATCH:Hasbro","AUTO_ASSIGN_LICENSE","FALSE","Marca/Fabricante válida y aprobada."
"70fa2af1-b5f9-42bc-b87a-922446fcfc46","61a48094-7453-4b7f-9563-e51f184832f9","JorgiToys","Articuno Pokemon Moncolle Ex Takara Tomy Ehp_03","published","b2d190fa-057b-44b8-868e-ced887d9e55a","TakaraTomy","","VALID_BRAND","","","","","0.95","0","TITLE_MANUFACTURER_MATCH:Takara Tomy","KEEP","FALSE","Marca/Fabricante válida y aprobada."
"58a8b29e-d515-410e-b158-361a9ae0f6b0","61a48094-7453-4b7f-9563-e51f184832f9","JorgiToys","Figura De Acción Darkseid Dc Multiverse Clásico Con Ultra Articulación Y Accesorios Mcfarlane Toys","published","c2451c65-4354-4955-8afd-ad4bffecd26c","Mcfarlane","","VALID_BRAND","","","8956afcb-0f0d-4be9-b26e-3d9ff47ebc1b","DC","0.95","0.9","TITLE_LICENSE_MATCH:DC;TITLE_MANUFACTURER_MATCH:McFarlane Toys","AUTO_ASSIGN_LICENSE","FALSE","Marca/Fabricante válida y aprobada."
"8aa3d9e8-7440-4afc-947d-834185546039","61a48094-7453-4b7f-9563-e51f184832f9","JorgiToys","Femto Birth Of The Hawk Of Darkness Ver. Figma Sp-080","published","3cceef72-7927-4b1f-90fb-de4d61fd5792","Figma","","VALID_BRAND","","","","","0.95","0","","KEEP","FALSE","Marca/Fabricante válida y aprobada."
"aae5f7fd-3fbf-4680-b320-4efffbd50053","61a48094-7453-4b7f-9563-e51f184832f9","JorgiToys","Bumeran Boomerang Plantas Vs Zombies","published","","","","MISSING_BRAND","","","","","0","0","","REQUIRES_VENDOR_ATTENTION","FALSE","El producto no posee marca asignada (brand_id es NULL)."
"fe3b3be4-9f60-4264-bf70-3d8913ae738b","61a48094-7453-4b7f-9563-e51f184832f9","JorgiToys","Blood Art Clown Terrifier Payaso Siniestro Mascara Halloween Art Bloody Splatter","published","fac762b8-889d-4f6d-bf1c-da9f06dab0d7","Genérica","","GENERIC_BRAND","","","","","0","0","GENERIC_BRAND_DETECTED","REQUIRES_VENDOR_ATTENTION","FALSE","El producto utiliza una marca genérica no permitida a vendedores (""Genérica"")."
"4fc3f990-3b2d-48d0-9acf-0b1a69bfc89d","61a48094-7453-4b7f-9563-e51f184832f9","JorgiToys","Blaziken Pokemon Moncolle Ex Takara Tomy Ms 38","published","b2d190fa-057b-44b8-868e-ced887d9e55a","TakaraTomy","","VALID_BRAND","","","","","0.95","0","TITLE_MANUFACTURER_MATCH:Takara Tomy","KEEP","FALSE","Marca/Fabricante válida y aprobada."
"46c732b3-fb5b-4f7f-9cad-0dbeb64c3e25","61a48094-7453-4b7f-9563-e51f184832f9","JorgiToys","Mega Charizard X Pokemon Moncolle Ex Takara Tomy Ms-51","published","b2d190fa-057b-44b8-868e-ced887d9e55a","TakaraTomy","","VALID_BRAND","","","","","0.95","0","TITLE_MANUFACTURER_MATCH:Takara Tomy","KEEP","FALSE","Marca/Fabricante válida y aprobada."
"51b8031e-e671-405c-b540-9185d6574c7d","61a48094-7453-4b7f-9563-e51f184832f9","JorgiToys","Bipetidora Lanzaguisantes Split Pea Plantas Vs Zombies","published","","","","MISSING_BRAND","","","","","0","0","","REQUIRES_VENDOR_ATTENTION","FALSE","El producto no posee marca asignada (brand_id es NULL)."
"e91667c8-032c-4be7-9448-3af0b1a9b944","61a48094-7453-4b7f-9563-e51f184832f9","JorgiToys","Green Goblin Spiderman No Way Home Marvel Legends Hasbro","published","0df4aeab-c5e9-4d35-8a9b-e63f391d5a57","Hasbro","","VALID_BRAND","","","39af7eed-0ae2-4c7f-ac30-107d20957036","Marvel","0.95","0.9","TITLE_LICENSE_MATCH:Marvel;TITLE_MANUFACTURER_MATCH:Hasbro","AUTO_ASSIGN_LICENSE","FALSE","Marca/Fabricante válida y aprobada."
"a781ab36-2569-4205-ac30-b277d0d13b97","61a48094-7453-4b7f-9563-e51f184832f9","JorgiToys","Cars Lightning Mcqueen Frank Escape Stunt Race Disney Mattel Frank Escape Stunt Race Playset","published","79352f1b-f900-4f8a-97dc-74649d3022d2","Disney","","LICENSE_AS_BRAND","ad42bb8f-2dee-4f99-b47a-85c1d029b528","Mattel","c948500a-b519-4843-82fd-a70f782c8571","Disney","0.88","0.95","CURRENT_BRAND_IS_LICENSE:Disney;TITLE_MANUFACTURER_MATCH:Mattel","MANUAL_REVIEW","FALSE","La marca actual (""Disney"") es una Licencia/Franquicia y no el Fabricante del producto. | Fabricante sugerido: ""Mattel""."
"b8915328-3dcc-468e-b1ad-9d0f667ecc4a","61a48094-7453-4b7f-9563-e51f184832f9","JorgiToys","Plantas Vs Zombies 6 Figuras Con Mochila","published","","","","MISSING_BRAND","","","","","0","0","","REQUIRES_VENDOR_ATTENTION","FALSE","El producto no posee marca asignada (brand_id es NULL)."
"4526484b-4325-42be-bc0f-7cb4bef2b8de","61a48094-7453-4b7f-9563-e51f184832f9","JorgiToys","Coltapulta Cabbage Pult Plantas Vs Zombies","published","","","","MISSING_BRAND","","","","","0","0","","REQUIRES_VENDOR_ATTENTION","FALSE","El producto no posee marca asignada (brand_id es NULL)."
"1bbccf57-d3d6-49f1-933a-eee54e7d4d22","61a48094-7453-4b7f-9563-e51f184832f9","JorgiToys","Harry Potter Gryffindor Capa Tunica","published","","","","MISSING_BRAND","","","3a1d5406-c556-4f3a-a77a-29d0cd182e9b","Harry Potter","0","0.9","TITLE_LICENSE_MATCH:Harry Potter","REQUIRES_VENDOR_ATTENTION","FALSE","El producto no posee marca asignada (brand_id es NULL)."
"950f2e19-4b54-4e6e-acdf-bf480b323c63","61a48094-7453-4b7f-9563-e51f184832f9","JorgiToys","Master Chief Halo Disfraz Musculoso Reflectivo Disguise","published","4fc219c0-46af-4370-9676-6aeef1f35062","Disguise","","VALID_BRAND","","","","","0.95","0","","KEEP","FALSE","Marca/Fabricante válida y aprobada."
"034e9888-2856-4b7a-9f58-bfa3fe610db4","61a48094-7453-4b7f-9563-e51f184832f9","JorgiToys","Man At Arms He-man Motu Club Grayskull Filmation Super7","published","28865b10-c492-4773-9810-270afa95b3d4","Super7","","VALID_BRAND","","","","","0.95","0","TITLE_MANUFACTURER_MATCH:Super7","KEEP","FALSE","Marca/Fabricante válida y aprobada."
"8c83e048-473b-43f2-a391-ead2c883df3d","61a48094-7453-4b7f-9563-e51f184832f9","JorgiToys","Mega Lucario Pokemon Moncolle Ex Takara Tomy Ms-52","published","b2d190fa-057b-44b8-868e-ced887d9e55a","TakaraTomy","","VALID_BRAND","","","","","0.95","0","TITLE_MANUFACTURER_MATCH:Takara Tomy","KEEP","FALSE","Marca/Fabricante válida y aprobada."
"046bd694-f95c-40f3-b7ed-36907ee597b7","61a48094-7453-4b7f-9563-e51f184832f9","JorgiToys","Coltapulta Col Pult Caracubo Plantas Vs Zombies En Caja","published","","","","MISSING_BRAND","","","","","0","0","","REQUIRES_VENDOR_ATTENTION","FALSE","El producto no posee marca asignada (brand_id es NULL)."
"505f013f-aedd-455d-b447-df9042858aa6","61a48094-7453-4b7f-9563-e51f184832f9","JorgiToys","Jolteon Pokemon Moncolle Ex Takara Tomy Emc_23","published","b2d190fa-057b-44b8-868e-ced887d9e55a","TakaraTomy","","VALID_BRAND","","","","","0.95","0","TITLE_MANUFACTURER_MATCH:Takara Tomy","KEEP","FALSE","Marca/Fabricante válida y aprobada."
"7d24845d-a139-466d-88e9-ba48dcc738de","61a48094-7453-4b7f-9563-e51f184832f9","JorgiToys","Greninja Pokemon Jazwares Peluche 35cm","published","e28345e2-abee-4faf-9fdf-937acd487cd3","Jazwares","","VALID_BRAND","","","","","0.95","0","","KEEP","FALSE","Marca/Fabricante válida y aprobada."
"6adf6867-a038-415a-a826-dac15280bcd7","61a48094-7453-4b7f-9563-e51f184832f9","JorgiToys","Zombi Cowboy Plantas Vs Zombies","published","","","","MISSING_BRAND","","","","","0","0","","REQUIRES_VENDOR_ATTENTION","FALSE","El producto no posee marca asignada (brand_id es NULL)."
"9a521f0f-0a2f-420d-8c0b-7285791acf85","61a48094-7453-4b7f-9563-e51f184832f9","JorgiToys","Apisonaflor Squash Plantas Vs Zombies","published","","","","MISSING_BRAND","","","","","0","0","","REQUIRES_VENDOR_ATTENTION","FALSE","El producto no posee marca asignada (brand_id es NULL)."
"b79baf47-1fd5-4bfc-992e-572a2828288d","61a48094-7453-4b7f-9563-e51f184832f9","JorgiToys","Charmander Pokemon Moncolle-ex Takara Tomy Emc_16","published","b2d190fa-057b-44b8-868e-ced887d9e55a","TakaraTomy","","VALID_BRAND","","","","","0.95","0","TITLE_MANUFACTURER_MATCH:Takara Tomy","KEEP","FALSE","Marca/Fabricante válida y aprobada."
"d0fd712b-bebe-437d-908e-5e6141c8446f","61a48094-7453-4b7f-9563-e51f184832f9","JorgiToys","Carnívora Chomper Caracono Plantas Vs Zombies En Caja","published","","","","MISSING_BRAND","","","","","0","0","","REQUIRES_VENDOR_ATTENTION","FALSE","El producto no posee marca asignada (brand_id es NULL)."
"7f387d72-a99d-4fbe-be0b-b662aeff6b23","61a48094-7453-4b7f-9563-e51f184832f9","JorgiToys","Mega Man Helmet Multiverse Studio Inc.","published","","","","MISSING_BRAND","","","","","0","0","","REQUIRES_VENDOR_ATTENTION","FALSE","El producto no posee marca asignada (brand_id es NULL)."
"485240b1-4182-409b-b5c3-e778770f7565","61a48094-7453-4b7f-9563-e51f184832f9","JorgiToys","Kingpin Spiderman Marvel Legends Hasbro","published","0df4aeab-c5e9-4d35-8a9b-e63f391d5a57","Hasbro","","VALID_BRAND","","","39af7eed-0ae2-4c7f-ac30-107d20957036","Marvel","0.95","0.9","TITLE_LICENSE_MATCH:Marvel;TITLE_MANUFACTURER_MATCH:Hasbro","AUTO_ASSIGN_LICENSE","FALSE","Marca/Fabricante válida y aprobada."
"f4c9b680-17ff-458a-8f08-a75f3ecfed9e","61a48094-7453-4b7f-9563-e51f184832f9","JorgiToys","Spiderman Marvel Legends Hasbro","published","0df4aeab-c5e9-4d35-8a9b-e63f391d5a57","Hasbro","","VALID_BRAND","","","39af7eed-0ae2-4c7f-ac30-107d20957036","Marvel","0.95","0.9","TITLE_LICENSE_MATCH:Marvel;TITLE_MANUFACTURER_MATCH:Hasbro","AUTO_ASSIGN_LICENSE","FALSE","Marca/Fabricante válida y aprobada."
"1ef41a3b-bf84-4ba1-a6eb-e9dfb22a475f","61a48094-7453-4b7f-9563-e51f184832f9","JorgiToys","Chica With Mr. Cupcake Five Nights At Freddy´s Funko","published","1cbd2abc-1508-40c4-8823-9806998979e3","Funko","","VALID_BRAND","","","","","0.95","0","TITLE_MANUFACTURER_MATCH:Funko","KEEP","FALSE","Marca/Fabricante válida y aprobada."
"47f63948-e767-4db3-90d2-dae9757281f1","61a48094-7453-4b7f-9563-e51f184832f9","JorgiToys","Pigpatch Five Nights At Freddy´s Glow In The Dark Funko","published","1cbd2abc-1508-40c4-8823-9806998979e3","Funko","","VALID_BRAND","","","","","0.95","0","TITLE_MANUFACTURER_MATCH:Funko","KEEP","FALSE","Marca/Fabricante válida y aprobada."
"22051af9-7bd5-4991-935f-f3610ea63bc9","61a48094-7453-4b7f-9563-e51f184832f9","JorgiToys","Zombi Caracubo Buckethead Plantas Vs Zombies","published","ca1a90ea-8d2a-4083-91ed-bdd67dbcb2e4","Rongdafreng","","VALID_BRAND","","","","","0.95","0","","KEEP","FALSE","Marca/Fabricante válida y aprobada."
"d73e44b0-da08-474b-971e-7800797004e1","61a48094-7453-4b7f-9563-e51f184832f9","JorgiToys","Yondu Guardians Of The Galaxy Marvel Legends Hasbro","published","0df4aeab-c5e9-4d35-8a9b-e63f391d5a57","Hasbro","","VALID_BRAND","","","39af7eed-0ae2-4c7f-ac30-107d20957036","Marvel","0.95","0.9","TITLE_LICENSE_MATCH:Marvel;TITLE_MANUFACTURER_MATCH:Hasbro","AUTO_ASSIGN_LICENSE","FALSE","Marca/Fabricante válida y aprobada."
"b3758000-3edf-46cd-a0a0-cce9b9d72bd8","61a48094-7453-4b7f-9563-e51f184832f9","JorgiToys","Freddy Five Nights At Freddy´s Funko","published","1cbd2abc-1508-40c4-8823-9806998979e3","Funko","","VALID_BRAND","","","","","0.95","0","TITLE_MANUFACTURER_MATCH:Funko","KEEP","FALSE","Marca/Fabricante válida y aprobada."
"eaddc66b-c19d-46ee-acb7-9d111a7f4411","61a48094-7453-4b7f-9563-e51f184832f9","JorgiToys","Smiling Critters Poppy Playtime Set 8 Muñecos Figuras","published","fac762b8-889d-4f6d-bf1c-da9f06dab0d7","Genérica","","GENERIC_BRAND","","","","","0","0","GENERIC_BRAND_DETECTED","REQUIRES_VENDOR_ATTENTION","FALSE","El producto utiliza una marca genérica no permitida a vendedores (""Genérica"")."
"41dbf000-4d11-4dbf-a1af-4904cb8742c1","61a48094-7453-4b7f-9563-e51f184832f9","JorgiToys","Boca De Dragón Snapdragon Plantas Vs Zombies","published","","","","MISSING_BRAND","","","","","0","0","","REQUIRES_VENDOR_ATTENTION","FALSE","El producto no posee marca asignada (brand_id es NULL)."
"ee7cd45c-466d-4cfb-9022-a1ec5633b460","61a48094-7453-4b7f-9563-e51f184832f9","JorgiToys","Zombistein Edad Oscura Gargantuar Plantas Vs Zombies","published","","","","MISSING_BRAND","","","","","0","0","","REQUIRES_VENDOR_ATTENTION","FALSE","El producto no posee marca asignada (brand_id es NULL)."
"366080f9-1f79-4ecb-9ee0-f647169147b4","61a48094-7453-4b7f-9563-e51f184832f9","JorgiToys","Five Nights At Freddy's 6 Figuras Muñecos Set #1","published","fac762b8-889d-4f6d-bf1c-da9f06dab0d7","Genérica","","GENERIC_BRAND","","","","","0","0","GENERIC_BRAND_DETECTED","REQUIRES_VENDOR_ATTENTION","FALSE","El producto utiliza una marca genérica no permitida a vendedores (""Genérica"")."
"d1417c31-e5a9-4e0e-a6f1-7760519f2ec7","61a48094-7453-4b7f-9563-e51f184832f9","JorgiToys","Mewtwo Pokemon Peluche 30cm","published","4d53b85f-735f-4b4f-9011-211a8b34d11d","The Pokémon Company","","VALID_BRAND","","","","","0.95","0","","KEEP","FALSE","Marca/Fabricante válida y aprobada."
"6b5c86d1-c811-4799-acc8-b1dc05d3a9a3","61a48094-7453-4b7f-9563-e51f184832f9","JorgiToys","Lanzaguisantes Peashooter Plantas Vs Zombies","published","","","","MISSING_BRAND","","","","","0","0","","REQUIRES_VENDOR_ATTENTION","FALSE","El producto no posee marca asignada (brand_id es NULL)."
"5a3f220f-6b7e-47f3-888d-e6efd7d772d8","61a48094-7453-4b7f-9563-e51f184832f9","JorgiToys","Ghost Rider Danny Ketch Marvel Legends 85 Years Hasbro","published","0df4aeab-c5e9-4d35-8a9b-e63f391d5a57","Hasbro","","VALID_BRAND","","","39af7eed-0ae2-4c7f-ac30-107d20957036","Marvel","0.95","0.9","TITLE_LICENSE_MATCH:Marvel;TITLE_MANUFACTURER_MATCH:Hasbro","AUTO_ASSIGN_LICENSE","FALSE","Marca/Fabricante válida y aprobada."
"fafca544-6ed1-41f6-9019-26acc418d3e2","61a48094-7453-4b7f-9563-e51f184832f9","JorgiToys","Wonder Woman Justice League Animated Dc Collectibles","published","ad5d4bf0-769c-49ea-9d84-211a2fb33a68","DC Collectibles","","VALID_BRAND","","","8956afcb-0f0d-4be9-b26e-3d9ff47ebc1b","DC","0.95","0.9","TITLE_LICENSE_MATCH:DC","AUTO_ASSIGN_LICENSE","FALSE","Marca/Fabricante válida y aprobada."
"1c1ebb93-72b7-4a0f-8f99-516a56fc4ec5","61a48094-7453-4b7f-9563-e51f184832f9","JorgiToys","Monster Venom Marvel Legends Hasbro","published","0df4aeab-c5e9-4d35-8a9b-e63f391d5a57","Hasbro","","VALID_BRAND","","","39af7eed-0ae2-4c7f-ac30-107d20957036","Marvel","0.95","0.9","TITLE_LICENSE_MATCH:Marvel;TITLE_MANUFACTURER_MATCH:Hasbro","AUTO_ASSIGN_LICENSE","FALSE","Marca/Fabricante válida y aprobada."
"5d4c5df0-e581-4041-9f6a-241ef107a277","61a48094-7453-4b7f-9563-e51f184832f9","JorgiToys","Super Mario Lava Castle Diorama Set Nintendo Jakks Muñeco","published","79c769ff-c82f-4a74-82de-790b8c3ecf05","Jakks Pacific","","VALID_BRAND","","","","","0.95","0","TITLE_MANUFACTURER_MATCH:Jakks Pacific","KEEP","FALSE","Marca/Fabricante válida y aprobada."
"e20732e8-b7c9-480e-a466-bbed4c03976e","61a48094-7453-4b7f-9563-e51f184832f9","JorgiToys","Gray Hulk Dr. Bruce Banner Avengers Marvel Legends Hasbro","published","0df4aeab-c5e9-4d35-8a9b-e63f391d5a57","Hasbro","","VALID_BRAND","","","39af7eed-0ae2-4c7f-ac30-107d20957036","Marvel","0.95","0.9","TITLE_LICENSE_MATCH:Marvel;TITLE_MANUFACTURER_MATCH:Hasbro","AUTO_ASSIGN_LICENSE","FALSE","Marca/Fabricante válida y aprobada."
"f103a687-dbe8-42cd-a5ac-743de1f17a2e","61a48094-7453-4b7f-9563-e51f184832f9","JorgiToys","Grimm Foxy Five Nights At Freddy´s Curse Of Dreadbear Funko","published","1cbd2abc-1508-40c4-8823-9806998979e3","Funko","","VALID_BRAND","","","","","0.95","0","TITLE_MANUFACTURER_MATCH:Funko","KEEP","FALSE","Marca/Fabricante válida y aprobada."
"06d24e7e-0e9f-4b56-aabc-cbd6a2444f41","61a48094-7453-4b7f-9563-e51f184832f9","JorgiToys","Cañon Zanahoria Caracono Plantas Vs Zombies Soft Rubber Caja","published","","","","MISSING_BRAND","","","","","0","0","","REQUIRES_VENDOR_ATTENTION","FALSE","El producto no posee marca asignada (brand_id es NULL)."
"3895a9a8-88f0-42b8-a0e0-ca5e542402fd","61a48094-7453-4b7f-9563-e51f184832f9","JorgiToys","Jean Grey X-men 90's Animated Series Marvel Legends Hasbro","published","0df4aeab-c5e9-4d35-8a9b-e63f391d5a57","Hasbro","","VALID_BRAND","","","39af7eed-0ae2-4c7f-ac30-107d20957036","Marvel","0.95","0.9","TITLE_LICENSE_MATCH:Marvel;TITLE_MANUFACTURER_MATCH:Hasbro","AUTO_ASSIGN_LICENSE","FALSE","Marca/Fabricante válida y aprobada."
"e27e5041-346d-45d1-b749-2096ab1e6a98","61a48094-7453-4b7f-9563-e51f184832f9","JorgiToys","Eevee Peluche Compañero Para Dormir Pokemon Marrón Claro","published","b2d190fa-057b-44b8-868e-ced887d9e55a","TakaraTomy","","VALID_BRAND","","","","","0.95","0","","KEEP","FALSE","Marca/Fabricante válida y aprobada."
"7ba9e074-035b-49f0-98f1-aaf8585ae263","61a48094-7453-4b7f-9563-e51f184832f9","JorgiToys","Muro De Nuez Wall Nut Plantas Vs Zombies","published","ca1a90ea-8d2a-4083-91ed-bdd67dbcb2e4","Rongdafreng","","VALID_BRAND","","","","","0.95","0","","KEEP","FALSE","Marca/Fabricante válida y aprobada."
"408df201-a93e-4e4c-b4ea-60efcd6f3a26","61a48094-7453-4b7f-9563-e51f184832f9","JorgiToys","Rogue X-men Marvel Legends Colossus Baf Hasbro","published","0df4aeab-c5e9-4d35-8a9b-e63f391d5a57","Hasbro","","VALID_BRAND","","","39af7eed-0ae2-4c7f-ac30-107d20957036","Marvel","0.95","0.9","TITLE_LICENSE_MATCH:Marvel;TITLE_MANUFACTURER_MATCH:Hasbro","AUTO_ASSIGN_LICENSE","FALSE","Marca/Fabricante válida y aprobada."
"61ba4312-b8ae-426c-8968-9753c5c4d9de","61a48094-7453-4b7f-9563-e51f184832f9","JorgiToys","Cyborg Ninja Metal Gear Solid Square Enix Play Arts Kai","published","9476b914-5aa8-457a-8850-f318212d9cd2","Square Enix","","VALID_BRAND","","","","","0.95","0","","KEEP","FALSE","Marca/Fabricante válida y aprobada."
"568311c4-8573-4a15-b86e-7ac3bd7c2727","61a48094-7453-4b7f-9563-e51f184832f9","JorgiToys","Uzumaki Naruto Shippuden Jinchuuriki Entrusted Hope Figuarts","published","","","","MISSING_BRAND","","","cf17945b-e570-4369-8b87-6e82bef9bfda","Naruto","0","0.9","TITLE_LICENSE_MATCH:Naruto","REQUIRES_VENDOR_ATTENTION","FALSE","El producto no posee marca asignada (brand_id es NULL)."
"d77c03c0-abf0-4bd4-9393-07e9ef3b535e","61a48094-7453-4b7f-9563-e51f184832f9","JorgiToys","Moto Bug Sonic The Hedgehog 30th Anniversary 6cm Jakks","published","79c769ff-c82f-4a74-82de-790b8c3ecf05","Jakks Pacific","","VALID_BRAND","","","e0b9f1da-0b23-4007-905a-8c6ce242d445","Sonic","0.95","0.9","TITLE_LICENSE_MATCH:Sonic;TITLE_MANUFACTURER_MATCH:Jakks Pacific","AUTO_ASSIGN_LICENSE","FALSE","Marca/Fabricante válida y aprobada."
"b01d72d6-d674-4bb3-bbd0-c255996a0b8c","61a48094-7453-4b7f-9563-e51f184832f9","JorgiToys","Spawn Mortal Kombat 11 Sword Espada Mcfarlane Toys","published","c2451c65-4354-4955-8afd-ad4bffecd26c","Mcfarlane","","VALID_BRAND","","","","","0.95","0","TITLE_MANUFACTURER_MATCH:McFarlane Toys","KEEP","FALSE","Marca/Fabricante válida y aprobada."
"00e1193e-4a8f-4a4f-8594-b311a093a593","61a48094-7453-4b7f-9563-e51f184832f9","JorgiToys","Ahsoka Tano Grogu Mandalorian Star Wars Vintage Deluxe","published","0df4aeab-c5e9-4d35-8a9b-e63f391d5a57","Hasbro","","VALID_BRAND","","","1d4ebf30-350d-4336-9058-90689b87700a","Star Wars","0.95","0.9","TITLE_LICENSE_MATCH:Star Wars","AUTO_ASSIGN_LICENSE","FALSE","Marca/Fabricante válida y aprobada."
"6215ac11-7d18-4b3a-adc5-8bbd2569cd24","61a48094-7453-4b7f-9563-e51f184832f9","JorgiToys","Espeon Eevee Pokemon Center Peluche 20cm","published","b2d190fa-057b-44b8-868e-ced887d9e55a","TakaraTomy","","VALID_BRAND","","","","","0.95","0","","KEEP","FALSE","Marca/Fabricante válida y aprobada."
"d061a606-4422-4723-8524-8573af83ccca","61a48094-7453-4b7f-9563-e51f184832f9","JorgiToys","Mjolnir Thor Love And Thunder Marvel Legends Hasbro","published","0df4aeab-c5e9-4d35-8a9b-e63f391d5a57","Hasbro","","VALID_BRAND","","","39af7eed-0ae2-4c7f-ac30-107d20957036","Marvel","0.95","0.9","TITLE_LICENSE_MATCH:Marvel;TITLE_MANUFACTURER_MATCH:Hasbro","AUTO_ASSIGN_LICENSE","FALSE","Marca/Fabricante válida y aprobada."
"129d52df-aabf-4d5b-baf5-1558488a2492","61a48094-7453-4b7f-9563-e51f184832f9","JorgiToys","Warrior Ultimate Predator 2 Depredador Neca","published","43edaabc-3910-45ab-b93d-857698fad50b","NECA","","VALID_BRAND","","","","","0.95","0","TITLE_MANUFACTURER_MATCH:NECA","KEEP","FALSE","Marca/Fabricante válida y aprobada."
"d7d404de-da0c-4112-b13f-9a0cfde86f47","61a48094-7453-4b7f-9563-e51f184832f9","JorgiToys","Lycanroc Midnight Form Pokemon Center Peluche 28cm","published","b2d190fa-057b-44b8-868e-ced887d9e55a","TakaraTomy","","VALID_BRAND","","","","","0.95","0","","KEEP","FALSE","Marca/Fabricante válida y aprobada."
"481884a6-6c24-4604-b7e9-6a08c31d91a0","61a48094-7453-4b7f-9563-e51f184832f9","JorgiToys","E.t. The Extra-terrestrial Ultimate 40th Anniversary Neca","published","43edaabc-3910-45ab-b93d-857698fad50b","NECA","","VALID_BRAND","","","","","0.95","0","TITLE_MANUFACTURER_MATCH:NECA","KEEP","FALSE","Marca/Fabricante válida y aprobada."
"e8e5260a-a4de-4431-9a74-de38ecdc9a51","61a48094-7453-4b7f-9563-e51f184832f9","JorgiToys","Red Spring Super Sonic The Hedgehog Jakks Pacific","published","4c557954-aa44-444a-96c8-f1c714d5847f","Jakks Pacific","","VALID_BRAND","","","e0b9f1da-0b23-4007-905a-8c6ce242d445","Sonic","0.95","0.9","TITLE_LICENSE_MATCH:Sonic;TITLE_MANUFACTURER_MATCH:Jakks Pacific","AUTO_ASSIGN_LICENSE","FALSE","Marca/Fabricante válida y aprobada."
"d601254a-cd70-41bf-8ad7-980b3049a41a","61a48094-7453-4b7f-9563-e51f184832f9","JorgiToys","Ariel La Sirenita Muñeca Que Canta Princesas Disney Store","published","79352f1b-f900-4f8a-97dc-74649d3022d2","Disney","","LICENSE_AS_BRAND","","","c948500a-b519-4843-82fd-a70f782c8571","Disney","0.4","0.95","CURRENT_BRAND_IS_LICENSE:Disney","MANUAL_REVIEW","FALSE","La marca actual (""Disney"") es una Licencia/Franquicia y no el Fabricante del producto. | No se detectó evidencia del fabricante real. Se requiere revisión manual sin inventar marca."
"b6cfcede-8d22-490c-9cb4-a2840cb7dde6","61a48094-7453-4b7f-9563-e51f184832f9","JorgiToys","Cars 10 Vehículos Metal Disney Pixar Mattel Autos","published","79352f1b-f900-4f8a-97dc-74649d3022d2","Disney","","LICENSE_AS_BRAND","ad42bb8f-2dee-4f99-b47a-85c1d029b528","Mattel","c948500a-b519-4843-82fd-a70f782c8571","Disney","0.88","0.95","CURRENT_BRAND_IS_LICENSE:Disney;TITLE_MANUFACTURER_MATCH:Mattel","MANUAL_REVIEW","FALSE","La marca actual (""Disney"") es una Licencia/Franquicia y no el Fabricante del producto. | Fabricante sugerido: ""Mattel""."
"c5323a01-da8e-4331-9f7d-912b7b3cad3c","61a48094-7453-4b7f-9563-e51f184832f9","JorgiToys","Hordak He-man Motu Club Grayskull Filmation Super7 Muñeco","published","28865b10-c492-4773-9810-270afa95b3d4","Super7","","VALID_BRAND","","","","","0.95","0","TITLE_MANUFACTURER_MATCH:Super7","KEEP","FALSE","Marca/Fabricante válida y aprobada."
"65cb41f7-2672-4d30-ac94-ea9638de940f","61a48094-7453-4b7f-9563-e51f184832f9","JorgiToys","Jean Grey X-men Marvel Legends Sugar Man Baf Hasbro","published","0df4aeab-c5e9-4d35-8a9b-e63f391d5a57","Hasbro","","VALID_BRAND","","","39af7eed-0ae2-4c7f-ac30-107d20957036","Marvel","0.95","0.9","TITLE_LICENSE_MATCH:Marvel;TITLE_MANUFACTURER_MATCH:Hasbro","AUTO_ASSIGN_LICENSE","FALSE","Marca/Fabricante válida y aprobada."
"30e1c5a9-0284-467b-98c0-64201d575abf","61a48094-7453-4b7f-9563-e51f184832f9","JorgiToys","Grogu Baby Yoda Child Animatronico Mandalorian Star Wars","published","0df4aeab-c5e9-4d35-8a9b-e63f391d5a57","Hasbro","","VALID_BRAND","","","1d4ebf30-350d-4336-9058-90689b87700a","Star Wars","0.95","0.9","TITLE_LICENSE_MATCH:Star Wars","AUTO_ASSIGN_LICENSE","FALSE","Marca/Fabricante válida y aprobada."
"869793ba-197a-4a3e-b457-99a823baa6c7","61a48094-7453-4b7f-9563-e51f184832f9","JorgiToys","Skibidi Toilet 6 Figuras Set 2","published","fac762b8-889d-4f6d-bf1c-da9f06dab0d7","Genérica","","GENERIC_BRAND","","","","","0","0","GENERIC_BRAND_DETECTED","REQUIRES_VENDOR_ATTENTION","FALSE","El producto utiliza una marca genérica no permitida a vendedores (""Genérica"")."
"170e938e-6ad1-4e62-af63-0a65fca1fca2","61a48094-7453-4b7f-9563-e51f184832f9","JorgiToys","Clefairy The Pokemon Company Peluche 20cm","published","4d53b85f-735f-4b4f-9011-211a8b34d11d","The Pokémon Company","","VALID_BRAND","","","","","0.95","0","","KEEP","FALSE","Marca/Fabricante válida y aprobada."
"4334e228-e4c1-43e1-9061-1cb828e82af2","61a48094-7453-4b7f-9563-e51f184832f9","JorgiToys","Book Of Boba Fett Throne Room Star Wars Black Series Hasbro","published","0df4aeab-c5e9-4d35-8a9b-e63f391d5a57","Hasbro","","VALID_BRAND","","","1d4ebf30-350d-4336-9058-90689b87700a","Star Wars","0.95","0.9","TITLE_LICENSE_MATCH:Star Wars;TITLE_MANUFACTURER_MATCH:Hasbro","AUTO_ASSIGN_LICENSE","FALSE","Marca/Fabricante válida y aprobada."
"531bbeef-16d1-4046-9434-de35a598653c","61a48094-7453-4b7f-9563-e51f184832f9","JorgiToys","Rumi G Guerreras Kpop Demon Hunter 1 Figura En Caja + Carta","published","fac762b8-889d-4f6d-bf1c-da9f06dab0d7","Genérica","","GENERIC_BRAND","","","","","0","0","GENERIC_BRAND_DETECTED","REQUIRES_VENDOR_ATTENTION","FALSE","El producto utiliza una marca genérica no permitida a vendedores (""Genérica"")."
"c9b0a147-f4b6-4ac2-828f-c4014f5ebb87","61a48094-7453-4b7f-9563-e51f184832f9","JorgiToys","Cars Mack Haul Transporter Mini Racers Disney Pixar Mattel Mack Lightning Mcqueen Mini Racers","published","ad42bb8f-2dee-4f99-b47a-85c1d029b528","Mattel","","VALID_BRAND","","","c948500a-b519-4843-82fd-a70f782c8571","Disney","0.95","0.9","TITLE_LICENSE_MATCH:Disney;TITLE_MANUFACTURER_MATCH:Mattel","AUTO_ASSIGN_LICENSE","FALSE","Marca/Fabricante válida y aprobada."
"46ac0e0a-d198-4e70-9c69-b516e0aa92d8","61a48094-7453-4b7f-9563-e51f184832f9","JorgiToys","Angela Ultimate Gargoyles Disney Neca","published","79352f1b-f900-4f8a-97dc-74649d3022d2","Disney","","LICENSE_AS_BRAND","43edaabc-3910-45ab-b93d-857698fad50b","NECA","c948500a-b519-4843-82fd-a70f782c8571","Disney","0.88","0.95","CURRENT_BRAND_IS_LICENSE:Disney;TITLE_MANUFACTURER_MATCH:NECA","MANUAL_REVIEW","FALSE","La marca actual (""Disney"") es una Licencia/Franquicia y no el Fabricante del producto. | Fabricante sugerido: ""NECA""."
"d7e0a1e3-017d-475c-b2e7-2e12270333b7","61a48094-7453-4b7f-9563-e51f184832f9","JorgiToys","Melonpulta Congelada Caracono Plantas Vs Zombies En Caja","published","","","","MISSING_BRAND","","","","","0","0","","REQUIRES_VENDOR_ATTENTION","FALSE","El producto no posee marca asignada (brand_id es NULL)."
"cce3e967-c4f2-4332-9efa-767ea7226090","61a48094-7453-4b7f-9563-e51f184832f9","JorgiToys","Gengar Durmiendo Pokemon Peluche 20cm Violeta","published","4d53b85f-735f-4b4f-9011-211a8b34d11d","The Pokémon Company","","VALID_BRAND","","","","","0.95","0","","KEEP","FALSE","Marca/Fabricante válida y aprobada."
"8fdb8971-6be7-41b6-a797-101b135539c0","61a48094-7453-4b7f-9563-e51f184832f9","JorgiToys","Mega Man Rockman X D-arts Bandai","published","35d99a48-df19-4d41-8f1e-944862b40f3e","Bandai","","VALID_BRAND","","","","","0.95","0","TITLE_MANUFACTURER_MATCH:Bandai","KEEP","FALSE","Marca/Fabricante válida y aprobada."
"fdaa6640-ea42-4742-83d7-72adf22e9d6a","61a48094-7453-4b7f-9563-e51f184832f9","JorgiToys","Levi Raveille Shigeki No Kyojin Rah Medicom Toy 662","published","4945c990-250a-4647-85c1-cf9b376f51ba","Medicom","","VALID_BRAND","","","","","0.95","0","","KEEP","FALSE","Marca/Fabricante válida y aprobada."
"0c259204-d3b7-4c92-9081-1af5238c9c3d","61a48094-7453-4b7f-9563-e51f184832f9","JorgiToys","Five Nights At Freddy's 6 Figuras Muñecos Set #3","published","fac762b8-889d-4f6d-bf1c-da9f06dab0d7","Genérica","","GENERIC_BRAND","","","","","0","0","GENERIC_BRAND_DETECTED","REQUIRES_VENDOR_ATTENTION","FALSE","El producto utiliza una marca genérica no permitida a vendedores (""Genérica"")."
"2191890b-098a-4bb2-a612-646bcc197fe2","61a48094-7453-4b7f-9563-e51f184832f9","JorgiToys","Captain America Falcon Avengers Disfraz Musculoso Jazwares Captain America L","published","e28345e2-abee-4faf-9fdf-937acd487cd3","Jazwares","","VALID_BRAND","","","","","0.95","0","","KEEP","FALSE","Marca/Fabricante válida y aprobada."
"40b2dc71-9372-4494-9b47-321db31a59fb","61a48094-7453-4b7f-9563-e51f184832f9","JorgiToys","Cococañon Coconut Cannon Plantas Vs Zombies","published","","","","MISSING_BRAND","","","","","0","0","","REQUIRES_VENDOR_ATTENTION","FALSE","El producto no posee marca asignada (brand_id es NULL)."
"374b9868-8721-4f6e-867c-32bee022bd04","61a48094-7453-4b7f-9563-e51f184832f9","JorgiToys","Michelangelo Tortugas Ninja Turtles Figuarts Bandai","published","35d99a48-df19-4d41-8f1e-944862b40f3e","Bandai","","VALID_BRAND","","","","","0.95","0","TITLE_MANUFACTURER_MATCH:Bandai","KEEP","FALSE","Marca/Fabricante válida y aprobada."
"e040e4f8-3020-43df-8d6c-fd07c0e421cb","61a48094-7453-4b7f-9563-e51f184832f9","JorgiToys","Freddy Five Nights At Freddy's Disfraz Rubies","published","","","","MISSING_BRAND","","","","","0","0","","REQUIRES_VENDOR_ATTENTION","FALSE","El producto no posee marca asignada (brand_id es NULL)."
"fb164236-70be-418e-9066-f952b100a6ae","61a48094-7453-4b7f-9563-e51f184832f9","JorgiToys","Mew The Pokemon Company Peluche 25cm","published","4d53b85f-735f-4b4f-9011-211a8b34d11d","The Pokémon Company","","VALID_BRAND","","","","","0.95","0","","KEEP","FALSE","Marca/Fabricante válida y aprobada."
"ecf5ecad-2a4f-417b-aaad-f1bba18a9225","61a48094-7453-4b7f-9563-e51f184832f9","JorgiToys","Zombi Yeti Plantas Vs Zombies","published","","","","MISSING_BRAND","","","","","0","0","","REQUIRES_VENDOR_ATTENTION","FALSE","El producto no posee marca asignada (brand_id es NULL)."
"f4094d44-02e1-49c3-962b-82d14ac6ee81","61a48094-7453-4b7f-9563-e51f184832f9","JorgiToys","Skibidi Toilet 6 Figuras","published","fac762b8-889d-4f6d-bf1c-da9f06dab0d7","Genérica","","GENERIC_BRAND","","","","","0","0","GENERIC_BRAND_DETECTED","REQUIRES_VENDOR_ATTENTION","FALSE","El producto utiliza una marca genérica no permitida a vendedores (""Genérica"")."
"9e3f35b7-8f97-4744-b169-6dbcd736d56b","61a48094-7453-4b7f-9563-e51f184832f9","JorgiToys","Art Clown Terrifier Payaso Siniestro Mascara Halloween Art","published","fac762b8-889d-4f6d-bf1c-da9f06dab0d7","Genérica","","GENERIC_BRAND","","","","","0","0","GENERIC_BRAND_DETECTED","REQUIRES_VENDOR_ATTENTION","FALSE","El producto utiliza una marca genérica no permitida a vendedores (""Genérica"")."
"7ff04c71-dadd-42b4-b05a-061c576deb36","61a48094-7453-4b7f-9563-e51f184832f9","JorgiToys","Cenicienta Muñeca Que Canta Princesas Disney","published","79352f1b-f900-4f8a-97dc-74649d3022d2","Disney","","LICENSE_AS_BRAND","","","c948500a-b519-4843-82fd-a70f782c8571","Disney","0.4","0.95","CURRENT_BRAND_IS_LICENSE:Disney","MANUAL_REVIEW","FALSE","La marca actual (""Disney"") es una Licencia/Franquicia y no el Fabricante del producto. | No se detectó evidencia del fabricante real. Se requiere revisión manual sin inventar marca."
"090680c0-9b94-4386-b734-3d4102b76a3c","61a48094-7453-4b7f-9563-e51f184832f9","JorgiToys","Krang Tortugas Ninja Turtles Playmates Mutant Module","published","944a8649-47e9-47cc-bfcb-5320ea5a1adb","Playmates Toys","","VALID_BRAND","","","","","0.95","0","","KEEP","FALSE","Marca/Fabricante válida y aprobada."
"dad7fbd5-c876-42e8-9875-5d78ed45d316","61a48094-7453-4b7f-9563-e51f184832f9","JorgiToys","Tails Sonic The Hedgehog 10cm Wave 1 Jakks Pacific","published","79c769ff-c82f-4a74-82de-790b8c3ecf05","Jakks Pacific","","VALID_BRAND","","","e0b9f1da-0b23-4007-905a-8c6ce242d445","Sonic","0.95","0.9","TITLE_LICENSE_MATCH:Sonic;TITLE_MANUFACTURER_MATCH:Jakks Pacific","AUTO_ASSIGN_LICENSE","FALSE","Marca/Fabricante válida y aprobada."
"14f1f0d3-ce9c-453b-a06b-bd519dc367ec","61a48094-7453-4b7f-9563-e51f184832f9","JorgiToys","Lanzamaíz Kernell Pult Caracubo Plantas Vs Zombies En Caja","published","","","","MISSING_BRAND","","","","","0","0","","REQUIRES_VENDOR_ATTENTION","FALSE","El producto no posee marca asignada (brand_id es NULL)."
"a956ab1a-e6f8-4d46-b676-d55e59db9f07","61a48094-7453-4b7f-9563-e51f184832f9","JorgiToys","El Principito The Little Prince Boss Fight Studio","published","9896d591-9eed-4c14-9747-aefdd2164dd8","Boss Fight Studio","","VALID_BRAND","","","","","0.95","0","","KEEP","FALSE","Marca/Fabricante válida y aprobada."
"75c4281a-db14-46aa-bcc5-1072042284a8","61a48094-7453-4b7f-9563-e51f184832f9","JorgiToys","Cherry Planet Terror Grindhouse Neca","published","43edaabc-3910-45ab-b93d-857698fad50b","NECA","","VALID_BRAND","","","","","0.95","0","TITLE_MANUFACTURER_MATCH:NECA","KEEP","FALSE","Marca/Fabricante válida y aprobada."
"717b6098-c7d9-4ed7-906b-aaf0d205c050","61a48094-7453-4b7f-9563-e51f184832f9","JorgiToys","Five Nights At Freddy's Jack Obonnie Dread Bear Funko Replay","published","1cbd2abc-1508-40c4-8823-9806998979e3","Funko","","VALID_BRAND","","","","","0.95","0","TITLE_MANUFACTURER_MATCH:Funko","KEEP","FALSE","Marca/Fabricante válida y aprobada."
"febae5d1-6600-4c2b-9876-351e135379fd","61a48094-7453-4b7f-9563-e51f184832f9","JorgiToys","Leonardo Tortugas Ninja Turtles Classic Playmates","published","944a8649-47e9-47cc-bfcb-5320ea5a1adb","Playmates Toys","","VALID_BRAND","","","","","0.95","0","","KEEP","FALSE","Marca/Fabricante válida y aprobada."
"e536e9a5-2389-4ed6-b2fd-1985e32992cd","61a48094-7453-4b7f-9563-e51f184832f9","JorgiToys","Carnage Spiderman Marvel Legends Hasbro Target Exclusive","published","0df4aeab-c5e9-4d35-8a9b-e63f391d5a57","Hasbro","","VALID_BRAND","","","39af7eed-0ae2-4c7f-ac30-107d20957036","Marvel","0.95","0.9","TITLE_LICENSE_MATCH:Marvel;TITLE_MANUFACTURER_MATCH:Hasbro","AUTO_ASSIGN_LICENSE","FALSE","Marca/Fabricante válida y aprobada."
"5b9ea6f4-b3d2-4c00-811c-c80f97a1e0b4","61a48094-7453-4b7f-9563-e51f184832f9","JorgiToys","Mega Charizard X Pokemon Center Peluche 25cm","published","b2d190fa-057b-44b8-868e-ced887d9e55a","TakaraTomy","","VALID_BRAND","","","","","0.95","0","","KEEP","FALSE","Marca/Fabricante válida y aprobada."
"b386dd7a-0ac1-4477-bda6-07ab9d2768ad","61a48094-7453-4b7f-9563-e51f184832f9","JorgiToys","Batman Beyond 5 Pack Dc Multiverse Mcfarlane","published","c2451c65-4354-4955-8afd-ad4bffecd26c","Mcfarlane","","VALID_BRAND","","","8956afcb-0f0d-4be9-b26e-3d9ff47ebc1b","DC","0.95","0.9","TITLE_LICENSE_MATCH:DC;TITLE_MANUFACTURER_MATCH:McFarlane Toys","AUTO_ASSIGN_LICENSE","FALSE","Marca/Fabricante válida y aprobada."
"2b6f49b9-47a1-41de-bce9-d08a7fccf4fc","61a48094-7453-4b7f-9563-e51f184832f9","JorgiToys","Manzana Mortero Apple Mortar Plantas Vs Zombies","published","","","","MISSING_BRAND","","","","","0","0","","REQUIRES_VENDOR_ATTENTION","FALSE","El producto no posee marca asignada (brand_id es NULL)."
"facc89c0-40e0-4988-8e4e-e677fdafd982","61a48094-7453-4b7f-9563-e51f184832f9","JorgiToys","Golden Frieza Dragon Ball Shodo Vol.2 Bandai","published","35d99a48-df19-4d41-8f1e-944862b40f3e","Bandai","","VALID_BRAND","","","372f7dd6-f134-4a9e-a1cf-f82497ba6ed3","Dragon Ball","0.95","0.9","TITLE_LICENSE_MATCH:Dragon Ball;TITLE_MANUFACTURER_MATCH:Bandai","AUTO_ASSIGN_LICENSE","FALSE","Marca/Fabricante válida y aprobada."
"93f25bef-3f03-4efd-acae-66ab0750a481","61a48094-7453-4b7f-9563-e51f184832f9","JorgiToys","Cardo Caracubo Plantas Vs Zombies Soft Rubber En Caja","published","","","","MISSING_BRAND","","","","","0","0","","REQUIRES_VENDOR_ATTENTION","FALSE","El producto no posee marca asignada (brand_id es NULL)."
"24648fe7-5d1f-4b53-88c7-03ce9b3dedfa","61a48094-7453-4b7f-9563-e51f184832f9","JorgiToys","Matsuyama Hikaru Captain Tsubasa Dasin Model","published","1131563d-5cd6-49f7-a3f1-7511da3e9a13","Dasin Model","","VALID_BRAND","","","","","0.95","0","","KEEP","FALSE","Marca/Fabricante válida y aprobada."
"3d203c49-700c-4d5e-945a-f85b4d6f3c21","61a48094-7453-4b7f-9563-e51f184832f9","JorgiToys","Gengar The Pokemon Company Peluche 25cm","published","4d53b85f-735f-4b4f-9011-211a8b34d11d","The Pokémon Company","","VALID_BRAND","","","","","0.95","0","","KEEP","FALSE","Marca/Fabricante válida y aprobada."
"a2c41b0a-07be-4e9a-91e4-5e4a0843fd31","61a48094-7453-4b7f-9563-e51f184832f9","JorgiToys","Aguijón Rojo Red Stinger Plantas Vs Zombies","published","","","","MISSING_BRAND","","","","","0","0","","REQUIRES_VENDOR_ATTENTION","FALSE","El producto no posee marca asignada (brand_id es NULL)."
"48c153e5-0a2a-4d5e-aa16-2ddd16e486a7","61a48094-7453-4b7f-9563-e51f184832f9","JorgiToys","Plantas Vs Zombies Peluche 30cm #7","published","","","","MISSING_BRAND","","","","","0","0","","REQUIRES_VENDOR_ATTENTION","FALSE","El producto no posee marca asignada (brand_id es NULL)."
"ac25dca0-3559-4862-bb40-12fd5d6b268d","61a48094-7453-4b7f-9563-e51f184832f9","JorgiToys","Michiru Kaio Neptune Sailor Moon Figuarts Bandai","published","35d99a48-df19-4d41-8f1e-944862b40f3e","Bandai","","VALID_BRAND","","","","","0.95","0","TITLE_MANUFACTURER_MATCH:Bandai","KEEP","FALSE","Marca/Fabricante válida y aprobada."
"e86e8b9e-e960-46cf-a97a-0d71a888d55a","61a48094-7453-4b7f-9563-e51f184832f9","JorgiToys","Black Heart Bonnie Five Nights At Freddy's Funko","published","1cbd2abc-1508-40c4-8823-9806998979e3","Funko","","VALID_BRAND","","","","","0.95","0","TITLE_MANUFACTURER_MATCH:Funko","KEEP","FALSE","Marca/Fabricante válida y aprobada."
"ed230195-e283-4b45-a9b0-a60ba3f97c82","61a48094-7453-4b7f-9563-e51f184832f9","JorgiToys","Gray Beast X-men Marvel Legends Hasbro","published","0df4aeab-c5e9-4d35-8a9b-e63f391d5a57","Hasbro","","VALID_BRAND","","","39af7eed-0ae2-4c7f-ac30-107d20957036","Marvel","0.95","0.9","TITLE_LICENSE_MATCH:Marvel;TITLE_MANUFACTURER_MATCH:Hasbro","AUTO_ASSIGN_LICENSE","FALSE","Marca/Fabricante válida y aprobada."
"0294fd04-4f28-4961-90b7-f0b2016c2a1a","61a48094-7453-4b7f-9563-e51f184832f9","JorgiToys","Wolverine X-men 90's Animated Series Marvel Legends Hasbro","published","0df4aeab-c5e9-4d35-8a9b-e63f391d5a57","Hasbro","","VALID_BRAND","","","39af7eed-0ae2-4c7f-ac30-107d20957036","Marvel","0.95","0.9","TITLE_LICENSE_MATCH:Marvel;TITLE_MANUFACTURER_MATCH:Hasbro","AUTO_ASSIGN_LICENSE","FALSE","Marca/Fabricante válida y aprobada."
"ee37918d-8f40-401b-ba5d-d973c0d99127","61a48094-7453-4b7f-9563-e51f184832f9","JorgiToys","Sam Ultimate Trick Or Treat Neca","published","43edaabc-3910-45ab-b93d-857698fad50b","NECA","","VALID_BRAND","","","","","0.95","0","TITLE_MANUFACTURER_MATCH:NECA","KEEP","FALSE","Marca/Fabricante válida y aprobada."
"869e57e6-f7d8-4b75-90cb-6ffaa88e271f","61a48094-7453-4b7f-9563-e51f184832f9","JorgiToys","Vanny Five Nights Freddy´s Security Breach Funko","published","1cbd2abc-1508-40c4-8823-9806998979e3","Funko","","VALID_BRAND","","","","","0.95","0","TITLE_MANUFACTURER_MATCH:Funko","KEEP","FALSE","Marca/Fabricante válida y aprobada."
"22c9bc38-eaea-4f60-bb3b-7bf069bb8b34","61a48094-7453-4b7f-9563-e51f184832f9","JorgiToys","La Bella Y La Bestia Classic Doll Princesas Disney Store","published","79352f1b-f900-4f8a-97dc-74649d3022d2","Disney","","LICENSE_AS_BRAND","","","c948500a-b519-4843-82fd-a70f782c8571","Disney","0.4","0.95","CURRENT_BRAND_IS_LICENSE:Disney","MANUAL_REVIEW","FALSE","La marca actual (""Disney"") es una Licencia/Franquicia y no el Fabricante del producto. | No se detectó evidencia del fabricante real. Se requiere revisión manual sin inventar marca."
"694ee480-09fd-46c8-91d4-b28029ade19c","61a48094-7453-4b7f-9563-e51f184832f9","JorgiToys","Raziel (material Plane) Legacy Of Kain Soul Reaver Neca","published","43edaabc-3910-45ab-b93d-857698fad50b","NECA","","VALID_BRAND","","","","","0.95","0","TITLE_MANUFACTURER_MATCH:NECA","KEEP","FALSE","Marca/Fabricante válida y aprobada."
"44148327-109d-4045-83e0-0027e70c085b","61a48094-7453-4b7f-9563-e51f184832f9","JorgiToys","Citron Caracono Plantas Vs Zombies Soft Rubber En Caja","published","","","","MISSING_BRAND","","","","","0","0","","REQUIRES_VENDOR_ATTENTION","FALSE","El producto no posee marca asignada (brand_id es NULL)."
"f9722980-433c-4d5d-be4b-c3b76e3c88b0","61a48094-7453-4b7f-9563-e51f184832f9","JorgiToys","Ironheart Marvel Legends Ursa Major Baf Hasbro","published","0df4aeab-c5e9-4d35-8a9b-e63f391d5a57","Hasbro","","VALID_BRAND","","","39af7eed-0ae2-4c7f-ac30-107d20957036","Marvel","0.95","0.9","TITLE_LICENSE_MATCH:Marvel;TITLE_MANUFACTURER_MATCH:Hasbro","AUTO_ASSIGN_LICENSE","FALSE","Marca/Fabricante válida y aprobada."
"eb77e5af-a08e-4a2e-9681-6de4340eaa8b","61a48094-7453-4b7f-9563-e51f184832f9","JorgiToys","Teela He-man Motu Club Grayskull Filmation Super7 Muñeco","published","28865b10-c492-4773-9810-270afa95b3d4","Super7","","VALID_BRAND","","","","","0.95","0","TITLE_MANUFACTURER_MATCH:Super7","KEEP","FALSE","Marca/Fabricante válida y aprobada."
"5c6cc6de-2e84-4426-b216-b2c758be293e","61a48094-7453-4b7f-9563-e51f184832f9","JorgiToys","Marill The Pokemon Company Peluche 25cm","published","4d53b85f-735f-4b4f-9011-211a8b34d11d","The Pokémon Company","","VALID_BRAND","","","","","0.95","0","","KEEP","FALSE","Marca/Fabricante válida y aprobada."
"2d75b688-32eb-483c-9525-50cdacee622b","61a48094-7453-4b7f-9563-e51f184832f9","JorgiToys","Dr. Zomboss Zombot Tomorrow-tron Plantas Vs Zombies","published","","","","MISSING_BRAND","","","","","0","0","","REQUIRES_VENDOR_ATTENTION","FALSE","El producto no posee marca asignada (brand_id es NULL)."
"06cab99c-dd6f-4b8a-ae16-786df4d1420c","61a48094-7453-4b7f-9563-e51f184832f9","JorgiToys","Warrior Gamora What If Marvel Legends Hydra Stomper Baf","published","0df4aeab-c5e9-4d35-8a9b-e63f391d5a57","Hasbro","","VALID_BRAND","","","39af7eed-0ae2-4c7f-ac30-107d20957036","Marvel","0.95","0.9","TITLE_LICENSE_MATCH:Marvel;TITLE_MANUFACTURER_MATCH:Hasbro","AUTO_ASSIGN_LICENSE","FALSE","Marca/Fabricante válida y aprobada."
"92141865-68ca-412f-9226-26e74768d529","61a48094-7453-4b7f-9563-e51f184832f9","JorgiToys","Glamrock Chica Five Nights Freddy´s Security Breach Funko","published","1cbd2abc-1508-40c4-8823-9806998979e3","Funko","","VALID_BRAND","","","","","0.95","0","TITLE_MANUFACTURER_MATCH:Funko","KEEP","FALSE","Marca/Fabricante válida y aprobada."
"1cb488b9-563c-41e5-886f-bcd7967cbd66","61a48094-7453-4b7f-9563-e51f184832f9","JorgiToys","Nintendo It's Me Super Mario Parlante Jakks Muñeco Figura","published","79c769ff-c82f-4a74-82de-790b8c3ecf05","Jakks Pacific","","VALID_BRAND","","","","","0.95","0","TITLE_MANUFACTURER_MATCH:Jakks Pacific","KEEP","FALSE","Marca/Fabricante válida y aprobada."
"a9c5f142-3103-40e5-be32-502640a4ae02","61a48094-7453-4b7f-9563-e51f184832f9","JorgiToys","Armin Arlert Shigeki No Kyojin Rah Medicom Toy 676","published","4945c990-250a-4647-85c1-cf9b376f51ba","Medicom","","VALID_BRAND","","","","","0.95","0","","KEEP","FALSE","Marca/Fabricante válida y aprobada."
"ece0e840-385f-4220-9541-644f89d91605","61a48094-7453-4b7f-9563-e51f184832f9","JorgiToys","Foxy Five Nights At Freddy´s Funko","published","1cbd2abc-1508-40c4-8823-9806998979e3","Funko","","VALID_BRAND","","","","","0.95","0","TITLE_MANUFACTURER_MATCH:Funko","KEEP","FALSE","Marca/Fabricante válida y aprobada."
"22b5a630-7cb1-471a-aed3-282f58e46efe","61a48094-7453-4b7f-9563-e51f184832f9","JorgiToys","Squirtle Pokemon Moncolle-ex Takara Tomy Emc_17","published","b2d190fa-057b-44b8-868e-ced887d9e55a","TakaraTomy","","VALID_BRAND","","","","","0.95","0","TITLE_MANUFACTURER_MATCH:Takara Tomy","KEEP","FALSE","Marca/Fabricante válida y aprobada."
"e235f83b-f839-41bf-af0b-ba351dd35da3","61a48094-7453-4b7f-9563-e51f184832f9","JorgiToys","Bonnie Five Nights At Freddy´s Funko","published","1cbd2abc-1508-40c4-8823-9806998979e3","Funko","","VALID_BRAND","","","","","0.95","0","TITLE_MANUFACTURER_MATCH:Funko","KEEP","FALSE","Marca/Fabricante válida y aprobada."
"ef9d6e3c-321f-484f-946d-d9d1f3c40ba1","61a48094-7453-4b7f-9563-e51f184832f9","JorgiToys","Havok X-men Marvel Legends Bonebreaker Baf Hasbro","published","0df4aeab-c5e9-4d35-8a9b-e63f391d5a57","Hasbro","","VALID_BRAND","","","39af7eed-0ae2-4c7f-ac30-107d20957036","Marvel","0.95","0.9","TITLE_LICENSE_MATCH:Marvel;TITLE_MANUFACTURER_MATCH:Hasbro","AUTO_ASSIGN_LICENSE","FALSE","Marca/Fabricante válida y aprobada."
"49428e96-0764-448d-b294-d72342329208","61a48094-7453-4b7f-9563-e51f184832f9","JorgiToys","Figura Coleccionable Articulada Sombria Super 7 Motu Masters Of The Universe","published","28865b10-c492-4773-9810-270afa95b3d4","Super7","","VALID_BRAND","","","","","0.95","0","","KEEP","FALSE","Marca/Fabricante válida y aprobada."
"49c417b3-0721-4ef4-bb42-5cb23b55f495","61a48094-7453-4b7f-9563-e51f184832f9","JorgiToys","Beast X-men Marvel Legends Hasbro","published","0df4aeab-c5e9-4d35-8a9b-e63f391d5a57","Hasbro","","VALID_BRAND","","","39af7eed-0ae2-4c7f-ac30-107d20957036","Marvel","0.95","0.9","TITLE_LICENSE_MATCH:Marvel;TITLE_MANUFACTURER_MATCH:Hasbro","AUTO_ASSIGN_LICENSE","FALSE","Marca/Fabricante válida y aprobada."
"ce6c0739-984e-4348-8062-3520a2f2a164","61a48094-7453-4b7f-9563-e51f184832f9","JorgiToys","Bonnie Five Nights At Freddy´s Snaps Funko","published","1cbd2abc-1508-40c4-8823-9806998979e3","Funko","","VALID_BRAND","","","","","0.95","0","TITLE_MANUFACTURER_MATCH:Funko","KEEP","FALSE","Marca/Fabricante válida y aprobada."
"344b4cda-5fe0-4768-897c-b3a2e91cd167","61a48094-7453-4b7f-9563-e51f184832f9","JorgiToys","Kotal Kahn Mortal Kombat 11 Mcfarlane","published","c2451c65-4354-4955-8afd-ad4bffecd26c","Mcfarlane","","VALID_BRAND","","","","","0.95","0","TITLE_MANUFACTURER_MATCH:McFarlane Toys","KEEP","FALSE","Marca/Fabricante válida y aprobada."
"563d765e-3fc5-4e38-b52d-5119fa942a73","61a48094-7453-4b7f-9563-e51f184832f9","JorgiToys","Batata Mina Papapum Potato Mine Plantas Vs Zombies","published","","","","MISSING_BRAND","","","","","0","0","","REQUIRES_VENDOR_ATTENTION","FALSE","El producto no posee marca asignada (brand_id es NULL)."
"b39047b7-377b-4a15-96db-c7b43cb3d9e0","61a48094-7453-4b7f-9563-e51f184832f9","JorgiToys","Splinter Tortugas Ninja Movie Star Playmates","published","944a8649-47e9-47cc-bfcb-5320ea5a1adb","Playmates Toys","","VALID_BRAND","","","","","0.95","0","","KEEP","FALSE","Marca/Fabricante válida y aprobada."
"484771dc-9e17-416a-93fc-c42053269480","61a48094-7453-4b7f-9563-e51f184832f9","JorgiToys","Golden Freddy Five Nights At Freddy´s Funko","published","1cbd2abc-1508-40c4-8823-9806998979e3","Funko","","VALID_BRAND","","","","","0.95","0","TITLE_MANUFACTURER_MATCH:Funko","KEEP","FALSE","Marca/Fabricante válida y aprobada."
"3776f652-9fa4-4716-a42c-41ea59189ae3","61a48094-7453-4b7f-9563-e51f184832f9","JorgiToys","Raphael Tortugas Ninja Movie Star Playmates","published","944a8649-47e9-47cc-bfcb-5320ea5a1adb","Playmates Toys","","VALID_BRAND","","","","","0.95","0","","KEEP","FALSE","Marca/Fabricante válida y aprobada."
"3a86edfe-c427-4057-9bc6-7416456764e8","61a48094-7453-4b7f-9563-e51f184832f9","JorgiToys","Gray Hulk Dr. Bruce Banner Avengers Marvel Legends Hasbro","published","0df4aeab-c5e9-4d35-8a9b-e63f391d5a57","Hasbro","","VALID_BRAND","","","39af7eed-0ae2-4c7f-ac30-107d20957036","Marvel","0.95","0.9","TITLE_LICENSE_MATCH:Marvel;TITLE_MANUFACTURER_MATCH:Hasbro","AUTO_ASSIGN_LICENSE","FALSE","Marca/Fabricante válida y aprobada."
"961d2f92-dff4-4543-a2ff-bc4e4fc28488","61a48094-7453-4b7f-9563-e51f184832f9","JorgiToys","Mora Explosiva Berry Blaster Plantas Vs Zombies","published","","","","MISSING_BRAND","","","","","0","0","","REQUIRES_VENDOR_ATTENTION","FALSE","El producto no posee marca asignada (brand_id es NULL)."
"916fd34b-cc1b-4470-b50d-7fd784eb109a","61a48094-7453-4b7f-9563-e51f184832f9","JorgiToys","Super Armor Batman The Adventures Continue Dc Collectibles","published","ad5d4bf0-769c-49ea-9d84-211a2fb33a68","DC Collectibles","","VALID_BRAND","","","8956afcb-0f0d-4be9-b26e-3d9ff47ebc1b","DC","0.95","0.9","TITLE_LICENSE_MATCH:DC","AUTO_ASSIGN_LICENSE","FALSE","Marca/Fabricante válida y aprobada."
"1fb70cb5-1247-455b-9c45-1b01b28d4dd1","61a48094-7453-4b7f-9563-e51f184832f9","JorgiToys","Harvey Bullock Batman The Animated Series Dc Collectibles 31","published","ad5d4bf0-769c-49ea-9d84-211a2fb33a68","DC Collectibles","","VALID_BRAND","","","8956afcb-0f0d-4be9-b26e-3d9ff47ebc1b","DC","0.95","0.9","TITLE_LICENSE_MATCH:DC","AUTO_ASSIGN_LICENSE","FALSE","Marca/Fabricante válida y aprobada."
"458ab9e6-19d0-4cd7-9431-10d5c6010de8","61a48094-7453-4b7f-9563-e51f184832f9","JorgiToys","Pikachu Pokemon Moncolle Ex Takara Tomy Mc.070","published","b2d190fa-057b-44b8-868e-ced887d9e55a","TakaraTomy","","VALID_BRAND","","","","","0.95","0","TITLE_MANUFACTURER_MATCH:Takara Tomy","KEEP","FALSE","Marca/Fabricante válida y aprobada."
"43afbf07-36ce-4198-854f-b23db9706936","61a48094-7453-4b7f-9563-e51f184832f9","JorgiToys","Hielaguisantes Snow Pea Plantas Vs Zombies Peluche 20cm Hielaguisantes","published","","","","MISSING_BRAND","","","","","0","0","","REQUIRES_VENDOR_ATTENTION","FALSE","El producto no posee marca asignada (brand_id es NULL)."
"0c9f9398-cbe5-437e-b2a6-a0b465b45727","61a48094-7453-4b7f-9563-e51f184832f9","JorgiToys","Hielaguisantes Snow Pea Plantas Vs Zombies","published","","","","MISSING_BRAND","","","","","0","0","","REQUIRES_VENDOR_ATTENTION","FALSE","El producto no posee marca asignada (brand_id es NULL)."
"51ff35a2-c0df-48e1-bf28-5b073f674185","61a48094-7453-4b7f-9563-e51f184832f9","JorgiToys","Emma Frost X-men Marvel Legends Hasbro Walrgeens Exclusive","published","0df4aeab-c5e9-4d35-8a9b-e63f391d5a57","Hasbro","","VALID_BRAND","","","39af7eed-0ae2-4c7f-ac30-107d20957036","Marvel","0.95","0.9","TITLE_LICENSE_MATCH:Marvel;TITLE_MANUFACTURER_MATCH:Hasbro","AUTO_ASSIGN_LICENSE","FALSE","Marca/Fabricante válida y aprobada."
"04d077d2-af8e-4ad6-b955-1803464b7e67","61a48094-7453-4b7f-9563-e51f184832f9","JorgiToys","Guantelete Infinito Thanos Avengers Con Luz Tamaño Niño","published","fac762b8-889d-4f6d-bf1c-da9f06dab0d7","Genérica","","GENERIC_BRAND","","","","","0","0","GENERIC_BRAND_DETECTED","REQUIRES_VENDOR_ATTENTION","FALSE","El producto utiliza una marca genérica no permitida a vendedores (""Genérica"")."
"06c848b2-294d-48f7-a432-f1e6ce91e8eb","61a48094-7453-4b7f-9563-e51f184832f9","JorgiToys","Jigglypuff The Pokemon Company Peluche 25cm","published","4d53b85f-735f-4b4f-9011-211a8b34d11d","The Pokémon Company","","VALID_BRAND","","","","","0.95","0","","KEEP","FALSE","Marca/Fabricante válida y aprobada."
"714d945d-7d75-47de-a979-c1a980bde336","61a48094-7453-4b7f-9563-e51f184832f9","JorgiToys","Plankton Bob Esponja Peluche 25cm","published","","","","MISSING_BRAND","","","","","0","0","","REQUIRES_VENDOR_ATTENTION","FALSE","El producto no posee marca asignada (brand_id es NULL)."
"7c1b2c32-a7d4-4faa-93f6-64678f1f1d2f","61a48094-7453-4b7f-9563-e51f184832f9","JorgiToys","Kyo Kusanagi The King Of Fighters 98 Storm Collectibles","published","ee0b5937-d3db-4038-9ddb-e6ad2fced6a2","Storm Collectibles","","VALID_BRAND","","","","","0.95","0","","KEEP","FALSE","Marca/Fabricante válida y aprobada."
"c5f9885c-1c52-4786-a6fc-91558697f3c7","61a48094-7453-4b7f-9563-e51f184832f9","JorgiToys","Chocolate Chica Five Nights Freddy´s Special Delivery Funko","published","1cbd2abc-1508-40c4-8823-9806998979e3","Funko","","VALID_BRAND","","","","","0.95","0","TITLE_MANUFACTURER_MATCH:Funko","KEEP","FALSE","Marca/Fabricante válida y aprobada."
"3f30cb7c-c184-4bbf-9408-5f69ab8df74a","61a48094-7453-4b7f-9563-e51f184832f9","JorgiToys","Poppy Playtime - Smiling Huggy Wuggy - 13 Cm - Articulado","published","","","","MISSING_BRAND","","","","","0","0","","REQUIRES_VENDOR_ATTENTION","FALSE","El producto no posee marca asignada (brand_id es NULL)."
"6a5988aa-5ebe-468b-9200-f704b2193ffc","61a48094-7453-4b7f-9563-e51f184832f9","JorgiToys","Aquaman Justice League Animated Dc Collectibles","published","ad5d4bf0-769c-49ea-9d84-211a2fb33a68","DC Collectibles","","VALID_BRAND","","","8956afcb-0f0d-4be9-b26e-3d9ff47ebc1b","DC","0.95","0.9","TITLE_LICENSE_MATCH:DC","AUTO_ASSIGN_LICENSE","FALSE","Marca/Fabricante válida y aprobada."
"734cc0df-0942-485f-a64b-a445fb2e1311","61a48094-7453-4b7f-9563-e51f184832f9","JorgiToys","Shadow Sonic 3 La Película Wave 1 Jakks Pacific","published","4c557954-aa44-444a-96c8-f1c714d5847f","Jakks Pacific","","VALID_BRAND","","","e0b9f1da-0b23-4007-905a-8c6ce242d445","Sonic","0.95","0.9","TITLE_LICENSE_MATCH:Sonic;TITLE_MANUFACTURER_MATCH:Jakks Pacific","AUTO_ASSIGN_LICENSE","FALSE","Marca/Fabricante válida y aprobada."
"a1ed35e8-4624-48d2-97ae-95726d28c7ac","61a48094-7453-4b7f-9563-e51f184832f9","JorgiToys","Rey Star Wars The Last Jedi Figuarts Bandai","published","35d99a48-df19-4d41-8f1e-944862b40f3e","Bandai","","VALID_BRAND","","","1d4ebf30-350d-4336-9058-90689b87700a","Star Wars","0.95","0.9","TITLE_LICENSE_MATCH:Star Wars;TITLE_MANUFACTURER_MATCH:Bandai","AUTO_ASSIGN_LICENSE","FALSE","Marca/Fabricante válida y aprobada."
"1f544b3d-27f7-4c23-b56e-fd13eb551889","61a48094-7453-4b7f-9563-e51f184832f9","JorgiToys","Amy Sonic The Hedgehog 6cm Wave 7 Jakks Pacific","published","79c769ff-c82f-4a74-82de-790b8c3ecf05","Jakks Pacific","","VALID_BRAND","","","e0b9f1da-0b23-4007-905a-8c6ce242d445","Sonic","0.95","0.9","TITLE_LICENSE_MATCH:Sonic;TITLE_MANUFACTURER_MATCH:Jakks Pacific","AUTO_ASSIGN_LICENSE","FALSE","Marca/Fabricante válida y aprobada."
"d08864c2-5bdd-4754-9f17-5471eda4dcd1","61a48094-7453-4b7f-9563-e51f184832f9","JorgiToys","Banana Launcher Plantas Vs Zombies","published","","","","MISSING_BRAND","","","","","0","0","","REQUIRES_VENDOR_ATTENTION","FALSE","El producto no posee marca asignada (brand_id es NULL)."
"e23a4a5e-ed85-48d7-9f36-01e6dd6359a8","61a48094-7453-4b7f-9563-e51f184832f9","JorgiToys","Jazmin Jasmine Aladdin Classic Doll Princesas Disney Store","published","79352f1b-f900-4f8a-97dc-74649d3022d2","Disney","","LICENSE_AS_BRAND","","","c948500a-b519-4843-82fd-a70f782c8571","Disney","0.4","0.95","CURRENT_BRAND_IS_LICENSE:Disney","MANUAL_REVIEW","FALSE","La marca actual (""Disney"") es una Licencia/Franquicia y no el Fabricante del producto. | No se detectó evidencia del fabricante real. Se requiere revisión manual sin inventar marca."
"ca1e094b-08fb-40ce-a9a7-ca89256c3776","61a48094-7453-4b7f-9563-e51f184832f9","JorgiToys","Funko Five Nights At Freddy's Articulado Golden Freddy Figur","published","1cbd2abc-1508-40c4-8823-9806998979e3","Funko","","VALID_BRAND","","","","","0.95","0","TITLE_MANUFACTURER_MATCH:Funko","KEEP","FALSE","Marca/Fabricante válida y aprobada."
"e5bdad13-b496-414d-a554-3a0f94d65c3c","61a48094-7453-4b7f-9563-e51f184832f9","JorgiToys","Five Nights At Freddy's - Captain Foxy - Curse Of Dread Bear","published","1cbd2abc-1508-40c4-8823-9806998979e3","Funko","","VALID_BRAND","","","","","0.95","0","","KEEP","FALSE","Marca/Fabricante válida y aprobada."
"41fa258c-c067-4378-b2e8-28bc06424634","61a48094-7453-4b7f-9563-e51f184832f9","JorgiToys","Hombre Araña Spiderman Disfraz Musculoso Reflectivo Jazwares Spiderman M","published","602d666d-8ed0-4d4b-b802-3b83c6679cbe","Jazwares","","VALID_BRAND","","","","","0.95","0","","KEEP","FALSE","Marca/Fabricante válida y aprobada."
"b4591139-0719-489d-9225-605e3c48882e","61a48094-7453-4b7f-9563-e51f184832f9","JorgiToys","Naruto Bandana Aldea Arena Negro Único","published","fac762b8-889d-4f6d-bf1c-da9f06dab0d7","Genérica","","GENERIC_BRAND","","","cf17945b-e570-4369-8b87-6e82bef9bfda","Naruto","0","0.9","TITLE_LICENSE_MATCH:Naruto;GENERIC_BRAND_DETECTED","REQUIRES_VENDOR_ATTENTION","FALSE","El producto utiliza una marca genérica no permitida a vendedores (""Genérica"")."
"1f04d02f-6497-48f7-a009-c2f5e6fb1e60","61a48094-7453-4b7f-9563-e51f184832f9","JorgiToys","Armored Assassin Ultimate Predator Depredador Neca Deluxe","published","43edaabc-3910-45ab-b93d-857698fad50b","NECA","","VALID_BRAND","","","","","0.95","0","TITLE_MANUFACTURER_MATCH:NECA","KEEP","FALSE","Marca/Fabricante válida y aprobada."
"ee1f193b-7923-4b83-b9cc-5961480cbfab","61a48094-7453-4b7f-9563-e51f184832f9","JorgiToys","Rabo De Gato Cattail Plantas Vs Zombies","published","","","","MISSING_BRAND","","","","","0","0","","REQUIRES_VENDOR_ATTENTION","FALSE","El producto no posee marca asignada (brand_id es NULL)."
"b727f10b-8465-49cd-86f5-a4c60350ef04","61a48094-7453-4b7f-9563-e51f184832f9","JorgiToys","Meowth The Pokemon Company Peluche 30cm","published","b2d190fa-057b-44b8-868e-ced887d9e55a","TakaraTomy","","VALID_BRAND","","","","","0.95","0","","KEEP","FALSE","Marca/Fabricante válida y aprobada."
"969d8856-4d60-49b3-a97b-a9ddf631dde9","61a48094-7453-4b7f-9563-e51f184832f9","JorgiToys","Meowth Pokemon Moncolle Ex Takara Tomy Ms_48","published","b2d190fa-057b-44b8-868e-ced887d9e55a","TakaraTomy","","VALID_BRAND","","","","","0.95","0","TITLE_MANUFACTURER_MATCH:Takara Tomy","KEEP","FALSE","Marca/Fabricante válida y aprobada."
"e1143c7f-2bc5-4a29-b9d7-d8e932e08e64","61a48094-7453-4b7f-9563-e51f184832f9","JorgiToys","Quasar Marvel Legends Hasbro","published","0df4aeab-c5e9-4d35-8a9b-e63f391d5a57","Hasbro","","VALID_BRAND","","","39af7eed-0ae2-4c7f-ac30-107d20957036","Marvel","0.95","0.9","TITLE_LICENSE_MATCH:Marvel;TITLE_MANUFACTURER_MATCH:Hasbro","AUTO_ASSIGN_LICENSE","FALSE","Marca/Fabricante válida y aprobada."
"fccb30ae-9066-4931-b7b5-a69aa2a8b812","61a48094-7453-4b7f-9563-e51f184832f9","JorgiToys","Lapras Pikachu Pokemon Center Peluche 25cm","published","b2d190fa-057b-44b8-868e-ced887d9e55a","TakaraTomy","","VALID_BRAND","","","","","0.95","0","","KEEP","FALSE","Marca/Fabricante válida y aprobada."
"85f56f69-4f07-4ba6-97db-eb8b328ae429","61a48094-7453-4b7f-9563-e51f184832f9","JorgiToys","Ironhide Transformers The Movie Core Class Hasbro","published","0df4aeab-c5e9-4d35-8a9b-e63f391d5a57","Hasbro","","VALID_BRAND","","","","","0.95","0","TITLE_MANUFACTURER_MATCH:Hasbro","KEEP","FALSE","Marca/Fabricante válida y aprobada."
"3f2a826c-a461-4064-9c27-e3256c6bfbf4","61a48094-7453-4b7f-9563-e51f184832f9","JorgiToys","Red Hood Batman The Adventures Continue Dc Collectibles","published","ad5d4bf0-769c-49ea-9d84-211a2fb33a68","DC Collectibles","","VALID_BRAND","","","8956afcb-0f0d-4be9-b26e-3d9ff47ebc1b","DC","0.95","0.9","TITLE_LICENSE_MATCH:DC","AUTO_ASSIGN_LICENSE","FALSE","Marca/Fabricante válida y aprobada."
"584c5e69-cec8-4cb0-bf7e-41ac482f3583","61a48094-7453-4b7f-9563-e51f184832f9","JorgiToys","Dinosaurio Jurassic World Renace Distortus Rex Mutante","published","301c9fe4-ce4a-463a-89f3-7b459b26fe11","Jurassic World","","VALID_BRAND","","","","","0.95","0","","KEEP","FALSE","Marca/Fabricante válida y aprobada."
"940e2e65-5bd3-4c15-8c1f-2da0705ff321","61a48094-7453-4b7f-9563-e51f184832f9","JorgiToys","Bombastic Bag-man Spiderman Marvel Legends Hasbro","published","0df4aeab-c5e9-4d35-8a9b-e63f391d5a57","Hasbro","","VALID_BRAND","","","39af7eed-0ae2-4c7f-ac30-107d20957036","Marvel","0.95","0.9","TITLE_LICENSE_MATCH:Marvel;TITLE_MANUFACTURER_MATCH:Hasbro","AUTO_ASSIGN_LICENSE","FALSE","Marca/Fabricante válida y aprobada."
"2e5e7783-14fd-4623-97bb-8408a1b9c4c9","61a48094-7453-4b7f-9563-e51f184832f9","JorgiToys","Land Dichi Marine Ushio Saint Cloth Myth Bandai","published","35d99a48-df19-4d41-8f1e-944862b40f3e","Bandai","","VALID_BRAND","","","","","0.95","0","TITLE_MANUFACTURER_MATCH:Bandai","KEEP","FALSE","Marca/Fabricante válida y aprobada."
"1e3083b5-f01d-4d01-964e-764131fca2e6","61a48094-7453-4b7f-9563-e51f184832f9","JorgiToys","Vaporeon Eevee Pokemon Center Peluche 20cm","published","b2d190fa-057b-44b8-868e-ced887d9e55a","TakaraTomy","","VALID_BRAND","","","","","0.95","0","","KEEP","FALSE","Marca/Fabricante válida y aprobada."
"bcf2dc55-25ec-4a0d-8226-a26113cdcccb","61a48094-7453-4b7f-9563-e51f184832f9","JorgiToys","Mewtwo Pokemon D-arts Bandai","published","35d99a48-df19-4d41-8f1e-944862b40f3e","Bandai","","VALID_BRAND","","","","","0.95","0","TITLE_MANUFACTURER_MATCH:Bandai","KEEP","FALSE","Marca/Fabricante válida y aprobada."
"9e611fc6-f028-446a-a045-53e8dc43a7d3","61a48094-7453-4b7f-9563-e51f184832f9","JorgiToys","Chocolate Bonnie Five Nights Freddy´s Special Delivery Funko","published","1cbd2abc-1508-40c4-8823-9806998979e3","Funko","","VALID_BRAND","","","","","0.95","0","TITLE_MANUFACTURER_MATCH:Funko","KEEP","FALSE","Marca/Fabricante válida y aprobada."
"b5eac731-ab4d-4c6c-bdb2-f6dff0ae5234","61a48094-7453-4b7f-9563-e51f184832f9","JorgiToys","Captain America Avengers Endgame Marvel Legends Fat Thor Baf","published","0df4aeab-c5e9-4d35-8a9b-e63f391d5a57","Hasbro","","VALID_BRAND","","","39af7eed-0ae2-4c7f-ac30-107d20957036","Marvel","0.95","0.9","TITLE_LICENSE_MATCH:Marvel;TITLE_MANUFACTURER_MATCH:Hasbro","AUTO_ASSIGN_LICENSE","FALSE","Marca/Fabricante válida y aprobada."
"013bfbd4-d6a8-4830-a78a-b13cd41e3773","61a48094-7453-4b7f-9563-e51f184832f9","JorgiToys","Gizmo Ultimate Gremlins Neca","published","43edaabc-3910-45ab-b93d-857698fad50b","NECA","","VALID_BRAND","","","","","0.95","0","TITLE_MANUFACTURER_MATCH:NECA","KEEP","FALSE","Marca/Fabricante válida y aprobada."
"25749a8b-7145-48d5-9b31-9fe170d47aa0","61a48094-7453-4b7f-9563-e51f184832f9","JorgiToys","Zombistein Pirata Gargantuar Plantas Vs Zombies","published","","","","MISSING_BRAND","","","","","0","0","","REQUIRES_VENDOR_ATTENTION","FALSE","El producto no posee marca asignada (brand_id es NULL)."
"944d1735-366f-4b07-8a9f-0e8e182b7eb3","61a48094-7453-4b7f-9563-e51f184832f9","JorgiToys","Bo-katan Kryze Mandalorian Star Wars Black Series Hasbro","published","0df4aeab-c5e9-4d35-8a9b-e63f391d5a57","Hasbro","","VALID_BRAND","","","1d4ebf30-350d-4336-9058-90689b87700a","Star Wars","0.95","0.9","TITLE_LICENSE_MATCH:Star Wars;TITLE_MANUFACTURER_MATCH:Hasbro","AUTO_ASSIGN_LICENSE","FALSE","Marca/Fabricante válida y aprobada."
"08fd5694-a042-4e67-b2e5-335fbda2a872","61a48094-7453-4b7f-9563-e51f184832f9","JorgiToys","Zoey G Guerreras Kpop Demon Hunter 1 Figura En Caja + Carta","published","fac762b8-889d-4f6d-bf1c-da9f06dab0d7","Genérica","","GENERIC_BRAND","","","","","0","0","GENERIC_BRAND_DETECTED","REQUIRES_VENDOR_ATTENTION","FALSE","El producto utiliza una marca genérica no permitida a vendedores (""Genérica"")."
"85e8fe81-1dca-46f0-bd8b-e196b25d0f3d","61a48094-7453-4b7f-9563-e51f184832f9","JorgiToys","Knull Venom King In Black Marvel Legends Hasbro","published","0df4aeab-c5e9-4d35-8a9b-e63f391d5a57","Hasbro","","VALID_BRAND","","","39af7eed-0ae2-4c7f-ac30-107d20957036","Marvel","0.95","0.9","TITLE_LICENSE_MATCH:Marvel;TITLE_MANUFACTURER_MATCH:Hasbro","AUTO_ASSIGN_LICENSE","FALSE","Marca/Fabricante válida y aprobada."
"d6ab26e6-7b0c-4706-8b38-115b268efcbd","61a48094-7453-4b7f-9563-e51f184832f9","JorgiToys","Foxy Five Nights At Freddy's Disfraz","published","","","","MISSING_BRAND","","","","","0","0","","REQUIRES_VENDOR_ATTENTION","FALSE","El producto no posee marca asignada (brand_id es NULL)."
"98ce17b4-40a6-4ba3-a1d5-f8a4305cb174","61a48094-7453-4b7f-9563-e51f184832f9","JorgiToys","Storm Forge Jubilee X-men Marvel Legends Hasbro","published","5f1f8d40-ec5c-4e95-9c55-7676bc9308b5","Marvel","","LICENSE_AS_BRAND","0df4aeab-c5e9-4d35-8a9b-e63f391d5a57","Hasbro","39af7eed-0ae2-4c7f-ac30-107d20957036","Marvel","0.88","0.95","CURRENT_BRAND_IS_LICENSE:Marvel;TITLE_MANUFACTURER_MATCH:Hasbro","MANUAL_REVIEW","FALSE","La marca actual (""Marvel"") es una Licencia/Franquicia y no el Fabricante del producto. | Fabricante sugerido: ""Hasbro""."
"88fb031b-4e46-4889-952d-71aa03076ad0","61a48094-7453-4b7f-9563-e51f184832f9","JorgiToys","Needler Halo Nerf Hasbro  Violeta","published","0df4aeab-c5e9-4d35-8a9b-e63f391d5a57","Hasbro","","VALID_BRAND","","","","","0.95","0","TITLE_MANUFACTURER_MATCH:Hasbro","KEEP","FALSE","Marca/Fabricante válida y aprobada."
"5de44788-296f-475f-a4de-e1380dd30ec0","61a48094-7453-4b7f-9563-e51f184832f9","JorgiToys","Tie-dye Springtrap Five Nights At Freddy's Funko","published","1cbd2abc-1508-40c4-8823-9806998979e3","Funko","","VALID_BRAND","","","","","0.95","0","TITLE_MANUFACTURER_MATCH:Funko","KEEP","FALSE","Marca/Fabricante válida y aprobada."
"59903a4b-81cf-4e0a-8ee1-f679f29e814e","61a48094-7453-4b7f-9563-e51f184832f9","JorgiToys","Vegeta Dragon Ball Super Evolve Bandai","published","35d99a48-df19-4d41-8f1e-944862b40f3e","Bandai","","VALID_BRAND","","","372f7dd6-f134-4a9e-a1cf-f82497ba6ed3","Dragon Ball","0.95","0.9","TITLE_LICENSE_MATCH:Dragon Ball;TITLE_MANUFACTURER_MATCH:Bandai","AUTO_ASSIGN_LICENSE","FALSE","Marca/Fabricante válida y aprobada."
"b0f0d888-b558-4ac0-b718-eeb9285b8249","61a48094-7453-4b7f-9563-e51f184832f9","JorgiToys","Cinderace Pokemon Moncolle Ex Takara Tomy Ms 35","published","b2d190fa-057b-44b8-868e-ced887d9e55a","TakaraTomy","","VALID_BRAND","","","","","0.95","0","TITLE_MANUFACTURER_MATCH:Takara Tomy","KEEP","FALSE","Marca/Fabricante válida y aprobada."
"4025c5e1-1cdc-4dc5-b680-9c36e2a99e6f","61a48094-7453-4b7f-9563-e51f184832f9","JorgiToys","Latias Pokemon Moncolle Ex Takara Tomy Ms 47","published","b2d190fa-057b-44b8-868e-ced887d9e55a","TakaraTomy","","VALID_BRAND","","","","","0.95","0","TITLE_MANUFACTURER_MATCH:Takara Tomy","KEEP","FALSE","Marca/Fabricante válida y aprobada."
"318d64de-3a57-4a54-adf0-16fa5cae0b0c","61a48094-7453-4b7f-9563-e51f184832f9","JorgiToys","Princesas Blancanieves Ariel Bella Aurora Set 8 Muñecas","published","fac762b8-889d-4f6d-bf1c-da9f06dab0d7","Genérica","","GENERIC_BRAND","","","","","0","0","GENERIC_BRAND_DETECTED","REQUIRES_VENDOR_ATTENTION","FALSE","El producto utiliza una marca genérica no permitida a vendedores (""Genérica"")."
"d7b40664-d202-45f9-9d30-12f2305a1efc","61a48094-7453-4b7f-9563-e51f184832f9","JorgiToys","Zeraora Pokemon Moncolle Ex Takara Tomy Ms 09","published","b2d190fa-057b-44b8-868e-ced887d9e55a","TakaraTomy","","VALID_BRAND","","","","","0.95","0","TITLE_MANUFACTURER_MATCH:Takara Tomy","KEEP","FALSE","Marca/Fabricante válida y aprobada."
"7f6f8fc0-7c53-46dd-87db-cc3262b21be5","61a48094-7453-4b7f-9563-e51f184832f9","JorgiToys","Cars Florida Speedway Mega Garage Disney Pixar Mattel Disney Pixar Cars 3 Florida Speedway Mega Garage","published","79352f1b-f900-4f8a-97dc-74649d3022d2","Disney","","LICENSE_AS_BRAND","ad42bb8f-2dee-4f99-b47a-85c1d029b528","Mattel","c948500a-b519-4843-82fd-a70f782c8571","Disney","0.88","0.95","CURRENT_BRAND_IS_LICENSE:Disney;TITLE_MANUFACTURER_MATCH:Mattel","MANUAL_REVIEW","FALSE","La marca actual (""Disney"") es una Licencia/Franquicia y no el Fabricante del producto. | Fabricante sugerido: ""Mattel""."
"02f24817-615e-479b-bf53-eb95c5046e34","61a48094-7453-4b7f-9563-e51f184832f9","JorgiToys","Cenicienta Cinderella Classic Doll Princesas Disney Store","published","79352f1b-f900-4f8a-97dc-74649d3022d2","Disney","","LICENSE_AS_BRAND","","","c948500a-b519-4843-82fd-a70f782c8571","Disney","0.4","0.95","CURRENT_BRAND_IS_LICENSE:Disney","MANUAL_REVIEW","FALSE","La marca actual (""Disney"") es una Licencia/Franquicia y no el Fabricante del producto. | No se detectó evidencia del fabricante real. Se requiere revisión manual sin inventar marca."
"ef11976e-28f0-4bee-ad5d-88e1cc869361","61a48094-7453-4b7f-9563-e51f184832f9","JorgiToys","Pokemon Moncolle Ex Blaziken Takara Tomy","published","b2d190fa-057b-44b8-868e-ced887d9e55a","TakaraTomy","","VALID_BRAND","","","","","0.95","0","TITLE_MANUFACTURER_MATCH:Takara Tomy","KEEP","FALSE","Marca/Fabricante válida y aprobada."
"cfdc85ee-e210-49fa-8ad2-8bb35d475376","61a48094-7453-4b7f-9563-e51f184832f9","JorgiToys","Luigi Red Mushrom Super Mario 10cm Wave 25 Nintendo Muñeco","published","79c769ff-c82f-4a74-82de-790b8c3ecf05","Jakks Pacific","","VALID_BRAND","","","","","0.95","0","","KEEP","FALSE","Marca/Fabricante válida y aprobada."
"620cd52d-6ecb-4b1a-85d9-31abcfeeaf65","61a48094-7453-4b7f-9563-e51f184832f9","JorgiToys","Carnage Spiderman Marvel Legends Hasbro Target Exclusive","published","0df4aeab-c5e9-4d35-8a9b-e63f391d5a57","Hasbro","","VALID_BRAND","","","39af7eed-0ae2-4c7f-ac30-107d20957036","Marvel","0.95","0.9","TITLE_LICENSE_MATCH:Marvel;TITLE_MANUFACTURER_MATCH:Hasbro","AUTO_ASSIGN_LICENSE","FALSE","Marca/Fabricante válida y aprobada."
"d419789a-c65a-4f36-b15a-45e79dba8026","61a48094-7453-4b7f-9563-e51f184832f9","JorgiToys","T-800 Police Station Assault Ultimate Terminator Neca","published","43edaabc-3910-45ab-b93d-857698fad50b","NECA","","VALID_BRAND","","","","","0.95","0","TITLE_MANUFACTURER_MATCH:NECA","KEEP","FALSE","Marca/Fabricante válida y aprobada."
"afe0758e-4057-4637-aa3d-cd0e1dd26977","61a48094-7453-4b7f-9563-e51f184832f9","JorgiToys","Figura Neca Ultimate - Chucky Tv Series","published","43edaabc-3910-45ab-b93d-857698fad50b","NECA","","VALID_BRAND","","","","","0.95","0","TITLE_MANUFACTURER_MATCH:NECA","KEEP","FALSE","Marca/Fabricante válida y aprobada."
"4a9f1478-073d-4d44-841e-35c91d79b832","61a48094-7453-4b7f-9563-e51f184832f9","JorgiToys","Indiana Jones Raiders Of The Lost Ark Adventure Series","published","0df4aeab-c5e9-4d35-8a9b-e63f391d5a57","Hasbro","","VALID_BRAND","","","","","0.95","0","","KEEP","FALSE","Marca/Fabricante válida y aprobada."
"30e9d881-b219-46fb-8717-19e7637e4d2a","61a48094-7453-4b7f-9563-e51f184832f9","JorgiToys","Raphael Tortugas Ninja Turtles Ultimates Wave1 Super7","published","28865b10-c492-4773-9810-270afa95b3d4","Super7","","VALID_BRAND","","","","","0.95","0","TITLE_MANUFACTURER_MATCH:Super7","KEEP","FALSE","Marca/Fabricante válida y aprobada."
"4d901718-a2c6-48cf-8fc8-7043613785b4","61a48094-7453-4b7f-9563-e51f184832f9","JorgiToys","Catwoman Batman Returns Living Dead Dolls Mezco","published","65e6db0a-f7cc-49e4-9d2e-2bac37eaf8da","Mezco Toyz","","VALID_BRAND","","","","","0.95","0","TITLE_MANUFACTURER_MATCH:Mezco Toyz","KEEP","FALSE","Marca/Fabricante válida y aprobada."
"d6d2e602-92d2-479a-96bf-3d2d32ba5c82","61a48094-7453-4b7f-9563-e51f184832f9","JorgiToys","Meteor Mega Man Rockman 66 Action Dash Vol.2 Bandai","published","35d99a48-df19-4d41-8f1e-944862b40f3e","Bandai","","VALID_BRAND","","","","","0.95","0","TITLE_MANUFACTURER_MATCH:Bandai","KEEP","FALSE","Marca/Fabricante válida y aprobada."
"eeb944ff-9c34-49fc-989f-7ae99e3f2be3","61a48094-7453-4b7f-9563-e51f184832f9","JorgiToys","Hal Nameless One Minecraft Dungeons Mattel Muñeco Figura","published","ad42bb8f-2dee-4f99-b47a-85c1d029b528","Mattel","","VALID_BRAND","","","4ad35ef9-fc3f-419c-92c2-0fa65949d736","Minecraft","0.95","0.9","TITLE_LICENSE_MATCH:Minecraft;TITLE_MANUFACTURER_MATCH:Mattel","AUTO_ASSIGN_LICENSE","FALSE","Marca/Fabricante válida y aprobada."
"aac7416b-97a2-4a23-88ce-2e2cd9284294","61a48094-7453-4b7f-9563-e51f184832f9","JorgiToys","Ahab Ultimate Predator Depredador Neca","published","7eefac69-1656-46b9-be3d-10bf3c4ff900","Predator","","AMBIGUOUS_BRAND","43edaabc-3910-45ab-b93d-857698fad50b","NECA","","","0.75","0","TITLE_MANUFACTURER_MATCH:NECA;TITLE_BRAND_CONTRADICTION","MANUAL_REVIEW","FALSE","Inconsistencia: La marca asignada es ""Predator"", pero el título/metadata sugiere ""NECA""."
"63263821-dbf1-4ac2-b865-b0796a9fe18f","61a48094-7453-4b7f-9563-e51f184832f9","JorgiToys","Huggy Wuggy Poppy Playtime Peluche 40cm Kissy Missy","published","fac762b8-889d-4f6d-bf1c-da9f06dab0d7","Genérica","","GENERIC_BRAND","","","","","0","0","GENERIC_BRAND_DETECTED","REQUIRES_VENDOR_ATTENTION","FALSE","El producto utiliza una marca genérica no permitida a vendedores (""Genérica"")."
"1865a0c7-7a97-4cd2-b96c-2eb58f2b4fec","61a48094-7453-4b7f-9563-e51f184832f9","JorgiToys","Naruto Bandana Aldea Niebla Negro Único","published","fac762b8-889d-4f6d-bf1c-da9f06dab0d7","Genérica","","GENERIC_BRAND","","","cf17945b-e570-4369-8b87-6e82bef9bfda","Naruto","0","0.9","TITLE_LICENSE_MATCH:Naruto;GENERIC_BRAND_DETECTED","REQUIRES_VENDOR_ATTENTION","FALSE","El producto utiliza una marca genérica no permitida a vendedores (""Genérica"")."
"40a0bc25-311b-4dff-a9d1-63772980612f","61a48094-7453-4b7f-9563-e51f184832f9","JorgiToys","Darth Vader Star Wars A New Hope Black Series Hasbro","published","805f40a4-b371-40ac-ba05-ee277b20dd27","Star Wars","","LICENSE_AS_BRAND","0df4aeab-c5e9-4d35-8a9b-e63f391d5a57","Hasbro","1d4ebf30-350d-4336-9058-90689b87700a","Star Wars","0.88","0.95","CURRENT_BRAND_IS_LICENSE:Star Wars;TITLE_MANUFACTURER_MATCH:Hasbro","MANUAL_REVIEW","FALSE","La marca actual (""Star Wars"") es una Licencia/Franquicia y no el Fabricante del producto. | Fabricante sugerido: ""Hasbro""."
"a59ab89c-7193-435e-a8c1-55f604426ec6","61a48094-7453-4b7f-9563-e51f184832f9","JorgiToys","Naruto Bandana Aldea Roca Renegado Negro Único","published","fac762b8-889d-4f6d-bf1c-da9f06dab0d7","Genérica","","GENERIC_BRAND","","","cf17945b-e570-4369-8b87-6e82bef9bfda","Naruto","0","0.9","TITLE_LICENSE_MATCH:Naruto;GENERIC_BRAND_DETECTED","REQUIRES_VENDOR_ATTENTION","FALSE","El producto utiliza una marca genérica no permitida a vendedores (""Genérica"")."
"0df2fb32-2110-4714-b9f6-f78cdf894d7f","61a48094-7453-4b7f-9563-e51f184832f9","JorgiToys","Chewbacca Star Wars A New Hope Figuarts Bandai","published","35d99a48-df19-4d41-8f1e-944862b40f3e","Bandai","","VALID_BRAND","","","1d4ebf30-350d-4336-9058-90689b87700a","Star Wars","0.95","0.9","TITLE_LICENSE_MATCH:Star Wars;TITLE_MANUFACTURER_MATCH:Bandai","AUTO_ASSIGN_LICENSE","FALSE","Marca/Fabricante válida y aprobada."
"1258a982-3330-4c8d-926c-09576512a1dc","61a48094-7453-4b7f-9563-e51f184832f9","JorgiToys","Coronation Starscream Transformers Studio Series 86-12","published","0df4aeab-c5e9-4d35-8a9b-e63f391d5a57","Hasbro","","VALID_BRAND","","","","","0.95","0","","KEEP","FALSE","Marca/Fabricante válida y aprobada."
"c8e3ae9e-ab44-4cbc-a9f9-1e8c82670c27","61a48094-7453-4b7f-9563-e51f184832f9","JorgiToys","Aurora Bella Durmiente Classic Doll Princesas Disney Store","published","79352f1b-f900-4f8a-97dc-74649d3022d2","Disney","","LICENSE_AS_BRAND","","","c948500a-b519-4843-82fd-a70f782c8571","Disney","0.4","0.95","CURRENT_BRAND_IS_LICENSE:Disney","MANUAL_REVIEW","FALSE","La marca actual (""Disney"") es una Licencia/Franquicia y no el Fabricante del producto. | No se detectó evidencia del fabricante real. Se requiere revisión manual sin inventar marca."
"835269bd-2310-4c95-89ce-517b986d8c43","61a48094-7453-4b7f-9563-e51f184832f9","JorgiToys","Megara Hercules Classic Doll Princesas Disney Store","published","79352f1b-f900-4f8a-97dc-74649d3022d2","Disney","","LICENSE_AS_BRAND","","","c948500a-b519-4843-82fd-a70f782c8571","Disney","0.4","0.95","CURRENT_BRAND_IS_LICENSE:Disney","MANUAL_REVIEW","FALSE","La marca actual (""Disney"") es una Licencia/Franquicia y no el Fabricante del producto. | No se detectó evidencia del fabricante real. Se requiere revisión manual sin inventar marca."
"21c35963-9b87-4f92-8187-3c55a008cbc8","61a48094-7453-4b7f-9563-e51f184832f9","JorgiToys","Poppolio Pokemon Moncolle Ex Takara Tomy Emc_03","published","b2d190fa-057b-44b8-868e-ced887d9e55a","TakaraTomy","","VALID_BRAND","","","","","0.95","0","TITLE_MANUFACTURER_MATCH:Takara Tomy","KEEP","FALSE","Marca/Fabricante válida y aprobada."
"373b350c-c7ba-4897-8237-518d5d39e43d","61a48094-7453-4b7f-9563-e51f184832f9","JorgiToys","Fisto He-man Motu Club Grayskull Filmation Super7 Muñeco","published","28865b10-c492-4773-9810-270afa95b3d4","Super7","","VALID_BRAND","","","","","0.95","0","TITLE_MANUFACTURER_MATCH:Super7","KEEP","FALSE","Marca/Fabricante válida y aprobada."
"2e2e924c-0cc6-4f82-82a2-66268ff2fef4","61a48094-7453-4b7f-9563-e51f184832f9","JorgiToys","Tyrant Resident Evil 10th A Nniversary Player Select Neca","published","43edaabc-3910-45ab-b93d-857698fad50b","NECA","","VALID_BRAND","","","","","0.95","0","TITLE_MANUFACTURER_MATCH:NECA","KEEP","FALSE","Marca/Fabricante válida y aprobada."
"e59d1dcd-3c1a-4211-a92c-f3dc849c13b3","61a48094-7453-4b7f-9563-e51f184832f9","JorgiToys","Two-face Batman The Animated Series Dc Collectibles 45","published","ad5d4bf0-769c-49ea-9d84-211a2fb33a68","DC Collectibles","","VALID_BRAND","","","8956afcb-0f0d-4be9-b26e-3d9ff47ebc1b","DC","0.95","0.9","TITLE_LICENSE_MATCH:DC","AUTO_ASSIGN_LICENSE","FALSE","Marca/Fabricante válida y aprobada."
"684298cf-9a22-4de0-83ae-5cfbff6aac4e","61a48094-7453-4b7f-9563-e51f184832f9","JorgiToys","The Boss Metal Gear Solid 3 Snake Eater Hot Toys Vgm14","published","15765f46-949b-485b-bb80-295065015942","Hot Toys","","VALID_BRAND","","","","","0.95","0","TITLE_MANUFACTURER_MATCH:Hot Toys","KEEP","FALSE","Marca/Fabricante válida y aprobada."
"80b304a8-1544-479f-9582-a117870f3686","61a48094-7453-4b7f-9563-e51f184832f9","JorgiToys","Shaman Ultimate Predator 2 Depredador Neca","published","43edaabc-3910-45ab-b93d-857698fad50b","NECA","","VALID_BRAND","","","","","0.95","0","TITLE_MANUFACTURER_MATCH:NECA","KEEP","FALSE","Marca/Fabricante válida y aprobada."
"4ca8b7b0-f5b8-4a93-8db9-10c4fb67b02d","61a48094-7453-4b7f-9563-e51f184832f9","JorgiToys","Ballora Five Nights At Freddy´s Sister Location Funko","published","1cbd2abc-1508-40c4-8823-9806998979e3","Funko","","VALID_BRAND","","","","","0.95","0","TITLE_MANUFACTURER_MATCH:Funko","KEEP","FALSE","Marca/Fabricante válida y aprobada."
"35715283-fc91-4ba1-b605-1d3a404bb0c9","61a48094-7453-4b7f-9563-e51f184832f9","JorgiToys","Dracula (open Mouth) Castlevania Series1 Player Select Neca","published","43edaabc-3910-45ab-b93d-857698fad50b","NECA","","VALID_BRAND","","","","","0.95","0","TITLE_MANUFACTURER_MATCH:NECA","KEEP","FALSE","Marca/Fabricante válida y aprobada."
"b4778739-2e18-4df3-aea7-2af07d308123","61a48094-7453-4b7f-9563-e51f184832f9","JorgiToys","Figura De Acción Neca Ultimate Miner De My Bloody Valentine Articulada Y Coleccionable","published","43edaabc-3910-45ab-b93d-857698fad50b","NECA","","VALID_BRAND","","","","","0.95","0","TITLE_MANUFACTURER_MATCH:NECA","KEEP","FALSE","Marca/Fabricante válida y aprobada."
"9d087f99-a1c5-417c-ab8f-47a3cbbc7ee9","61a48094-7453-4b7f-9563-e51f184832f9","JorgiToys","Sonic The Hedgehog 6cm Wave 8 Jakks Pacific","published","79c769ff-c82f-4a74-82de-790b8c3ecf05","Jakks Pacific","","VALID_BRAND","","","e0b9f1da-0b23-4007-905a-8c6ce242d445","Sonic","0.95","0.9","TITLE_LICENSE_MATCH:Sonic;TITLE_MANUFACTURER_MATCH:Jakks Pacific","AUTO_ASSIGN_LICENSE","FALSE","Marca/Fabricante válida y aprobada."
"ef3473a5-7966-4793-b475-1c2459eea90e","61a48094-7453-4b7f-9563-e51f184832f9","JorgiToys","Liberty Chica Five Nights Freddy´s Special Delivery Funko","published","1cbd2abc-1508-40c4-8823-9806998979e3","Funko","","VALID_BRAND","","","","","0.95","0","TITLE_MANUFACTURER_MATCH:Funko","KEEP","FALSE","Marca/Fabricante válida y aprobada."
"478b972d-fe8b-4536-8351-b37fcdb3c288","61a48094-7453-4b7f-9563-e51f184832f9","JorgiToys","Espio Sonic The Hedgehog 10cm Wave 9 Jakks Pacific","published","79c769ff-c82f-4a74-82de-790b8c3ecf05","Jakks Pacific","","VALID_BRAND","","","e0b9f1da-0b23-4007-905a-8c6ce242d445","Sonic","0.95","0.9","TITLE_LICENSE_MATCH:Sonic;TITLE_MANUFACTURER_MATCH:Jakks Pacific","AUTO_ASSIGN_LICENSE","FALSE","Marca/Fabricante válida y aprobada."
"7489aee0-1b60-4c1a-940f-3bb63f1d6c9c","61a48094-7453-4b7f-9563-e51f184832f9","JorgiToys","Miles Morales Spiderman Hot Toys Vgm46","published","5f1f8d40-ec5c-4e95-9c55-7676bc9308b5","Marvel","","LICENSE_AS_BRAND","15765f46-949b-485b-bb80-295065015942","Hot Toys","39af7eed-0ae2-4c7f-ac30-107d20957036","Marvel","0.88","0.95","CURRENT_BRAND_IS_LICENSE:Marvel;TITLE_MANUFACTURER_MATCH:Hot Toys","MANUAL_REVIEW","FALSE","La marca actual (""Marvel"") es una Licencia/Franquicia y no el Fabricante del producto. | Fabricante sugerido: ""Hot Toys""."
"c66995d7-dfb5-4225-b483-1c2ad6176e5c","61a48094-7453-4b7f-9563-e51f184832f9","JorgiToys","City Hunter Ultimate Predator 2 Depredador Neca","published","43edaabc-3910-45ab-b93d-857698fad50b","NECA","","VALID_BRAND","","","","","0.95","0","TITLE_MANUFACTURER_MATCH:NECA","KEEP","FALSE","Marca/Fabricante válida y aprobada."
"021d1c88-e164-42bc-a22a-6980fcd607f6","61a48094-7453-4b7f-9563-e51f184832f9","JorgiToys","Batman Justice League Animated Dc Collectibles","published","0df4aeab-c5e9-4d35-8a9b-e63f391d5a57","Hasbro","","VALID_BRAND","","","8956afcb-0f0d-4be9-b26e-3d9ff47ebc1b","DC","0.95","0.9","TITLE_LICENSE_MATCH:DC","AUTO_ASSIGN_LICENSE","FALSE","Marca/Fabricante válida y aprobada."
"9101a7e1-a8ee-4877-92a0-fcab1510665f","61a48094-7453-4b7f-9563-e51f184832f9","JorgiToys","Ki Adi Mundi Star Wars Black Series Hasbro","published","805f40a4-b371-40ac-ba05-ee277b20dd27","Star Wars","","LICENSE_AS_BRAND","0df4aeab-c5e9-4d35-8a9b-e63f391d5a57","Hasbro","1d4ebf30-350d-4336-9058-90689b87700a","Star Wars","0.88","0.95","CURRENT_BRAND_IS_LICENSE:Star Wars;TITLE_MANUFACTURER_MATCH:Hasbro","MANUAL_REVIEW","FALSE","La marca actual (""Star Wars"") es una Licencia/Franquicia y no el Fabricante del producto. | Fabricante sugerido: ""Hasbro""."
"9ec66aad-3697-4241-9771-a06be2253233","61a48094-7453-4b7f-9563-e51f184832f9","JorgiToys","Muckman & Joe Tortugas Ninja Turtles Ultimates Wave4 Super7","published","28865b10-c492-4773-9810-270afa95b3d4","Super7","","VALID_BRAND","","","","","0.95","0","TITLE_MANUFACTURER_MATCH:Super7","KEEP","FALSE","Marca/Fabricante válida y aprobada."
"4e60856c-dba0-41c7-9e97-fec867ee9ae5","61a48094-7453-4b7f-9563-e51f184832f9","JorgiToys","Plantas Vs Zombies 22 Figuras En Caja Caja 22pcs.","published","","","","MISSING_BRAND","","","","","0","0","","REQUIRES_VENDOR_ATTENTION","FALSE","El producto no posee marca asignada (brand_id es NULL)."
"6e1d2dee-123f-41f5-93cf-94c3f1d1f2d0","61a48094-7453-4b7f-9563-e51f184832f9","JorgiToys","Shadow Sonic The Hedgehog 10cm Wave 8 Jakks Pacific","published","4c557954-aa44-444a-96c8-f1c714d5847f","Jakks Pacific","","VALID_BRAND","","","e0b9f1da-0b23-4007-905a-8c6ce242d445","Sonic","0.95","0.9","TITLE_LICENSE_MATCH:Sonic;TITLE_MANUFACTURER_MATCH:Jakks Pacific","AUTO_ASSIGN_LICENSE","FALSE","Marca/Fabricante válida y aprobada."
"63f02c22-9788-46ca-9e07-fb798484c5e6","61a48094-7453-4b7f-9563-e51f184832f9","JorgiToys","Gcpd Gallery Rogues Batman The Animated Series Dc","published","","","","MISSING_BRAND","","","8956afcb-0f0d-4be9-b26e-3d9ff47ebc1b","DC","0","0.9","TITLE_LICENSE_MATCH:DC","REQUIRES_VENDOR_ATTENTION","FALSE","El producto no posee marca asignada (brand_id es NULL)."
"fca972e9-a993-48da-98fd-dee0034ffe0e","61a48094-7453-4b7f-9563-e51f184832f9","JorgiToys","Black Widow Marvel Legends Hasbro","published","0df4aeab-c5e9-4d35-8a9b-e63f391d5a57","Hasbro","","VALID_BRAND","","","39af7eed-0ae2-4c7f-ac30-107d20957036","Marvel","0.95","0.9","TITLE_LICENSE_MATCH:Marvel;TITLE_MANUFACTURER_MATCH:Hasbro","AUTO_ASSIGN_LICENSE","FALSE","Marca/Fabricante válida y aprobada."
"42c91b2c-df4e-4623-85bc-dc9ea0e11f89","61a48094-7453-4b7f-9563-e51f184832f9","JorgiToys","Sailor Mercury Sailor Moon Por S.h Figuarts","published","35d99a48-df19-4d41-8f1e-944862b40f3e","Bandai","","VALID_BRAND","","","","","0.95","0","","KEEP","FALSE","Marca/Fabricante válida y aprobada."
"7605adfd-c6d6-48c9-915b-6434075e87fa","61a48094-7453-4b7f-9563-e51f184832f9","JorgiToys","Bart Simpson Peluche 30cm Bart","published","","","","MISSING_BRAND","","","","","0","0","","REQUIRES_VENDOR_ATTENTION","FALSE","El producto no posee marca asignada (brand_id es NULL)."
"4fa8d214-45db-4676-a903-349b98a8337e","61a48094-7453-4b7f-9563-e51f184832f9","JorgiToys","Chao Sonic The Hedgehog 30th Anniversary 6cm Jakks Pacific","published","79c769ff-c82f-4a74-82de-790b8c3ecf05","Jakks Pacific","","VALID_BRAND","","","e0b9f1da-0b23-4007-905a-8c6ce242d445","Sonic","0.95","0.9","TITLE_LICENSE_MATCH:Sonic;TITLE_MANUFACTURER_MATCH:Jakks Pacific","AUTO_ASSIGN_LICENSE","FALSE","Marca/Fabricante válida y aprobada."
"ac4fef23-2883-452a-a868-d0a5b2b934c9","61a48094-7453-4b7f-9563-e51f184832f9","JorgiToys","Wonder Woman With Helmet Of Faith Dc Multiverse Mcfarlane","published","c2451c65-4354-4955-8afd-ad4bffecd26c","Mcfarlane","","VALID_BRAND","","","8956afcb-0f0d-4be9-b26e-3d9ff47ebc1b","DC","0.95","0.9","TITLE_LICENSE_MATCH:DC;TITLE_MANUFACTURER_MATCH:McFarlane Toys","AUTO_ASSIGN_LICENSE","FALSE","Marca/Fabricante válida y aprobada."
"5f1afb99-c281-4809-bca0-cefd4c8a52ce","61a48094-7453-4b7f-9563-e51f184832f9","JorgiToys","Marge Simpson Peluche 43cm Marge","published","","","","MISSING_BRAND","","","","","0","0","","REQUIRES_VENDOR_ATTENTION","FALSE","El producto no posee marca asignada (brand_id es NULL)."
"3af3cd69-7f06-4655-adc1-7dcf46f4b1e9","61a48094-7453-4b7f-9563-e51f184832f9","JorgiToys","America Chavez Multiverse Of Darkness Marvel Legends Rintrah","published","0df4aeab-c5e9-4d35-8a9b-e63f391d5a57","Hasbro","","VALID_BRAND","","","39af7eed-0ae2-4c7f-ac30-107d20957036","Marvel","0.95","0.9","TITLE_LICENSE_MATCH:Marvel;TITLE_MANUFACTURER_MATCH:Hasbro","AUTO_ASSIGN_LICENSE","FALSE","Marca/Fabricante válida y aprobada."
"6ade6c5d-8fc0-477f-afe3-b147b8636fe6","61a48094-7453-4b7f-9563-e51f184832f9","JorgiToys","Robin Batman Forever Hot Toys Mms594","published","15765f46-949b-485b-bb80-295065015942","Hot Toys","","VALID_BRAND","","","","","0.95","0","TITLE_MANUFACTURER_MATCH:Hot Toys","KEEP","FALSE","Marca/Fabricante válida y aprobada."
"34207ba0-df73-42fa-8550-19a662bcb85f","61a48094-7453-4b7f-9563-e51f184832f9","JorgiToys","He-man Prince Adam Motu Origins Mattel Sdcc2019","published","ad42bb8f-2dee-4f99-b47a-85c1d029b528","Mattel","","VALID_BRAND","","","","","0.95","0","TITLE_MANUFACTURER_MATCH:Mattel","KEEP","FALSE","Marca/Fabricante válida y aprobada."
"43ba3d3b-59ea-4717-8f34-028caf361732","61a48094-7453-4b7f-9563-e51f184832f9","JorgiToys","Hellfire Club Marvel Legends Hasbro","published","0df4aeab-c5e9-4d35-8a9b-e63f391d5a57","Hasbro","","VALID_BRAND","","","39af7eed-0ae2-4c7f-ac30-107d20957036","Marvel","0.95","0.9","TITLE_LICENSE_MATCH:Marvel;TITLE_MANUFACTURER_MATCH:Hasbro","AUTO_ASSIGN_LICENSE","FALSE","Marca/Fabricante válida y aprobada."
"6eff9005-5704-4ed6-8ccf-c820ad3c7a82","61a48094-7453-4b7f-9563-e51f184832f9","JorgiToys","Smiling Huggy Wuggy Poppy Playtime Phat Mojo","published","","","","MISSING_BRAND","","","","","0","0","","REQUIRES_VENDOR_ATTENTION","FALSE","El producto no posee marca asignada (brand_id es NULL)."
"ecc3f3e5-a14b-4bc0-b6de-4e9a4ad7d268","61a48094-7453-4b7f-9563-e51f184832f9","JorgiToys","Circus Chica Five Nights Freddy´s Funko","published","1cbd2abc-1508-40c4-8823-9806998979e3","Funko","","VALID_BRAND","","","","","0.95","0","TITLE_MANUFACTURER_MATCH:Funko","KEEP","FALSE","Marca/Fabricante válida y aprobada."
"87f0be20-5b82-4dd6-91e8-4fdf06eb248d","61a48094-7453-4b7f-9563-e51f184832f9","JorgiToys","Lanzaguisantes Peashooter Caracono Plantas Vs Zombies Caja","published","","","","MISSING_BRAND","","","","","0","0","","REQUIRES_VENDOR_ATTENTION","FALSE","El producto no posee marca asignada (brand_id es NULL)."
"abbfd6fd-eb2c-4722-982f-091e3a114587","61a48094-7453-4b7f-9563-e51f184832f9","JorgiToys","Batwoman Dc Multiverse Clayface Collect & Connect Mattel","published","ad42bb8f-2dee-4f99-b47a-85c1d029b528","Mattel","","VALID_BRAND","","","8956afcb-0f0d-4be9-b26e-3d9ff47ebc1b","DC","0.95","0.9","TITLE_LICENSE_MATCH:DC;TITLE_MANUFACTURER_MATCH:Mattel","AUTO_ASSIGN_LICENSE","FALSE","Marca/Fabricante válida y aprobada."
"fe59e603-a55f-4e3c-b929-f8fecb9faab6","61a48094-7453-4b7f-9563-e51f184832f9","JorgiToys","Book Of Boba Fett Tatooine Star Wars Vintage Deluxe Hasbro","published","805f40a4-b371-40ac-ba05-ee277b20dd27","Star Wars","","LICENSE_AS_BRAND","0df4aeab-c5e9-4d35-8a9b-e63f391d5a57","Hasbro","1d4ebf30-350d-4336-9058-90689b87700a","Star Wars","0.88","0.95","CURRENT_BRAND_IS_LICENSE:Star Wars;TITLE_MANUFACTURER_MATCH:Hasbro","MANUAL_REVIEW","FALSE","La marca actual (""Star Wars"") es una Licencia/Franquicia y no el Fabricante del producto. | Fabricante sugerido: ""Hasbro""."
"e6179c1b-80bd-4d54-bb44-eb28a45cbce5","61a48094-7453-4b7f-9563-e51f184832f9","JorgiToys","Bowser Super Mario World Of Nintendo Jakks Muñeco Figura","published","79c769ff-c82f-4a74-82de-790b8c3ecf05","Jakks Pacific","","VALID_BRAND","","","","","0.95","0","TITLE_MANUFACTURER_MATCH:Jakks Pacific","KEEP","FALSE","Marca/Fabricante válida y aprobada."
"96cc57f6-ae3e-4861-9a35-1c8883983a2a","61a48094-7453-4b7f-9563-e51f184832f9","JorgiToys","Figura Articulada Hudson 17.78cm Neca Gárgolas Coleccionable","published","43edaabc-3910-45ab-b93d-857698fad50b","NECA","","VALID_BRAND","","","","","0.95","0","TITLE_MANUFACTURER_MATCH:NECA","KEEP","FALSE","Marca/Fabricante válida y aprobada."
"f2c452db-604f-491f-aa8f-6fa3c80b229b","61a48094-7453-4b7f-9563-e51f184832f9","JorgiToys","Ahsoka Tano Mandalorian Star Wars Credit Collection","published","0df4aeab-c5e9-4d35-8a9b-e63f391d5a57","Hasbro","","VALID_BRAND","","","1d4ebf30-350d-4336-9058-90689b87700a","Star Wars","0.95","0.9","TITLE_LICENSE_MATCH:Star Wars","AUTO_ASSIGN_LICENSE","FALSE","Marca/Fabricante válida y aprobada."
"2fb3e880-5503-4132-bbb3-ec741c902f13","61a48094-7453-4b7f-9563-e51f184832f9","JorgiToys","Bane Batman The Animated Series Dc Collectibles 46","published","ad5d4bf0-769c-49ea-9d84-211a2fb33a68","DC Collectibles","","VALID_BRAND","","","8956afcb-0f0d-4be9-b26e-3d9ff47ebc1b","DC","0.95","0.9","TITLE_LICENSE_MATCH:DC","AUTO_ASSIGN_LICENSE","FALSE","Marca/Fabricante válida y aprobada."
"fd2453b6-43c4-4004-b8e4-a4dc0217fdb7","61a48094-7453-4b7f-9563-e51f184832f9","JorgiToys","Asuka Langley Evangelion 3.0 Rah Medicom Toy 640","published","4945c990-250a-4647-85c1-cf9b376f51ba","Medicom","","VALID_BRAND","","","","","0.95","0","","KEEP","FALSE","Marca/Fabricante válida y aprobada."
"ca0fa203-61c1-4376-a748-87788d5ac9e9","61a48094-7453-4b7f-9563-e51f184832f9","JorgiToys","Saint Seiya Petit Chara Land Vol.2 Megahouse","published","170aeded-2764-4a37-8c35-a67cf941f1d4","Megahouse","","VALID_BRAND","","","","","0.95","0","","KEEP","FALSE","Marca/Fabricante válida y aprobada."
"5340d8df-b736-4e18-90ce-8e0511b39cec","61a48094-7453-4b7f-9563-e51f184832f9","JorgiToys","Slash Tortugas Ninja Turtles Ultimates Wave5 Super7","published","28865b10-c492-4773-9810-270afa95b3d4","Super7","","VALID_BRAND","","","","","0.95","0","TITLE_MANUFACTURER_MATCH:Super7","KEEP","FALSE","Marca/Fabricante válida y aprobada."
"11560518-cafe-4302-b297-edec56e075b4","61a48094-7453-4b7f-9563-e51f184832f9","JorgiToys","Slash Tortugas Ninja Turtles Playmates Mutant Module","published","944a8649-47e9-47cc-bfcb-5320ea5a1adb","Playmates Toys","","VALID_BRAND","","","","","0.95","0","","KEEP","FALSE","Marca/Fabricante válida y aprobada."
"3ccb47a4-b776-44ac-a1b6-d4487a4b6f48","61a48094-7453-4b7f-9563-e51f184832f9","JorgiToys","Moon Five Nights At Freddy's Funko Peluche 30cm Moon","published","1cbd2abc-1508-40c4-8823-9806998979e3","Funko","","VALID_BRAND","","","","","0.95","0","TITLE_MANUFACTURER_MATCH:Funko","KEEP","FALSE","Marca/Fabricante válida y aprobada."
"6e4fdde5-2fe5-4607-8e50-5340ccdf1392","61a48094-7453-4b7f-9563-e51f184832f9","JorgiToys","Boba Fett The Mandalorian Star Wars Credit Collection Hasbro","published","0df4aeab-c5e9-4d35-8a9b-e63f391d5a57","Hasbro","","VALID_BRAND","","","1d4ebf30-350d-4336-9058-90689b87700a","Star Wars","0.95","0.9","TITLE_LICENSE_MATCH:Star Wars;TITLE_MANUFACTURER_MATCH:Hasbro","AUTO_ASSIGN_LICENSE","FALSE","Marca/Fabricante válida y aprobada."
"5fa8fa4d-0d66-4b32-988a-b044aa8eda68","61a48094-7453-4b7f-9563-e51f184832f9","JorgiToys","Nutcracker Foxy Five Nights At Freddy's Funko","published","1cbd2abc-1508-40c4-8823-9806998979e3","Funko","","VALID_BRAND","","","","","0.95","0","TITLE_MANUFACTURER_MATCH:Funko","KEEP","FALSE","Marca/Fabricante válida y aprobada."
"206b8333-b6aa-4088-8c9d-07a010397c7d","61a48094-7453-4b7f-9563-e51f184832f9","JorgiToys","Figura De Acción Neca Gárgolas Thailog Articulada Coleccionable De 19 Cm","published","43edaabc-3910-45ab-b93d-857698fad50b","NECA","","VALID_BRAND","","","","","0.95","0","TITLE_MANUFACTURER_MATCH:NECA","KEEP","FALSE","Marca/Fabricante válida y aprobada."
"35e42ea2-cb2d-496c-ab3d-90189aaef329","61a48094-7453-4b7f-9563-e51f184832f9","JorgiToys","Heihachi Mishima Tekken 7 Storm Collectibles","published","ee0b5937-d3db-4038-9ddb-e6ad2fced6a2","Storm Collectibles","","VALID_BRAND","","","","","0.95","0","","KEEP","FALSE","Marca/Fabricante válida y aprobada."
"ded13982-1377-4ac9-b685-55a093e29d3a","61a48094-7453-4b7f-9563-e51f184832f9","JorgiToys","Livewire Freddy Five Nights Freddy´s Special Delivery Funko","published","1cbd2abc-1508-40c4-8823-9806998979e3","Funko","","VALID_BRAND","","","","","0.95","0","TITLE_MANUFACTURER_MATCH:Funko","KEEP","FALSE","Marca/Fabricante válida y aprobada."
"f2cebec3-6452-4461-9e38-310865f77d98","61a48094-7453-4b7f-9563-e51f184832f9","JorgiToys","Gengar Pokemon Moncolle Ex Takara Tomy Ms 26","published","b2d190fa-057b-44b8-868e-ced887d9e55a","TakaraTomy","","VALID_BRAND","","","","","0.95","0","TITLE_MANUFACTURER_MATCH:Takara Tomy","KEEP","FALSE","Marca/Fabricante válida y aprobada."
"fb02525e-b35b-487b-9eb6-faf9f4b6e383","61a48094-7453-4b7f-9563-e51f184832f9","JorgiToys","Slash Tortugas Ninja Turtles Archie Comics Neca","published","43edaabc-3910-45ab-b93d-857698fad50b","NECA","","VALID_BRAND","","","","","0.95","0","TITLE_MANUFACTURER_MATCH:NECA","KEEP","FALSE","Marca/Fabricante válida y aprobada."
"3ad52a67-1424-478b-9ea3-15bffe701ee4","61a48094-7453-4b7f-9563-e51f184832f9","JorgiToys","Crabmeat Sonic The Hedgehog 6cm Wave 6 Jakks","published","79c769ff-c82f-4a74-82de-790b8c3ecf05","Jakks Pacific","","VALID_BRAND","","","e0b9f1da-0b23-4007-905a-8c6ce242d445","Sonic","0.95","0.9","TITLE_LICENSE_MATCH:Sonic;TITLE_MANUFACTURER_MATCH:Jakks Pacific","AUTO_ASSIGN_LICENSE","FALSE","Marca/Fabricante válida y aprobada."
"bb2e1c2d-38a2-4dc0-8484-2ed5d86d21d9","61a48094-7453-4b7f-9563-e51f184832f9","JorgiToys","Mr. Freeze Batman The Animated Series Dc Collectibles 48","published","ad5d4bf0-769c-49ea-9d84-211a2fb33a68","DC Collectibles","","VALID_BRAND","","","8956afcb-0f0d-4be9-b26e-3d9ff47ebc1b","DC","0.95","0.9","TITLE_LICENSE_MATCH:DC","AUTO_ASSIGN_LICENSE","FALSE","Marca/Fabricante válida y aprobada."
"8a24cd21-7289-427a-9019-3b80e69b67f0","61a48094-7453-4b7f-9563-e51f184832f9","JorgiToys","Cenicienta Princesas Disney Baby Bebe Disfraz Disguise Cenicienta Baby 6-12meses","published","4fc219c0-46af-4370-9676-6aeef1f35062","Disguise","","VALID_BRAND","","","c948500a-b519-4843-82fd-a70f782c8571","Disney","0.95","0.9","TITLE_LICENSE_MATCH:Disney","AUTO_ASSIGN_LICENSE","FALSE","Marca/Fabricante válida y aprobada."
"d1c24cfb-d887-4ead-9bd4-0a70baa135be","61a48094-7453-4b7f-9563-e51f184832f9","JorgiToys","Snake Ultimate Predator 2 Depredador Neca","published","43edaabc-3910-45ab-b93d-857698fad50b","NECA","","VALID_BRAND","","","","","0.95","0","TITLE_MANUFACTURER_MATCH:NECA","KEEP","FALSE","Marca/Fabricante válida y aprobada."
"82f21cc9-fd5c-4709-8791-46daa4fb97ed","61a48094-7453-4b7f-9563-e51f184832f9","JorgiToys","Michelangelo Tortugas Ninja Movie Star Playmates","published","944a8649-47e9-47cc-bfcb-5320ea5a1adb","Playmates Toys","","VALID_BRAND","","","","","0.95","0","","KEEP","FALSE","Marca/Fabricante válida y aprobada."
"3ac8e6ab-3412-49b5-971d-45afcf20ccbd","61a48094-7453-4b7f-9563-e51f184832f9","JorgiToys","Guts Black Swordsman Ver. Figma 120","published","3cceef72-7927-4b1f-90fb-de4d61fd5792","Figma","","VALID_BRAND","","","","","0.95","0","","KEEP","FALSE","Marca/Fabricante válida y aprobada."
"b2376bbc-1e0c-41bf-bf92-0b91389efd56","61a48094-7453-4b7f-9563-e51f184832f9","JorgiToys","Super Sonic The Hedgehog Knuckles Tails 10cm Jakks Pacific","published","4c557954-aa44-444a-96c8-f1c714d5847f","Jakks Pacific","","VALID_BRAND","","","e0b9f1da-0b23-4007-905a-8c6ce242d445","Sonic","0.95","0.9","TITLE_LICENSE_MATCH:Sonic;TITLE_MANUFACTURER_MATCH:Jakks Pacific","AUTO_ASSIGN_LICENSE","FALSE","Marca/Fabricante válida y aprobada."
"5e4b42cf-4dc5-4549-ae23-1c81b63860b3","61a48094-7453-4b7f-9563-e51f184832f9","JorgiToys","Ariel La Sirenita Classic Doll Princesas Disney Store","published","79352f1b-f900-4f8a-97dc-74649d3022d2","Disney","","LICENSE_AS_BRAND","","","c948500a-b519-4843-82fd-a70f782c8571","Disney","0.4","0.95","CURRENT_BRAND_IS_LICENSE:Disney","MANUAL_REVIEW","FALSE","La marca actual (""Disney"") es una Licencia/Franquicia y no el Fabricante del producto. | No se detectó evidencia del fabricante real. Se requiere revisión manual sin inventar marca."
"6617ea67-1bd1-44cf-a18c-511d246a35c3","61a48094-7453-4b7f-9563-e51f184832f9","JorgiToys","Splinter Tortugas Ninja Turtles Ultimates Wave1 Super7","published","28865b10-c492-4773-9810-270afa95b3d4","Super7","","VALID_BRAND","","","","","0.95","0","TITLE_MANUFACTURER_MATCH:Super7","KEEP","FALSE","Marca/Fabricante válida y aprobada."
"c5561a57-4546-4a36-a312-ba775597f614","61a48094-7453-4b7f-9563-e51f184832f9","JorgiToys","Super Shredder Tortugas Ninja Movie Star Playmates","published","944a8649-47e9-47cc-bfcb-5320ea5a1adb","Playmates Toys","","VALID_BRAND","","","","","0.95","0","","KEEP","FALSE","Marca/Fabricante válida y aprobada."
"36fb575c-cdba-4e9e-ab5d-99e2b9d2bc8e","61a48094-7453-4b7f-9563-e51f184832f9","JorgiToys","Red Skull What If Marvel Legends Khonshu Baf","published","0df4aeab-c5e9-4d35-8a9b-e63f391d5a57","Hasbro","","VALID_BRAND","","","39af7eed-0ae2-4c7f-ac30-107d20957036","Marvel","0.95","0.9","TITLE_LICENSE_MATCH:Marvel;TITLE_MANUFACTURER_MATCH:Hasbro","AUTO_ASSIGN_LICENSE","FALSE","Marca/Fabricante válida y aprobada."
"331fef7b-7597-4086-aa47-0d3492baebda","61a48094-7453-4b7f-9563-e51f184832f9","JorgiToys","Springtrap Freddy Five Nights At Freddy´s Snaps Funko","published","1cbd2abc-1508-40c4-8823-9806998979e3","Funko","","VALID_BRAND","","","","","0.95","0","TITLE_MANUFACTURER_MATCH:Funko","KEEP","FALSE","Marca/Fabricante válida y aprobada."
"f2520869-e6c4-41f7-981a-7c3d245b7814","61a48094-7453-4b7f-9563-e51f184832f9","JorgiToys","Goku Ultra Instinto Plata Dragon Ball Super Evolve Bandai","published","35d99a48-df19-4d41-8f1e-944862b40f3e","Bandai","","VALID_BRAND","","","372f7dd6-f134-4a9e-a1cf-f82497ba6ed3","Dragon Ball","0.95","0.9","TITLE_LICENSE_MATCH:Dragon Ball;TITLE_MANUFACTURER_MATCH:Bandai","AUTO_ASSIGN_LICENSE","FALSE","Marca/Fabricante válida y aprobada."
"325ca717-4c72-4af1-931c-225c67c9f11a","61a48094-7453-4b7f-9563-e51f184832f9","JorgiToys","Saint Seiya Petit Chara Land Vol.1 Megahouse","published","170aeded-2764-4a37-8c35-a67cf941f1d4","Megahouse","","VALID_BRAND","","","","","0.95","0","","KEEP","FALSE","Marca/Fabricante válida y aprobada."
"1c60539f-b885-47e2-8aa9-4e7d7f22aedf","61a48094-7453-4b7f-9563-e51f184832f9","JorgiToys","Funko Snaps Five Nightsat At Freddys Springtrap And Freddy","published","1cbd2abc-1508-40c4-8823-9806998979e3","Funko","","VALID_BRAND","","","","","0.95","0","TITLE_MANUFACTURER_MATCH:Funko","KEEP","FALSE","Marca/Fabricante válida y aprobada."
"8a9fdd69-79f2-43a1-9d68-235b2f643117","61a48094-7453-4b7f-9563-e51f184832f9","JorgiToys","Glamrock Freddy Five Nights Freddy´s Security Breach Funko","published","1cbd2abc-1508-40c4-8823-9806998979e3","Funko","","VALID_BRAND","","","","","0.95","0","TITLE_MANUFACTURER_MATCH:Funko","KEEP","FALSE","Marca/Fabricante válida y aprobada."
"30b61bc5-b249-4c88-b861-d54b1de4da16","61a48094-7453-4b7f-9563-e51f184832f9","JorgiToys","Jack O Bonnie Five Nights At Freddy´s Curse Dreadbear Funko","published","1cbd2abc-1508-40c4-8823-9806998979e3","Funko","","VALID_BRAND","","","","","0.95","0","TITLE_MANUFACTURER_MATCH:Funko","KEEP","FALSE","Marca/Fabricante válida y aprobada."
"906efff6-bd52-4a5f-99b2-7ac88bf1fa2b","61a48094-7453-4b7f-9563-e51f184832f9","JorgiToys","Red Skull What If Marvel Legends Khonshu Baf","published","0df4aeab-c5e9-4d35-8a9b-e63f391d5a57","Hasbro","","VALID_BRAND","","","39af7eed-0ae2-4c7f-ac30-107d20957036","Marvel","0.95","0.9","TITLE_LICENSE_MATCH:Marvel;TITLE_MANUFACTURER_MATCH:Hasbro","AUTO_ASSIGN_LICENSE","FALSE","Marca/Fabricante válida y aprobada."
"ba6cf45a-b106-45be-aebf-2aa82fbcbc41","61a48094-7453-4b7f-9563-e51f184832f9","JorgiToys","Raphael Tortugas Ninja Turtles Classic Playmates","published","944a8649-47e9-47cc-bfcb-5320ea5a1adb","Playmates Toys","","VALID_BRAND","","","","","0.95","0","","KEEP","FALSE","Marca/Fabricante válida y aprobada."
"74482bd0-5b78-45b0-964b-0fa96f39279c","61a48094-7453-4b7f-9563-e51f184832f9","JorgiToys","Party Wagon Tortugas Ninja Turtles Playmates","published","944a8649-47e9-47cc-bfcb-5320ea5a1adb","Playmates Toys","","VALID_BRAND","","","","","0.95","0","","KEEP","FALSE","Marca/Fabricante válida y aprobada."
"15063535-0249-4da0-9d6d-fdfc3b3e102e","61a48094-7453-4b7f-9563-e51f184832f9","JorgiToys","Samus Aran Zero Suit Ver. Metroid Other M Figma 306","published","3cceef72-7927-4b1f-90fb-de4d61fd5792","Figma","","VALID_BRAND","","","","","0.95","0","","KEEP","FALSE","Marca/Fabricante válida y aprobada."
"1d3d9692-7138-4d3b-9795-8172694925ca","61a48094-7453-4b7f-9563-e51f184832f9","JorgiToys","Harley Quinn Batman The Adventures Continue Dc Collectibles","published","ad5d4bf0-769c-49ea-9d84-211a2fb33a68","DC Collectibles","","VALID_BRAND","","","8956afcb-0f0d-4be9-b26e-3d9ff47ebc1b","DC","0.95","0.9","TITLE_LICENSE_MATCH:DC","AUTO_ASSIGN_LICENSE","FALSE","Marca/Fabricante válida y aprobada."
"a09e70b5-a1ff-469c-9984-c00aeb0aef65","61a48094-7453-4b7f-9563-e51f184832f9","JorgiToys","Sorceress He-man Motu Club Grayskull Filmation Super7 Muñeco","published","28865b10-c492-4773-9810-270afa95b3d4","Super7","","VALID_BRAND","","","","","0.95","0","TITLE_MANUFACTURER_MATCH:Super7","KEEP","FALSE","Marca/Fabricante válida y aprobada."
"bae0e7d4-2496-44a9-87ee-f149bcbe2af3","61a48094-7453-4b7f-9563-e51f184832f9","JorgiToys","Wonder Woman 84 Golden Armor Hot Toys Mms578 Deluxe Version","published","15765f46-949b-485b-bb80-295065015942","Hot Toys","","VALID_BRAND","","","","","0.95","0","TITLE_MANUFACTURER_MATCH:Hot Toys","KEEP","FALSE","Marca/Fabricante válida y aprobada."
"c3897ee8-458e-41e5-ac82-ddcb3fe4e793","61a48094-7453-4b7f-9563-e51f184832f9","JorgiToys","The Legend Of Zelda A Link Between Worlds Figma Ex-032","published","9ddf0ef1-d0ee-4618-8309-ee3c58905bb8","Figma","","VALID_BRAND","","","05d7532c-9826-4c56-b1cb-6fabc62e3531","Zelda","0.95","0.9","TITLE_LICENSE_MATCH:Zelda","AUTO_ASSIGN_LICENSE","FALSE","Marca/Fabricante válida y aprobada."
"928049b6-6f48-4332-a352-b69e62884e55","61a48094-7453-4b7f-9563-e51f184832f9","JorgiToys","Homer Simpson Peluche 43cm Homer","published","","","","MISSING_BRAND","","","","","0","0","","REQUIRES_VENDOR_ATTENTION","FALSE","El producto no posee marca asignada (brand_id es NULL)."
"18955d5d-ca10-42a0-acd3-79aa00133d24","61a48094-7453-4b7f-9563-e51f184832f9","JorgiToys","Amazing Spiderman No Way Home Andrew Garfield Marvel Legends","published","5f1f8d40-ec5c-4e95-9c55-7676bc9308b5","Marvel","","LICENSE_AS_BRAND","0df4aeab-c5e9-4d35-8a9b-e63f391d5a57","Hasbro","39af7eed-0ae2-4c7f-ac30-107d20957036","Marvel","0.88","0.95","CURRENT_BRAND_IS_LICENSE:Marvel;TITLE_MANUFACTURER_MATCH:Hasbro","MANUAL_REVIEW","FALSE","La marca actual (""Marvel"") es una Licencia/Franquicia y no el Fabricante del producto. | Fabricante sugerido: ""Hasbro""."
"28f83ff2-d534-489f-bc84-7fd7c4a638b3","61a48094-7453-4b7f-9563-e51f184832f9","JorgiToys","Piccolo Dragon Ball Super Evolve Bandai","published","35d99a48-df19-4d41-8f1e-944862b40f3e","Bandai","","VALID_BRAND","","","372f7dd6-f134-4a9e-a1cf-f82497ba6ed3","Dragon Ball","0.95","0.9","TITLE_LICENSE_MATCH:Dragon Ball;TITLE_MANUFACTURER_MATCH:Bandai","AUTO_ASSIGN_LICENSE","FALSE","Marca/Fabricante válida y aprobada."
"051325fd-9b70-41c7-811d-7b57f326bb70","61a48094-7453-4b7f-9563-e51f184832f9","JorgiToys","Brooklyn Ultimate Gargoyles Disney Neca","published","79352f1b-f900-4f8a-97dc-74649d3022d2","Disney","","LICENSE_AS_BRAND","43edaabc-3910-45ab-b93d-857698fad50b","NECA","c948500a-b519-4843-82fd-a70f782c8571","Disney","0.88","0.95","CURRENT_BRAND_IS_LICENSE:Disney;TITLE_MANUFACTURER_MATCH:NECA","MANUAL_REVIEW","FALSE","La marca actual (""Disney"") es una Licencia/Franquicia y no el Fabricante del producto. | Fabricante sugerido: ""NECA""."
"c957b382-e464-4868-a921-69b2507df8a4","61a48094-7453-4b7f-9563-e51f184832f9","JorgiToys","Cars 6 Mini Autitos Vehículos Metal A Fricción Autos Surtidos","published","79352f1b-f900-4f8a-97dc-74649d3022d2","Disney","","LICENSE_AS_BRAND","","","c948500a-b519-4843-82fd-a70f782c8571","Disney","0.4","0.95","CURRENT_BRAND_IS_LICENSE:Disney","MANUAL_REVIEW","FALSE","La marca actual (""Disney"") es una Licencia/Franquicia y no el Fabricante del producto. | No se detectó evidencia del fabricante real. Se requiere revisión manual sin inventar marca."
"7ba97245-49e8-4829-8f28-7ca8212e575d","61a48094-7453-4b7f-9563-e51f184832f9","JorgiToys","Shiny Umbreon Eevee Pokemon Center Peluche 20cm Shiny Umbreon","published","b2d190fa-057b-44b8-868e-ced887d9e55a","TakaraTomy","","VALID_BRAND","","","","","0.95","0","","KEEP","FALSE","Marca/Fabricante válida y aprobada."
"5607fdad-f53f-4357-bec8-e833dbb13fa3","61a48094-7453-4b7f-9563-e51f184832f9","JorgiToys","Ryu Street Fighter V Figuarts Bandai","published","35d99a48-df19-4d41-8f1e-944862b40f3e","Bandai","","VALID_BRAND","","","","","0.95","0","TITLE_MANUFACTURER_MATCH:Bandai","KEEP","FALSE","Marca/Fabricante válida y aprobada."
"29a26c65-f83e-4f0a-9907-01ad6ef83a5e","61a48094-7453-4b7f-9563-e51f184832f9","JorgiToys","Venusaur Pokemon Moncolle Ex Takara Tomy Ms 14","published","b2d190fa-057b-44b8-868e-ced887d9e55a","TakaraTomy","","VALID_BRAND","","","","","0.95","0","TITLE_MANUFACTURER_MATCH:Takara Tomy","KEEP","FALSE","Marca/Fabricante válida y aprobada."
"95e2437c-dd06-46d7-aa06-9781f98a3612","61a48094-7453-4b7f-9563-e51f184832f9","JorgiToys","Miles Morales Spiderman 2 Gamerverse Marvel Legends Hasbro","published","0df4aeab-c5e9-4d35-8a9b-e63f391d5a57","Hasbro","","VALID_BRAND","","","39af7eed-0ae2-4c7f-ac30-107d20957036","Marvel","0.95","0.9","TITLE_LICENSE_MATCH:Marvel;TITLE_MANUFACTURER_MATCH:Hasbro","AUTO_ASSIGN_LICENSE","FALSE","Marca/Fabricante válida y aprobada."
"e7c5e3ed-9c2a-4d17-ae97-84a5e75a66e8","61a48094-7453-4b7f-9563-e51f184832f9","JorgiToys","Freddy Five Nights At Freddy´s Funko 34cm","published","1cbd2abc-1508-40c4-8823-9806998979e3","Funko","","VALID_BRAND","","","","","0.95","0","TITLE_MANUFACTURER_MATCH:Funko","KEEP","FALSE","Marca/Fabricante válida y aprobada."
"ec93c60b-ed5b-40b1-9639-32ea9738eb45","61a48094-7453-4b7f-9563-e51f184832f9","JorgiToys","Peter Venkman The Real Ghostbusters Kenner Classics Hasbro","published","0df4aeab-c5e9-4d35-8a9b-e63f391d5a57","Hasbro","","VALID_BRAND","","","","","0.95","0","TITLE_MANUFACTURER_MATCH:Hasbro","KEEP","FALSE","Marca/Fabricante válida y aprobada."
"c13ee1c0-529f-4a58-b48f-b4320edde176","61a48094-7453-4b7f-9563-e51f184832f9","JorgiToys","Ahsoka Tano Star Wars Rebels Black Series Hasbro","published","0df4aeab-c5e9-4d35-8a9b-e63f391d5a57","Hasbro","","VALID_BRAND","","","1d4ebf30-350d-4336-9058-90689b87700a","Star Wars","0.95","0.9","TITLE_LICENSE_MATCH:Star Wars;TITLE_MANUFACTURER_MATCH:Hasbro","AUTO_ASSIGN_LICENSE","FALSE","Marca/Fabricante válida y aprobada."
"1e4ffdd1-1530-4434-a29b-08e21ab9ac49","61a48094-7453-4b7f-9563-e51f184832f9","JorgiToys","Zoey Guerreras Kpop Demon Hunter 1 Figura En Caja + Carta","published","fac762b8-889d-4f6d-bf1c-da9f06dab0d7","Genérica","","GENERIC_BRAND","","","","","0","0","GENERIC_BRAND_DETECTED","REQUIRES_VENDOR_ATTENTION","FALSE","El producto utiliza una marca genérica no permitida a vendedores (""Genérica"")."
"6bc74585-bd9f-4e96-8a80-d57183edeb0b","61a48094-7453-4b7f-9563-e51f184832f9","JorgiToys","Kpop Demon Hunters Rumi Mira Zoey Set 10 Muñecos Pop","published","fac762b8-889d-4f6d-bf1c-da9f06dab0d7","Genérica","","GENERIC_BRAND","","","","","0","0","GENERIC_BRAND_DETECTED","REQUIRES_VENDOR_ATTENTION","FALSE","El producto utiliza una marca genérica no permitida a vendedores (""Genérica"")."
"a3d5a0aa-bddc-43c4-9d3f-d4c48b306f42","61a48094-7453-4b7f-9563-e51f184832f9","JorgiToys","Pegasus Seiya V3 Genealogical Gold Saint Cloth Myth Bandai","published","35d99a48-df19-4d41-8f1e-944862b40f3e","Bandai","","VALID_BRAND","","","","","0.95","0","TITLE_MANUFACTURER_MATCH:Bandai","KEEP","FALSE","Marca/Fabricante válida y aprobada."
"42aa714c-e1ac-4734-b820-71a81bf17675","61a48094-7453-4b7f-9563-e51f184832f9","JorgiToys","Lightning Final Fantasy 13 Square Enix Play Arts Kai","published","9476b914-5aa8-457a-8850-f318212d9cd2","Square Enix","","VALID_BRAND","","","","","0.95","0","","KEEP","FALSE","Marca/Fabricante válida y aprobada."
"780b2ca7-2eff-4f98-bc8a-956206c21051","61a48094-7453-4b7f-9563-e51f184832f9","JorgiToys","Indominus Rex Camouflage Battle Jurassic World Dino Trackers","published","ad42bb8f-2dee-4f99-b47a-85c1d029b528","Mattel","","VALID_BRAND","","","","","0.95","0","","KEEP","FALSE","Marca/Fabricante válida y aprobada."
"3dfaa7db-e346-483c-8cf9-f7b7323955b8","61a48094-7453-4b7f-9563-e51f184832f9","JorgiToys","Five Nights At Freddy´s Curse Of Dreadbear Funko","published","1cbd2abc-1508-40c4-8823-9806998979e3","Funko","","VALID_BRAND","","","","","0.95","0","TITLE_MANUFACTURER_MATCH:Funko","KEEP","FALSE","Marca/Fabricante válida y aprobada."
"e875d2d1-55af-44e8-88ca-16f9646ac0f5","61a48094-7453-4b7f-9563-e51f184832f9","JorgiToys","Rapunzel Eugene Tangled Wedding Doll Princesas Disney","published","79352f1b-f900-4f8a-97dc-74649d3022d2","Disney","","LICENSE_AS_BRAND","","","c948500a-b519-4843-82fd-a70f782c8571","Disney","0.4","0.95","CURRENT_BRAND_IS_LICENSE:Disney","MANUAL_REVIEW","FALSE","La marca actual (""Disney"") es una Licencia/Franquicia y no el Fabricante del producto. | No se detectó evidencia del fabricante real. Se requiere revisión manual sin inventar marca."
"fb7e98d5-8149-48db-b8e5-50316abc7fb9","61a48094-7453-4b7f-9563-e51f184832f9","JorgiToys","Cars Mack Taller Pintura Móvil Rayo Mcqueen Cambia Color Multicolor","published","79352f1b-f900-4f8a-97dc-74649d3022d2","Disney","","LICENSE_AS_BRAND","","","c948500a-b519-4843-82fd-a70f782c8571","Disney","0.4","0.95","CURRENT_BRAND_IS_LICENSE:Disney","MANUAL_REVIEW","FALSE","La marca actual (""Disney"") es una Licencia/Franquicia y no el Fabricante del producto. | No se detectó evidencia del fabricante real. Se requiere revisión manual sin inventar marca."
"15ba6e82-6227-48c4-9c03-13af82d09e51","61a48094-7453-4b7f-9563-e51f184832f9","JorgiToys","Huggy Wuggy Poppy Playtime Peluche 40cm Luz Y Sonido","published","fac762b8-889d-4f6d-bf1c-da9f06dab0d7","Genérica","","GENERIC_BRAND","","","","","0","0","GENERIC_BRAND_DETECTED","REQUIRES_VENDOR_ATTENTION","FALSE","El producto utiliza una marca genérica no permitida a vendedores (""Genérica"")."
"3d074881-80a8-4853-9107-3839f03432b1","61a48094-7453-4b7f-9563-e51f184832f9","JorgiToys","Uzumaki Naruto Shippuden Best Selection Figuarts Bandai","published","35d99a48-df19-4d41-8f1e-944862b40f3e","Bandai","","VALID_BRAND","","","cf17945b-e570-4369-8b87-6e82bef9bfda","Naruto","0.95","0.9","TITLE_LICENSE_MATCH:Naruto;TITLE_MANUFACTURER_MATCH:Bandai","AUTO_ASSIGN_LICENSE","FALSE","Marca/Fabricante válida y aprobada."
"3842c9ab-c19a-4ace-9952-0d4b49dc8294","61a48094-7453-4b7f-9563-e51f184832f9","JorgiToys","Elsa Frozen Classic Doll Princesas Disney Store","published","79352f1b-f900-4f8a-97dc-74649d3022d2","Disney","","LICENSE_AS_BRAND","","","c948500a-b519-4843-82fd-a70f782c8571","Disney","0.4","0.95","CURRENT_BRAND_IS_LICENSE:Disney","MANUAL_REVIEW","FALSE","La marca actual (""Disney"") es una Licencia/Franquicia y no el Fabricante del producto. | No se detectó evidencia del fabricante real. Se requiere revisión manual sin inventar marca."
"fc681790-a848-4fd9-8181-887978b2f15b","61a48094-7453-4b7f-9563-e51f184832f9","JorgiToys"," Spiderman No Way Home Tobey Maguire Marvel Legends Hasbro","published","5f1f8d40-ec5c-4e95-9c55-7676bc9308b5","Marvel","","LICENSE_AS_BRAND","0df4aeab-c5e9-4d35-8a9b-e63f391d5a57","Hasbro","39af7eed-0ae2-4c7f-ac30-107d20957036","Marvel","0.88","0.95","CURRENT_BRAND_IS_LICENSE:Marvel;TITLE_MANUFACTURER_MATCH:Hasbro","MANUAL_REVIEW","FALSE","La marca actual (""Marvel"") es una Licencia/Franquicia y no el Fabricante del producto. | Fabricante sugerido: ""Hasbro""."
"2ec86965-0976-41b4-9042-ecea5637ee61","61a48094-7453-4b7f-9563-e51f184832f9","JorgiToys","Robin Wonder Boy Batman Forever Dc Hot Toys","published","15765f46-949b-485b-bb80-295065015942","Hot Toys","","VALID_BRAND","","","8956afcb-0f0d-4be9-b26e-3d9ff47ebc1b","DC","0.95","0.9","TITLE_LICENSE_MATCH:DC;TITLE_MANUFACTURER_MATCH:Hot Toys","AUTO_ASSIGN_LICENSE","FALSE","Marca/Fabricante válida y aprobada."
"e7736a18-03aa-4a3c-9cdd-2e68704066dc","61a48094-7453-4b7f-9563-e51f184832f9","JorgiToys","Zombi Deportista Rugby All Star Plantas Vs Zombies","published","","","","MISSING_BRAND","","","","","0","0","","REQUIRES_VENDOR_ATTENTION","FALSE","El producto no posee marca asignada (brand_id es NULL)."
"c468b12c-3e95-429a-90d7-f31c38587c8c","61a48094-7453-4b7f-9563-e51f184832f9","JorgiToys","Bonnie Five Nights At Freddy´s Funko 34cm","published","1cbd2abc-1508-40c4-8823-9806998979e3","Funko","","VALID_BRAND","","","","","0.95","0","TITLE_MANUFACTURER_MATCH:Funko","KEEP","FALSE","Marca/Fabricante válida y aprobada."
"0c229970-b67a-4fe4-922e-f07b5aec486f","61a48094-7453-4b7f-9563-e51f184832f9","JorgiToys","Funko Five Nights At Freddys Tie Dye Springtrap Figura Origi","published","1cbd2abc-1508-40c4-8823-9806998979e3","Funko","","VALID_BRAND","","","","","0.95","0","TITLE_MANUFACTURER_MATCH:Funko","KEEP","FALSE","Marca/Fabricante válida y aprobada."
"d453d5dc-2b70-4fcd-93ec-c3a6d3c977c6","61a48094-7453-4b7f-9563-e51f184832f9","JorgiToys","Child's Play 2 Mds Mega Scale Talking Menacing Chucky Mezco","published","","","","MISSING_BRAND","ef678a1b-2cec-4df6-9b95-e37c3c390dd5","Mezco Toyz","","","0.88","0","TITLE_MANUFACTURER_MATCH:Mezco Toyz","MANUAL_REVIEW","FALSE","El producto no posee marca asignada (brand_id es NULL). | Fabricante sugerido: ""Mezco Toyz""."
"fe5589a8-63e5-4ab2-bb06-ebecf8ee8f57","61a48094-7453-4b7f-9563-e51f184832f9","JorgiToys","Cars Showtime Story Pack Disney Pixar Mattel 4 Pack Showtime Story Pack","published","ad42bb8f-2dee-4f99-b47a-85c1d029b528","Mattel","","VALID_BRAND","","","c948500a-b519-4843-82fd-a70f782c8571","Disney","0.95","0.9","TITLE_LICENSE_MATCH:Disney;TITLE_MANUFACTURER_MATCH:Mattel","AUTO_ASSIGN_LICENSE","FALSE","Marca/Fabricante válida y aprobada."
"6e786c9f-a5e1-4c50-99c8-d444d734ffa3","61a48094-7453-4b7f-9563-e51f184832f9","JorgiToys","Cyborg Spiderman Across Spider-verse Marvel Legends","published","0df4aeab-c5e9-4d35-8a9b-e63f391d5a57","Hasbro","","VALID_BRAND","","","39af7eed-0ae2-4c7f-ac30-107d20957036","Marvel","0.95","0.9","TITLE_LICENSE_MATCH:Marvel;TITLE_MANUFACTURER_MATCH:Hasbro","AUTO_ASSIGN_LICENSE","FALSE","Marca/Fabricante válida y aprobada."
"8a29c179-538e-486b-aff0-09b3f6172028","61a48094-7453-4b7f-9563-e51f184832f9","JorgiToys","Moon Five Nights Freddy´s Security Breach Funko","published","1cbd2abc-1508-40c4-8823-9806998979e3","Funko","","VALID_BRAND","","","","","0.95","0","TITLE_MANUFACTURER_MATCH:Funko","KEEP","FALSE","Marca/Fabricante válida y aprobada."
"ae47e67d-f77a-4cec-a043-3421681346f8","61a48094-7453-4b7f-9563-e51f184832f9","JorgiToys","Figura De Acción Deadpool Marvel Legends Para Coleccionar","published","0df4aeab-c5e9-4d35-8a9b-e63f391d5a57","Hasbro","","VALID_BRAND","","","39af7eed-0ae2-4c7f-ac30-107d20957036","Marvel","0.95","0.9","TITLE_LICENSE_MATCH:Marvel;TITLE_MANUFACTURER_MATCH:Hasbro","AUTO_ASSIGN_LICENSE","FALSE","Marca/Fabricante válida y aprobada."
"cbba2bb6-11ae-4ebe-b920-ecb47990b333","61a48094-7453-4b7f-9563-e51f184832f9","JorgiToys","Cyborg Spiderman Across Spider-verse Marvel Legends","published","0df4aeab-c5e9-4d35-8a9b-e63f391d5a57","Hasbro","","VALID_BRAND","","","39af7eed-0ae2-4c7f-ac30-107d20957036","Marvel","0.95","0.9","TITLE_LICENSE_MATCH:Marvel;TITLE_MANUFACTURER_MATCH:Hasbro","AUTO_ASSIGN_LICENSE","FALSE","Marca/Fabricante válida y aprobada."
"bf9fb1bd-695d-475a-b6df-b70ab50dcfee","61a48094-7453-4b7f-9563-e51f184832f9","JorgiToys","Zombie Iron Man What If Marvel Legends Khonshu Baf Hasbro","published","0df4aeab-c5e9-4d35-8a9b-e63f391d5a57","Hasbro","","VALID_BRAND","","","39af7eed-0ae2-4c7f-ac30-107d20957036","Marvel","0.95","0.9","TITLE_LICENSE_MATCH:Marvel;TITLE_MANUFACTURER_MATCH:Hasbro","AUTO_ASSIGN_LICENSE","FALSE","Marca/Fabricante válida y aprobada."
"03eea0fc-8d09-4b23-9067-6def8b9f6080","61a48094-7453-4b7f-9563-e51f184832f9","JorgiToys","Professor X With Hover Chair X-men Marvel Legends Hasbro","published","0df4aeab-c5e9-4d35-8a9b-e63f391d5a57","Hasbro","","VALID_BRAND","","","39af7eed-0ae2-4c7f-ac30-107d20957036","Marvel","0.95","0.9","TITLE_LICENSE_MATCH:Marvel;TITLE_MANUFACTURER_MATCH:Hasbro","AUTO_ASSIGN_LICENSE","FALSE","Marca/Fabricante válida y aprobada."
"5a5c949e-0b3d-478d-8890-0a42a10a88db","61a48094-7453-4b7f-9563-e51f184832f9","JorgiToys","Mystique X-men Marvel Legends Hasbro","published","0df4aeab-c5e9-4d35-8a9b-e63f391d5a57","Hasbro","","VALID_BRAND","","","39af7eed-0ae2-4c7f-ac30-107d20957036","Marvel","0.95","0.9","TITLE_LICENSE_MATCH:Marvel;TITLE_MANUFACTURER_MATCH:Hasbro","AUTO_ASSIGN_LICENSE","FALSE","Marca/Fabricante válida y aprobada."
"d04a82f3-2988-43de-a3e8-a4b751740d8f","61a48094-7453-4b7f-9563-e51f184832f9","JorgiToys","Sandman Spiderman Marvel Legends Hasbro","published","0df4aeab-c5e9-4d35-8a9b-e63f391d5a57","Hasbro","","VALID_BRAND","","","39af7eed-0ae2-4c7f-ac30-107d20957036","Marvel","0.95","0.9","TITLE_LICENSE_MATCH:Marvel;TITLE_MANUFACTURER_MATCH:Hasbro","AUTO_ASSIGN_LICENSE","FALSE","Marca/Fabricante válida y aprobada."
"16d7f0c8-0f96-430d-b2f3-68ce4ef4ee59","61a48094-7453-4b7f-9563-e51f184832f9","JorgiToys","Siegfried Dubhe Alpha Saint Cloth Myth Ex Bandai","published","35d99a48-df19-4d41-8f1e-944862b40f3e","Bandai","","VALID_BRAND","","","","","0.95","0","TITLE_MANUFACTURER_MATCH:Bandai","KEEP","FALSE","Marca/Fabricante válida y aprobada."
"b58947cb-0b0e-414a-8914-c7a87142d411","61a48094-7453-4b7f-9563-e51f184832f9","JorgiToys","Orville Five Nights At Freddy´s Glow In The Dark Funko","published","1cbd2abc-1508-40c4-8823-9806998979e3","Funko","","VALID_BRAND","","","","","0.95","0","TITLE_MANUFACTURER_MATCH:Funko","KEEP","FALSE","Marca/Fabricante válida y aprobada."
"2647bec2-2656-4830-bb09-18ebeaa50b3f","61a48094-7453-4b7f-9563-e51f184832f9","JorgiToys","Hobgoblin Spiderman Marvel Legends Hasbro","published","0df4aeab-c5e9-4d35-8a9b-e63f391d5a57","Hasbro","","VALID_BRAND","","","39af7eed-0ae2-4c7f-ac30-107d20957036","Marvel","0.95","0.9","TITLE_LICENSE_MATCH:Marvel;TITLE_MANUFACTURER_MATCH:Hasbro","AUTO_ASSIGN_LICENSE","FALSE","Marca/Fabricante válida y aprobada."
"69285278-913b-4d79-9fc9-8ed6fbb102a5","61a48094-7453-4b7f-9563-e51f184832f9","JorgiToys","Esmeralda Jorobado Notre Dame Classic Doll Princesas Disney","published","79352f1b-f900-4f8a-97dc-74649d3022d2","Disney","","LICENSE_AS_BRAND","","","c948500a-b519-4843-82fd-a70f782c8571","Disney","0.4","0.95","CURRENT_BRAND_IS_LICENSE:Disney","MANUAL_REVIEW","FALSE","La marca actual (""Disney"") es una Licencia/Franquicia y no el Fabricante del producto. | No se detectó evidencia del fabricante real. Se requiere revisión manual sin inventar marca."
"ccb7320e-057c-4233-b911-39090fd43682","61a48094-7453-4b7f-9563-e51f184832f9","JorgiToys","Cars Mini Racers Pista Launch & Criss Cross Disney Mattel Launch Criss-cross Glow In The Dark Playset","published","79352f1b-f900-4f8a-97dc-74649d3022d2","Disney","","LICENSE_AS_BRAND","ad42bb8f-2dee-4f99-b47a-85c1d029b528","Mattel","c948500a-b519-4843-82fd-a70f782c8571","Disney","0.88","0.95","CURRENT_BRAND_IS_LICENSE:Disney;TITLE_MANUFACTURER_MATCH:Mattel","MANUAL_REVIEW","FALSE","La marca actual (""Disney"") es una Licencia/Franquicia y no el Fabricante del producto. | Fabricante sugerido: ""Mattel""."
"3520cf22-d794-47cc-bdbd-d24d97d0bd67","61a48094-7453-4b7f-9563-e51f184832f9","JorgiToys","Grand Pope Saint Cloth Myth Bandai","published","35d99a48-df19-4d41-8f1e-944862b40f3e","Bandai","","VALID_BRAND","","","","","0.95","0","TITLE_MANUFACTURER_MATCH:Bandai","KEEP","FALSE","Marca/Fabricante válida y aprobada."
"9f20972d-06a6-4f03-9d31-3d8e4cd5ea9a","61a48094-7453-4b7f-9563-e51f184832f9","JorgiToys","Shiny Rayquaza Pokemon Center Peluche 75cm Shiny Rayquaza","published","b2d190fa-057b-44b8-868e-ced887d9e55a","TakaraTomy","","VALID_BRAND","","","","","0.95","0","","KEEP","FALSE","Marca/Fabricante válida y aprobada."
"6a17354a-da8b-4ce3-b3b7-b422f52866ff","61a48094-7453-4b7f-9563-e51f184832f9","JorgiToys","Arctic Ballora Five Nights Freddy's Special Delivery Funko","published","1cbd2abc-1508-40c4-8823-9806998979e3","Funko","","VALID_BRAND","","","","","0.95","0","TITLE_MANUFACTURER_MATCH:Funko","KEEP","FALSE","Marca/Fabricante válida y aprobada."
"aa0933e4-786a-402e-8b6d-9a51618e1bfb","61a48094-7453-4b7f-9563-e51f184832f9","JorgiToys","Huggy Wuggy Poppy Playtime Vhs Bundle Peluche Phat Mojo","published","","","","MISSING_BRAND","","","","","0","0","","REQUIRES_VENDOR_ATTENTION","FALSE","El producto no posee marca asignada (brand_id es NULL)."
"aed60190-cad8-46fd-a313-855fa4879802","61a48094-7453-4b7f-9563-e51f184832f9","JorgiToys","Ig-11  Mandalorian Star Wars Credit Collection","published","0df4aeab-c5e9-4d35-8a9b-e63f391d5a57","Hasbro","","VALID_BRAND","","","1d4ebf30-350d-4336-9058-90689b87700a","Star Wars","0.95","0.9","TITLE_LICENSE_MATCH:Star Wars","AUTO_ASSIGN_LICENSE","FALSE","Marca/Fabricante válida y aprobada."
"6d3ca400-cb2d-4781-b8dc-f91f5c9d2401","61a48094-7453-4b7f-9563-e51f184832f9","JorgiToys","Figura Mafex Cyborg Superman","published","e1d2b33e-7a12-4ffc-bf5a-8dfb4e59d603","Mafex","","VALID_BRAND","","","","","0.95","0","","KEEP","FALSE","Marca/Fabricante válida y aprobada."
"e9f11310-a6a2-4f0a-b957-2cf16692a613","61a48094-7453-4b7f-9563-e51f184832f9","JorgiToys","Sky Sho Saint Cloth Myth Bandai","published","35d99a48-df19-4d41-8f1e-944862b40f3e","Bandai","","VALID_BRAND","","","","","0.95","0","TITLE_MANUFACTURER_MATCH:Bandai","KEEP","FALSE","Marca/Fabricante válida y aprobada."
"c7bf48ab-1ce3-49a4-adaf-dc3e957721a8","61a48094-7453-4b7f-9563-e51f184832f9","JorgiToys","Armored David Xanatos Ultimate Gargoyles Disney Neca","published","79352f1b-f900-4f8a-97dc-74649d3022d2","Disney","","LICENSE_AS_BRAND","43edaabc-3910-45ab-b93d-857698fad50b","NECA","c948500a-b519-4843-82fd-a70f782c8571","Disney","0.88","0.95","CURRENT_BRAND_IS_LICENSE:Disney;TITLE_MANUFACTURER_MATCH:NECA","MANUAL_REVIEW","FALSE","La marca actual (""Disney"") es una Licencia/Franquicia y no el Fabricante del producto. | Fabricante sugerido: ""NECA""."
"70d683c0-f3ff-4268-9a72-020670decfea","61a48094-7453-4b7f-9563-e51f184832f9","JorgiToys","Yord Fandar The Acolyte Star Wars Black Series Hasbro","published","805f40a4-b371-40ac-ba05-ee277b20dd27","Star Wars","","LICENSE_AS_BRAND","0df4aeab-c5e9-4d35-8a9b-e63f391d5a57","Hasbro","1d4ebf30-350d-4336-9058-90689b87700a","Star Wars","0.88","0.95","CURRENT_BRAND_IS_LICENSE:Star Wars;TITLE_MANUFACTURER_MATCH:Hasbro","MANUAL_REVIEW","FALSE","La marca actual (""Star Wars"") es una Licencia/Franquicia y no el Fabricante del producto. | Fabricante sugerido: ""Hasbro""."
"57796bc0-1552-4af0-a1d6-33e2c94e2b74","61a48094-7453-4b7f-9563-e51f184832f9","JorgiToys","Captain Carter Stealth Suit What If Marvel Legends Hasbro","published","0df4aeab-c5e9-4d35-8a9b-e63f391d5a57","Hasbro","","VALID_BRAND","","","39af7eed-0ae2-4c7f-ac30-107d20957036","Marvel","0.95","0.9","TITLE_LICENSE_MATCH:Marvel;TITLE_MANUFACTURER_MATCH:Hasbro","AUTO_ASSIGN_LICENSE","FALSE","Marca/Fabricante válida y aprobada."
"94409aed-cc08-4dc0-ac92-1bcdff6a4d8a","61a48094-7453-4b7f-9563-e51f184832f9","JorgiToys","Iron Man Proton Cannon Marvel Legends Hasbro","published","0df4aeab-c5e9-4d35-8a9b-e63f391d5a57","Hasbro","","VALID_BRAND","","","39af7eed-0ae2-4c7f-ac30-107d20957036","Marvel","0.95","0.9","TITLE_LICENSE_MATCH:Marvel;TITLE_MANUFACTURER_MATCH:Hasbro","AUTO_ASSIGN_LICENSE","FALSE","Marca/Fabricante válida y aprobada."
"32ea63a8-5811-4809-ac8f-6b2dcae9c8b4","61a48094-7453-4b7f-9563-e51f184832f9","JorgiToys","Bonnie Five Nights At Freddy´s Funko 34cm","published","1cbd2abc-1508-40c4-8823-9806998979e3","Funko","","VALID_BRAND","","","","","0.95","0","TITLE_MANUFACTURER_MATCH:Funko","KEEP","FALSE","Marca/Fabricante válida y aprobada."
"ef347659-7585-4200-a3a7-5ac6e14a0b30","61a48094-7453-4b7f-9563-e51f184832f9","JorgiToys","Psylocke Nimrod Fantomex X-men Marvel Legends Hasbro","published","0df4aeab-c5e9-4d35-8a9b-e63f391d5a57","Hasbro","","VALID_BRAND","","","39af7eed-0ae2-4c7f-ac30-107d20957036","Marvel","0.95","0.9","TITLE_LICENSE_MATCH:Marvel;TITLE_MANUFACTURER_MATCH:Hasbro","AUTO_ASSIGN_LICENSE","FALSE","Marca/Fabricante válida y aprobada."
"60e7e533-e215-4542-b94c-3f29e46d4256","61a48094-7453-4b7f-9563-e51f184832f9","JorgiToys","Hex Full Metal Armor Battle Chest Minecraft Dungeons Mattel","published","ad42bb8f-2dee-4f99-b47a-85c1d029b528","Mattel","","VALID_BRAND","","","4ad35ef9-fc3f-419c-92c2-0fa65949d736","Minecraft","0.95","0.9","TITLE_LICENSE_MATCH:Minecraft;TITLE_MANUFACTURER_MATCH:Mattel","AUTO_ASSIGN_LICENSE","FALSE","Marca/Fabricante válida y aprobada."
"1e63a0f2-ad4b-4dd2-853f-7340a19704d8","61a48094-7453-4b7f-9563-e51f184832f9","JorgiToys","Upgraded Suit Spiderman No Way Home Marvel Legends Hasbro","published","0df4aeab-c5e9-4d35-8a9b-e63f391d5a57","Hasbro","","VALID_BRAND","","","39af7eed-0ae2-4c7f-ac30-107d20957036","Marvel","0.95","0.9","TITLE_LICENSE_MATCH:Marvel;TITLE_MANUFACTURER_MATCH:Hasbro","AUTO_ASSIGN_LICENSE","FALSE","Marca/Fabricante válida y aprobada."
"c25e1cee-502e-43c1-86b1-b3830e81585b","61a48094-7453-4b7f-9563-e51f184832f9","JorgiToys","Baloo Talespin Disney Afternoon Funko","published","1cbd2abc-1508-40c4-8823-9806998979e3","Funko","","VALID_BRAND","","","c948500a-b519-4843-82fd-a70f782c8571","Disney","0.95","0.9","TITLE_LICENSE_MATCH:Disney;TITLE_MANUFACTURER_MATCH:Funko","AUTO_ASSIGN_LICENSE","FALSE","Marca/Fabricante válida y aprobada."
"271cb0f5-eddf-4dca-81da-ce55823ca557","61a48094-7453-4b7f-9563-e51f184832f9","JorgiToys","Vanny Freddy Five Nights At Freddy´s Snaps Funko","published","1cbd2abc-1508-40c4-8823-9806998979e3","Funko","","VALID_BRAND","","","","","0.95","0","TITLE_MANUFACTURER_MATCH:Funko","KEEP","FALSE","Marca/Fabricante válida y aprobada."
"becaf7df-daf1-492d-bb00-c97ef92defd0","61a48094-7453-4b7f-9563-e51f184832f9","JorgiToys","Cars Mini Racers Pista Radiator Springs Spin Out Disney Radiador Springs / Rayo Mcqueen","published","79352f1b-f900-4f8a-97dc-74649d3022d2","Disney","","LICENSE_AS_BRAND","","","c948500a-b519-4843-82fd-a70f782c8571","Disney","0.4","0.95","CURRENT_BRAND_IS_LICENSE:Disney","MANUAL_REVIEW","FALSE","La marca actual (""Disney"") es una Licencia/Franquicia y no el Fabricante del producto. | No se detectó evidencia del fabricante real. Se requiere revisión manual sin inventar marca."
"1b633f38-826b-4743-b649-38fc21620f44","61a48094-7453-4b7f-9563-e51f184832f9","JorgiToys","Pandora Box Vol.4 Saint Cloth Myth Appendix Bandai","published","35d99a48-df19-4d41-8f1e-944862b40f3e","Bandai","","VALID_BRAND","","","","","0.95","0","TITLE_MANUFACTURER_MATCH:Bandai","KEEP","FALSE","Marca/Fabricante válida y aprobada."
"85f9dd71-a2da-49e2-9749-a18229fa7b27","61a48094-7453-4b7f-9563-e51f184832f9","JorgiToys","Simba Timón Pumba Lion King Rey León Disney Storytellers","published","79352f1b-f900-4f8a-97dc-74649d3022d2","Disney","","LICENSE_AS_BRAND","","","c948500a-b519-4843-82fd-a70f782c8571","Disney","0.4","0.95","CURRENT_BRAND_IS_LICENSE:Disney","MANUAL_REVIEW","FALSE","La marca actual (""Disney"") es una Licencia/Franquicia y no el Fabricante del producto. | No se detectó evidencia del fabricante real. Se requiere revisión manual sin inventar marca."
"13ae351a-f3ac-43bc-a21e-6bac7eb60cc0","61a48094-7453-4b7f-9563-e51f184832f9","JorgiToys","Venom Spiderman Marvel Legends 85 Years Walmart Exclusive","published","0df4aeab-c5e9-4d35-8a9b-e63f391d5a57","Hasbro","","VALID_BRAND","","","39af7eed-0ae2-4c7f-ac30-107d20957036","Marvel","0.95","0.9","TITLE_LICENSE_MATCH:Marvel;TITLE_MANUFACTURER_MATCH:Hasbro","AUTO_ASSIGN_LICENSE","FALSE","Marca/Fabricante válida y aprobada."
"67f83f88-c537-4198-94a6-b01dbcb9c775","61a48094-7453-4b7f-9563-e51f184832f9","JorgiToys","Foxy Five Nights At Freddy's Peluche Rojo","published","","","","MISSING_BRAND","","","","","0","0","","REQUIRES_VENDOR_ATTENTION","FALSE","El producto no posee marca asignada (brand_id es NULL)."
"15910422-94a0-4071-8740-0b20e03f2872","61a48094-7453-4b7f-9563-e51f184832f9","JorgiToys","Jigsaw Super Villains Marvel Legends Hasbro","published","0df4aeab-c5e9-4d35-8a9b-e63f391d5a57","Hasbro","","VALID_BRAND","","","39af7eed-0ae2-4c7f-ac30-107d20957036","Marvel","0.95","0.9","TITLE_LICENSE_MATCH:Marvel;TITLE_MANUFACTURER_MATCH:Hasbro","AUTO_ASSIGN_LICENSE","FALSE","Marca/Fabricante válida y aprobada."
"f00e9855-e725-4163-8a1a-717478fc6d16","61a48094-7453-4b7f-9563-e51f184832f9","JorgiToys","Cyborg The Return Of Superman Mafex Medicom No.164","published","e1d2b33e-7a12-4ffc-bf5a-8dfb4e59d603","Mafex","","VALID_BRAND","","","","","0.95","0","","KEEP","FALSE","Marca/Fabricante válida y aprobada."
"7b84d971-4ea9-4bbc-90ce-49e03ec3957e","61a48094-7453-4b7f-9563-e51f184832f9","JorgiToys","Thailog Ultimate Gargoyles Disney Neca","published","79352f1b-f900-4f8a-97dc-74649d3022d2","Disney","","LICENSE_AS_BRAND","43edaabc-3910-45ab-b93d-857698fad50b","NECA","c948500a-b519-4843-82fd-a70f782c8571","Disney","0.88","0.95","CURRENT_BRAND_IS_LICENSE:Disney;TITLE_MANUFACTURER_MATCH:NECA","MANUAL_REVIEW","FALSE","La marca actual (""Disney"") es una Licencia/Franquicia y no el Fabricante del producto. | Fabricante sugerido: ""NECA""."
"d41e5f77-f99a-4d94-9ea3-1da4faa2fe83","61a48094-7453-4b7f-9563-e51f184832f9","JorgiToys","Kang Marvel Legends Joe Fixit Baf Hasbro","published","0df4aeab-c5e9-4d35-8a9b-e63f391d5a57","Hasbro","","VALID_BRAND","","","39af7eed-0ae2-4c7f-ac30-107d20957036","Marvel","0.95","0.9","TITLE_LICENSE_MATCH:Marvel;TITLE_MANUFACTURER_MATCH:Hasbro","AUTO_ASSIGN_LICENSE","FALSE","Marca/Fabricante válida y aprobada."
"dc7a21cb-d78f-4571-a43d-d644ac329b46","61a48094-7453-4b7f-9563-e51f184832f9","JorgiToys","Pegasus Seiya V3 Saint Cloth Myth Bandai","published","35d99a48-df19-4d41-8f1e-944862b40f3e","Bandai","","VALID_BRAND","","","","","0.95","0","TITLE_MANUFACTURER_MATCH:Bandai","KEEP","FALSE","Marca/Fabricante válida y aprobada."
"21fc9437-7eee-4382-9fcb-516a1f06c239","61a48094-7453-4b7f-9563-e51f184832f9","JorgiToys","Figura De Acción Articulada Eggrobo 10 Cm Sonic The Hedgehog","published","","","","MISSING_BRAND","","","e0b9f1da-0b23-4007-905a-8c6ce242d445","Sonic","0","0.9","TITLE_LICENSE_MATCH:Sonic","REQUIRES_VENDOR_ATTENTION","FALSE","El producto no posee marca asignada (brand_id es NULL)."
"c2938ddf-dc4b-4076-b579-64e005450cc2","61a48094-7453-4b7f-9563-e51f184832f9","JorgiToys","Magneto X-men Age Of Apocalypse Marvel Legends Hasbro","published","0df4aeab-c5e9-4d35-8a9b-e63f391d5a57","Hasbro","","VALID_BRAND","","","39af7eed-0ae2-4c7f-ac30-107d20957036","Marvel","0.95","0.9","TITLE_LICENSE_MATCH:Marvel;TITLE_MANUFACTURER_MATCH:Hasbro","AUTO_ASSIGN_LICENSE","FALSE","Marca/Fabricante válida y aprobada."
"10548859-d6f9-437c-a3dd-fb576bc54a35","61a48094-7453-4b7f-9563-e51f184832f9","JorgiToys","Mandalorian Nite Owl Star Wars Black Series","published","0df4aeab-c5e9-4d35-8a9b-e63f391d5a57","Hasbro","","VALID_BRAND","","","1d4ebf30-350d-4336-9058-90689b87700a","Star Wars","0.95","0.9","TITLE_LICENSE_MATCH:Star Wars;TITLE_MANUFACTURER_MATCH:Hasbro","AUTO_ASSIGN_LICENSE","FALSE","Marca/Fabricante válida y aprobada."
"54f6d15b-fa90-4b1c-9dcc-44d0e626441c","61a48094-7453-4b7f-9563-e51f184832f9","JorgiToys","Super Saiyan Broly Dragon Ball Evolve Bandai","published","35d99a48-df19-4d41-8f1e-944862b40f3e","Bandai","","VALID_BRAND","","","372f7dd6-f134-4a9e-a1cf-f82497ba6ed3","Dragon Ball","0.95","0.9","TITLE_LICENSE_MATCH:Dragon Ball;TITLE_MANUFACTURER_MATCH:Bandai","AUTO_ASSIGN_LICENSE","FALSE","Marca/Fabricante válida y aprobada."
"474f8cf0-a818-4ef4-b771-71a7ee303746","61a48094-7453-4b7f-9563-e51f184832f9","JorgiToys","Super Saiyan God Ss Vegito Vegetto Dragon Ball Evolve Bandai","published","35d99a48-df19-4d41-8f1e-944862b40f3e","Bandai","","VALID_BRAND","","","372f7dd6-f134-4a9e-a1cf-f82497ba6ed3","Dragon Ball","0.95","0.9","TITLE_LICENSE_MATCH:Dragon Ball;TITLE_MANUFACTURER_MATCH:Bandai","AUTO_ASSIGN_LICENSE","FALSE","Marca/Fabricante válida y aprobada."
"89a8b2e2-9625-482c-84a4-19d2b05542ed","61a48094-7453-4b7f-9563-e51f184832f9","JorgiToys","Heist Nebula What If Marvel Legends Watcher Baf Hasbro","published","0df4aeab-c5e9-4d35-8a9b-e63f391d5a57","Hasbro","","VALID_BRAND","","","39af7eed-0ae2-4c7f-ac30-107d20957036","Marvel","0.95","0.9","TITLE_LICENSE_MATCH:Marvel;TITLE_MANUFACTURER_MATCH:Hasbro","AUTO_ASSIGN_LICENSE","FALSE","Marca/Fabricante válida y aprobada."
"a4c339f8-e30e-4e32-a2be-d8fda8c5a021","61a48094-7453-4b7f-9563-e51f184832f9","JorgiToys","Ariel Sparkling Look Sirenita Princesas Disney Mattel","published","79352f1b-f900-4f8a-97dc-74649d3022d2","Disney","","LICENSE_AS_BRAND","ad42bb8f-2dee-4f99-b47a-85c1d029b528","Mattel","c948500a-b519-4843-82fd-a70f782c8571","Disney","0.88","0.95","CURRENT_BRAND_IS_LICENSE:Disney;TITLE_MANUFACTURER_MATCH:Mattel","MANUAL_REVIEW","FALSE","La marca actual (""Disney"") es una Licencia/Franquicia y no el Fabricante del producto. | Fabricante sugerido: ""Mattel""."
"1f0defed-9ebd-421d-9211-9aa523ec434c","61a48094-7453-4b7f-9563-e51f184832f9","JorgiToys","Raphael Tortugas Ninja Turtles Out Shadows Disfraz Musculoso Raphael M","published","1382be53-8449-4c47-8335-441d934a6793","Nickelodeon","","VALID_BRAND","","","","","0.95","0","","KEEP","FALSE","Marca/Fabricante válida y aprobada."
"96d6e905-8b47-4f63-9aed-ca054726adc6","61a48094-7453-4b7f-9563-e51f184832f9","JorgiToys","Raphael Tortugas Ninja Turtles Disfraz Musculoso Rubies Raphael M","published","","","","MISSING_BRAND","","","","","0","0","","REQUIRES_VENDOR_ATTENTION","FALSE","El producto no posee marca asignada (brand_id es NULL)."
"93c4ee73-5910-40f7-9777-9089d35588f7","61a48094-7453-4b7f-9563-e51f184832f9","JorgiToys","Kraken Isaac Saint Cloth Myth Ex Bandai","published","35d99a48-df19-4d41-8f1e-944862b40f3e","Bandai","","VALID_BRAND","","","","","0.95","0","TITLE_MANUFACTURER_MATCH:Bandai","KEEP","FALSE","Marca/Fabricante válida y aprobada."
"aaf4707e-76cd-4ccc-a71a-d8da6121d139","61a48094-7453-4b7f-9563-e51f184832f9","JorgiToys","Black Panther Captain America Civil War Marvel Figuarts","published","0df4aeab-c5e9-4d35-8a9b-e63f391d5a57","Hasbro","","VALID_BRAND","","","39af7eed-0ae2-4c7f-ac30-107d20957036","Marvel","0.95","0.9","TITLE_LICENSE_MATCH:Marvel","AUTO_ASSIGN_LICENSE","FALSE","Marca/Fabricante válida y aprobada."
"62b358b3-e2e1-4031-b7ce-615dcd5cf2ea","61a48094-7453-4b7f-9563-e51f184832f9","JorgiToys","Nite Owl Mandalorian Star Wars Black Series Hasbro","published","0df4aeab-c5e9-4d35-8a9b-e63f391d5a57","Hasbro","","VALID_BRAND","","","1d4ebf30-350d-4336-9058-90689b87700a","Star Wars","0.95","0.9","TITLE_LICENSE_MATCH:Star Wars;TITLE_MANUFACTURER_MATCH:Hasbro","AUTO_ASSIGN_LICENSE","FALSE","Marca/Fabricante válida y aprobada."
"0075d511-b1a6-44ac-ac2a-9bd7bd99863b","61a48094-7453-4b7f-9563-e51f184832f9","JorgiToys","Tifa Final Fantasy Advent Children Square Enix Play Arts Kai","published","9476b914-5aa8-457a-8850-f318212d9cd2","Square Enix","","VALID_BRAND","","","","","0.95","0","","KEEP","FALSE","Marca/Fabricante válida y aprobada."
"4938bb8f-4e49-4a0e-b2fb-331ee05e0a1a","61a48094-7453-4b7f-9563-e51f184832f9","JorgiToys","Funko Snaps Nightmare Bonnie Armable Five Nights At Freddy's","published","1cbd2abc-1508-40c4-8823-9806998979e3","Funko","","VALID_BRAND","","","","","0.95","0","TITLE_MANUFACTURER_MATCH:Funko","KEEP","FALSE","Marca/Fabricante válida y aprobada."
"d6816347-c77c-47fa-9c56-01716ff2a93c","61a48094-7453-4b7f-9563-e51f184832f9","JorgiToys","Negative Zone Pizza Spiderman Marvel Legends","published","0df4aeab-c5e9-4d35-8a9b-e63f391d5a57","Hasbro","","VALID_BRAND","","","39af7eed-0ae2-4c7f-ac30-107d20957036","Marvel","0.95","0.9","TITLE_LICENSE_MATCH:Marvel;TITLE_MANUFACTURER_MATCH:Hasbro","AUTO_ASSIGN_LICENSE","FALSE","Marca/Fabricante válida y aprobada."
"3bbd4372-ab03-442e-8373-8dcc0dffd645","61a48094-7453-4b7f-9563-e51f184832f9","JorgiToys","Tyranitar Pokemon Moncolle Ex Takara Tomy Ms 19","published","b2d190fa-057b-44b8-868e-ced887d9e55a","TakaraTomy","","VALID_BRAND","","","","","0.95","0","TITLE_MANUFACTURER_MATCH:Takara Tomy","KEEP","FALSE","Marca/Fabricante válida y aprobada."
"5ba77855-edfe-4c22-8a64-e399443d0069","61a48094-7453-4b7f-9563-e51f184832f9","JorgiToys","Magneto X-men Marvel Legends Tri-sentinel Baf Hasbro","published","0df4aeab-c5e9-4d35-8a9b-e63f391d5a57","Hasbro","","VALID_BRAND","","","39af7eed-0ae2-4c7f-ac30-107d20957036","Marvel","0.95","0.9","TITLE_LICENSE_MATCH:Marvel;TITLE_MANUFACTURER_MATCH:Hasbro","AUTO_ASSIGN_LICENSE","FALSE","Marca/Fabricante válida y aprobada."
"a4cbd883-89da-43d3-aaf4-e5753b7ad0f6","61a48094-7453-4b7f-9563-e51f184832f9","JorgiToys","Star Wars The Black Series Figura: Boba Fett Hasbro Original","published","0df4aeab-c5e9-4d35-8a9b-e63f391d5a57","Hasbro","","VALID_BRAND","","","1d4ebf30-350d-4336-9058-90689b87700a","Star Wars","0.95","0.9","TITLE_LICENSE_MATCH:Star Wars;TITLE_MANUFACTURER_MATCH:Hasbro","AUTO_ASSIGN_LICENSE","FALSE","Marca/Fabricante válida y aprobada."
"3bb77e6d-f896-4cb9-89f0-390beae73105","61a48094-7453-4b7f-9563-e51f184832f9","JorgiToys","Misugi Jun Captain Tsubasa Dasin Model","published","1131563d-5cd6-49f7-a3f1-7511da3e9a13","Dasin Model","","VALID_BRAND","","","","","0.95","0","","KEEP","FALSE","Marca/Fabricante válida y aprobada."
"006cb9d2-5ee9-4624-9f6c-87ff66d0363e","61a48094-7453-4b7f-9563-e51f184832f9","JorgiToys","Jackalman Thundercats Ultimates Wave1 Super7","published","28865b10-c492-4773-9810-270afa95b3d4","Super7","","VALID_BRAND","","","","","0.95","0","TITLE_MANUFACTURER_MATCH:Super7","KEEP","FALSE","Marca/Fabricante válida y aprobada."
"ae15ef2e-d037-45d8-8eab-468e81b50234","61a48094-7453-4b7f-9563-e51f184832f9","JorgiToys","Sun Five Nights Freddy´s Security Breach Funko","published","1cbd2abc-1508-40c4-8823-9806998979e3","Funko","","VALID_BRAND","","","","","0.95","0","TITLE_MANUFACTURER_MATCH:Funko","KEEP","FALSE","Marca/Fabricante válida y aprobada."
"c61d4ba9-e41a-4922-9547-b0c7f821f482","61a48094-7453-4b7f-9563-e51f184832f9","JorgiToys","Magneto Professor X X-men Marvel Legends Hasbro","published","0df4aeab-c5e9-4d35-8a9b-e63f391d5a57","Hasbro","","VALID_BRAND","","","39af7eed-0ae2-4c7f-ac30-107d20957036","Marvel","0.95","0.9","TITLE_LICENSE_MATCH:Marvel;TITLE_MANUFACTURER_MATCH:Hasbro","AUTO_ASSIGN_LICENSE","FALSE","Marca/Fabricante válida y aprobada."
"bba8342e-9571-4477-94e8-8f5d31cc40a1","61a48094-7453-4b7f-9563-e51f184832f9","JorgiToys","Iron Fist Luke Cage Marvel Legends 85 Years Hasbro","published","0df4aeab-c5e9-4d35-8a9b-e63f391d5a57","Hasbro","","VALID_BRAND","","","39af7eed-0ae2-4c7f-ac30-107d20957036","Marvel","0.95","0.9","TITLE_LICENSE_MATCH:Marvel;TITLE_MANUFACTURER_MATCH:Hasbro","AUTO_ASSIGN_LICENSE","FALSE","Marca/Fabricante válida y aprobada."
"385cb2e9-6b0f-4e26-9ab2-b879302a66ce","61a48094-7453-4b7f-9563-e51f184832f9","JorgiToys","X-men Marvel Lcd Video Game Tiger Electronics Hasbro","published","0df4aeab-c5e9-4d35-8a9b-e63f391d5a57","Hasbro","","VALID_BRAND","","","39af7eed-0ae2-4c7f-ac30-107d20957036","Marvel","0.95","0.9","TITLE_LICENSE_MATCH:Marvel;TITLE_MANUFACTURER_MATCH:Hasbro","AUTO_ASSIGN_LICENSE","FALSE","Marca/Fabricante válida y aprobada."
"cb1d1e12-5b1b-45fc-a2b5-8d7cdba53c7e","61a48094-7453-4b7f-9563-e51f184832f9","JorgiToys","Mega Charizard Y Pokemon Moncolle Ex Takara Tomy","published","b2d190fa-057b-44b8-868e-ced887d9e55a","TakaraTomy","","VALID_BRAND","","","","","0.95","0","TITLE_MANUFACTURER_MATCH:Takara Tomy","KEEP","FALSE","Marca/Fabricante válida y aprobada."
"062612af-6ebf-4f42-86bf-8022940f4d26","61a48094-7453-4b7f-9563-e51f184832f9","JorgiToys","Peter Parker Spiderman Marvel Legends Hasbro","published","0df4aeab-c5e9-4d35-8a9b-e63f391d5a57","Hasbro","","VALID_BRAND","","","39af7eed-0ae2-4c7f-ac30-107d20957036","Marvel","0.95","0.9","TITLE_LICENSE_MATCH:Marvel;TITLE_MANUFACTURER_MATCH:Hasbro","AUTO_ASSIGN_LICENSE","FALSE","Marca/Fabricante válida y aprobada."
"1e42a2bf-bf0c-4ea2-8609-dd34d409edf5","61a48094-7453-4b7f-9563-e51f184832f9","JorgiToys","Iron Man Nano Guantelete Infinito Marvel Legends Hasbro","published","0df4aeab-c5e9-4d35-8a9b-e63f391d5a57","Hasbro","","VALID_BRAND","","","39af7eed-0ae2-4c7f-ac30-107d20957036","Marvel","0.95","0.9","TITLE_LICENSE_MATCH:Marvel;TITLE_MANUFACTURER_MATCH:Hasbro","AUTO_ASSIGN_LICENSE","FALSE","Marca/Fabricante válida y aprobada."
"b9dfb9d3-248a-496d-a249-c23dec82e01b","61a48094-7453-4b7f-9563-e51f184832f9","JorgiToys","Bo-katan Kryze The Mandalorian Star Wars Hot Toys Tms035","published","15765f46-949b-485b-bb80-295065015942","Hot Toys","","VALID_BRAND","","","1d4ebf30-350d-4336-9058-90689b87700a","Star Wars","0.95","0.9","TITLE_LICENSE_MATCH:Star Wars;TITLE_MANUFACTURER_MATCH:Hot Toys","AUTO_ASSIGN_LICENSE","FALSE","Marca/Fabricante válida y aprobada."
"b6b9b11b-be5e-4edc-8588-e33ecfbad092","61a48094-7453-4b7f-9563-e51f184832f9","JorgiToys","Tyrannosaurus Rex Thrash 'n Devour Jurassic World Dominion","published","ad42bb8f-2dee-4f99-b47a-85c1d029b528","Mattel","","VALID_BRAND","","","","","0.95","0","","KEEP","FALSE","Marca/Fabricante válida y aprobada."
"85cc849a-c1c5-445e-858c-7c8740401157","61a48094-7453-4b7f-9563-e51f184832f9","JorgiToys","J. Jonah Jameson Spiderman Marvel Legends Hasbro","published","0df4aeab-c5e9-4d35-8a9b-e63f391d5a57","Hasbro","","VALID_BRAND","","","39af7eed-0ae2-4c7f-ac30-107d20957036","Marvel","0.95","0.9","TITLE_LICENSE_MATCH:Marvel;TITLE_MANUFACTURER_MATCH:Hasbro","AUTO_ASSIGN_LICENSE","FALSE","Marca/Fabricante válida y aprobada."
"a96aa578-be8e-42f0-8512-2967209609a8","61a48094-7453-4b7f-9563-e51f184832f9","JorgiToys","Luke Skywalker Star Wars The Last Jedi Bandai","published","35d99a48-df19-4d41-8f1e-944862b40f3e","Bandai","","VALID_BRAND","","","1d4ebf30-350d-4336-9058-90689b87700a","Star Wars","0.95","0.9","TITLE_LICENSE_MATCH:Star Wars;TITLE_MANUFACTURER_MATCH:Bandai","AUTO_ASSIGN_LICENSE","FALSE","Marca/Fabricante válida y aprobada."
"2d1051c5-355c-4675-8698-1eb3783c08b8","61a48094-7453-4b7f-9563-e51f184832f9","JorgiToys","Venom Spiderman Marvel Legends Hasbro Pulse Exclusive","published","0df4aeab-c5e9-4d35-8a9b-e63f391d5a57","Hasbro","","VALID_BRAND","","","39af7eed-0ae2-4c7f-ac30-107d20957036","Marvel","0.95","0.9","TITLE_LICENSE_MATCH:Marvel;TITLE_MANUFACTURER_MATCH:Hasbro","AUTO_ASSIGN_LICENSE","FALSE","Marca/Fabricante válida y aprobada."
"4bd4dd3c-72e2-45a8-8b92-c135c3057a04","61a48094-7453-4b7f-9563-e51f184832f9","JorgiToys","Decidueye Pokemon Moncolle Ex Takara Tomy Ms 11","published","b2d190fa-057b-44b8-868e-ced887d9e55a","TakaraTomy","","VALID_BRAND","","","","","0.95","0","TITLE_MANUFACTURER_MATCH:Takara Tomy","KEEP","FALSE","Marca/Fabricante válida y aprobada."
"e05cdf52-a406-44ef-bfca-f65b523d5e7f","61a48094-7453-4b7f-9563-e51f184832f9","JorgiToys","Yondu Guardians Of The Galaxy Marvel Legends Hasbro","published","0df4aeab-c5e9-4d35-8a9b-e63f391d5a57","Hasbro","","VALID_BRAND","","","39af7eed-0ae2-4c7f-ac30-107d20957036","Marvel","0.95","0.9","TITLE_LICENSE_MATCH:Marvel;TITLE_MANUFACTURER_MATCH:Hasbro","AUTO_ASSIGN_LICENSE","FALSE","Marca/Fabricante válida y aprobada."
"73beb01f-82de-4a38-98b8-d09491ffb07f","61a48094-7453-4b7f-9563-e51f184832f9","JorgiToys","Twisty Clown American Horror Story Mascara Trick Or Treat Twisty The Clown","published","05ed3ea9-2136-44d1-8b89-72661ac9886e","Trick or Treat Studios","","VALID_BRAND","","","","","0.95","0","","KEEP","FALSE","Marca/Fabricante válida y aprobada."
"67a048af-0849-470c-b30c-0212132702c0","61a48094-7453-4b7f-9563-e51f184832f9","JorgiToys","Spider-armor Mk1 Spiderman Retro Marvel Legends Hasbro","published","0df4aeab-c5e9-4d35-8a9b-e63f391d5a57","Hasbro","","VALID_BRAND","","","39af7eed-0ae2-4c7f-ac30-107d20957036","Marvel","0.95","0.9","TITLE_LICENSE_MATCH:Marvel;TITLE_MANUFACTURER_MATCH:Hasbro","AUTO_ASSIGN_LICENSE","FALSE","Marca/Fabricante válida y aprobada."
"b03a858a-08da-4fb4-a555-cff4aa65be30","61a48094-7453-4b7f-9563-e51f184832f9","JorgiToys","Headpool Logan Deadpool & Wolverine Marvel Legends Hasbro","published","0df4aeab-c5e9-4d35-8a9b-e63f391d5a57","Hasbro","","VALID_BRAND","","","39af7eed-0ae2-4c7f-ac30-107d20957036","Marvel","0.95","0.9","TITLE_LICENSE_MATCH:Marvel;TITLE_MANUFACTURER_MATCH:Hasbro","AUTO_ASSIGN_LICENSE","FALSE","Marca/Fabricante válida y aprobada."
"c7274a25-e7fa-4790-974d-17d54216c817","61a48094-7453-4b7f-9563-e51f184832f9","JorgiToys","Jango Fett Star Wars Attack Of The Clones Figuarts Bandai","published","35d99a48-df19-4d41-8f1e-944862b40f3e","Bandai","","VALID_BRAND","","","1d4ebf30-350d-4336-9058-90689b87700a","Star Wars","0.95","0.9","TITLE_LICENSE_MATCH:Star Wars;TITLE_MANUFACTURER_MATCH:Bandai","AUTO_ASSIGN_LICENSE","FALSE","Marca/Fabricante válida y aprobada."
"5ce9f473-1028-4ba8-a911-6a9156f63d0b","61a48094-7453-4b7f-9563-e51f184832f9","JorgiToys","Beyonder Secret Wars Marvel Legends Hasbro","published","0df4aeab-c5e9-4d35-8a9b-e63f391d5a57","Hasbro","","VALID_BRAND","","","39af7eed-0ae2-4c7f-ac30-107d20957036","Marvel","0.95","0.9","TITLE_LICENSE_MATCH:Marvel;TITLE_MANUFACTURER_MATCH:Hasbro","AUTO_ASSIGN_LICENSE","FALSE","Marca/Fabricante válida y aprobada."
"5d5a8416-b1d0-467c-8412-9e711679d0fe","61a48094-7453-4b7f-9563-e51f184832f9","JorgiToys","Green Goblin Mj Spiderman 90's Animated Marvel Legends","published","0df4aeab-c5e9-4d35-8a9b-e63f391d5a57","Hasbro","","VALID_BRAND","","","39af7eed-0ae2-4c7f-ac30-107d20957036","Marvel","0.95","0.9","TITLE_LICENSE_MATCH:Marvel;TITLE_MANUFACTURER_MATCH:Hasbro","AUTO_ASSIGN_LICENSE","FALSE","Marca/Fabricante válida y aprobada."
"eb50df19-e8e4-4ead-b046-9bc065334e2d","61a48094-7453-4b7f-9563-e51f184832f9","JorgiToys","T'challa Star Lord What If Marvel Legends Watcher Baf Hasbro","published","0df4aeab-c5e9-4d35-8a9b-e63f391d5a57","Hasbro","","VALID_BRAND","","","39af7eed-0ae2-4c7f-ac30-107d20957036","Marvel","0.95","0.9","TITLE_LICENSE_MATCH:Marvel;TITLE_MANUFACTURER_MATCH:Hasbro","AUTO_ASSIGN_LICENSE","FALSE","Marca/Fabricante válida y aprobada."
"647efee2-8197-411d-8adf-406c676773b8","61a48094-7453-4b7f-9563-e51f184832f9","JorgiToys","Carol Danvers The Avengers Marvel Legends 10cm Hasbro","published","0df4aeab-c5e9-4d35-8a9b-e63f391d5a57","Hasbro","","VALID_BRAND","","","39af7eed-0ae2-4c7f-ac30-107d20957036","Marvel","0.95","0.9","TITLE_LICENSE_MATCH:Marvel;TITLE_MANUFACTURER_MATCH:Hasbro","AUTO_ASSIGN_LICENSE","FALSE","Marca/Fabricante válida y aprobada."
"f16f69d6-f77b-444a-aa96-f0be6c91b90f","61a48094-7453-4b7f-9563-e51f184832f9","JorgiToys","High Score Chica Five Nights Freddy´s Special Delivery Funko","published","1cbd2abc-1508-40c4-8823-9806998979e3","Funko","","VALID_BRAND","","","","","0.95","0","TITLE_MANUFACTURER_MATCH:Funko","KEEP","FALSE","Marca/Fabricante válida y aprobada."
"187511be-a2bb-4baf-a6b6-fb5b3f4944e0","61a48094-7453-4b7f-9563-e51f184832f9","JorgiToys","Mysterio Spiderman Marvel Legends Molten Man Baf Hasbro","published","0df4aeab-c5e9-4d35-8a9b-e63f391d5a57","Hasbro","","VALID_BRAND","","","39af7eed-0ae2-4c7f-ac30-107d20957036","Marvel","0.95","0.9","TITLE_LICENSE_MATCH:Marvel;TITLE_MANUFACTURER_MATCH:Hasbro","AUTO_ASSIGN_LICENSE","FALSE","Marca/Fabricante válida y aprobada."
"4f10c338-2ef5-45d4-ac22-7f01d8bb44b8","61a48094-7453-4b7f-9563-e51f184832f9","JorgiToys","Road Rage Transformers Generations War For Cybertron Wfc-k41","published","0df4aeab-c5e9-4d35-8a9b-e63f391d5a57","Hasbro","","VALID_BRAND","","","","","0.95","0","","KEEP","FALSE","Marca/Fabricante válida y aprobada."
"7d8be59a-3929-40b4-93bf-062a33634e27","61a48094-7453-4b7f-9563-e51f184832f9","JorgiToys","Princess Leia Bespin Star Wars Return Of The Jedi Vintage","published","0df4aeab-c5e9-4d35-8a9b-e63f391d5a57","Hasbro","","VALID_BRAND","","","1d4ebf30-350d-4336-9058-90689b87700a","Star Wars","0.95","0.9","TITLE_LICENSE_MATCH:Star Wars","AUTO_ASSIGN_LICENSE","FALSE","Marca/Fabricante válida y aprobada."
"39a7bc63-fb7b-4361-9c8b-05262254d45a","61a48094-7453-4b7f-9563-e51f184832f9","JorgiToys","Ironhide Transformers Studio Series 86-17 Hasbro","published","0df4aeab-c5e9-4d35-8a9b-e63f391d5a57","Hasbro","","VALID_BRAND","","","","","0.95","0","TITLE_MANUFACTURER_MATCH:Hasbro","KEEP","FALSE","Marca/Fabricante válida y aprobada."
"f54383f6-3801-49c0-a642-56e60217c73e","61a48094-7453-4b7f-9563-e51f184832f9","JorgiToys","Jean Grey Phoenix Force X-men Marvel Legends Hasbro","published","0df4aeab-c5e9-4d35-8a9b-e63f391d5a57","Hasbro","","VALID_BRAND","","","39af7eed-0ae2-4c7f-ac30-107d20957036","Marvel","0.95","0.9","TITLE_LICENSE_MATCH:Marvel;TITLE_MANUFACTURER_MATCH:Hasbro","AUTO_ASSIGN_LICENSE","FALSE","Marca/Fabricante válida y aprobada."
"654dcd34-160a-433f-a521-1423a90d0838","61a48094-7453-4b7f-9563-e51f184832f9","JorgiToys","Bushwacker Punisher War Journal Marvel Legends Hasbro","published","0df4aeab-c5e9-4d35-8a9b-e63f391d5a57","Hasbro","","VALID_BRAND","","","39af7eed-0ae2-4c7f-ac30-107d20957036","Marvel","0.95","0.9","TITLE_LICENSE_MATCH:Marvel;TITLE_MANUFACTURER_MATCH:Hasbro","AUTO_ASSIGN_LICENSE","FALSE","Marca/Fabricante válida y aprobada."
"5f1c4c0e-13f9-47ed-b095-e9d920d47f66","61a48094-7453-4b7f-9563-e51f184832f9","JorgiToys","Captain America Secret Empire Marvel Legends Hasbro ","published","0df4aeab-c5e9-4d35-8a9b-e63f391d5a57","Hasbro","","VALID_BRAND","","","39af7eed-0ae2-4c7f-ac30-107d20957036","Marvel","0.95","0.9","TITLE_LICENSE_MATCH:Marvel;TITLE_MANUFACTURER_MATCH:Hasbro","AUTO_ASSIGN_LICENSE","FALSE","Marca/Fabricante válida y aprobada."
"6addd9a7-41d9-4b46-be9e-ad00a9ffdb6a","61a48094-7453-4b7f-9563-e51f184832f9","JorgiToys","Robocop Ultimate Battle Damaged With Chair Neca","published","43edaabc-3910-45ab-b93d-857698fad50b","NECA","","VALID_BRAND","","","","","0.95","0","TITLE_MANUFACTURER_MATCH:NECA","KEEP","FALSE","Marca/Fabricante válida y aprobada."
"d8054d04-c9ee-404c-bd4f-d212018ed5c6","61a48094-7453-4b7f-9563-e51f184832f9","JorgiToys","Praetorian Guard Whip Staff Star Wars The Last Jedi Bandai","published","35d99a48-df19-4d41-8f1e-944862b40f3e","Bandai","","VALID_BRAND","","","1d4ebf30-350d-4336-9058-90689b87700a","Star Wars","0.95","0.9","TITLE_LICENSE_MATCH:Star Wars;TITLE_MANUFACTURER_MATCH:Bandai","AUTO_ASSIGN_LICENSE","FALSE","Marca/Fabricante válida y aprobada."
"8b51eb32-696a-493e-a46e-14868dd33fdd","61a48094-7453-4b7f-9563-e51f184832f9","JorgiToys","Thunderstrike Marvel Legends Joe Fixit Baf Hasbro","published","0df4aeab-c5e9-4d35-8a9b-e63f391d5a57","Hasbro","","VALID_BRAND","","","39af7eed-0ae2-4c7f-ac30-107d20957036","Marvel","0.95","0.9","TITLE_LICENSE_MATCH:Marvel;TITLE_MANUFACTURER_MATCH:Hasbro","AUTO_ASSIGN_LICENSE","FALSE","Marca/Fabricante válida y aprobada."
"8a62e7e3-280a-479c-a8cb-dbb9a812dd32","61a48094-7453-4b7f-9563-e51f184832f9","JorgiToys","Book Of Boba Fett Tython Star Wars Black Series Hasbro","published","0df4aeab-c5e9-4d35-8a9b-e63f391d5a57","Hasbro","","VALID_BRAND","","","1d4ebf30-350d-4336-9058-90689b87700a","Star Wars","0.95","0.9","TITLE_LICENSE_MATCH:Star Wars;TITLE_MANUFACTURER_MATCH:Hasbro","AUTO_ASSIGN_LICENSE","FALSE","Marca/Fabricante válida y aprobada."
"f53105df-7f8c-403e-8787-650daf4ebcb5","61a48094-7453-4b7f-9563-e51f184832f9","JorgiToys","Jedi Master Indara The Acolyte Star Wars Black Series Hasbro","published","0df4aeab-c5e9-4d35-8a9b-e63f391d5a57","Hasbro","","VALID_BRAND","","","1d4ebf30-350d-4336-9058-90689b87700a","Star Wars","0.95","0.9","TITLE_LICENSE_MATCH:Star Wars;TITLE_MANUFACTURER_MATCH:Hasbro","AUTO_ASSIGN_LICENSE","FALSE","Marca/Fabricante válida y aprobada."
"01ab9b06-ae11-47b5-8b1f-8c24a8ca06b7","61a48094-7453-4b7f-9563-e51f184832f9","JorgiToys","Marvel Legends Series House Of X Cyclops Hasbro","published","0df4aeab-c5e9-4d35-8a9b-e63f391d5a57","Hasbro","","VALID_BRAND","","","39af7eed-0ae2-4c7f-ac30-107d20957036","Marvel","0.95","0.9","TITLE_LICENSE_MATCH:Marvel;TITLE_MANUFACTURER_MATCH:Hasbro","AUTO_ASSIGN_LICENSE","FALSE","Marca/Fabricante válida y aprobada."
"2210d9ea-4c77-4802-9323-0f2f72f0ecc1","61a48094-7453-4b7f-9563-e51f184832f9","JorgiToys","Moira Mactagger X-men Marvel Legends Tri-sentinel Baf Hasbro","published","0df4aeab-c5e9-4d35-8a9b-e63f391d5a57","Hasbro","","VALID_BRAND","","","39af7eed-0ae2-4c7f-ac30-107d20957036","Marvel","0.95","0.9","TITLE_LICENSE_MATCH:Marvel;TITLE_MANUFACTURER_MATCH:Hasbro","AUTO_ASSIGN_LICENSE","FALSE","Marca/Fabricante válida y aprobada."
"0e4e033a-3325-4b6a-b5db-c5f6821b255e","61a48094-7453-4b7f-9563-e51f184832f9","JorgiToys","Snackin' Grogu Baby Yoda Animatronic Mandalorian Star Wars","published","0df4aeab-c5e9-4d35-8a9b-e63f391d5a57","Hasbro","","VALID_BRAND","","","1d4ebf30-350d-4336-9058-90689b87700a","Star Wars","0.95","0.9","TITLE_LICENSE_MATCH:Star Wars","AUTO_ASSIGN_LICENSE","FALSE","Marca/Fabricante válida y aprobada."
"58382c4a-785a-4c8c-a784-a886ec165af0","61a48094-7453-4b7f-9563-e51f184832f9","JorgiToys","Figura Pokemon Moncolle Ms-30 Lapras","published","3d6d8a0f-4dd9-4ce3-87d7-f74829f3fe85","Moncolle","","VALID_BRAND","","","","","0.95","0","","KEEP","FALSE","Marca/Fabricante válida y aprobada."
"bfb1532c-12f0-4bc2-b052-3ea67e0aa87c","61a48094-7453-4b7f-9563-e51f184832f9","JorgiToys","Thomas Amigos Percy Diesel Kana Gordon Tren Fisher Price Thomas Percy Diesel Celeste","published","14117ca8-c60c-46b7-9602-659cd10aa851","Fisher-Price","","VALID_BRAND","","","","","0.95","0","","KEEP","FALSE","Marca/Fabricante válida y aprobada."
"42596039-5378-4827-9c60-6bd2d3adb321","61a48094-7453-4b7f-9563-e51f184832f9","JorgiToys","Sabretooth X-men Marvel Legends Colossus Baf Hasbro","published","0df4aeab-c5e9-4d35-8a9b-e63f391d5a57","Hasbro","","VALID_BRAND","","","39af7eed-0ae2-4c7f-ac30-107d20957036","Marvel","0.95","0.9","TITLE_LICENSE_MATCH:Marvel;TITLE_MANUFACTURER_MATCH:Hasbro","AUTO_ASSIGN_LICENSE","FALSE","Marca/Fabricante válida y aprobada."
"eb98194b-03c3-47a2-88a8-7f38dc27605e","61a48094-7453-4b7f-9563-e51f184832f9","JorgiToys","Chucky Tv Series Ultimate Neca","published","43edaabc-3910-45ab-b93d-857698fad50b","NECA","","VALID_BRAND","","","","","0.95","0","TITLE_MANUFACTURER_MATCH:NECA","KEEP","FALSE","Marca/Fabricante válida y aprobada."
"30b6e778-7ec1-42b2-8bdf-e3e1e0881d0e","61a48094-7453-4b7f-9563-e51f184832f9","JorgiToys","The Mandalorian & Grogu Star Wars Hot Toys Tms052 Deluxe","published","15765f46-949b-485b-bb80-295065015942","Hot Toys","","VALID_BRAND","","","1d4ebf30-350d-4336-9058-90689b87700a","Star Wars","0.95","0.9","TITLE_LICENSE_MATCH:Star Wars;TITLE_MANUFACTURER_MATCH:Hot Toys","AUTO_ASSIGN_LICENSE","FALSE","Marca/Fabricante válida y aprobada."
"032d7d43-6e6a-4454-b2fb-a5ae245cdfa8","61a48094-7453-4b7f-9563-e51f184832f9","JorgiToys","Qui-gon Jinn Star Wars The Phantom Menace Figuarts","published","35d99a48-df19-4d41-8f1e-944862b40f3e","Bandai","","VALID_BRAND","","","1d4ebf30-350d-4336-9058-90689b87700a","Star Wars","0.95","0.9","TITLE_LICENSE_MATCH:Star Wars","AUTO_ASSIGN_LICENSE","FALSE","Marca/Fabricante válida y aprobada."
"e64effb7-4320-45ce-a8b5-56097793b6f4","61a48094-7453-4b7f-9563-e51f184832f9","JorgiToys","Shadowcat X-men Marvel Legends Colossus Baf Hasbro","published","0df4aeab-c5e9-4d35-8a9b-e63f391d5a57","Hasbro","","VALID_BRAND","","","39af7eed-0ae2-4c7f-ac30-107d20957036","Marvel","0.95","0.9","TITLE_LICENSE_MATCH:Marvel;TITLE_MANUFACTURER_MATCH:Hasbro","AUTO_ASSIGN_LICENSE","FALSE","Marca/Fabricante válida y aprobada."
"9c58cbcb-c014-4733-af6f-4d1cf042b7d9","61a48094-7453-4b7f-9563-e51f184832f9","JorgiToys","Red Mighty Morphin Power Rangers Vhs Hasbro","published","0df4aeab-c5e9-4d35-8a9b-e63f391d5a57","Hasbro","","VALID_BRAND","","","","","0.95","0","TITLE_MANUFACTURER_MATCH:Hasbro","KEEP","FALSE","Marca/Fabricante válida y aprobada."
"105bcce1-6421-4266-aca8-013eb1a53b68","61a48094-7453-4b7f-9563-e51f184832f9","JorgiToys","Black Widow & Effect Avengers Infinity War Marvel Figuarts","published","0df4aeab-c5e9-4d35-8a9b-e63f391d5a57","Hasbro","","VALID_BRAND","","","39af7eed-0ae2-4c7f-ac30-107d20957036","Marvel","0.95","0.9","TITLE_LICENSE_MATCH:Marvel","AUTO_ASSIGN_LICENSE","FALSE","Marca/Fabricante válida y aprobada."
"9ba65746-4d11-41b7-9671-5e16fdaf3806","61a48094-7453-4b7f-9563-e51f184832f9","JorgiToys","Jean Grey X-men 90's Animated Series Marvel Legends Hasbro","published","0df4aeab-c5e9-4d35-8a9b-e63f391d5a57","Hasbro","","VALID_BRAND","","","39af7eed-0ae2-4c7f-ac30-107d20957036","Marvel","0.95","0.9","TITLE_LICENSE_MATCH:Marvel;TITLE_MANUFACTURER_MATCH:Hasbro","AUTO_ASSIGN_LICENSE","FALSE","Marca/Fabricante válida y aprobada."
"f1325e38-6d74-4eeb-99d0-9e50fb63427a","61a48094-7453-4b7f-9563-e51f184832f9","JorgiToys","Padme Amidala Star Wars Attack Of The Clones Figuarts","published","35d99a48-df19-4d41-8f1e-944862b40f3e","Bandai","","VALID_BRAND","","","1d4ebf30-350d-4336-9058-90689b87700a","Star Wars","0.95","0.9","TITLE_LICENSE_MATCH:Star Wars","AUTO_ASSIGN_LICENSE","FALSE","Marca/Fabricante válida y aprobada."
"94be0ed8-c2fc-49d9-aec5-d5621cbeaf97","61a48094-7453-4b7f-9563-e51f184832f9","JorgiToys","Hasbro Marvel Legends Series Retro Cyclops Cíclope X Men 97","published","0df4aeab-c5e9-4d35-8a9b-e63f391d5a57","Hasbro","","VALID_BRAND","","","39af7eed-0ae2-4c7f-ac30-107d20957036","Marvel","0.95","0.9","TITLE_LICENSE_MATCH:Marvel;TITLE_MANUFACTURER_MATCH:Hasbro","AUTO_ASSIGN_LICENSE","FALSE","Marca/Fabricante válida y aprobada."
"519d027b-c88a-41e4-a645-2595ab0fb1fe","61a48094-7453-4b7f-9563-e51f184832f9","JorgiToys","Captain America Avengers Infinity Saga Marvel Legends Hasbro","published","0df4aeab-c5e9-4d35-8a9b-e63f391d5a57","Hasbro","","VALID_BRAND","","","39af7eed-0ae2-4c7f-ac30-107d20957036","Marvel","0.95","0.9","TITLE_LICENSE_MATCH:Marvel;TITLE_MANUFACTURER_MATCH:Hasbro","AUTO_ASSIGN_LICENSE","FALSE","Marca/Fabricante válida y aprobada."
"7873fae0-53b0-4a17-8f3a-3e0c149ff4f8","61a48094-7453-4b7f-9563-e51f184832f9","JorgiToys","Jiren Dragon Ball Super Stars Series 5 Bandai","published","35d99a48-df19-4d41-8f1e-944862b40f3e","Bandai","","VALID_BRAND","","","372f7dd6-f134-4a9e-a1cf-f82497ba6ed3","Dragon Ball","0.95","0.9","TITLE_LICENSE_MATCH:Dragon Ball;TITLE_MANUFACTURER_MATCH:Bandai","AUTO_ASSIGN_LICENSE","FALSE","Marca/Fabricante válida y aprobada."
"2f1ec798-b026-4408-9df0-3d1a59847301","61a48094-7453-4b7f-9563-e51f184832f9","JorgiToys","Scarlet Witch Wandavision Marvel Legends Flight Gear Baf","published","0df4aeab-c5e9-4d35-8a9b-e63f391d5a57","Hasbro","","VALID_BRAND","","","39af7eed-0ae2-4c7f-ac30-107d20957036","Marvel","0.95","0.9","TITLE_LICENSE_MATCH:Marvel;TITLE_MANUFACTURER_MATCH:Hasbro","AUTO_ASSIGN_LICENSE","FALSE","Marca/Fabricante válida y aprobada."
"dc0b3fce-f62e-4ca7-8f97-f0b1d552d2f3","61a48094-7453-4b7f-9563-e51f184832f9","JorgiToys","Koska Reeves Mandalorian Star Wars Black Series Hasbro","published","0df4aeab-c5e9-4d35-8a9b-e63f391d5a57","Hasbro","","VALID_BRAND","","","1d4ebf30-350d-4336-9058-90689b87700a","Star Wars","0.95","0.9","TITLE_LICENSE_MATCH:Star Wars;TITLE_MANUFACTURER_MATCH:Hasbro","AUTO_ASSIGN_LICENSE","FALSE","Marca/Fabricante válida y aprobada."
"5af89853-61cb-4831-9b0c-4c6afc02fc24","61a48094-7453-4b7f-9563-e51f184832f9","JorgiToys","Wakabayashi Genzo Captain Tsubasa Dasin Model","published","1131563d-5cd6-49f7-a3f1-7511da3e9a13","Dasin Model","","VALID_BRAND","","","","","0.95","0","","KEEP","FALSE","Marca/Fabricante válida y aprobada."
"259c03dd-68ba-4de9-a97f-7840cd2fc054","61a48094-7453-4b7f-9563-e51f184832f9","JorgiToys","Bowser Super Mario Figuarts Bandai Muñeco Figura Juguete","published","35d99a48-df19-4d41-8f1e-944862b40f3e","Bandai","","VALID_BRAND","","","","","0.95","0","TITLE_MANUFACTURER_MATCH:Bandai","KEEP","FALSE","Marca/Fabricante válida y aprobada."
"6e038340-05f0-4859-94ba-34b60356a1c1","61a48094-7453-4b7f-9563-e51f184832f9","JorgiToys","Stone Heart Predator Concrete Jungle Depredador Neca Deluxe","published","43edaabc-3910-45ab-b93d-857698fad50b","NECA","","VALID_BRAND","","","","","0.95","0","TITLE_MANUFACTURER_MATCH:NECA","KEEP","FALSE","Marca/Fabricante válida y aprobada."
"722d6033-8e45-4159-b171-b9cfa6ce0221","61a48094-7453-4b7f-9563-e51f184832f9","JorgiToys","Figura De Acción The Mandalorian Beskar Army E9358 De Hasbro The Black Series","published","0df4aeab-c5e9-4d35-8a9b-e63f391d5a57","Hasbro","","VALID_BRAND","","","","","0.95","0","TITLE_MANUFACTURER_MATCH:Hasbro","KEEP","FALSE","Marca/Fabricante válida y aprobada."
"d87aaa17-59a4-40ad-ab7e-78de4929bc9f","61a48094-7453-4b7f-9563-e51f184832f9","JorgiToys","Storm Forge Jubilee X-men Marvel Legends Hasbro","published","0df4aeab-c5e9-4d35-8a9b-e63f391d5a57","Hasbro","","VALID_BRAND","","","39af7eed-0ae2-4c7f-ac30-107d20957036","Marvel","0.95","0.9","TITLE_LICENSE_MATCH:Marvel;TITLE_MANUFACTURER_MATCH:Hasbro","AUTO_ASSIGN_LICENSE","FALSE","Marca/Fabricante válida y aprobada."
"0f108cdf-1337-424d-93d0-dd3199f9564f","61a48094-7453-4b7f-9563-e51f184832f9","JorgiToys","Mega Man Rockman X Full Armor D-arts Bandai","published","35d99a48-df19-4d41-8f1e-944862b40f3e","Bandai","","VALID_BRAND","","","","","0.95","0","TITLE_MANUFACTURER_MATCH:Bandai","KEEP","FALSE","Marca/Fabricante válida y aprobada."
"d549b21f-e45f-4d74-a385-6b2699753f7b","61a48094-7453-4b7f-9563-e51f184832f9","JorgiToys","Dormammu Marvel Legends Xenmu Baf Hasbro","published","0df4aeab-c5e9-4d35-8a9b-e63f391d5a57","Hasbro","","VALID_BRAND","","","39af7eed-0ae2-4c7f-ac30-107d20957036","Marvel","0.95","0.9","TITLE_LICENSE_MATCH:Marvel;TITLE_MANUFACTURER_MATCH:Hasbro","AUTO_ASSIGN_LICENSE","FALSE","Marca/Fabricante válida y aprobada."
"55dad140-d320-4883-9271-f68297a07a6b","61a48094-7453-4b7f-9563-e51f184832f9","JorgiToys","Din Djarin Grogu Mandalorian Star Wars Black Series Hasbro","published","0df4aeab-c5e9-4d35-8a9b-e63f391d5a57","Hasbro","","VALID_BRAND","","","1d4ebf30-350d-4336-9058-90689b87700a","Star Wars","0.95","0.9","TITLE_LICENSE_MATCH:Star Wars;TITLE_MANUFACTURER_MATCH:Hasbro","AUTO_ASSIGN_LICENSE","FALSE","Marca/Fabricante válida y aprobada."
"12824d3c-98ef-4777-b167-e25d9f7377a9","61a48094-7453-4b7f-9563-e51f184832f9","JorgiToys","Marty Mcfly & Einstein Back To The Future Hot Toys Mms573","published","15765f46-949b-485b-bb80-295065015942","Hot Toys","","VALID_BRAND","","","","","0.95","0","TITLE_MANUFACTURER_MATCH:Hot Toys","KEEP","FALSE","Marca/Fabricante válida y aprobada."
"45f85507-eff3-4cf3-a22c-563560e216d9","61a48094-7453-4b7f-9563-e51f184832f9","JorgiToys","Arcade Marvel Legends Xenmu Baf Hasbro","published","0df4aeab-c5e9-4d35-8a9b-e63f391d5a57","Hasbro","","VALID_BRAND","","","39af7eed-0ae2-4c7f-ac30-107d20957036","Marvel","0.95","0.9","TITLE_LICENSE_MATCH:Marvel;TITLE_MANUFACTURER_MATCH:Hasbro","AUTO_ASSIGN_LICENSE","FALSE","Marca/Fabricante válida y aprobada."
"afdbc94f-cf87-4c90-bbfc-3d43adce1705","61a48094-7453-4b7f-9563-e51f184832f9","JorgiToys","Robocop Ultimate Battle Damaged With Chair Neca","published","43edaabc-3910-45ab-b93d-857698fad50b","NECA","","VALID_BRAND","","","","","0.95","0","TITLE_MANUFACTURER_MATCH:NECA","KEEP","FALSE","Marca/Fabricante válida y aprobada."
"ed41c02d-58b5-4932-b30d-ab0614bd8d99","61a48094-7453-4b7f-9563-e51f184832f9","JorgiToys","Storm Black Costume X-men Marvel Legends Hasbro","published","0df4aeab-c5e9-4d35-8a9b-e63f391d5a57","Hasbro","","VALID_BRAND","","","39af7eed-0ae2-4c7f-ac30-107d20957036","Marvel","0.95","0.9","TITLE_LICENSE_MATCH:Marvel;TITLE_MANUFACTURER_MATCH:Hasbro","AUTO_ASSIGN_LICENSE","FALSE","Marca/Fabricante válida y aprobada."
"f93842a1-808f-4196-85d3-a91931dc9250","61a48094-7453-4b7f-9563-e51f184832f9","JorgiToys","Lion-o Thundercats Ultimates Wave1 Super7","published","28865b10-c492-4773-9810-270afa95b3d4","Super7","","VALID_BRAND","","","","","0.95","0","TITLE_MANUFACTURER_MATCH:Super7","KEEP","FALSE","Marca/Fabricante válida y aprobada."
"f3925732-d557-4e4f-8b8e-6ac471f1b1a2","61a48094-7453-4b7f-9563-e51f184832f9","JorgiToys","Ruler Jeanne D'arc Fate Grand Order Figma 366","published","3cceef72-7927-4b1f-90fb-de4d61fd5792","Figma","","VALID_BRAND","","","","","0.95","0","","KEEP","FALSE","Marca/Fabricante válida y aprobada."
"b9fde2ce-abf3-4669-a405-ecb52b4e217c","61a48094-7453-4b7f-9563-e51f184832f9","JorgiToys","Captain Marvel Avengers Endgame Marvel Figuarts Bandai","published","0df4aeab-c5e9-4d35-8a9b-e63f391d5a57","Hasbro","","AMBIGUOUS_BRAND","35d99a48-df19-4d41-8f1e-944862b40f3e","Bandai","39af7eed-0ae2-4c7f-ac30-107d20957036","Marvel","0.75","0.9","TITLE_LICENSE_MATCH:Marvel;TITLE_MANUFACTURER_MATCH:Bandai;TITLE_BRAND_CONTRADICTION","MANUAL_REVIEW","FALSE","Inconsistencia: La marca asignada es ""Hasbro"", pero el título/metadata sugiere ""Bandai""."
"f870bbf0-7fab-48a7-aacb-8ffadc6eec39","61a48094-7453-4b7f-9563-e51f184832f9","JorgiToys","Yoda Star Wars Revenge Of The Sith Figuarts Bandai","published","35d99a48-df19-4d41-8f1e-944862b40f3e","Bandai","","VALID_BRAND","","","1d4ebf30-350d-4336-9058-90689b87700a","Star Wars","0.95","0.9","TITLE_LICENSE_MATCH:Star Wars;TITLE_MANUFACTURER_MATCH:Bandai","AUTO_ASSIGN_LICENSE","FALSE","Marca/Fabricante válida y aprobada."
"bf70953c-9c41-4f5d-96d1-c630f4868e50","61a48094-7453-4b7f-9563-e51f184832f9","JorgiToys","Pikachu Pokemon Figuarts Bandai","published","35d99a48-df19-4d41-8f1e-944862b40f3e","Bandai","","VALID_BRAND","","","","","0.95","0","TITLE_MANUFACTURER_MATCH:Bandai","KEEP","FALSE","Marca/Fabricante válida y aprobada."
"d2d3b323-2df0-45e5-ac69-e5d8fe695f5c","61a48094-7453-4b7f-9563-e51f184832f9","JorgiToys","Ishizaki Ryo Taki Hajime Captain Tsubasa Dasin Model","published","1131563d-5cd6-49f7-a3f1-7511da3e9a13","Dasin Model","","VALID_BRAND","","","","","0.95","0","","KEEP","FALSE","Marca/Fabricante válida y aprobada."
"46d46bfb-db87-49c4-902c-562f837900ea","61a48094-7453-4b7f-9563-e51f184832f9","JorgiToys","Figura Articulada Broadway Colección Gárgolas Neca Ultimate Pvc 17cm","published","43edaabc-3910-45ab-b93d-857698fad50b","NECA","","VALID_BRAND","","","","","0.95","0","TITLE_MANUFACTURER_MATCH:NECA","KEEP","FALSE","Marca/Fabricante válida y aprobada."
"f9744f2a-e288-4b28-8ce8-4670ffd858d3","61a48094-7453-4b7f-9563-e51f184832f9","JorgiToys","Mjolnir Thor Love And Thunder Marvel Legends Hasbro","published","0df4aeab-c5e9-4d35-8a9b-e63f391d5a57","Hasbro","","VALID_BRAND","","","39af7eed-0ae2-4c7f-ac30-107d20957036","Marvel","0.95","0.9","TITLE_LICENSE_MATCH:Marvel;TITLE_MANUFACTURER_MATCH:Hasbro","AUTO_ASSIGN_LICENSE","FALSE","Marca/Fabricante válida y aprobada."
"64b66c6d-f974-4bd4-be78-77bc2ee02e0a","61a48094-7453-4b7f-9563-e51f184832f9","JorgiToys","X-ray Skeleton Esqueleto Disfraz Halloween Hyde And Eek! X-ray Skeleton S","published","29c1fc40-1b27-49e6-9029-b081aecbb625","Hyde and EEK!","","VALID_BRAND","","","","","0.95","0","","KEEP","FALSE","Marca/Fabricante válida y aprobada."
"3e07cf38-8017-4603-a795-4962cb9123b0","61a48094-7453-4b7f-9563-e51f184832f9","JorgiToys","Super Saiyan Goku Full Power Dragon Ball Figuarts Bandai","published","35d99a48-df19-4d41-8f1e-944862b40f3e","Bandai","","VALID_BRAND","","","372f7dd6-f134-4a9e-a1cf-f82497ba6ed3","Dragon Ball","0.95","0.9","TITLE_LICENSE_MATCH:Dragon Ball;TITLE_MANUFACTURER_MATCH:Bandai","AUTO_ASSIGN_LICENSE","FALSE","Marca/Fabricante válida y aprobada."
"ee08a336-9f80-45c1-a40b-a37b27da7458","61a48094-7453-4b7f-9563-e51f184832f9","JorgiToys","Figura De Acción Slash Neca Para Colección Tortugas Ninja Mutantes, 15 Cm Articulada","published","43edaabc-3910-45ab-b93d-857698fad50b","NECA","","VALID_BRAND","","","","","0.95","0","TITLE_MANUFACTURER_MATCH:NECA","KEEP","FALSE","Marca/Fabricante válida y aprobada."
"04b33a17-1c8a-4f8f-81b2-332d08cc4dcb","61a48094-7453-4b7f-9563-e51f184832f9","JorgiToys","Feral Ultimate Predator Depredador Prey Neca Dmg Box","published","43edaabc-3910-45ab-b93d-857698fad50b","NECA","","VALID_BRAND","","","","","0.95","0","TITLE_MANUFACTURER_MATCH:NECA","KEEP","FALSE","Marca/Fabricante válida y aprobada."
"94527ed2-ebea-452d-bf65-2d9796e0d1c7","61a48094-7453-4b7f-9563-e51f184832f9","JorgiToys","Setsuna Meio Pluto Sailor Moon Figuarts Bandai","published","35d99a48-df19-4d41-8f1e-944862b40f3e","Bandai","","VALID_BRAND","","","","","0.95","0","TITLE_MANUFACTURER_MATCH:Bandai","KEEP","FALSE","Marca/Fabricante válida y aprobada."
"5223434a-b379-4c5b-82b5-43f26fd6f03a","61a48094-7453-4b7f-9563-e51f184832f9","JorgiToys","Ragnarok Thor Marvel Legends Hasbro","published","0df4aeab-c5e9-4d35-8a9b-e63f391d5a57","Hasbro","","VALID_BRAND","","","39af7eed-0ae2-4c7f-ac30-107d20957036","Marvel","0.95","0.9","TITLE_LICENSE_MATCH:Marvel;TITLE_MANUFACTURER_MATCH:Hasbro","AUTO_ASSIGN_LICENSE","FALSE","Marca/Fabricante válida y aprobada."
"bbf7019a-7cb3-4a93-b563-d527d81064de","61a48094-7453-4b7f-9563-e51f184832f9","JorgiToys","Wolverine Deadpool & Wolverine Marvel Legends Hasbro","published","0df4aeab-c5e9-4d35-8a9b-e63f391d5a57","Hasbro","","VALID_BRAND","","","39af7eed-0ae2-4c7f-ac30-107d20957036","Marvel","0.95","0.9","TITLE_LICENSE_MATCH:Marvel;TITLE_MANUFACTURER_MATCH:Hasbro","AUTO_ASSIGN_LICENSE","FALSE","Marca/Fabricante válida y aprobada."
"c71dfae4-5727-4f54-a84b-72ef2baacbed","61a48094-7453-4b7f-9563-e51f184832f9","JorgiToys","Warlord Professor X X-men Marvel Legends Hasbro","published","0df4aeab-c5e9-4d35-8a9b-e63f391d5a57","Hasbro","","VALID_BRAND","","","39af7eed-0ae2-4c7f-ac30-107d20957036","Marvel","0.95","0.9","TITLE_LICENSE_MATCH:Marvel;TITLE_MANUFACTURER_MATCH:Hasbro","AUTO_ASSIGN_LICENSE","FALSE","Marca/Fabricante válida y aprobada."
"114ef44f-1ef4-4130-bdf6-c3e7005a5dfd","61a48094-7453-4b7f-9563-e51f184832f9","JorgiToys","Bebop Rocksteady Tortugas Ninja Turtles Neca","published","43edaabc-3910-45ab-b93d-857698fad50b","NECA","","VALID_BRAND","","","","","0.95","0","TITLE_MANUFACTURER_MATCH:NECA","KEEP","FALSE","Marca/Fabricante válida y aprobada."
"f8dd1458-3a0d-4852-93b5-bbac3ed0733e","61a48094-7453-4b7f-9563-e51f184832f9","JorgiToys","Gaara Naruto Shippuden Figuarts Bandai","published","35d99a48-df19-4d41-8f1e-944862b40f3e","Bandai","","VALID_BRAND","","","cf17945b-e570-4369-8b87-6e82bef9bfda","Naruto","0.95","0.9","TITLE_LICENSE_MATCH:Naruto;TITLE_MANUFACTURER_MATCH:Bandai","AUTO_ASSIGN_LICENSE","FALSE","Marca/Fabricante válida y aprobada."
"42bdb8c0-9254-4cdc-b277-2b464fe863df","61a48094-7453-4b7f-9563-e51f184832f9","JorgiToys","Venom Agony Riot Marvel Legends Hasbro","published","0df4aeab-c5e9-4d35-8a9b-e63f391d5a57","Hasbro","","VALID_BRAND","","","39af7eed-0ae2-4c7f-ac30-107d20957036","Marvel","0.95","0.9","TITLE_LICENSE_MATCH:Marvel;TITLE_MANUFACTURER_MATCH:Hasbro","AUTO_ASSIGN_LICENSE","FALSE","Marca/Fabricante válida y aprobada."
"ee08dedd-52bf-45af-a7ea-4c95ba80df04","61a48094-7453-4b7f-9563-e51f184832f9","JorgiToys","Figura Chucky & Tiffany Pack Doble Bride Of Chucky Neca","published","43edaabc-3910-45ab-b93d-857698fad50b","NECA","","VALID_BRAND","","","","","0.95","0","TITLE_MANUFACTURER_MATCH:NECA","KEEP","FALSE","Marca/Fabricante válida y aprobada."
"13a26ff7-e751-49ae-9f33-926a4052ad7e","61a48094-7453-4b7f-9563-e51f184832f9","JorgiToys","Crooked Man Ultimate The Conjuring Universe Neca","published","43edaabc-3910-45ab-b93d-857698fad50b","NECA","","VALID_BRAND","","","","","0.95","0","TITLE_MANUFACTURER_MATCH:NECA","KEEP","FALSE","Marca/Fabricante válida y aprobada."
"7400b98e-7ff5-4669-8570-b456064a1d8f","61a48094-7453-4b7f-9563-e51f184832f9","JorgiToys","The Last Ronin Unarmored Tortugas Ninja Turtles Neca","published","43edaabc-3910-45ab-b93d-857698fad50b","NECA","","VALID_BRAND","","","","","0.95","0","TITLE_MANUFACTURER_MATCH:NECA","KEEP","FALSE","Marca/Fabricante válida y aprobada."
"93587a38-9ba0-4ee8-9e61-10ce70fdfda9","61a48094-7453-4b7f-9563-e51f184832f9","JorgiToys","R2-d2 Star Wars A New Hope Figuarts Bandai","published","35d99a48-df19-4d41-8f1e-944862b40f3e","Bandai","","VALID_BRAND","","","1d4ebf30-350d-4336-9058-90689b87700a","Star Wars","0.95","0.9","TITLE_LICENSE_MATCH:Star Wars;TITLE_MANUFACTURER_MATCH:Bandai","AUTO_ASSIGN_LICENSE","FALSE","Marca/Fabricante válida y aprobada."
"57cbda50-6807-4d97-9e84-7b39403a47e8","61a48094-7453-4b7f-9563-e51f184832f9","JorgiToys","Son Goku Ultra Instinct Sign Dragon Ball Super Evolve Bandai","published","35d99a48-df19-4d41-8f1e-944862b40f3e","Bandai","","VALID_BRAND","","","372f7dd6-f134-4a9e-a1cf-f82497ba6ed3","Dragon Ball","0.95","0.9","TITLE_LICENSE_MATCH:Dragon Ball;TITLE_MANUFACTURER_MATCH:Bandai","AUTO_ASSIGN_LICENSE","FALSE","Marca/Fabricante válida y aprobada."
"90013ddf-db66-4917-b848-7b792018a2e1","61a48094-7453-4b7f-9563-e51f184832f9","JorgiToys","Warbird Dark Avengers Marvel Legends Hasbro","published","0df4aeab-c5e9-4d35-8a9b-e63f391d5a57","Hasbro","","VALID_BRAND","","","39af7eed-0ae2-4c7f-ac30-107d20957036","Marvel","0.95","0.9","TITLE_LICENSE_MATCH:Marvel;TITLE_MANUFACTURER_MATCH:Hasbro","AUTO_ASSIGN_LICENSE","FALSE","Marca/Fabricante válida y aprobada."
"df3f1a04-05f1-4831-8a7d-febd0fe427eb","61a48094-7453-4b7f-9563-e51f184832f9","JorgiToys","Carnage Symbiote Spiderman 90's Animated Marvel Legends","published","0df4aeab-c5e9-4d35-8a9b-e63f391d5a57","Hasbro","","VALID_BRAND","","","39af7eed-0ae2-4c7f-ac30-107d20957036","Marvel","0.95","0.9","TITLE_LICENSE_MATCH:Marvel;TITLE_MANUFACTURER_MATCH:Hasbro","AUTO_ASSIGN_LICENSE","FALSE","Marca/Fabricante válida y aprobada."
"ca056d1c-2698-40ed-a454-12f57833b5a9","61a48094-7453-4b7f-9563-e51f184832f9","JorgiToys","Sigma Mega Man Rockman Figuarts Zero Bandai","published","35d99a48-df19-4d41-8f1e-944862b40f3e","Bandai","","VALID_BRAND","","","","","0.95","0","TITLE_MANUFACTURER_MATCH:Bandai","KEEP","FALSE","Marca/Fabricante válida y aprobada."
"32ada309-b7c9-482a-84a4-7b79b8e99139","61a48094-7453-4b7f-9563-e51f184832f9","JorgiToys","Super Saiyan Trunks Dragon Ball Evolve Bandai","published","35d99a48-df19-4d41-8f1e-944862b40f3e","Bandai","","VALID_BRAND","","","372f7dd6-f134-4a9e-a1cf-f82497ba6ed3","Dragon Ball","0.95","0.9","TITLE_LICENSE_MATCH:Dragon Ball;TITLE_MANUFACTURER_MATCH:Bandai","AUTO_ASSIGN_LICENSE","FALSE","Marca/Fabricante válida y aprobada."
"68985ee4-49c9-42d1-8c87-4afdd09c244a","61a48094-7453-4b7f-9563-e51f184832f9","JorgiToys","Cable X-men Marvel Legends Zabu Baf Hasbro","published","0df4aeab-c5e9-4d35-8a9b-e63f391d5a57","Hasbro","","VALID_BRAND","","","39af7eed-0ae2-4c7f-ac30-107d20957036","Marvel","0.95","0.9","TITLE_LICENSE_MATCH:Marvel;TITLE_MANUFACTURER_MATCH:Hasbro","AUTO_ASSIGN_LICENSE","FALSE","Marca/Fabricante válida y aprobada."
"7c84ee94-1cfd-4859-9d5f-e78848dfa91b","61a48094-7453-4b7f-9563-e51f184832f9","JorgiToys","Charizard Pokemon D-arts Bandai","published","35d99a48-df19-4d41-8f1e-944862b40f3e","Bandai","","VALID_BRAND","","","","","0.95","0","TITLE_MANUFACTURER_MATCH:Bandai","KEEP","FALSE","Marca/Fabricante válida y aprobada."
"d3b8cf71-eada-4ae5-bfc4-467cf80366a2","61a48094-7453-4b7f-9563-e51f184832f9","JorgiToys","Laurie Strode Ultimate Halloween (2018) Neca","published","43edaabc-3910-45ab-b93d-857698fad50b","NECA","","VALID_BRAND","","","","","0.95","0","TITLE_MANUFACTURER_MATCH:NECA","KEEP","FALSE","Marca/Fabricante válida y aprobada."
"273f6679-52de-40a4-a1b4-58ade8bd0c20","61a48094-7453-4b7f-9563-e51f184832f9","JorgiToys","Chao Mascot Tails Sonic 3 La Película Series 2 Jakks Pacific","published","4c557954-aa44-444a-96c8-f1c714d5847f","Jakks Pacific","","VALID_BRAND","","","e0b9f1da-0b23-4007-905a-8c6ce242d445","Sonic","0.95","0.9","TITLE_LICENSE_MATCH:Sonic;TITLE_MANUFACTURER_MATCH:Jakks Pacific","AUTO_ASSIGN_LICENSE","FALSE","Marca/Fabricante válida y aprobada."
"18b69ef6-a202-4648-a142-327432bc23c3","61a48094-7453-4b7f-9563-e51f184832f9","JorgiToys","Yoshi Super Mario Figuarts Bandai Muñeco Figura","published","35d99a48-df19-4d41-8f1e-944862b40f3e","Bandai","","VALID_BRAND","","","","","0.95","0","TITLE_MANUFACTURER_MATCH:Bandai","KEEP","FALSE","Marca/Fabricante válida y aprobada."
"7862de52-3ba6-4583-9899-381d8b7ec6ae","61a48094-7453-4b7f-9563-e51f184832f9","JorgiToys","Michelangelo Mummy Universal Monsters Ninja Turtles Neca","published","43edaabc-3910-45ab-b93d-857698fad50b","NECA","","VALID_BRAND","","","","","0.95","0","TITLE_MANUFACTURER_MATCH:NECA","KEEP","FALSE","Marca/Fabricante válida y aprobada."
"b9e1e606-15ab-4413-b5e3-320c33678b3f","61a48094-7453-4b7f-9563-e51f184832f9","JorgiToys","Growlithe The Pokemon Company Peluche 25cm","published","4d53b85f-735f-4b4f-9011-211a8b34d11d","The Pokémon Company","","VALID_BRAND","","","","","0.95","0","","KEEP","FALSE","Marca/Fabricante válida y aprobada."
"3a2a7e55-bc22-4965-82f9-255aa3b948fd","61a48094-7453-4b7f-9563-e51f184832f9","JorgiToys","Jolteon Eevee Pokemon Center Peluche 20cm","published","b2d190fa-057b-44b8-868e-ced887d9e55a","TakaraTomy","","VALID_BRAND","","","","","0.95","0","","KEEP","FALSE","Marca/Fabricante válida y aprobada."
"bbcede17-a268-4913-81bc-73b166f72c41","61a48094-7453-4b7f-9563-e51f184832f9","JorgiToys","Resident Evil 4 Remake Standard Edition (físico)","published","41853471-c222-41f6-b97a-059b08db5c90","Capcom","","VALID_BRAND","","","","","0.95","0","","KEEP","FALSE","Marca/Fabricante válida y aprobada."
"c95c884c-4ffa-452e-9269-08994c617ac8","61a48094-7453-4b7f-9563-e51f184832f9","JorgiToys","Demona Ultimate Gargoyles Disney Neca","published","43edaabc-3910-45ab-b93d-857698fad50b","NECA","","VALID_BRAND","","","c948500a-b519-4843-82fd-a70f782c8571","Disney","0.95","0.9","TITLE_LICENSE_MATCH:Disney;TITLE_MANUFACTURER_MATCH:NECA","AUTO_ASSIGN_LICENSE","FALSE","Marca/Fabricante válida y aprobada."
"2ef62592-3ebd-4269-bb92-b92860f78769","61a48094-7453-4b7f-9563-e51f184832f9","JorgiToys","Super Saiyan God Ss Gogeta Dragon Ball Evolve Bandai","published","35d99a48-df19-4d41-8f1e-944862b40f3e","Bandai","","VALID_BRAND","","","372f7dd6-f134-4a9e-a1cf-f82497ba6ed3","Dragon Ball","0.95","0.9","TITLE_LICENSE_MATCH:Dragon Ball;TITLE_MANUFACTURER_MATCH:Bandai","AUTO_ASSIGN_LICENSE","FALSE","Marca/Fabricante válida y aprobada."
"3ae3283b-3419-4d67-8ff8-c919551e6051","61a48094-7453-4b7f-9563-e51f184832f9","JorgiToys","Ekans The Pokemon Company Peluche 100cm","published","4d53b85f-735f-4b4f-9011-211a8b34d11d","The Pokémon Company","","VALID_BRAND","","","","","0.95","0","","KEEP","FALSE","Marca/Fabricante válida y aprobada."
"4117f732-58fb-422f-b975-e2b431d09fd1","61a48094-7453-4b7f-9563-e51f184832f9","JorgiToys","Rowlet The Pokemon Company Peluche 25cm","published","4d53b85f-735f-4b4f-9011-211a8b34d11d","The Pokémon Company","","VALID_BRAND","","","","","0.95","0","","KEEP","FALSE","Marca/Fabricante válida y aprobada."
"46115eb4-4af9-4f45-a96f-8d1a1dcfe0d7","61a48094-7453-4b7f-9563-e51f184832f9","JorgiToys","Dragon Shiryu Saint Seiya Cosmo Memoir Bandai Banpresto","published","46b57b4d-a454-4fdd-ad71-5920d9def3dd","Banpresto","","VALID_BRAND","","","","","0.95","0","TITLE_MANUFACTURER_MATCH:Bandai","KEEP","FALSE","Marca/Fabricante válida y aprobada."
"5aaa7b32-881b-486f-8053-5516a10ff17a","61a48094-7453-4b7f-9563-e51f184832f9","JorgiToys","Michael Myers Ultimate Halloween Kills Neca","published","43edaabc-3910-45ab-b93d-857698fad50b","NECA","","VALID_BRAND","","","","","0.95","0","TITLE_MANUFACTURER_MATCH:NECA","KEEP","FALSE","Marca/Fabricante válida y aprobada."
"1d84ff42-655e-48a0-9ff2-1ba2018bda4c","61a48094-7453-4b7f-9563-e51f184832f9","JorgiToys","Batman The Adventures Continue Dc Collectibles","published","ad5d4bf0-769c-49ea-9d84-211a2fb33a68","DC Collectibles","","VALID_BRAND","","","8956afcb-0f0d-4be9-b26e-3d9ff47ebc1b","DC","0.95","0.9","TITLE_LICENSE_MATCH:DC","AUTO_ASSIGN_LICENSE","FALSE","Marca/Fabricante válida y aprobada."
"8ff6806d-8fcc-4a87-af87-0210cef76b15","61a48094-7453-4b7f-9563-e51f184832f9","JorgiToys","Red Hood Batman Adventures Continue Page Punchers Mcfarlane","published","c2451c65-4354-4955-8afd-ad4bffecd26c","Mcfarlane","","VALID_BRAND","","","","","0.95","0","TITLE_MANUFACTURER_MATCH:McFarlane Toys","KEEP","FALSE","Marca/Fabricante válida y aprobada."
"979670dd-6733-4702-87d7-7642a5c5ac6f","61a48094-7453-4b7f-9563-e51f184832f9","JorgiToys","Miner My Bloody Valentine Ultimate Neca","published","43edaabc-3910-45ab-b93d-857698fad50b","NECA","","VALID_BRAND","","","","","0.95","0","TITLE_MANUFACTURER_MATCH:NECA","KEEP","FALSE","Marca/Fabricante válida y aprobada."
"e3356240-1912-456e-badd-cb42d64c5ac0","61a48094-7453-4b7f-9563-e51f184832f9","JorgiToys","Mega Gengar The Pokemon Company Peluche 20cm","published","4d53b85f-735f-4b4f-9011-211a8b34d11d","The Pokémon Company","","VALID_BRAND","","","","","0.95","0","","KEEP","FALSE","Marca/Fabricante válida y aprobada."
"12bda238-47df-4550-b931-2d2c636baa59","61a48094-7453-4b7f-9563-e51f184832f9","JorgiToys","Batman Justice League Animated Dc Collectibles","published","ad5d4bf0-769c-49ea-9d84-211a2fb33a68","DC Collectibles","","VALID_BRAND","","","8956afcb-0f0d-4be9-b26e-3d9ff47ebc1b","DC","0.95","0.9","TITLE_LICENSE_MATCH:DC","AUTO_ASSIGN_LICENSE","FALSE","Marca/Fabricante válida y aprobada."
"71a5ff39-3b6b-41a9-a853-4fa39dbc135b","61a48094-7453-4b7f-9563-e51f184832f9","JorgiToys","Baby Five Nights At Freddy S Muñeco","published","fac762b8-889d-4f6d-bf1c-da9f06dab0d7","Genérica","","GENERIC_BRAND","","","","","0","0","GENERIC_BRAND_DETECTED","REQUIRES_VENDOR_ATTENTION","FALSE","El producto utiliza una marca genérica no permitida a vendedores (""Genérica"")."
"6ec12cf2-c075-4eee-8639-258558b54865","61a48094-7453-4b7f-9563-e51f184832f9","JorgiToys","The Catwoman From Channel 6 Tortugas Ninja Turtles Neca","published","43edaabc-3910-45ab-b93d-857698fad50b","NECA","","VALID_BRAND","","","","","0.95","0","TITLE_MANUFACTURER_MATCH:NECA","KEEP","FALSE","Marca/Fabricante válida y aprobada."
"0e697b06-a2b5-4b47-b622-5d9fa02a787c","61a48094-7453-4b7f-9563-e51f184832f9","JorgiToys","The Last Ronin Rogue Derelict Tortugas Ninja Turtles Neca","published","43edaabc-3910-45ab-b93d-857698fad50b","NECA","","VALID_BRAND","","","","","0.95","0","TITLE_MANUFACTURER_MATCH:NECA","KEEP","FALSE","Marca/Fabricante válida y aprobada."
"1e10730a-3c39-4069-a677-01d87ed3fced","61a48094-7453-4b7f-9563-e51f184832f9","JorgiToys","Goliath Ultimate Gargoyles Disney Neca","published","46b57b4d-a454-4fdd-ad71-5920d9def3dd","Banpresto","","AMBIGUOUS_BRAND","43edaabc-3910-45ab-b93d-857698fad50b","NECA","c948500a-b519-4843-82fd-a70f782c8571","Disney","0.75","0.9","TITLE_LICENSE_MATCH:Disney;TITLE_MANUFACTURER_MATCH:NECA;TITLE_BRAND_CONTRADICTION","MANUAL_REVIEW","FALSE","Inconsistencia: La marca asignada es ""Banpresto"", pero el título/metadata sugiere ""NECA""."
"1f97eb61-cf75-4c63-b300-55d10806b3b1","61a48094-7453-4b7f-9563-e51f184832f9","JorgiToys","Ursula Villains Princesas Disney Sirenita Disfraz Disguise Ursula S","published","4fc219c0-46af-4370-9676-6aeef1f35062","Disguise","","VALID_BRAND","","","c948500a-b519-4843-82fd-a70f782c8571","Disney","0.95","0.9","TITLE_LICENSE_MATCH:Disney","AUTO_ASSIGN_LICENSE","FALSE","Marca/Fabricante válida y aprobada."
"0446ec92-cba0-4719-9158-a76c886692d9","61a48094-7453-4b7f-9563-e51f184832f9","JorgiToys","Figura Articulada Thailog De Gárgolas Neca Coleccionable Plástico 20cm","published","43edaabc-3910-45ab-b93d-857698fad50b","NECA","","VALID_BRAND","","","","","0.95","0","TITLE_MANUFACTURER_MATCH:NECA","KEEP","FALSE","Marca/Fabricante válida y aprobada."
"3e026baf-c1a8-4091-9763-823cf782db17","61a48094-7453-4b7f-9563-e51f184832f9","JorgiToys","Figura Articulada Neca Freddy Krueger Nightmare On Elm Street Ultimate","published","43edaabc-3910-45ab-b93d-857698fad50b","NECA","","VALID_BRAND","","","","","0.95","0","TITLE_MANUFACTURER_MATCH:NECA","KEEP","FALSE","Marca/Fabricante válida y aprobada."
"33de71b2-93a7-4d88-8cfe-0140c72887ec","61a48094-7453-4b7f-9563-e51f184832f9","JorgiToys","Mer Man He-man Motu Club Grayskull Filmation Super7 Muñeco","published","28865b10-c492-4773-9810-270afa95b3d4","Super7","","VALID_BRAND","","","","","0.95","0","TITLE_MANUFACTURER_MATCH:Super7","KEEP","FALSE","Marca/Fabricante válida y aprobada."
"ec0ea48a-3dc9-4f1b-9400-1cccfa40e49b","61a48094-7453-4b7f-9563-e51f184832f9","JorgiToys","Red Hulk Marvel Select","published","5f1f8d40-ec5c-4e95-9c55-7676bc9308b5","Marvel","","LICENSE_AS_BRAND","","","39af7eed-0ae2-4c7f-ac30-107d20957036","Marvel","0.4","0.95","CURRENT_BRAND_IS_LICENSE:Marvel","MANUAL_REVIEW","FALSE","La marca actual (""Marvel"") es una Licencia/Franquicia y no el Fabricante del producto. | No se detectó evidencia del fabricante real. Se requiere revisión manual sin inventar marca."
"00b790c9-aef1-4fe1-8cad-3f22be39502c","61a48094-7453-4b7f-9563-e51f184832f9","JorgiToys","4 Pack Tortugas Ninja Turtles 2 Secret Of The Ooze Neca","published","43edaabc-3910-45ab-b93d-857698fad50b","NECA","","VALID_BRAND","","","","","0.95","0","TITLE_MANUFACTURER_MATCH:NECA","KEEP","FALSE","Marca/Fabricante válida y aprobada."
"210341a7-835e-4636-98ac-e821e5cee546","61a48094-7453-4b7f-9563-e51f184832f9","JorgiToys","Mecha Sonic The Hedgehog Dr. Eggman 10cm Jakks Pacific","published","4c557954-aa44-444a-96c8-f1c714d5847f","Jakks Pacific","","VALID_BRAND","","","e0b9f1da-0b23-4007-905a-8c6ce242d445","Sonic","0.95","0.9","TITLE_LICENSE_MATCH:Sonic;TITLE_MANUFACTURER_MATCH:Jakks Pacific","AUTO_ASSIGN_LICENSE","FALSE","Marca/Fabricante válida y aprobada."
"fa63db83-4136-4493-ab63-59c0bc14e6a1","61a48094-7453-4b7f-9563-e51f184832f9","JorgiToys","Casey Jones Tortugas Ninja Turtles Ultimates Wave4 Super7","published","28865b10-c492-4773-9810-270afa95b3d4","Super7","","VALID_BRAND","","","","","0.95","0","TITLE_MANUFACTURER_MATCH:Super7","KEEP","FALSE","Marca/Fabricante válida y aprobada."
"50b53d2e-9120-4026-bed9-bc2c8c95e31c","61a48094-7453-4b7f-9563-e51f184832f9","JorgiToys","Skeletor Ultimate He-man Club Grayskull Filmation Super7","published","28865b10-c492-4773-9810-270afa95b3d4","Super7","","VALID_BRAND","","","","","0.95","0","TITLE_MANUFACTURER_MATCH:Super7","KEEP","FALSE","Marca/Fabricante válida y aprobada."
"361328f3-6b57-4c2b-8f71-4764479af765","61a48094-7453-4b7f-9563-e51f184832f9","JorgiToys","Steel Clan Robot Ultimate Gargoyles Disney Neca","published","43edaabc-3910-45ab-b93d-857698fad50b","NECA","","VALID_BRAND","","","c948500a-b519-4843-82fd-a70f782c8571","Disney","0.95","0.9","TITLE_LICENSE_MATCH:Disney;TITLE_MANUFACTURER_MATCH:NECA","AUTO_ASSIGN_LICENSE","FALSE","Marca/Fabricante válida y aprobada."
"3cb51639-277f-491a-80d9-8969ded9b4b1","61a48094-7453-4b7f-9563-e51f184832f9","JorgiToys","Bulbasaur The Pokemon Company Peluche 30x30cm","published","4d53b85f-735f-4b4f-9011-211a8b34d11d","The Pokémon Company","","VALID_BRAND","","","","","0.95","0","","KEEP","FALSE","Marca/Fabricante válida y aprobada."
"da49ed59-228b-4fb8-b99a-f5b1486e1f0d","61a48094-7453-4b7f-9563-e51f184832f9","JorgiToys","Creature Black Lagoon Black & White Universal Monsters Neca","published","43edaabc-3910-45ab-b93d-857698fad50b","NECA","","VALID_BRAND","","","","","0.95","0","TITLE_MANUFACTURER_MATCH:NECA","KEEP","FALSE","Marca/Fabricante válida y aprobada."
"d57b0620-af8a-45b8-b2a1-27f4f691ffbd","61a48094-7453-4b7f-9563-e51f184832f9","JorgiToys","Pavitr Prabhakar Spiderman Across Spider Verse Marvel Legend","published","5f1f8d40-ec5c-4e95-9c55-7676bc9308b5","Marvel","","LICENSE_AS_BRAND","","","39af7eed-0ae2-4c7f-ac30-107d20957036","Marvel","0.4","0.95","CURRENT_BRAND_IS_LICENSE:Marvel","MANUAL_REVIEW","FALSE","La marca actual (""Marvel"") es una Licencia/Franquicia y no el Fabricante del producto. | No se detectó evidencia del fabricante real. Se requiere revisión manual sin inventar marca."
"181cde0c-d8a3-47b8-a83a-87e5a742b2f4","61a48094-7453-4b7f-9563-e51f184832f9","JorgiToys","Accessory Pack Tortugas Ninja Turtles 2 Secret Ooze Neca","published","43edaabc-3910-45ab-b93d-857698fad50b","NECA","","VALID_BRAND","","","","","0.95","0","TITLE_MANUFACTURER_MATCH:NECA","KEEP","FALSE","Marca/Fabricante válida y aprobada."
"2c0ee182-66e3-4ba7-8964-12e367db73ae","61a48094-7453-4b7f-9563-e51f184832f9","JorgiToys","Super Skrull Avengers Marvel Legends Hasbro Loose","published","5f1f8d40-ec5c-4e95-9c55-7676bc9308b5","Marvel","","LICENSE_AS_BRAND","0df4aeab-c5e9-4d35-8a9b-e63f391d5a57","Hasbro","39af7eed-0ae2-4c7f-ac30-107d20957036","Marvel","0.88","0.95","CURRENT_BRAND_IS_LICENSE:Marvel;TITLE_MANUFACTURER_MATCH:Hasbro","MANUAL_REVIEW","FALSE","La marca actual (""Marvel"") es una Licencia/Franquicia y no el Fabricante del producto. | Fabricante sugerido: ""Hasbro""."
"945695e4-a2b4-4c93-8afb-f49ef4e2231e","61a48094-7453-4b7f-9563-e51f184832f9","JorgiToys","Deadpool & Wolverine Película Marvel Legends Hasbro","published","5f1f8d40-ec5c-4e95-9c55-7676bc9308b5","Marvel","","LICENSE_AS_BRAND","0df4aeab-c5e9-4d35-8a9b-e63f391d5a57","Hasbro","39af7eed-0ae2-4c7f-ac30-107d20957036","Marvel","0.88","0.95","CURRENT_BRAND_IS_LICENSE:Marvel;TITLE_MANUFACTURER_MATCH:Hasbro","MANUAL_REVIEW","FALSE","La marca actual (""Marvel"") es una Licencia/Franquicia y no el Fabricante del producto. | Fabricante sugerido: ""Hasbro""."
"0da42f0d-dea6-458c-9779-a7c63942145f","61a48094-7453-4b7f-9563-e51f184832f9","JorgiToys","Vulpix The Pokemon Company Peluche 25cm","published","4d53b85f-735f-4b4f-9011-211a8b34d11d","The Pokémon Company","","VALID_BRAND","","","","","0.95","0","","KEEP","FALSE","Marca/Fabricante válida y aprobada."
"ecab95da-554e-4b42-995d-cffff61ff75d","61a48094-7453-4b7f-9563-e51f184832f9","JorgiToys","Palkia Origin Form Pokemon Banpresto Peluche 32cm","published","5a3ac280-b44b-4d7b-a644-cdf6610e5e9a","Banpresto","","VALID_BRAND","","","","","0.95","0","TITLE_MANUFACTURER_MATCH:Bandai","KEEP","FALSE","Marca/Fabricante válida y aprobada."
"cadcd72c-86fb-4682-b769-b7b287a844fe","61a48094-7453-4b7f-9563-e51f184832f9","JorgiToys","T-rex Grey Jurassic World Lentes De Sol Uv400 Sun Statches T-rex Grey Gris","published","63e5e022-f208-433b-835d-63e90dcefc6a","Sun Statches","","VALID_BRAND","","","","","0.95","0","","KEEP","FALSE","Marca/Fabricante válida y aprobada."
"ee860a08-75fd-41f1-832d-21cecb342dcc","61a48094-7453-4b7f-9563-e51f184832f9","JorgiToys","Miles Morales Spiderman Into Spider-verse Hot Toys Mms567","published","5f1f8d40-ec5c-4e95-9c55-7676bc9308b5","Marvel","","LICENSE_AS_BRAND","15765f46-949b-485b-bb80-295065015942","Hot Toys","39af7eed-0ae2-4c7f-ac30-107d20957036","Marvel","0.88","0.95","CURRENT_BRAND_IS_LICENSE:Marvel;TITLE_MANUFACTURER_MATCH:Hot Toys","MANUAL_REVIEW","FALSE","La marca actual (""Marvel"") es una Licencia/Franquicia y no el Fabricante del producto. | Fabricante sugerido: ""Hot Toys""."
"3a97bbe2-1312-43d0-a5b1-1ce9192f89ac","61a48094-7453-4b7f-9563-e51f184832f9","JorgiToys","Metalhead Tortugas Ninja Turtles Ultimates Wave3 Super7","published","28865b10-c492-4773-9810-270afa95b3d4","Super7","","VALID_BRAND","","","","","0.95","0","TITLE_MANUFACTURER_MATCH:Super7","KEEP","FALSE","Marca/Fabricante válida y aprobada."
"1abd979c-5360-43cc-af8c-8f006b23a2e8","61a48094-7453-4b7f-9563-e51f184832f9","JorgiToys","Jason Voorhees Freddy Vs Jason Ultimate Neca","published","43edaabc-3910-45ab-b93d-857698fad50b","NECA","","VALID_BRAND","","","","","0.95","0","TITLE_MANUFACTURER_MATCH:NECA","KEEP","FALSE","Marca/Fabricante válida y aprobada."
"4745fdca-00ac-4f5b-80ea-56eeb752eb47","61a48094-7453-4b7f-9563-e51f184832f9","JorgiToys","Capitan America Mascara Disfraz Cosplay Marvel Azul Marino Captain America","published","fac762b8-889d-4f6d-bf1c-da9f06dab0d7","Genérica","","GENERIC_BRAND","","","39af7eed-0ae2-4c7f-ac30-107d20957036","Marvel","0","0.9","TITLE_LICENSE_MATCH:Marvel;GENERIC_BRAND_DETECTED","REQUIRES_VENDOR_ATTENTION","FALSE","El producto utiliza una marca genérica no permitida a vendedores (""Genérica"")."
"fba25344-a45d-4983-b603-4e59aaf5b050","61a48094-7453-4b7f-9563-e51f184832f9","JorgiToys","Darth Maul Sith Speeder Star Wars Black Series Hasbro","published","805f40a4-b371-40ac-ba05-ee277b20dd27","Star Wars","","LICENSE_AS_BRAND","0df4aeab-c5e9-4d35-8a9b-e63f391d5a57","Hasbro","1d4ebf30-350d-4336-9058-90689b87700a","Star Wars","0.88","0.95","CURRENT_BRAND_IS_LICENSE:Star Wars;TITLE_MANUFACTURER_MATCH:Hasbro","MANUAL_REVIEW","FALSE","La marca actual (""Star Wars"") es una Licencia/Franquicia y no el Fabricante del producto. | Fabricante sugerido: ""Hasbro""."
"d36ea0b2-1e04-4a24-9752-08ce880320ee","61a48094-7453-4b7f-9563-e51f184832f9","JorgiToys","Shadow Sonic The Hedgehog Gorro Shadow Único, Ajustable","published","","","","MISSING_BRAND","","","e0b9f1da-0b23-4007-905a-8c6ce242d445","Sonic","0","0.9","TITLE_LICENSE_MATCH:Sonic","REQUIRES_VENDOR_ATTENTION","FALSE","El producto no posee marca asignada (brand_id es NULL)."
"9092897f-7d5f-4a76-bac2-d0cebca768a4","61a48094-7453-4b7f-9563-e51f184832f9","JorgiToys","Figura Articulada Crabmeat Sonic The Hedgehog 6cm Coleccionable","published","","","","MISSING_BRAND","","","e0b9f1da-0b23-4007-905a-8c6ce242d445","Sonic","0","0.9","TITLE_LICENSE_MATCH:Sonic","REQUIRES_VENDOR_ATTENTION","FALSE","El producto no posee marca asignada (brand_id es NULL)."
"cc0fff7f-a96f-49fc-b103-f70ddeec21f3","61a48094-7453-4b7f-9563-e51f184832f9","JorgiToys","Magikarp The Pokemon Company Peluche 30cm","published","4d53b85f-735f-4b4f-9011-211a8b34d11d","The Pokémon Company","","VALID_BRAND","","","","","0.95","0","","KEEP","FALSE","Marca/Fabricante válida y aprobada."
"abde7f97-2128-46c1-8383-61dd8e2b5f15","61a48094-7453-4b7f-9563-e51f184832f9","JorgiToys","Snorlax The Pokemon Company Peluche 25cm","published","4d53b85f-735f-4b4f-9011-211a8b34d11d","The Pokémon Company","","VALID_BRAND","","","","","0.95","0","","KEEP","FALSE","Marca/Fabricante válida y aprobada."
"4b8cd2ed-21be-4675-a4ad-cfe4f65e6be6","61a48094-7453-4b7f-9563-e51f184832f9","JorgiToys","Poppolio The Pokemon Company Peluche 30cm","published","4d53b85f-735f-4b4f-9011-211a8b34d11d","The Pokémon Company","","VALID_BRAND","","","","","0.95","0","","KEEP","FALSE","Marca/Fabricante válida y aprobada."
"c6a7cd08-fb6a-4d39-9381-4de2301214e3","61a48094-7453-4b7f-9563-e51f184832f9","JorgiToys","Mondo Gecko Tortugas Ninja Turtles Ultimates Wave4 Super7","published","28865b10-c492-4773-9810-270afa95b3d4","Super7","","VALID_BRAND","","","","","0.95","0","TITLE_MANUFACTURER_MATCH:Super7","KEEP","FALSE","Marca/Fabricante válida y aprobada."
"698966a3-4213-43ea-952b-7e2d339bc685","61a48094-7453-4b7f-9563-e51f184832f9","JorgiToys","Figura De Acción De Pinocho Disney Ultimates Articulada Y Coleccionable","published","79352f1b-f900-4f8a-97dc-74649d3022d2","Disney","","LICENSE_AS_BRAND","28865b10-c492-4773-9810-270afa95b3d4","Super7","c948500a-b519-4843-82fd-a70f782c8571","Disney","0.88","0.95","CURRENT_BRAND_IS_LICENSE:Disney;TITLE_MANUFACTURER_MATCH:Super7","MANUAL_REVIEW","FALSE","La marca actual (""Disney"") es una Licencia/Franquicia y no el Fabricante del producto. | Fabricante sugerido: ""Super7""."
"2cb63a0f-b4d7-40df-ad48-b91b965692e5","61a48094-7453-4b7f-9563-e51f184832f9","JorgiToys","Gyrados Pokemon Center Peluche 56cm","published","b2d190fa-057b-44b8-868e-ced887d9e55a","TakaraTomy","","VALID_BRAND","","","","","0.95","0","","KEEP","FALSE","Marca/Fabricante válida y aprobada."
"6974e3f2-1ff1-4dc3-85ca-96a39e1627c2","61a48094-7453-4b7f-9563-e51f184832f9","JorgiToys","Charmander Pokemon Takara Tomy Peluche 20cm","published","b2d190fa-057b-44b8-868e-ced887d9e55a","TakaraTomy","","VALID_BRAND","","","","","0.95","0","TITLE_MANUFACTURER_MATCH:Takara Tomy","KEEP","FALSE","Marca/Fabricante válida y aprobada."
"2c1bccf6-2696-4e4d-90cc-0b7c28b585ea","61a48094-7453-4b7f-9563-e51f184832f9","JorgiToys","Robin Teen Titans Go! Jovenes Titanes Peluche 25cm Robin","published","fac762b8-889d-4f6d-bf1c-da9f06dab0d7","Genérica","","GENERIC_BRAND","","","","","0","0","GENERIC_BRAND_DETECTED","REQUIRES_VENDOR_ATTENTION","FALSE","El producto utiliza una marca genérica no permitida a vendedores (""Genérica"")."
"a5ca9a9f-3352-480d-8c47-9f2ed83c99c2","61a48094-7453-4b7f-9563-e51f184832f9","JorgiToys","Piplup The Pokemon Company Peluche 25cm","published","4d53b85f-735f-4b4f-9011-211a8b34d11d","The Pokémon Company","","VALID_BRAND","","","","","0.95","0","","KEEP","FALSE","Marca/Fabricante válida y aprobada."
"2cf4a1a1-2c40-4c05-9644-75d0e8c79029","61a48094-7453-4b7f-9563-e51f184832f9","JorgiToys","Simba The Lion King El Rey León Disney Store Peluche 18cm","published","79352f1b-f900-4f8a-97dc-74649d3022d2","Disney","","LICENSE_AS_BRAND","","","c948500a-b519-4843-82fd-a70f782c8571","Disney","0.4","0.95","CURRENT_BRAND_IS_LICENSE:Disney","MANUAL_REVIEW","FALSE","La marca actual (""Disney"") es una Licencia/Franquicia y no el Fabricante del producto. | No se detectó evidencia del fabricante real. Se requiere revisión manual sin inventar marca."
"191c7b7f-5276-44ee-88b9-2db79697ebaa","61a48094-7453-4b7f-9563-e51f184832f9","JorgiToys","Pichu The Pokemon Company Peluche 28cm","published","4d53b85f-735f-4b4f-9011-211a8b34d11d","The Pokémon Company","","VALID_BRAND","","","","","0.95","0","","KEEP","FALSE","Marca/Fabricante válida y aprobada."
"6312d0ca-b837-42d8-87bc-308fdab6aa62","61a48094-7453-4b7f-9563-e51f184832f9","JorgiToys","Eevee The Pokemon Company Peluche 25cm","published","4d53b85f-735f-4b4f-9011-211a8b34d11d","The Pokémon Company","","VALID_BRAND","","","","","0.95","0","","KEEP","FALSE","Marca/Fabricante válida y aprobada."
"dc9b001f-bc6b-4f36-bdc0-7e96e93062ef","61a48094-7453-4b7f-9563-e51f184832f9","JorgiToys","The Joker Deluxe Edition Dc Mezco One:12 Exclusive","published","65e6db0a-f7cc-49e4-9d2e-2bac37eaf8da","Mezco Toyz","","VALID_BRAND","","","8956afcb-0f0d-4be9-b26e-3d9ff47ebc1b","DC","0.95","0.9","TITLE_LICENSE_MATCH:DC;TITLE_MANUFACTURER_MATCH:Mezco Toyz","AUTO_ASSIGN_LICENSE","FALSE","Marca/Fabricante válida y aprobada."
"725fd036-adbc-4ae0-b0d4-e07df15a28f3","61a48094-7453-4b7f-9563-e51f184832f9","JorgiToys","Pikachu The Pokemon Company Peluche 25cm","published","4d53b85f-735f-4b4f-9011-211a8b34d11d","The Pokémon Company","","VALID_BRAND","","","","","0.95","0","","KEEP","FALSE","Marca/Fabricante válida y aprobada."
"b0a389fd-ba5a-49f2-8b9c-0afbbbe2c0cb","61a48094-7453-4b7f-9563-e51f184832f9","JorgiToys","Five Nights At Freddy´s Lentes De Sol Uv400 Sun Statches Freddyfazbear Gris Negro","published","63e5e022-f208-433b-835d-63e90dcefc6a","Sun Statches","","VALID_BRAND","","","","","0.95","0","","KEEP","FALSE","Marca/Fabricante válida y aprobada."
"34ac5e3f-4e9c-4a3d-98b8-cec0911a609a","61a48094-7453-4b7f-9563-e51f184832f9","JorgiToys","Pinocchio Disney Ultimates Wave1 Super7","published","79352f1b-f900-4f8a-97dc-74649d3022d2","Disney","","LICENSE_AS_BRAND","28865b10-c492-4773-9810-270afa95b3d4","Super7","c948500a-b519-4843-82fd-a70f782c8571","Disney","0.88","0.95","CURRENT_BRAND_IS_LICENSE:Disney;TITLE_MANUFACTURER_MATCH:Super7","MANUAL_REVIEW","FALSE","La marca actual (""Disney"") es una Licencia/Franquicia y no el Fabricante del producto. | Fabricante sugerido: ""Super7""."
"f4772d5c-150d-4eda-9a6b-3e703ae9cf03","61a48094-7453-4b7f-9563-e51f184832f9","JorgiToys","Jazmin Jasmine Aladdin Story Doll Princesas Disney Store","published","79352f1b-f900-4f8a-97dc-74649d3022d2","Disney","","LICENSE_AS_BRAND","","","c948500a-b519-4843-82fd-a70f782c8571","Disney","0.4","0.95","CURRENT_BRAND_IS_LICENSE:Disney","MANUAL_REVIEW","FALSE","La marca actual (""Disney"") es una Licencia/Franquicia y no el Fabricante del producto. | No se detectó evidencia del fabricante real. Se requiere revisión manual sin inventar marca."
"28e3d11a-e7c5-4a70-80a9-b00788b7ced4","61a48094-7453-4b7f-9563-e51f184832f9","JorgiToys","Mantenna He-man Motu Club Grayskull Filmation Super7 Muñeco","published","28865b10-c492-4773-9810-270afa95b3d4","Super7","","VALID_BRAND","","","","","0.95","0","TITLE_MANUFACTURER_MATCH:Super7","KEEP","FALSE","Marca/Fabricante válida y aprobada."
"2ef625b6-4340-4ff3-b4aa-f3851129ef24","61a48094-7453-4b7f-9563-e51f184832f9","JorgiToys","Superman Red Son Dc Mezco One:12 Px Exclusive","published","65e6db0a-f7cc-49e4-9d2e-2bac37eaf8da","Mezco Toyz","","VALID_BRAND","","","8956afcb-0f0d-4be9-b26e-3d9ff47ebc1b","DC","0.95","0.9","TITLE_LICENSE_MATCH:DC;TITLE_MANUFACTURER_MATCH:Mezco Toyz","AUTO_ASSIGN_LICENSE","FALSE","Marca/Fabricante válida y aprobada."
"e6946d37-c403-4a53-914e-9155ec1d139a","61a48094-7453-4b7f-9563-e51f184832f9","JorgiToys","Elsa & Ice Nokk Frozen 2 Disney Store Exclusive","published","79352f1b-f900-4f8a-97dc-74649d3022d2","Disney","","LICENSE_AS_BRAND","","","c948500a-b519-4843-82fd-a70f782c8571","Disney","0.4","0.95","CURRENT_BRAND_IS_LICENSE:Disney","MANUAL_REVIEW","FALSE","La marca actual (""Disney"") es una Licencia/Franquicia y no el Fabricante del producto. | No se detectó evidencia del fabricante real. Se requiere revisión manual sin inventar marca."
"7c152663-41e7-42b1-b963-f7582965c301","61a48094-7453-4b7f-9563-e51f184832f9","JorgiToys","Bonk Choy Plantas Vs Zombies Peluche 15cm Bonk Choy","published","","","","MISSING_BRAND","","","","","0","0","","REQUIRES_VENDOR_ATTENTION","FALSE","El producto no posee marca asignada (brand_id es NULL)."
"5caaffc9-7bb8-40f5-845e-8da40c8dd98b","61a48094-7453-4b7f-9563-e51f184832f9","JorgiToys","Knull Venom King In Black Marvel Legends Hasbro","published","5f1f8d40-ec5c-4e95-9c55-7676bc9308b5","Marvel","","LICENSE_AS_BRAND","0df4aeab-c5e9-4d35-8a9b-e63f391d5a57","Hasbro","39af7eed-0ae2-4c7f-ac30-107d20957036","Marvel","0.88","0.95","CURRENT_BRAND_IS_LICENSE:Marvel;TITLE_MANUFACTURER_MATCH:Hasbro","MANUAL_REVIEW","FALSE","La marca actual (""Marvel"") es una Licencia/Franquicia y no el Fabricante del producto. | Fabricante sugerido: ""Hasbro""."
"16bcf942-bc8e-4bab-a008-f889891fa020","61a48094-7453-4b7f-9563-e51f184832f9","JorgiToys","Queen Anna Frozen Classic Doll Princesas Disney Store","published","79352f1b-f900-4f8a-97dc-74649d3022d2","Disney","","LICENSE_AS_BRAND","","","c948500a-b519-4843-82fd-a70f782c8571","Disney","0.4","0.95","CURRENT_BRAND_IS_LICENSE:Disney","MANUAL_REVIEW","FALSE","La marca actual (""Disney"") es una Licencia/Franquicia y no el Fabricante del producto. | No se detectó evidencia del fabricante real. Se requiere revisión manual sin inventar marca."
"7e63a49a-59e0-4c2f-ade9-aa5021b3c8b3","61a48094-7453-4b7f-9563-e51f184832f9","JorgiToys","Sylveon Eevee Pokemon Center Peluche 20cm","published","b2d190fa-057b-44b8-868e-ced887d9e55a","TakaraTomy","","VALID_BRAND","","","","","0.95","0","","KEEP","FALSE","Marca/Fabricante válida y aprobada."
"2860ad81-cfbc-4d7b-9d02-00f6afe66704","61a48094-7453-4b7f-9563-e51f184832f9","JorgiToys","Mutagen Man Tortugas Ninja Turtles Ultimates Wave2 Super7","published","28865b10-c492-4773-9810-270afa95b3d4","Super7","","VALID_BRAND","","","","","0.95","0","TITLE_MANUFACTURER_MATCH:Super7","KEEP","FALSE","Marca/Fabricante válida y aprobada."
"555a88c4-db52-49ed-a0de-65b8ac6dd34a","61a48094-7453-4b7f-9563-e51f184832f9","JorgiToys","Wendy Peter Pan Classic Doll Princesas Disney Store","published","79352f1b-f900-4f8a-97dc-74649d3022d2","Disney","","LICENSE_AS_BRAND","","","c948500a-b519-4843-82fd-a70f782c8571","Disney","0.4","0.95","CURRENT_BRAND_IS_LICENSE:Disney","MANUAL_REVIEW","FALSE","La marca actual (""Disney"") es una Licencia/Franquicia y no el Fabricante del producto. | No se detectó evidencia del fabricante real. Se requiere revisión manual sin inventar marca."
"34a0c276-a19c-4eca-8b89-54705adc0428","61a48094-7453-4b7f-9563-e51f184832f9","JorgiToys","Tiana Classic Doll Princesas Disney Store","published","79352f1b-f900-4f8a-97dc-74649d3022d2","Disney","","LICENSE_AS_BRAND","","","c948500a-b519-4843-82fd-a70f782c8571","Disney","0.4","0.95","CURRENT_BRAND_IS_LICENSE:Disney","MANUAL_REVIEW","FALSE","La marca actual (""Disney"") es una Licencia/Franquicia y no el Fabricante del producto. | No se detectó evidencia del fabricante real. Se requiere revisión manual sin inventar marca."
"867a761a-7731-4c0d-8842-3ee174f2cece","61a48094-7453-4b7f-9563-e51f184832f9","JorgiToys","Obsidian Silver Surfer Marvel Legends Hasbro","published","0df4aeab-c5e9-4d35-8a9b-e63f391d5a57","Hasbro","","VALID_BRAND","","","39af7eed-0ae2-4c7f-ac30-107d20957036","Marvel","0.95","0.9","TITLE_LICENSE_MATCH:Marvel;TITLE_MANUFACTURER_MATCH:Hasbro","AUTO_ASSIGN_LICENSE","FALSE","Marca/Fabricante válida y aprobada."
"d739ab73-8791-4636-8c8c-f515b5915127","61a48094-7453-4b7f-9563-e51f184832f9","JorgiToys","Hudson Ultimate Gargoyles Disney Neca","published","79352f1b-f900-4f8a-97dc-74649d3022d2","Disney","","LICENSE_AS_BRAND","43edaabc-3910-45ab-b93d-857698fad50b","NECA","c948500a-b519-4843-82fd-a70f782c8571","Disney","0.88","0.95","CURRENT_BRAND_IS_LICENSE:Disney;TITLE_MANUFACTURER_MATCH:NECA","MANUAL_REVIEW","FALSE","La marca actual (""Disney"") es una Licencia/Franquicia y no el Fabricante del producto. | Fabricante sugerido: ""NECA""."
"37f0e0a2-7780-4b67-85b6-c14f81e54988","61a48094-7453-4b7f-9563-e51f184832f9","JorgiToys","Tinker Bell Campanita Peter Pan Story Doll Princesas Disney","published","79352f1b-f900-4f8a-97dc-74649d3022d2","Disney","","LICENSE_AS_BRAND","","","c948500a-b519-4843-82fd-a70f782c8571","Disney","0.4","0.95","CURRENT_BRAND_IS_LICENSE:Disney","MANUAL_REVIEW","FALSE","La marca actual (""Disney"") es una Licencia/Franquicia y no el Fabricante del producto. | No se detectó evidencia del fabricante real. Se requiere revisión manual sin inventar marca."
"abe891a6-a0f3-433c-b26c-8ca34e13f5c8","61a48094-7453-4b7f-9563-e51f184832f9","JorgiToys","Blancanieves Snow White Story Doll Princesas Disney Store","published","79352f1b-f900-4f8a-97dc-74649d3022d2","Disney","","LICENSE_AS_BRAND","","","c948500a-b519-4843-82fd-a70f782c8571","Disney","0.4","0.95","CURRENT_BRAND_IS_LICENSE:Disney","MANUAL_REVIEW","FALSE","La marca actual (""Disney"") es una Licencia/Franquicia y no el Fabricante del producto. | No se detectó evidencia del fabricante real. Se requiere revisión manual sin inventar marca."
"2ccd3f36-c255-428e-8409-3f0b7166c1c0","61a48094-7453-4b7f-9563-e51f184832f9","JorgiToys","Mulan Classic Doll Princesas Disney Store","published","79352f1b-f900-4f8a-97dc-74649d3022d2","Disney","","LICENSE_AS_BRAND","","","c948500a-b519-4843-82fd-a70f782c8571","Disney","0.4","0.95","CURRENT_BRAND_IS_LICENSE:Disney","MANUAL_REVIEW","FALSE","La marca actual (""Disney"") es una Licencia/Franquicia y no el Fabricante del producto. | No se detectó evidencia del fabricante real. Se requiere revisión manual sin inventar marca."
"e479060e-ff7b-492e-b123-6237de043621","61a48094-7453-4b7f-9563-e51f184832f9","JorgiToys"," Spiderman 2 Gamerverse Marvel Legends Hasbro","published","0df4aeab-c5e9-4d35-8a9b-e63f391d5a57","Hasbro","","VALID_BRAND","","","39af7eed-0ae2-4c7f-ac30-107d20957036","Marvel","0.95","0.9","TITLE_LICENSE_MATCH:Marvel;TITLE_MANUFACTURER_MATCH:Hasbro","AUTO_ASSIGN_LICENSE","FALSE","Marca/Fabricante válida y aprobada."
"d400bdb6-bb34-4146-bcce-f967e9ac6353","61a48094-7453-4b7f-9563-e51f184832f9","JorgiToys","Darth Vader Lightsaber Electrónico Star Wars Disney Shop","published","79352f1b-f900-4f8a-97dc-74649d3022d2","Disney","","LICENSE_AS_BRAND","","","c948500a-b519-4843-82fd-a70f782c8571","Disney","0.4","0.95","CURRENT_BRAND_IS_LICENSE:Disney","MANUAL_REVIEW","FALSE","La marca actual (""Disney"") es una Licencia/Franquicia y no el Fabricante del producto. | No se detectó evidencia del fabricante real. Se requiere revisión manual sin inventar marca."
"f2060bb4-1855-4d5b-b8dd-56dccd0a3aa1","61a48094-7453-4b7f-9563-e51f184832f9","JorgiToys","Aurora Bella Durmiente Story Doll Princesas Disney Store","published","79352f1b-f900-4f8a-97dc-74649d3022d2","Disney","","LICENSE_AS_BRAND","","","c948500a-b519-4843-82fd-a70f782c8571","Disney","0.4","0.95","CURRENT_BRAND_IS_LICENSE:Disney","MANUAL_REVIEW","FALSE","La marca actual (""Disney"") es una Licencia/Franquicia y no el Fabricante del producto. | No se detectó evidencia del fabricante real. Se requiere revisión manual sin inventar marca."
"2559d2d2-3cad-43c9-b960-aa986a8dcc59","61a48094-7453-4b7f-9563-e51f184832f9","JorgiToys","Zombie Pigman Minecraft Disfraz Disguise Zombie Pigman S","published","4fc219c0-46af-4370-9676-6aeef1f35062","Disguise","","VALID_BRAND","","","4ad35ef9-fc3f-419c-92c2-0fa65949d736","Minecraft","0.95","0.9","TITLE_LICENSE_MATCH:Minecraft","AUTO_ASSIGN_LICENSE","FALSE","Marca/Fabricante válida y aprobada."
"c37e5717-d75f-4586-b36c-22336bab87ee","61a48094-7453-4b7f-9563-e51f184832f9","JorgiToys","Sandman Spiderman Marvel Legends Hasbro","published","0df4aeab-c5e9-4d35-8a9b-e63f391d5a57","Hasbro","","VALID_BRAND","","","39af7eed-0ae2-4c7f-ac30-107d20957036","Marvel","0.95","0.9","TITLE_LICENSE_MATCH:Marvel;TITLE_MANUFACTURER_MATCH:Hasbro","AUTO_ASSIGN_LICENSE","FALSE","Marca/Fabricante válida y aprobada."
"57487ea7-a50e-4596-bdc0-9f4062800a4e","61a48094-7453-4b7f-9563-e51f184832f9","JorgiToys","Dr. Eggman Sonic The Hedgehog 10cm Wave 5 Jakks Pacific","published","79c769ff-c82f-4a74-82de-790b8c3ecf05","Jakks Pacific","","VALID_BRAND","","","e0b9f1da-0b23-4007-905a-8c6ce242d445","Sonic","0.95","0.9","TITLE_LICENSE_MATCH:Sonic;TITLE_MANUFACTURER_MATCH:Jakks Pacific","AUTO_ASSIGN_LICENSE","FALSE","Marca/Fabricante válida y aprobada."
"8aa7456a-624e-43f5-acf5-f74bff68f985","61a48094-7453-4b7f-9563-e51f184832f9","JorgiToys","Blancanieves Snow White Classic Doll Princesas Disney Store","published","79352f1b-f900-4f8a-97dc-74649d3022d2","Disney","","LICENSE_AS_BRAND","","","c948500a-b519-4843-82fd-a70f782c8571","Disney","0.4","0.95","CURRENT_BRAND_IS_LICENSE:Disney","MANUAL_REVIEW","FALSE","La marca actual (""Disney"") es una Licencia/Franquicia y no el Fabricante del producto. | No se detectó evidencia del fabricante real. Se requiere revisión manual sin inventar marca."
"f25df075-1c28-4571-840a-0f0480c8df0a","61a48094-7453-4b7f-9563-e51f184832f9","JorgiToys","Ariel La Sirenita Story Doll Princesas Disney Store","published","79352f1b-f900-4f8a-97dc-74649d3022d2","Disney","","LICENSE_AS_BRAND","","","c948500a-b519-4843-82fd-a70f782c8571","Disney","0.4","0.95","CURRENT_BRAND_IS_LICENSE:Disney","MANUAL_REVIEW","FALSE","La marca actual (""Disney"") es una Licencia/Franquicia y no el Fabricante del producto. | No se detectó evidencia del fabricante real. Se requiere revisión manual sin inventar marca."
"42c702e0-1551-4cab-8c71-9c1402e584d4","61a48094-7453-4b7f-9563-e51f184832f9","JorgiToys","Harry Potter Gryffindor Hufflepuff Capa Tunica Disguise Amarillo/negro M (talle Único)","published","4fc219c0-46af-4370-9676-6aeef1f35062","Disguise","","VALID_BRAND","","","3a1d5406-c556-4f3a-a77a-29d0cd182e9b","Harry Potter","0.95","0.9","TITLE_LICENSE_MATCH:Harry Potter","AUTO_ASSIGN_LICENSE","FALSE","Marca/Fabricante válida y aprobada."
"34f72ecd-2c6a-48b6-9b21-78551d1f8d66","61a48094-7453-4b7f-9563-e51f184832f9","JorgiToys","Cococañon Coconut Cannon Plantas Vs Zombies Peluche 18cm Cococañon","published","","","","MISSING_BRAND","","","","","0","0","","REQUIRES_VENDOR_ATTENTION","FALSE","El producto no posee marca asignada (brand_id es NULL)."
"d7812388-4a53-485f-85ce-c258e8634f97","61a48094-7453-4b7f-9563-e51f184832f9","JorgiToys","Solid Snake Metal Gear Solid Revoltech Revolmini Rm-001","published","6abc6d45-df6f-48b2-bb61-6b40d8c5cb7a","Revoltech","","VALID_BRAND","","","","","0.95","0","","KEEP","FALSE","Marca/Fabricante válida y aprobada."
"1b116d02-718b-4552-8897-d9536636efde","61a48094-7453-4b7f-9563-e51f184832f9","JorgiToys","Super Mario Red Mushrom 10cm Wave 19 Nintendo Jakks Muñeco","published","79c769ff-c82f-4a74-82de-790b8c3ecf05","Jakks Pacific","","VALID_BRAND","","","","","0.95","0","TITLE_MANUFACTURER_MATCH:Jakks Pacific","KEEP","FALSE","Marca/Fabricante válida y aprobada."
"c0462006-4fa9-479a-9e0d-68bd23b8e243","61a48094-7453-4b7f-9563-e51f184832f9","JorgiToys","Super Sonic 3 La Película Series 2 Jakks Pacific","published","4c557954-aa44-444a-96c8-f1c714d5847f","Jakks Pacific","","VALID_BRAND","","","e0b9f1da-0b23-4007-905a-8c6ce242d445","Sonic","0.95","0.9","TITLE_LICENSE_MATCH:Sonic;TITLE_MANUFACTURER_MATCH:Jakks Pacific","AUTO_ASSIGN_LICENSE","FALSE","Marca/Fabricante válida y aprobada."
"51ea9ecb-8764-480f-8fa8-cd1834df83bc","61a48094-7453-4b7f-9563-e51f184832f9","JorgiToys","Tweak Octonautas Peluche Grande 30cm","published","c78e66a1-7c09-4912-ab8d-4a2c3aa251ee","Octonautas","","VALID_BRAND","","","","","0.95","0","","KEEP","FALSE","Marca/Fabricante válida y aprobada."
"bba2760c-0241-410f-a683-06bdc1c481c9","61a48094-7453-4b7f-9563-e51f184832f9","JorgiToys","Simba The Lion King El Rey León Peluche 30cm","published","fac762b8-889d-4f6d-bf1c-da9f06dab0d7","Genérica","","GENERIC_BRAND","","","","","0","0","GENERIC_BRAND_DETECTED","REQUIRES_VENDOR_ATTENTION","FALSE","El producto utiliza una marca genérica no permitida a vendedores (""Genérica"")."
"96c33466-138a-4fe6-9d90-adbdd3bc22f8","61a48094-7453-4b7f-9563-e51f184832f9","JorgiToys","Matoi Ryuko Kill La Kill Figma 220","published","3cceef72-7927-4b1f-90fb-de4d61fd5792","Figma","","VALID_BRAND","","","","","0.95","0","","KEEP","FALSE","Marca/Fabricante válida y aprobada."
"4d76f197-c682-44f6-87fc-ae38cd76d4c9","61a48094-7453-4b7f-9563-e51f184832f9","JorgiToys","Eggrobo Sonic The Hedgehog 10cm Wave 9 Jakks Pacific","published","79c769ff-c82f-4a74-82de-790b8c3ecf05","Jakks Pacific","","VALID_BRAND","","","e0b9f1da-0b23-4007-905a-8c6ce242d445","Sonic","0.95","0.9","TITLE_LICENSE_MATCH:Sonic;TITLE_MANUFACTURER_MATCH:Jakks Pacific","AUTO_ASSIGN_LICENSE","FALSE","Marca/Fabricante válida y aprobada."
"52389852-a9e0-4fa7-851c-da07e0042569","61a48094-7453-4b7f-9563-e51f184832f9","JorgiToys","Stitch Disney Lentes De Sol Uv400 Sun Statches Stitch Gris Celeste","published","63e5e022-f208-433b-835d-63e90dcefc6a","Sun Statches","","VALID_BRAND","","","c948500a-b519-4843-82fd-a70f782c8571","Disney","0.95","0.9","TITLE_LICENSE_MATCH:Disney","AUTO_ASSIGN_LICENSE","FALSE","Marca/Fabricante válida y aprobada."
"215019cf-c005-4f76-bd21-15811e96a986","61a48094-7453-4b7f-9563-e51f184832f9","JorgiToys","Sonic The Hedgehog 30th Anniversary 6cm Jakks Pacific","published","79c769ff-c82f-4a74-82de-790b8c3ecf05","Jakks Pacific","","VALID_BRAND","","","e0b9f1da-0b23-4007-905a-8c6ce242d445","Sonic","0.95","0.9","TITLE_LICENSE_MATCH:Sonic;TITLE_MANUFACTURER_MATCH:Jakks Pacific","AUTO_ASSIGN_LICENSE","FALSE","Marca/Fabricante válida y aprobada."
"6b53dc51-8513-4a72-afad-d415674da8b5","61a48094-7453-4b7f-9563-e51f184832f9","JorgiToys","Moto Bug Sonic The Hedgehog 6cm Wave 6 Jakks","published","79c769ff-c82f-4a74-82de-790b8c3ecf05","Jakks Pacific","","VALID_BRAND","","","e0b9f1da-0b23-4007-905a-8c6ce242d445","Sonic","0.95","0.9","TITLE_LICENSE_MATCH:Sonic;TITLE_MANUFACTURER_MATCH:Jakks Pacific","AUTO_ASSIGN_LICENSE","FALSE","Marca/Fabricante válida y aprobada."
"7fd867c6-ce1e-4e0a-946a-733155d51904","61a48094-7453-4b7f-9563-e51f184832f9","JorgiToys","Luminara Unduli Star Wars Clone Wars Vintage Hasbro","published","805f40a4-b371-40ac-ba05-ee277b20dd27","Star Wars","","LICENSE_AS_BRAND","0df4aeab-c5e9-4d35-8a9b-e63f391d5a57","Hasbro","1d4ebf30-350d-4336-9058-90689b87700a","Star Wars","0.88","0.95","CURRENT_BRAND_IS_LICENSE:Star Wars;TITLE_MANUFACTURER_MATCH:Hasbro","MANUAL_REVIEW","FALSE","La marca actual (""Star Wars"") es una Licencia/Franquicia y no el Fabricante del producto. | Fabricante sugerido: ""Hasbro""."
"64d56669-123e-4f2f-bfb4-ba792ca244e4","61a48094-7453-4b7f-9563-e51f184832f9","JorgiToys","Sonic The Hedgehog 10cm Wave 7 Jakks Pacific","published","79c769ff-c82f-4a74-82de-790b8c3ecf05","Jakks Pacific","","VALID_BRAND","","","e0b9f1da-0b23-4007-905a-8c6ce242d445","Sonic","0.95","0.9","TITLE_LICENSE_MATCH:Sonic;TITLE_MANUFACTURER_MATCH:Jakks Pacific","AUTO_ASSIGN_LICENSE","FALSE","Marca/Fabricante válida y aprobada."
"b36a3067-a6c5-413e-a527-1ccc809b1836","61a48094-7453-4b7f-9563-e51f184832f9","JorgiToys","Sonic The Hedgehog 10cm Wave 5 Jakks Pacific","published","79c769ff-c82f-4a74-82de-790b8c3ecf05","Jakks Pacific","","VALID_BRAND","","","e0b9f1da-0b23-4007-905a-8c6ce242d445","Sonic","0.95","0.9","TITLE_LICENSE_MATCH:Sonic;TITLE_MANUFACTURER_MATCH:Jakks Pacific","AUTO_ASSIGN_LICENSE","FALSE","Marca/Fabricante válida y aprobada."
"27c6a3f8-c34a-46f2-b6f4-9e58cdac6e09","61a48094-7453-4b7f-9563-e51f184832f9","JorgiToys","Figura De Acción Articulada Aayla Secura De Star Wars Vintage Hasbro","published","805f40a4-b371-40ac-ba05-ee277b20dd27","Star Wars","","LICENSE_AS_BRAND","0df4aeab-c5e9-4d35-8a9b-e63f391d5a57","Hasbro","1d4ebf30-350d-4336-9058-90689b87700a","Star Wars","0.88","0.95","CURRENT_BRAND_IS_LICENSE:Star Wars;TITLE_MANUFACTURER_MATCH:Hasbro","MANUAL_REVIEW","FALSE","La marca actual (""Star Wars"") es una Licencia/Franquicia y no el Fabricante del producto. | Fabricante sugerido: ""Hasbro""."
"9fae8fcc-e623-4226-8fee-219cc2bf4c15","61a48094-7453-4b7f-9563-e51f184832f9","JorgiToys","Zeraora Pokemon Center Peluche 25cm","published","b2d190fa-057b-44b8-868e-ced887d9e55a","TakaraTomy","","VALID_BRAND","","","","","0.95","0","","KEEP","FALSE","Marca/Fabricante válida y aprobada."
"04f00da1-eb16-4cba-87bd-1fc760ee0c6f","61a48094-7453-4b7f-9563-e51f184832f9","JorgiToys","Man Bat Batman The Animated Series Kenner Muñeco Figura","published","7dadd647-50c7-4f53-ab9f-0848b3287991","Kenner","","VALID_BRAND","","","","","0.95","0","TITLE_MANUFACTURER_MATCH:Hasbro","KEEP","FALSE","Marca/Fabricante válida y aprobada."
"f973ff83-2913-4eba-a427-d4ee92326b9b","61a48094-7453-4b7f-9563-e51f184832f9","JorgiToys","Princess Leia Organa Star Wars Black Series Archive Hasbro","published","805f40a4-b371-40ac-ba05-ee277b20dd27","Star Wars","","LICENSE_AS_BRAND","0df4aeab-c5e9-4d35-8a9b-e63f391d5a57","Hasbro","1d4ebf30-350d-4336-9058-90689b87700a","Star Wars","0.88","0.95","CURRENT_BRAND_IS_LICENSE:Star Wars;TITLE_MANUFACTURER_MATCH:Hasbro","MANUAL_REVIEW","FALSE","La marca actual (""Star Wars"") es una Licencia/Franquicia y no el Fabricante del producto. | Fabricante sugerido: ""Hasbro""."
"e60f033d-a3b9-45c8-ada3-d07b124583b8","61a48094-7453-4b7f-9563-e51f184832f9","JorgiToys","Figura De Acción Star Wars Boba Fett De The Vintage Collection Hasbro","published","805f40a4-b371-40ac-ba05-ee277b20dd27","Star Wars","","LICENSE_AS_BRAND","0df4aeab-c5e9-4d35-8a9b-e63f391d5a57","Hasbro","1d4ebf30-350d-4336-9058-90689b87700a","Star Wars","0.88","0.95","CURRENT_BRAND_IS_LICENSE:Star Wars;TITLE_MANUFACTURER_MATCH:Hasbro","MANUAL_REVIEW","FALSE","La marca actual (""Star Wars"") es una Licencia/Franquicia y no el Fabricante del producto. | Fabricante sugerido: ""Hasbro""."
"9c5c9e76-1b02-470e-8544-57b3077b3558","61a48094-7453-4b7f-9563-e51f184832f9","JorgiToys","Princess Leia Organa Star Wars Black Series Hasbro","published","805f40a4-b371-40ac-ba05-ee277b20dd27","Star Wars","","LICENSE_AS_BRAND","0df4aeab-c5e9-4d35-8a9b-e63f391d5a57","Hasbro","1d4ebf30-350d-4336-9058-90689b87700a","Star Wars","0.88","0.95","CURRENT_BRAND_IS_LICENSE:Star Wars;TITLE_MANUFACTURER_MATCH:Hasbro","MANUAL_REVIEW","FALSE","La marca actual (""Star Wars"") es una Licencia/Franquicia y no el Fabricante del producto. | Fabricante sugerido: ""Hasbro""."
"bdc495f3-9080-4c55-b672-9a801f48adac","61a48094-7453-4b7f-9563-e51f184832f9","JorgiToys","Angel X-men Marvel Legends Hasbro","published","0df4aeab-c5e9-4d35-8a9b-e63f391d5a57","Hasbro","","VALID_BRAND","","","39af7eed-0ae2-4c7f-ac30-107d20957036","Marvel","0.95","0.9","TITLE_LICENSE_MATCH:Marvel;TITLE_MANUFACTURER_MATCH:Hasbro","AUTO_ASSIGN_LICENSE","FALSE","Marca/Fabricante válida y aprobada."
"5e304c85-c359-40a0-ac41-f751d952381a","61a48094-7453-4b7f-9563-e51f184832f9","JorgiToys","Don't Talk To Strangers Juego De Mesa Cryptozoic","published","883d58e3-5edd-4b93-bb52-fd30bdf095ee","Cryptozoic Entertainment","","VALID_BRAND","","","","","0.95","0","","KEEP","FALSE","Marca/Fabricante válida y aprobada."
"8da8c93b-f4eb-4a36-8679-23b48de23e5f","61a48094-7453-4b7f-9563-e51f184832f9","JorgiToys","Figura De Acción Shin Hati Star Wars The Black Series De Ahsoka, Articulada Para Coleccionistas","published","805f40a4-b371-40ac-ba05-ee277b20dd27","Star Wars","","LICENSE_AS_BRAND","","","1d4ebf30-350d-4336-9058-90689b87700a","Star Wars","0.4","0.95","CURRENT_BRAND_IS_LICENSE:Star Wars","MANUAL_REVIEW","FALSE","La marca actual (""Star Wars"") es una Licencia/Franquicia y no el Fabricante del producto. | No se detectó evidencia del fabricante real. Se requiere revisión manual sin inventar marca."
"6cf21c76-74b2-4fba-9c3e-d07874719986","61a48094-7453-4b7f-9563-e51f184832f9","JorgiToys","The Spot Spiderman Across Spider-verse Marvel Legends","published","0df4aeab-c5e9-4d35-8a9b-e63f391d5a57","Hasbro","","VALID_BRAND","","","39af7eed-0ae2-4c7f-ac30-107d20957036","Marvel","0.95","0.9","TITLE_LICENSE_MATCH:Marvel;TITLE_MANUFACTURER_MATCH:Hasbro","AUTO_ASSIGN_LICENSE","FALSE","Marca/Fabricante válida y aprobada."
"2f9e5d9c-2b00-4132-873f-1bd007e3ca19","61a48094-7453-4b7f-9563-e51f184832f9","JorgiToys","Pinhead Hellraiser 3 Hell On Earth Mascara Ghoulish Pinhead","published","929ee407-8c5b-4886-a739-6c512c55122c","Ghoulish Productions","","VALID_BRAND","","","","","0.95","0","","KEEP","FALSE","Marca/Fabricante válida y aprobada."
"2d9cc175-6537-4f6a-a2c7-14ca0955c05c","61a48094-7453-4b7f-9563-e51f184832f9","JorgiToys","Mystique X-men 90's Animated Series Marvel Legends Hasbro","published","0df4aeab-c5e9-4d35-8a9b-e63f391d5a57","Hasbro","","VALID_BRAND","","","39af7eed-0ae2-4c7f-ac30-107d20957036","Marvel","0.95","0.9","TITLE_LICENSE_MATCH:Marvel;TITLE_MANUFACTURER_MATCH:Hasbro","AUTO_ASSIGN_LICENSE","FALSE","Marca/Fabricante válida y aprobada."
"e3e8f04d-a1d6-4cec-be0b-8108e373ad5e","61a48094-7453-4b7f-9563-e51f184832f9","JorgiToys","Doctor Strange Marvel Legends Hasbro","published","0df4aeab-c5e9-4d35-8a9b-e63f391d5a57","Hasbro","","VALID_BRAND","","","39af7eed-0ae2-4c7f-ac30-107d20957036","Marvel","0.95","0.9","TITLE_LICENSE_MATCH:Marvel;TITLE_MANUFACTURER_MATCH:Hasbro","AUTO_ASSIGN_LICENSE","FALSE","Marca/Fabricante válida y aprobada."
"0f307df1-ff14-4ced-82e5-3d8cbc3d2b29","61a48094-7453-4b7f-9563-e51f184832f9","JorgiToys","The Sentry Marvel Legends Hasbro","published","0df4aeab-c5e9-4d35-8a9b-e63f391d5a57","Hasbro","","VALID_BRAND","","","39af7eed-0ae2-4c7f-ac30-107d20957036","Marvel","0.95","0.9","TITLE_LICENSE_MATCH:Marvel;TITLE_MANUFACTURER_MATCH:Hasbro","AUTO_ASSIGN_LICENSE","FALSE","Marca/Fabricante válida y aprobada."
"73b8866e-12d3-4fc9-99a9-376dbcf4a327","61a48094-7453-4b7f-9563-e51f184832f9","JorgiToys","Hades Saint Cloth Myth Ex Metal Bandai","published","35d99a48-df19-4d41-8f1e-944862b40f3e","Bandai","","VALID_BRAND","","","","","0.95","0","TITLE_MANUFACTURER_MATCH:Bandai","KEEP","FALSE","Marca/Fabricante válida y aprobada."
"561a0144-e0e9-4fa2-8534-df9f4209018d","61a48094-7453-4b7f-9563-e51f184832f9","JorgiToys","Killer Croc Batman The Animated Series Dc Collectibles 47","published","ad5d4bf0-769c-49ea-9d84-211a2fb33a68","DC Collectibles","","VALID_BRAND","","","8956afcb-0f0d-4be9-b26e-3d9ff47ebc1b","DC","0.95","0.9","TITLE_LICENSE_MATCH:DC","AUTO_ASSIGN_LICENSE","FALSE","Marca/Fabricante válida y aprobada."
"9973564f-5dba-49fb-af2d-6eb4e338b297","61a48094-7453-4b7f-9563-e51f184832f9","JorgiToys","Leonardo Tortugas Ninja Movie Star Playmates","published","944a8649-47e9-47cc-bfcb-5320ea5a1adb","Playmates Toys","","VALID_BRAND","","","","","0.95","0","","KEEP","FALSE","Marca/Fabricante válida y aprobada."
"adbdb185-6301-4698-99b2-f653be8cadb8","61a48094-7453-4b7f-9563-e51f184832f9","JorgiToys","Raichu Pokemon Jazwares Peluche 30cm","published","e28345e2-abee-4faf-9fdf-937acd487cd3","Jazwares","","VALID_BRAND","","","","","0.95","0","","KEEP","FALSE","Marca/Fabricante válida y aprobada."
"e781a184-adbc-4174-b1a9-b56b867ad45d","61a48094-7453-4b7f-9563-e51f184832f9","JorgiToys","Rogue X-men 97 Marvel Legends Hasbro","published","0df4aeab-c5e9-4d35-8a9b-e63f391d5a57","Hasbro","","VALID_BRAND","","","39af7eed-0ae2-4c7f-ac30-107d20957036","Marvel","0.95","0.9","TITLE_LICENSE_MATCH:Marvel;TITLE_MANUFACTURER_MATCH:Hasbro","AUTO_ASSIGN_LICENSE","FALSE","Marca/Fabricante válida y aprobada."
"5314c705-0d59-433e-818e-18b46b04a1b7","61a48094-7453-4b7f-9563-e51f184832f9","JorgiToys","Pikachu Pokemon Center Peluche 20cm","published","b2d190fa-057b-44b8-868e-ced887d9e55a","TakaraTomy","","VALID_BRAND","","","","","0.95","0","","KEEP","FALSE","Marca/Fabricante válida y aprobada."
"deb126d0-ca6c-4ad6-86d1-859ea7487c70","61a48094-7453-4b7f-9563-e51f184832f9","JorgiToys","Liquid Snake Metal Gear Solid Square Enix Play Arts Kai","published","9476b914-5aa8-457a-8850-f318212d9cd2","Square Enix","","VALID_BRAND","","","","","0.95","0","","KEEP","FALSE","Marca/Fabricante válida y aprobada."
"3274c67e-738b-4e73-8cfd-fb2e5f012e2f","61a48094-7453-4b7f-9563-e51f184832f9","JorgiToys","Michelangelo Tortugas Ninja Turtles Classic Playmates","published","944a8649-47e9-47cc-bfcb-5320ea5a1adb","Playmates Toys","","VALID_BRAND","","","","","0.95","0","","KEEP","FALSE","Marca/Fabricante válida y aprobada."
"c4227674-343a-4f05-8e74-15f02ca713ac","61a48094-7453-4b7f-9563-e51f184832f9","JorgiToys","Michelangelo Tortugas Ninja Turtles Shellraiser Playmates","published","944a8649-47e9-47cc-bfcb-5320ea5a1adb","Playmates Toys","","VALID_BRAND","","","","","0.95","0","","KEEP","FALSE","Marca/Fabricante válida y aprobada."
"85e60bb4-68db-4fe3-ad75-f99b5a3a0b27","61a48094-7453-4b7f-9563-e51f184832f9","JorgiToys","Meryl Silverburgh Metal Gear Solid Square Enix Play Arts Kai","published","9476b914-5aa8-457a-8850-f318212d9cd2","Square Enix","","VALID_BRAND","","","","","0.95","0","","KEEP","FALSE","Marca/Fabricante válida y aprobada."
"ce219604-fb98-4324-85b8-a89c3ab559c0","61a48094-7453-4b7f-9563-e51f184832f9","JorgiToys","Tom Y Jerry Peluche 45cm Hugkis Tom","published","9c80932d-e60c-45ed-98d2-7a83162d1bba","Hugkis","","VALID_BRAND","","","","","0.95","0","","KEEP","FALSE","Marca/Fabricante válida y aprobada."
"6fa788bf-0b24-40dc-bae5-e09f1fdcc314","61a48094-7453-4b7f-9563-e51f184832f9","JorgiToys","Tom Y Jerry Peluche 32cm Hugkis Jerry","published","9c80932d-e60c-45ed-98d2-7a83162d1bba","Hugkis","","VALID_BRAND","","","","","0.95","0","","KEEP","FALSE","Marca/Fabricante válida y aprobada."
"8f141158-601b-4dc5-ab32-6509e9012533","61a48094-7453-4b7f-9563-e51f184832f9","JorgiToys","Trunks Infinite Latent Super Power Dragon Ball Z Figuarts","published","ac7605c0-b9cd-4f1b-b113-26ea81b5f434","Bandai Spirits","","VALID_BRAND","","","372f7dd6-f134-4a9e-a1cf-f82497ba6ed3","Dragon Ball","0.95","0.9","TITLE_LICENSE_MATCH:Dragon Ball","AUTO_ASSIGN_LICENSE","FALSE","Marca/Fabricante válida y aprobada."
"7ab1cf1d-8f36-4dbf-b733-8763948c273a","61a48094-7453-4b7f-9563-e51f184832f9","JorgiToys","Skibidi Toilet 1 Mistery Pack","published","fac762b8-889d-4f6d-bf1c-da9f06dab0d7","Genérica","","GENERIC_BRAND","","","","","0","0","GENERIC_BRAND_DETECTED","REQUIRES_VENDOR_ATTENTION","FALSE","El producto utiliza una marca genérica no permitida a vendedores (""Genérica"")."
"e23f225e-6769-4db2-b36c-5b18bfe1bdfc","61a48094-7453-4b7f-9563-e51f184832f9","JorgiToys","Shiny Dragonair Pokemon Center Peluche 68cm","published","b2d190fa-057b-44b8-868e-ced887d9e55a","TakaraTomy","","VALID_BRAND","","","","","0.95","0","","KEEP","FALSE","Marca/Fabricante válida y aprobada."
"7d3f3eb7-e58b-4497-9cb7-206eb944ea9a","61a48094-7453-4b7f-9563-e51f184832f9","JorgiToys","Evil Lyn He-man Motu Club Grayskull Filmation Mattel Muñeco","published","ad42bb8f-2dee-4f99-b47a-85c1d029b528","Mattel","","VALID_BRAND","","","","","0.95","0","TITLE_MANUFACTURER_MATCH:Mattel","KEEP","FALSE","Marca/Fabricante válida y aprobada."
"8741f52f-8e2a-4902-896b-c2dbe7cb8730","61a48094-7453-4b7f-9563-e51f184832f9","JorgiToys","Grogu Baby Yoda Parlante Mandalorian Star Wars Premium Plush","published","ad42bb8f-2dee-4f99-b47a-85c1d029b528","Mattel","","VALID_BRAND","","","1d4ebf30-350d-4336-9058-90689b87700a","Star Wars","0.95","0.9","TITLE_LICENSE_MATCH:Star Wars","AUTO_ASSIGN_LICENSE","FALSE","Marca/Fabricante válida y aprobada."
"35e3c4f7-9cde-4ab2-914c-e241df062755","61a48094-7453-4b7f-9563-e51f184832f9","JorgiToys","Cars 3 Florida 500 Piston Cup Race Disney Pixar Mattel Lightning Mcqueen, Mater, Cruz Ramirez, Jackson Storm,mack","published","ad42bb8f-2dee-4f99-b47a-85c1d029b528","Mattel","","VALID_BRAND","","","c948500a-b519-4843-82fd-a70f782c8571","Disney","0.95","0.9","TITLE_LICENSE_MATCH:Disney;TITLE_MANUFACTURER_MATCH:Mattel","AUTO_ASSIGN_LICENSE","FALSE","Marca/Fabricante válida y aprobada."
"75d38a95-184e-43ee-9788-2bb3f58b2e7b","61a48094-7453-4b7f-9563-e51f184832f9","JorgiToys","Storm Thunderbird X-men Marvel Legends Hasbro","published","0df4aeab-c5e9-4d35-8a9b-e63f391d5a57","Hasbro","","VALID_BRAND","","","39af7eed-0ae2-4c7f-ac30-107d20957036","Marvel","0.95","0.9","TITLE_LICENSE_MATCH:Marvel;TITLE_MANUFACTURER_MATCH:Hasbro","AUTO_ASSIGN_LICENSE","FALSE","Marca/Fabricante válida y aprobada."
"f3df13a7-f053-4684-9cfe-2b9ff6809cc8","61a48094-7453-4b7f-9563-e51f184832f9","JorgiToys","Guard Hellfire Club Marvel Legends Hasbro","published","0df4aeab-c5e9-4d35-8a9b-e63f391d5a57","Hasbro","","VALID_BRAND","","","39af7eed-0ae2-4c7f-ac30-107d20957036","Marvel","0.95","0.9","TITLE_LICENSE_MATCH:Marvel;TITLE_MANUFACTURER_MATCH:Hasbro","AUTO_ASSIGN_LICENSE","FALSE","Marca/Fabricante válida y aprobada."
"5894bdf4-e8e5-48fc-b5a3-d689c7bea104","61a48094-7453-4b7f-9563-e51f184832f9","JorgiToys","Cars 15 Mini Vehiculos Metal Disney Pixar Mattel 15personajesset1 Varios","published","ad42bb8f-2dee-4f99-b47a-85c1d029b528","Mattel","","VALID_BRAND","","","c948500a-b519-4843-82fd-a70f782c8571","Disney","0.95","0.9","TITLE_LICENSE_MATCH:Disney;TITLE_MANUFACTURER_MATCH:Mattel","AUTO_ASSIGN_LICENSE","FALSE","Marca/Fabricante válida y aprobada."
"02a2dc92-f37d-467e-88c6-3524eac2ce67","61a48094-7453-4b7f-9563-e51f184832f9","JorgiToys","Scarecrow Batman The Animated Series Dc Collectibles 44","published","ad5d4bf0-769c-49ea-9d84-211a2fb33a68","DC Collectibles","","VALID_BRAND","","","8956afcb-0f0d-4be9-b26e-3d9ff47ebc1b","DC","0.95","0.9","TITLE_LICENSE_MATCH:DC","AUTO_ASSIGN_LICENSE","FALSE","Marca/Fabricante válida y aprobada."
"e729635a-eb32-45f2-bc99-a838c45788ad","61a48094-7453-4b7f-9563-e51f184832f9","JorgiToys","Doc Ock Aunt May Spiderman 90's Animated Marvel Legends","published","0df4aeab-c5e9-4d35-8a9b-e63f391d5a57","Hasbro","","VALID_BRAND","","","39af7eed-0ae2-4c7f-ac30-107d20957036","Marvel","0.95","0.9","TITLE_LICENSE_MATCH:Marvel;TITLE_MANUFACTURER_MATCH:Hasbro","AUTO_ASSIGN_LICENSE","FALSE","Marca/Fabricante válida y aprobada."
"0dcaabd9-7ecd-4793-9a46-d8f37bce510c","61a48094-7453-4b7f-9563-e51f184832f9","JorgiToys","Mack 2en1 Camión Estación Tune-up Cars Disney Pixar Mattel Mack","published","ad42bb8f-2dee-4f99-b47a-85c1d029b528","Mattel","","VALID_BRAND","","","c948500a-b519-4843-82fd-a70f782c8571","Disney","0.95","0.9","TITLE_LICENSE_MATCH:Disney;TITLE_MANUFACTURER_MATCH:Mattel","AUTO_ASSIGN_LICENSE","FALSE","Marca/Fabricante válida y aprobada."
"bed39ef1-f906-4ea1-9592-e4fa49a91a75","61a48094-7453-4b7f-9563-e51f184832f9","JorgiToys","Lucario Pokemon Center Peluche 30cm","published","b2d190fa-057b-44b8-868e-ced887d9e55a","TakaraTomy","","VALID_BRAND","","","","","0.95","0","","KEEP","FALSE","Marca/Fabricante válida y aprobada."
"3dcf7b52-ca41-4fe3-b058-3e6ba5b4a06d","61a48094-7453-4b7f-9563-e51f184832f9","JorgiToys"," Spiderman No Way Home Tobey Maguire Marvel Legends Hasbro","published","0df4aeab-c5e9-4d35-8a9b-e63f391d5a57","Hasbro","","VALID_BRAND","","","39af7eed-0ae2-4c7f-ac30-107d20957036","Marvel","0.95","0.9","TITLE_LICENSE_MATCH:Marvel;TITLE_MANUFACTURER_MATCH:Hasbro","AUTO_ASSIGN_LICENSE","FALSE","Marca/Fabricante válida y aprobada."
"09dc359f-6a40-4e74-9d98-b2022ef7dcb7","61a48094-7453-4b7f-9563-e51f184832f9","JorgiToys","H.a.r.d.a.c. Batman The Animated Series Dc Collectibles 42","published","ad5d4bf0-769c-49ea-9d84-211a2fb33a68","DC Collectibles","","VALID_BRAND","","","8956afcb-0f0d-4be9-b26e-3d9ff47ebc1b","DC","0.95","0.9","TITLE_LICENSE_MATCH:DC","AUTO_ASSIGN_LICENSE","FALSE","Marca/Fabricante válida y aprobada."
"655cda69-459b-4c2f-974a-12cfcd59707a","61a48094-7453-4b7f-9563-e51f184832f9","JorgiToys","Superman Justice League Animated Dc Collectibles","published","ad5d4bf0-769c-49ea-9d84-211a2fb33a68","DC Collectibles","","VALID_BRAND","","","8956afcb-0f0d-4be9-b26e-3d9ff47ebc1b","DC","0.95","0.9","TITLE_LICENSE_MATCH:DC","AUTO_ASSIGN_LICENSE","FALSE","Marca/Fabricante válida y aprobada."
"8aa895b0-2366-4143-9901-32c04ad54764","61a48094-7453-4b7f-9563-e51f184832f9","JorgiToys","Sylveon Eevee The Pokemon Company Peluche 30cm Sylveon","published","b2d190fa-057b-44b8-868e-ced887d9e55a","TakaraTomy","","VALID_BRAND","","","","","0.95","0","","KEEP","FALSE","Marca/Fabricante válida y aprobada."
"a0b9fa45-0094-41f5-8f32-cb5e940b8e13","61a48094-7453-4b7f-9563-e51f184832f9","JorgiToys","Martian Manhunter Justice League Animated Dc Collectibles","published","ad5d4bf0-769c-49ea-9d84-211a2fb33a68","DC Collectibles","","VALID_BRAND","","","8956afcb-0f0d-4be9-b26e-3d9ff47ebc1b","DC","0.95","0.9","TITLE_LICENSE_MATCH:DC","AUTO_ASSIGN_LICENSE","FALSE","Marca/Fabricante válida y aprobada."
"64d15d31-14c1-4da5-8573-58e2653ed886","61a48094-7453-4b7f-9563-e51f184832f9","JorgiToys","Transformers Wfc Kingdome Core Class - Optimus Prime [ms","published","","","","MISSING_BRAND","","","","","0","0","","REQUIRES_VENDOR_ATTENTION","FALSE","El producto no posee marca asignada (brand_id es NULL)."
"ae88124a-db01-4657-a38d-9b3479c02e6b","61a48094-7453-4b7f-9563-e51f184832f9","JorgiToys","Planta Carnívora Chomper Plantas Vs Zombies Peluche 18cm","published","","","","MISSING_BRAND","","","","","0","0","","REQUIRES_VENDOR_ATTENTION","FALSE","El producto no posee marca asignada (brand_id es NULL)."
"07d076bb-cc7e-45a8-b0a7-c402bd6a9c21","61a48094-7453-4b7f-9563-e51f184832f9","JorgiToys","Kwazii Octonautas Peluche Grande 30cm","published","c78e66a1-7c09-4912-ab8d-4a2c3aa251ee","Octonautas","","VALID_BRAND","","","","","0.95","0","","KEEP","FALSE","Marca/Fabricante válida y aprobada."
"54bc224a-2c40-4a4b-813f-5e9477b5b36f","61a48094-7453-4b7f-9563-e51f184832f9","JorgiToys","Robin Batman The Adventures Continue Dc Collectibles","published","ad5d4bf0-769c-49ea-9d84-211a2fb33a68","DC Collectibles","","VALID_BRAND","","","8956afcb-0f0d-4be9-b26e-3d9ff47ebc1b","DC","0.95","0.9","TITLE_LICENSE_MATCH:DC","AUTO_ASSIGN_LICENSE","FALSE","Marca/Fabricante válida y aprobada."
"e584077d-e5a8-4e60-9aa4-3bdb379b44de","61a48094-7453-4b7f-9563-e51f184832f9","JorgiToys","The Joker Batman The Adventures Continue Dc Collectibles","published","ad5d4bf0-769c-49ea-9d84-211a2fb33a68","DC Collectibles","","VALID_BRAND","","","8956afcb-0f0d-4be9-b26e-3d9ff47ebc1b","DC","0.95","0.9","TITLE_LICENSE_MATCH:DC","AUTO_ASSIGN_LICENSE","FALSE","Marca/Fabricante válida y aprobada."
"967b7db6-de97-484a-8e5f-4b50dddfad73","61a48094-7453-4b7f-9563-e51f184832f9","JorgiToys","Michelangelo Alfred Batman Vs Tmnt Dc Collectibles","published","ad5d4bf0-769c-49ea-9d84-211a2fb33a68","DC Collectibles","","VALID_BRAND","","","8956afcb-0f0d-4be9-b26e-3d9ff47ebc1b","DC","0.95","0.9","TITLE_LICENSE_MATCH:DC","AUTO_ASSIGN_LICENSE","FALSE","Marca/Fabricante válida y aprobada."
"06121e38-baaf-4994-a8a6-6feaba30e583","61a48094-7453-4b7f-9563-e51f184832f9","JorgiToys","Naruto Bandana Aldea Nubes Renegado Negro Único","published","fac762b8-889d-4f6d-bf1c-da9f06dab0d7","Genérica","","GENERIC_BRAND","","","cf17945b-e570-4369-8b87-6e82bef9bfda","Naruto","0","0.9","TITLE_LICENSE_MATCH:Naruto;GENERIC_BRAND_DETECTED","REQUIRES_VENDOR_ATTENTION","FALSE","El producto utiliza una marca genérica no permitida a vendedores (""Genérica"")."
"e1113f3a-dcbc-448f-a385-4ed334273118","61a48094-7453-4b7f-9563-e51f184832f9","JorgiToys","Latias Pikachu Pokemon Center Peluche 28cm","published","b2d190fa-057b-44b8-868e-ced887d9e55a","TakaraTomy","","VALID_BRAND","","","","","0.95","0","","KEEP","FALSE","Marca/Fabricante válida y aprobada."
"8ba1e938-f71e-42aa-b711-7117845295d7","61a48094-7453-4b7f-9563-e51f184832f9","JorgiToys","Two-face The New Batman Adventures Dc Collectibles 02","published","ad5d4bf0-769c-49ea-9d84-211a2fb33a68","DC Collectibles","","VALID_BRAND","","","8956afcb-0f0d-4be9-b26e-3d9ff47ebc1b","DC","0.95","0.9","TITLE_LICENSE_MATCH:DC","AUTO_ASSIGN_LICENSE","FALSE","Marca/Fabricante válida y aprobada."
"72046223-1957-4198-a366-25fbe4625749","61a48094-7453-4b7f-9563-e51f184832f9","JorgiToys","Poison Ivy The New Batman Adventures Dc Collectibles 08","published","ad5d4bf0-769c-49ea-9d84-211a2fb33a68","DC Collectibles","","VALID_BRAND","","","8956afcb-0f0d-4be9-b26e-3d9ff47ebc1b","DC","0.95","0.9","TITLE_LICENSE_MATCH:DC","AUTO_ASSIGN_LICENSE","FALSE","Marca/Fabricante válida y aprobada."
"102a7ba6-fb0e-46c3-82c4-a3cd29711e10","61a48094-7453-4b7f-9563-e51f184832f9","JorgiToys","Umbreon Eevee Pokemon Center Peluche 20cm","published","b2d190fa-057b-44b8-868e-ced887d9e55a","TakaraTomy","","VALID_BRAND","","","","","0.95","0","","KEEP","FALSE","Marca/Fabricante válida y aprobada."
"08d074d4-0cfb-41b2-a802-59dcebbca8c6","61a48094-7453-4b7f-9563-e51f184832f9","JorgiToys","Flareon Eevee Pokemon Center Peluche 20cm","published","b2d190fa-057b-44b8-868e-ced887d9e55a","TakaraTomy","","VALID_BRAND","","","","","0.95","0","","KEEP","FALSE","Marca/Fabricante válida y aprobada."
"5951b489-628c-46f1-911d-b2ee8202a47b","61a48094-7453-4b7f-9563-e51f184832f9","JorgiToys","Leafon Eevee Pokemon Center Peluche 20cm","published","b2d190fa-057b-44b8-868e-ced887d9e55a","TakaraTomy","","VALID_BRAND","","","","","0.95","0","","KEEP","FALSE","Marca/Fabricante válida y aprobada."
"4d594e7b-66d5-4ab4-8ed0-23b26542a9e5","61a48094-7453-4b7f-9563-e51f184832f9","JorgiToys","Eevee Pokemon Center Peluche 15cm","published","b2d190fa-057b-44b8-868e-ced887d9e55a","TakaraTomy","","VALID_BRAND","","","","","0.95","0","","KEEP","FALSE","Marca/Fabricante válida y aprobada."
"75089b6b-e8b5-4057-98b8-5aea0ea63adc","61a48094-7453-4b7f-9563-e51f184832f9","JorgiToys","Snorlax Pokemon Center Peluche 20cm","published","b2d190fa-057b-44b8-868e-ced887d9e55a","TakaraTomy","","VALID_BRAND","","","","","0.95","0","","KEEP","FALSE","Marca/Fabricante válida y aprobada."
"7b5a4a95-d9e5-4bb3-a73d-2e6549681621","61a48094-7453-4b7f-9563-e51f184832f9","JorgiToys","Rayquaza Pokemon Center Peluche 75cm Rayquaza","published","b2d190fa-057b-44b8-868e-ced887d9e55a","TakaraTomy","","VALID_BRAND","","","","","0.95","0","","KEEP","FALSE","Marca/Fabricante válida y aprobada."
"01e20b9d-0159-44ab-aa43-9a56aa1b2ab6","61a48094-7453-4b7f-9563-e51f184832f9","JorgiToys","Koraidon Pokemon Center Peluche 30cm","published","b2d190fa-057b-44b8-868e-ced887d9e55a","TakaraTomy","","VALID_BRAND","","","","","0.95","0","","KEEP","FALSE","Marca/Fabricante válida y aprobada."
"70edf820-6f2a-4149-ae9e-d795ddcee48d","61a48094-7453-4b7f-9563-e51f184832f9","JorgiToys","Shiny Vaporeon Eevee Pokemon Center Peluche 20cm","published","b2d190fa-057b-44b8-868e-ced887d9e55a","TakaraTomy","","VALID_BRAND","","","","","0.95","0","","KEEP","FALSE","Marca/Fabricante válida y aprobada."
"e37dec2e-e5fc-4a51-b00c-40645ef02cbe","61a48094-7453-4b7f-9563-e51f184832f9","JorgiToys","Umbreon Eevee Pokemon Center Peluche 28cm","published","b2d190fa-057b-44b8-868e-ced887d9e55a","TakaraTomy","","VALID_BRAND","","","","","0.95","0","","KEEP","FALSE","Marca/Fabricante válida y aprobada."
"9c8c0f36-ee4a-4dba-96d3-00ee8a8c67f0","61a48094-7453-4b7f-9563-e51f184832f9","JorgiToys","Jolteon Eevee Pokemon Center Peluche 28cm","published","b2d190fa-057b-44b8-868e-ced887d9e55a","TakaraTomy","","VALID_BRAND","","","","","0.95","0","","KEEP","FALSE","Marca/Fabricante válida y aprobada."
"2a2b994d-d5f8-43d0-9034-98901588bf1b","61a48094-7453-4b7f-9563-e51f184832f9","JorgiToys","Eevee Pokemon Takara Tomy Peluche 20cm","published","b2d190fa-057b-44b8-868e-ced887d9e55a","TakaraTomy","","VALID_BRAND","","","","","0.95","0","TITLE_MANUFACTURER_MATCH:Takara Tomy","KEEP","FALSE","Marca/Fabricante válida y aprobada."
"7c343d68-7e18-41a5-b6bb-badd3104096c","61a48094-7453-4b7f-9563-e51f184832f9","JorgiToys","Shiny Greninja Pokemon Peluche 30cm Shiny Greninja","published","b2d190fa-057b-44b8-868e-ced887d9e55a","TakaraTomy","","VALID_BRAND","","","","","0.95","0","","KEEP","FALSE","Marca/Fabricante válida y aprobada."
"6fc06f1e-697d-4d8d-a58a-c682dc793c3f","61a48094-7453-4b7f-9563-e51f184832f9","JorgiToys","Vaporeon Eevee Pokemon Takara Tomy Peluche 30cm","published","b2d190fa-057b-44b8-868e-ced887d9e55a","TakaraTomy","","VALID_BRAND","","","","","0.95","0","TITLE_MANUFACTURER_MATCH:Takara Tomy","KEEP","FALSE","Marca/Fabricante válida y aprobada."
"70196654-df34-40f0-87ab-6edd774a16bd","61a48094-7453-4b7f-9563-e51f184832f9","JorgiToys","Lapras Pokemon Moncolle Ex Takara Tomy Ehp_06","published","b2d190fa-057b-44b8-868e-ced887d9e55a","TakaraTomy","","VALID_BRAND","","","","","0.95","0","TITLE_MANUFACTURER_MATCH:Takara Tomy","KEEP","FALSE","Marca/Fabricante válida y aprobada."
"b0013bee-9a34-43e7-a6e7-d55b6de7f316","61a48094-7453-4b7f-9563-e51f184832f9","JorgiToys","Shellington Octonautas Peluche 30cm","published","c78e66a1-7c09-4912-ab8d-4a2c3aa251ee","Octonautas","","VALID_BRAND","","","","","0.95","0","","KEEP","FALSE","Marca/Fabricante válida y aprobada."
"75ee3c68-a909-4fa7-b645-96d501a58c63","61a48094-7453-4b7f-9563-e51f184832f9","JorgiToys","Figura De Acción Charizard Ms-15 De Takara Tomy Monster Collection Ex","published","b2d190fa-057b-44b8-868e-ced887d9e55a","TakaraTomy","","VALID_BRAND","","","","","0.95","0","TITLE_MANUFACTURER_MATCH:Takara Tomy","KEEP","FALSE","Marca/Fabricante válida y aprobada."
"5de5e45c-db6f-49aa-83c9-167a6e5d998a","61a48094-7453-4b7f-9563-e51f184832f9","JorgiToys","Figura De Acción Mcfarlane Toys: Superman Traje Negro De Dc Multiverse","published","c2451c65-4354-4955-8afd-ad4bffecd26c","Mcfarlane","","VALID_BRAND","","","8956afcb-0f0d-4be9-b26e-3d9ff47ebc1b","DC","0.95","0.9","TITLE_LICENSE_MATCH:DC;TITLE_MANUFACTURER_MATCH:McFarlane Toys","AUTO_ASSIGN_LICENSE","FALSE","Marca/Fabricante válida y aprobada."
"46c6247a-ecb5-4aca-a2bf-1a39ed834d4d","61a48094-7453-4b7f-9563-e51f184832f9","JorgiToys","Plantas Vs Zombies 4 Figuras Con Mochila","published","","","","MISSING_BRAND","","","","","0","0","","REQUIRES_VENDOR_ATTENTION","FALSE","El producto no posee marca asignada (brand_id es NULL)."
"75102559-efd3-43e0-9ab7-3a171357ff28","61a48094-7453-4b7f-9563-e51f184832f9","JorgiToys","Dr. Eggman Sonic The Hedgehog 10cm Wave 8 Jakks Pacific","published","79c769ff-c82f-4a74-82de-790b8c3ecf05","Jakks Pacific","","VALID_BRAND","","","e0b9f1da-0b23-4007-905a-8c6ce242d445","Sonic","0.95","0.9","TITLE_LICENSE_MATCH:Sonic;TITLE_MANUFACTURER_MATCH:Jakks Pacific","AUTO_ASSIGN_LICENSE","FALSE","Marca/Fabricante válida y aprobada."
"b947e0dd-3635-4ee4-9977-5ac6ebd0edf1","61a48094-7453-4b7f-9563-e51f184832f9","JorgiToys","Zombi Morado Plantas Vs Zombies Peluche 30cm Zombie Morado","published","","","","MISSING_BRAND","","","","","0","0","","REQUIRES_VENDOR_ATTENTION","FALSE","El producto no posee marca asignada (brand_id es NULL)."
"13fd63e7-2c61-4d02-8b30-bbcffa4a414f","61a48094-7453-4b7f-9563-e51f184832f9","JorgiToys","Superman Justice League 2021 Dc Multiverse Mcfarlane","published","c2451c65-4354-4955-8afd-ad4bffecd26c","Mcfarlane","","VALID_BRAND","","","8956afcb-0f0d-4be9-b26e-3d9ff47ebc1b","DC","0.95","0.9","TITLE_LICENSE_MATCH:DC;TITLE_MANUFACTURER_MATCH:McFarlane Toys","AUTO_ASSIGN_LICENSE","FALSE","Marca/Fabricante válida y aprobada."
"56e3e853-5e68-4b40-ac77-d7b87e024fe6","61a48094-7453-4b7f-9563-e51f184832f9","JorgiToys","Peso Octonautas Peluche Grande 25cm","published","c78e66a1-7c09-4912-ab8d-4a2c3aa251ee","Octonautas","","VALID_BRAND","","","","","0.95","0","","KEEP","FALSE","Marca/Fabricante válida y aprobada."
"14e5dec4-a5e6-420f-867a-d82d6c4a962c","61a48094-7453-4b7f-9563-e51f184832f9","JorgiToys","Vegimal Octonautas Peluche 30cm","published","c78e66a1-7c09-4912-ab8d-4a2c3aa251ee","Octonautas","","VALID_BRAND","","","","","0.95","0","","KEEP","FALSE","Marca/Fabricante válida y aprobada."
"b6c3edba-868f-4ade-a3d2-2aa30f835587","61a48094-7453-4b7f-9563-e51f184832f9","JorgiToys","Inkling Octonautas Peluche 25cm","published","c78e66a1-7c09-4912-ab8d-4a2c3aa251ee","Octonautas","","VALID_BRAND","","","","","0.95","0","","KEEP","FALSE","Marca/Fabricante válida y aprobada."
"441a1fd8-4686-4353-8665-6b93451b1ce4","61a48094-7453-4b7f-9563-e51f184832f9","JorgiToys","Figura Articulada Kotal Khan Mortal Kombat Mcfarlane Toys Pvc Coleccionable","published","c2451c65-4354-4955-8afd-ad4bffecd26c","Mcfarlane","","VALID_BRAND","","","","","0.95","0","TITLE_MANUFACTURER_MATCH:McFarlane Toys","KEEP","FALSE","Marca/Fabricante válida y aprobada."
"12da65bf-5165-4fa5-b298-532541aca21b","61a48094-7453-4b7f-9563-e51f184832f9","JorgiToys","Kurosaki Ichigo Bleach Dasin Model","published","1131563d-5cd6-49f7-a3f1-7511da3e9a13","Dasin Model","","VALID_BRAND","","","","","0.95","0","","KEEP","FALSE","Marca/Fabricante válida y aprobada."
"bdbb5bc5-fbbf-44a3-9504-0a1ab1603a3c","61a48094-7453-4b7f-9563-e51f184832f9","JorgiToys","Albus Dumbledore Harry Potter Peluche Lego","published","da508c22-2fc6-411a-811e-caf2a0e3704c","Lego","","VALID_BRAND","","","3a1d5406-c556-4f3a-a77a-29d0cd182e9b","Harry Potter","0.95","0.9","TITLE_LICENSE_MATCH:Harry Potter;TITLE_MANUFACTURER_MATCH:Lego","AUTO_ASSIGN_LICENSE","FALSE","Marca/Fabricante válida y aprobada."
"df08dae1-0a4b-4a2a-a66a-494cfd1cd1d5","61a48094-7453-4b7f-9563-e51f184832f9","JorgiToys","Starfire Teen Titans Go! Jovenes Titanes Peluche 25cm Starfire","published","fac762b8-889d-4f6d-bf1c-da9f06dab0d7","Genérica","","GENERIC_BRAND","","","","","0","0","GENERIC_BRAND_DETECTED","REQUIRES_VENDOR_ATTENTION","FALSE","El producto utiliza una marca genérica no permitida a vendedores (""Genérica"")."
"1d73bdad-c9c7-4112-bd81-807e3653cecd","61a48094-7453-4b7f-9563-e51f184832f9","JorgiToys","Lanzamaíz Kernell Pult Plantas Vs Zombies","published","","","","MISSING_BRAND","","","","","0","0","","REQUIRES_VENDOR_ATTENTION","FALSE","El producto no posee marca asignada (brand_id es NULL)."
"b50725c2-f5f5-44b4-885f-190cb105299f","61a48094-7453-4b7f-9563-e51f184832f9","JorgiToys","Shellington Octonautas Peluche 20cm","published","c78e66a1-7c09-4912-ab8d-4a2c3aa251ee","Octonautas","","VALID_BRAND","","","","","0.95","0","","KEEP","FALSE","Marca/Fabricante válida y aprobada."
"aa6db702-777a-423b-8086-afabee4cf1ce","61a48094-7453-4b7f-9563-e51f184832f9","JorgiToys","Iron Spiderman No Way Home Disfraz Musculoso Con Luz","published","e28345e2-abee-4faf-9fdf-937acd487cd3","Jazwares","","VALID_BRAND","","","","","0.95","0","","KEEP","FALSE","Marca/Fabricante válida y aprobada."
"562b6ba6-6aa1-4e78-88a8-8bdbf8da3ae9","61a48094-7453-4b7f-9563-e51f184832f9","JorgiToys","Robin Young Justice Dc Batman Disfraz Rubies Robin M","published","","","","MISSING_BRAND","","","8956afcb-0f0d-4be9-b26e-3d9ff47ebc1b","DC","0","0.9","TITLE_LICENSE_MATCH:DC","REQUIRES_VENDOR_ATTENTION","FALSE","El producto no posee marca asignada (brand_id es NULL)."
"cd36e27d-6374-4cb8-9bb4-893fbf4919c8","61a48094-7453-4b7f-9563-e51f184832f9","JorgiToys","Pokémon 24 Mini Figuras Incluye Pikachu + 1 Sobre De Cartas","published","b2d190fa-057b-44b8-868e-ced887d9e55a","TakaraTomy","","VALID_BRAND","","","b3ab0279-a354-4417-b40e-dcd52f022a57","Pokémon","0.95","0.9","TITLE_LICENSE_MATCH:Pokémon","AUTO_ASSIGN_LICENSE","FALSE","Marca/Fabricante válida y aprobada."
"e37ecb4c-3c9b-4556-b622-e5d6c4eb3c00","61a48094-7453-4b7f-9563-e51f184832f9","JorgiToys","Riolu Pokemon Jazwares Peluche 25cm Riolu","published","e28345e2-abee-4faf-9fdf-937acd487cd3","Jazwares","","VALID_BRAND","","","","","0.95","0","","KEEP","FALSE","Marca/Fabricante válida y aprobada."
"61ec621e-206e-4be6-969b-f0f386ee03f4","61a48094-7453-4b7f-9563-e51f184832f9","JorgiToys","Psyduck Pokemon Wicked Cool Toys Peluche 30cm","published","e28345e2-abee-4faf-9fdf-937acd487cd3","Jazwares","","VALID_BRAND","","","","","0.95","0","","KEEP","FALSE","Marca/Fabricante válida y aprobada."
"2c039570-b9e3-4ead-acd1-4c39e4f80007","61a48094-7453-4b7f-9563-e51f184832f9","JorgiToys","Miles Morales Spiderman Across Spider-verse Disfraz Jazwares Miles Morales S","published","e28345e2-abee-4faf-9fdf-937acd487cd3","Jazwares","","VALID_BRAND","","","","","0.95","0","","KEEP","FALSE","Marca/Fabricante válida y aprobada."
"5f664c1c-fdd4-4d07-89a6-ef251fea4a68","61a48094-7453-4b7f-9563-e51f184832f9","JorgiToys","Shiny Riolu Pokemon Jazwares Peluche 25cm Shiny Riolu","published","e28345e2-abee-4faf-9fdf-937acd487cd3","Jazwares","","VALID_BRAND","","","","","0.95","0","","KEEP","FALSE","Marca/Fabricante válida y aprobada."
"c8fc0413-f5c5-4b1a-843f-b6222074eb07","61a48094-7453-4b7f-9563-e51f184832f9","JorgiToys","Carnage Venom Spiderman Hombre Araña Disfraz","published","fac762b8-889d-4f6d-bf1c-da9f06dab0d7","Genérica","","GENERIC_BRAND","","","","","0","0","GENERIC_BRAND_DETECTED","REQUIRES_VENDOR_ATTENTION","FALSE","El producto utiliza una marca genérica no permitida a vendedores (""Genérica"")."
"ecf811e7-1201-4170-8754-b9da218d0cb3","61a48094-7453-4b7f-9563-e51f184832f9","JorgiToys","Ninjago Ninja Disfraz Niños Rojo/negro 120","published","","","","MISSING_BRAND","","","","","0","0","","REQUIRES_VENDOR_ATTENTION","FALSE","El producto no posee marca asignada (brand_id es NULL)."
"530b569c-073f-4802-b28e-74482395ac8c","61a48094-7453-4b7f-9563-e51f184832f9","JorgiToys","Bo-katan Kryze The Mandalorian Star Wars Vintage Hasbro ","published","0df4aeab-c5e9-4d35-8a9b-e63f391d5a57","Hasbro","","VALID_BRAND","","","1d4ebf30-350d-4336-9058-90689b87700a","Star Wars","0.95","0.9","TITLE_LICENSE_MATCH:Star Wars;TITLE_MANUFACTURER_MATCH:Hasbro","AUTO_ASSIGN_LICENSE","FALSE","Marca/Fabricante válida y aprobada."
"8d923ac8-0275-42e5-984e-eb5bd54dfc0f","61a48094-7453-4b7f-9563-e51f184832f9","JorgiToys","Ken Street Fighter V Storm Collectibles Toys  R  Us Edition","published","ee0b5937-d3db-4038-9ddb-e6ad2fced6a2","Storm Collectibles","","VALID_BRAND","","","","","0.95","0","","KEEP","FALSE","Marca/Fabricante válida y aprobada."
"2c776745-5a13-42c3-b14a-52615ae98291","61a48094-7453-4b7f-9563-e51f184832f9","JorgiToys","Raven Teen Titans Go! Jovenes Titanes Peluche 25cm Raven","published","fac762b8-889d-4f6d-bf1c-da9f06dab0d7","Genérica","","GENERIC_BRAND","","","","","0","0","GENERIC_BRAND_DETECTED","REQUIRES_VENDOR_ATTENTION","FALSE","El producto utiliza una marca genérica no permitida a vendedores (""Genérica"")."
"033ab61d-bc14-41ec-a081-e7098ee590b7","61a48094-7453-4b7f-9563-e51f184832f9","JorgiToys","Cyborg Teen Titans Go! Jovenes Titanes Peluche 25cm Cyborg","published","fac762b8-889d-4f6d-bf1c-da9f06dab0d7","Genérica","","GENERIC_BRAND","","","","","0","0","GENERIC_BRAND_DETECTED","REQUIRES_VENDOR_ATTENTION","FALSE","El producto utiliza una marca genérica no permitida a vendedores (""Genérica"")."
"cccfcd62-60a7-44ba-961b-f5d05eaf0e10","61a48094-7453-4b7f-9563-e51f184832f9","JorgiToys","Humoseta Fume Shroom Plantas Vs Zombies Peluche 18cm","published","","","","MISSING_BRAND","","","","","0","0","","REQUIRES_VENDOR_ATTENTION","FALSE","El producto no posee marca asignada (brand_id es NULL)."
"85c469e7-7843-4f24-a6cf-3f8ead9b4f70","61a48094-7453-4b7f-9563-e51f184832f9","JorgiToys","Speakerman Skibidi Toilet Peluche 25cm","published","fac762b8-889d-4f6d-bf1c-da9f06dab0d7","Genérica","","GENERIC_BRAND","","","","","0","0","GENERIC_BRAND_DETECTED","REQUIRES_VENDOR_ATTENTION","FALSE","El producto utiliza una marca genérica no permitida a vendedores (""Genérica"")."
"74896d78-d06b-4081-a5c6-359b795d50f3","61a48094-7453-4b7f-9563-e51f184832f9","JorgiToys","Super Sonic Shadow Tails Knuckes Amy Set 12 Figuras Muñecos","published","fac762b8-889d-4f6d-bf1c-da9f06dab0d7","Genérica","","GENERIC_BRAND","","","e0b9f1da-0b23-4007-905a-8c6ce242d445","Sonic","0","0.9","TITLE_LICENSE_MATCH:Sonic;GENERIC_BRAND_DETECTED","REQUIRES_VENDOR_ATTENTION","FALSE","El producto utiliza una marca genérica no permitida a vendedores (""Genérica"")."
"7a8b22da-a3a1-4f64-b773-ab67c9086ad9","61a48094-7453-4b7f-9563-e51f184832f9","JorgiToys","Base Soporte Para Figuras De Accion","published","fac762b8-889d-4f6d-bf1c-da9f06dab0d7","Genérica","","GENERIC_BRAND","","","","","0","0","GENERIC_BRAND_DETECTED","REQUIRES_VENDOR_ATTENTION","FALSE","El producto utiliza una marca genérica no permitida a vendedores (""Genérica"")."
"dd6aa1f5-0d7d-4cc6-91a8-81d35666b96a","61a48094-7453-4b7f-9563-e51f184832f9","JorgiToys","Goku Vegeta Blue Dragon Ball Super 16 Figuras","published","fac762b8-889d-4f6d-bf1c-da9f06dab0d7","Genérica","","GENERIC_BRAND","","","372f7dd6-f134-4a9e-a1cf-f82497ba6ed3","Dragon Ball","0","0.9","TITLE_LICENSE_MATCH:Dragon Ball;GENERIC_BRAND_DETECTED","REQUIRES_VENDOR_ATTENTION","FALSE","El producto utiliza una marca genérica no permitida a vendedores (""Genérica"")."
"ca6718c8-46b0-48ac-aa97-dc2f6ab20e39","61a48094-7453-4b7f-9563-e51f184832f9","JorgiToys","Pikachu Thanos Pokemon Avengers Vengadores Muñeco Figura","published","fac762b8-889d-4f6d-bf1c-da9f06dab0d7","Genérica","","GENERIC_BRAND","","","","","0","0","GENERIC_BRAND_DETECTED","REQUIRES_VENDOR_ATTENTION","FALSE","El producto utiliza una marca genérica no permitida a vendedores (""Genérica"")."
"dc4f98bf-abfd-41ed-9253-7a83b1a54471","61a48094-7453-4b7f-9563-e51f184832f9","JorgiToys","Sonic The Hedgehog Disney Pins Dijes Para Crocs 19 Piezas Sonic The Hedge Hog","published","fac762b8-889d-4f6d-bf1c-da9f06dab0d7","Genérica","","GENERIC_BRAND","","","c948500a-b519-4843-82fd-a70f782c8571","Disney","0","0.9","TITLE_LICENSE_MATCH:Disney;GENERIC_BRAND_DETECTED","REQUIRES_VENDOR_ATTENTION","FALSE","El producto utiliza una marca genérica no permitida a vendedores (""Genérica"")."
"5cfe2572-9cd1-4214-935b-de6dfd27143b","61a48094-7453-4b7f-9563-e51f184832f9","JorgiToys","Lentes Flor Terrifier Art Clown Compatible Mascara Halloween","published","fac762b8-889d-4f6d-bf1c-da9f06dab0d7","Genérica","","GENERIC_BRAND","","","","","0","0","GENERIC_BRAND_DETECTED","REQUIRES_VENDOR_ATTENTION","FALSE","El producto utiliza una marca genérica no permitida a vendedores (""Genérica"")."
"4c08bb2c-0a89-4b2d-bd02-268de7da034c","61a48094-7453-4b7f-9563-e51f184832f9","JorgiToys","Smiling Critters Catnap Disfraz Cat Nap 160","published","fac762b8-889d-4f6d-bf1c-da9f06dab0d7","Genérica","","GENERIC_BRAND","","","","","0","0","GENERIC_BRAND_DETECTED","REQUIRES_VENDOR_ATTENTION","FALSE","El producto utiliza una marca genérica no permitida a vendedores (""Genérica"")."
"b49aea83-d97a-47a9-8ce4-ead06ec0566f","61a48094-7453-4b7f-9563-e51f184832f9","JorgiToys","Lilo & Stitch Disney Pins Dijes Para Crocs 22 Piezas Cars","published","fac762b8-889d-4f6d-bf1c-da9f06dab0d7","Genérica","","GENERIC_BRAND","","","c948500a-b519-4843-82fd-a70f782c8571","Disney","0","0.9","TITLE_LICENSE_MATCH:Disney;GENERIC_BRAND_DETECTED","REQUIRES_VENDOR_ATTENTION","FALSE","El producto utiliza una marca genérica no permitida a vendedores (""Genérica"")."
"ff06669b-bc31-4a9f-8b32-551cc44f07e7","61a48094-7453-4b7f-9563-e51f184832f9","JorgiToys","Flash Mascara Disfraz Cosplay Dc Rojo Flash","published","fac762b8-889d-4f6d-bf1c-da9f06dab0d7","Genérica","","GENERIC_BRAND","","","8956afcb-0f0d-4be9-b26e-3d9ff47ebc1b","DC","0","0.9","TITLE_LICENSE_MATCH:DC;GENERIC_BRAND_DETECTED","REQUIRES_VENDOR_ATTENTION","FALSE","El producto utiliza una marca genérica no permitida a vendedores (""Genérica"")."
"0543517e-6d26-4d72-8407-9d06eae99626","61a48094-7453-4b7f-9563-e51f184832f9","JorgiToys","Naruto Bandana Aldea Arena Renegado Negro Único","published","fac762b8-889d-4f6d-bf1c-da9f06dab0d7","Genérica","","GENERIC_BRAND","","","cf17945b-e570-4369-8b87-6e82bef9bfda","Naruto","0","0.9","TITLE_LICENSE_MATCH:Naruto;GENERIC_BRAND_DETECTED","REQUIRES_VENDOR_ATTENTION","FALSE","El producto utiliza una marca genérica no permitida a vendedores (""Genérica"")."
"02212bda-ff95-43d9-817f-bbc9017a139e","61a48094-7453-4b7f-9563-e51f184832f9","JorgiToys","Naruto Bandana Aldea Sonido Renegado Negro Único","published","fac762b8-889d-4f6d-bf1c-da9f06dab0d7","Genérica","","GENERIC_BRAND","","","cf17945b-e570-4369-8b87-6e82bef9bfda","Naruto","0","0.9","TITLE_LICENSE_MATCH:Naruto;GENERIC_BRAND_DETECTED","REQUIRES_VENDOR_ATTENTION","FALSE","El producto utiliza una marca genérica no permitida a vendedores (""Genérica"")."
"66d37265-da03-407c-9c86-3eb2e41b2302","61a48094-7453-4b7f-9563-e51f184832f9","JorgiToys","Robin Teen Titans Muñeco Figura Accion Articulada","published","fac762b8-889d-4f6d-bf1c-da9f06dab0d7","Genérica","","GENERIC_BRAND","","","","","0","0","GENERIC_BRAND_DETECTED","REQUIRES_VENDOR_ATTENTION","FALSE","El producto utiliza una marca genérica no permitida a vendedores (""Genérica"")."
"a9e1cea4-94d3-43ab-9689-61cd8f6d4185","61a48094-7453-4b7f-9563-e51f184832f9","JorgiToys","Naruto Bandana Gran Alianza Shinobi Negro Único","published","fac762b8-889d-4f6d-bf1c-da9f06dab0d7","Genérica","","GENERIC_BRAND","","","cf17945b-e570-4369-8b87-6e82bef9bfda","Naruto","0","0.9","TITLE_LICENSE_MATCH:Naruto;GENERIC_BRAND_DETECTED","REQUIRES_VENDOR_ATTENTION","FALSE","El producto utiliza una marca genérica no permitida a vendedores (""Genérica"")."
"278234c2-29a1-40dd-a4ac-254f20fd01ce","61a48094-7453-4b7f-9563-e51f184832f9","JorgiToys","Wonder Woman Mujer Maravilla Dc Super Hero Girls Disfraz Wonder Woman S","published","","","","MISSING_BRAND","","","8956afcb-0f0d-4be9-b26e-3d9ff47ebc1b","DC","0","0.9","TITLE_LICENSE_MATCH:DC","REQUIRES_VENDOR_ATTENTION","FALSE","El producto no posee marca asignada (brand_id es NULL)."
"3107895c-dd4e-4a43-8220-26d6df1b6447","61a48094-7453-4b7f-9563-e51f184832f9","JorgiToys","Mecha Football  Plantas Vs Zombies En Caja","published","","","","MISSING_BRAND","","","","","0","0","","REQUIRES_VENDOR_ATTENTION","FALSE","El producto no posee marca asignada (brand_id es NULL)."
"05574b0a-c641-4776-b3fc-6d9ded070a21","61a48094-7453-4b7f-9563-e51f184832f9","JorgiToys","Glamrock Chica Five Nights At Freddy's Disfraz Rubies Glamrock Chica M","published","","","","MISSING_BRAND","","","","","0","0","","REQUIRES_VENDOR_ATTENTION","FALSE","El producto no posee marca asignada (brand_id es NULL)."
"5ebab137-0fdd-4c09-8201-e533d39306e5","61a48094-7453-4b7f-9563-e51f184832f9","JorgiToys","Pixel Shades Thug Life Minecraft Lentes","published","fac762b8-889d-4f6d-bf1c-da9f06dab0d7","Genérica","","GENERIC_BRAND","","","4ad35ef9-fc3f-419c-92c2-0fa65949d736","Minecraft","0","0.9","TITLE_LICENSE_MATCH:Minecraft;GENERIC_BRAND_DETECTED","REQUIRES_VENDOR_ATTENTION","FALSE","El producto utiliza una marca genérica no permitida a vendedores (""Genérica"")."
"66e7fcb5-7e07-41b4-997f-8696d05ce3c0","61a48094-7453-4b7f-9563-e51f184832f9","JorgiToys","Squirtle Pokemon Peluche Aoger 23cm","published","","","","MISSING_BRAND","","","","","0","0","","REQUIRES_VENDOR_ATTENTION","FALSE","El producto no posee marca asignada (brand_id es NULL)."
"2453c1ab-2ae7-405b-a4b7-704763d81bbe","61a48094-7453-4b7f-9563-e51f184832f9","JorgiToys","Don Cangrejo Bob Esponja Peluche 24cm","published","","","","MISSING_BRAND","","","","","0","0","","REQUIRES_VENDOR_ATTENTION","FALSE","El producto no posee marca asignada (brand_id es NULL)."
"ac10d6b0-45ca-4ed5-ac38-3c965bd5fb0f","61a48094-7453-4b7f-9563-e51f184832f9","JorgiToys","Mega Charizard X Pokemon Only Factory Peluche 30cm","published","","","","MISSING_BRAND","","","","","0","0","","REQUIRES_VENDOR_ATTENTION","FALSE","El producto no posee marca asignada (brand_id es NULL)."
"f8960d45-d142-425e-b047-233be572eb0d","61a48094-7453-4b7f-9563-e51f184832f9","JorgiToys","Deadpool X-men Disfraz","published","fac762b8-889d-4f6d-bf1c-da9f06dab0d7","Genérica","","GENERIC_BRAND","","","","","0","0","GENERIC_BRAND_DETECTED","REQUIRES_VENDOR_ATTENTION","FALSE","El producto utiliza una marca genérica no permitida a vendedores (""Genérica"")."
"e6d87880-935a-4575-ba65-c4643d8cc4ea","61a48094-7453-4b7f-9563-e51f184832f9","JorgiToys","Batman The Animated Series 5 Points Mezco","published","","","","MISSING_BRAND","ef678a1b-2cec-4df6-9b95-e37c3c390dd5","Mezco Toyz","","","0.88","0","TITLE_MANUFACTURER_MATCH:Mezco Toyz","MANUAL_REVIEW","FALSE","El producto no posee marca asignada (brand_id es NULL). | Fabricante sugerido: ""Mezco Toyz""."
"d67ef3c1-6157-4cfa-851d-5fa00a0a5fb0","61a48094-7453-4b7f-9563-e51f184832f9","JorgiToys","Sonic Boom The Hedgehog Peluche Takara Tomy Original 28cm Azul","published","","","","MISSING_BRAND","f8ded33d-00c8-4c3e-8d8d-667147e9c873","Takara Tomy","e0b9f1da-0b23-4007-905a-8c6ce242d445","Sonic","0.88","0.9","TITLE_LICENSE_MATCH:Sonic;TITLE_MANUFACTURER_MATCH:Takara Tomy","MANUAL_REVIEW","FALSE","El producto no posee marca asignada (brand_id es NULL). | Fabricante sugerido: ""Takara Tomy""."
"ff9d1bf8-213f-4415-87d7-bca8f79ffcf0","61a48094-7453-4b7f-9563-e51f184832f9","JorgiToys","Figura De Acción Angela Neca De Gárgolas Articulada 18 Cm","published","43edaabc-3910-45ab-b93d-857698fad50b","NECA","","VALID_BRAND","","","","","0.95","0","TITLE_MANUFACTURER_MATCH:NECA","KEEP","FALSE","Marca/Fabricante válida y aprobada."
"de146c89-2a77-4cb7-900f-c2547e9c328a","61a48094-7453-4b7f-9563-e51f184832f9","JorgiToys","Zombi Caracono Conehead Plantas Vs Zombies Peluche 30cm Zombie Caracono","published","","","","MISSING_BRAND","","","","","0","0","","REQUIRES_VENDOR_ATTENTION","FALSE","El producto no posee marca asignada (brand_id es NULL)."
"a26b56e3-f81c-411d-b725-a5d1f1046cfb","61a48094-7453-4b7f-9563-e51f184832f9","JorgiToys","Zombi Flotador Patito Plantas Vs Zombies Peluche 30cm Zombie Con Flotador De Patito","published","","","","MISSING_BRAND","","","","","0","0","","REQUIRES_VENDOR_ATTENTION","FALSE","El producto no posee marca asignada (brand_id es NULL)."
"a00e6a03-5c8e-4b44-b147-29f5c06e2f9b","61a48094-7453-4b7f-9563-e51f184832f9","JorgiToys","Zombi Lector Newspaper Plantas Vs Zombies Peluche 30cm Zombie Lector","published","","","","MISSING_BRAND","","","","","0","0","","REQUIRES_VENDOR_ATTENTION","FALSE","El producto no posee marca asignada (brand_id es NULL)."
"cac1bf93-aaed-4711-9007-0715e77d1c88","61a48094-7453-4b7f-9563-e51f184832f9","JorgiToys","Lanzachiles Pepper Pult Caracubo Plantas Vs Zombies En Caja","published","","","","MISSING_BRAND","","","","","0","0","","REQUIRES_VENDOR_ATTENTION","FALSE","El producto no posee marca asignada (brand_id es NULL)."
"f5db61b0-a18c-4b80-bbae-dcbb11e3f2d5","61a48094-7453-4b7f-9563-e51f184832f9","JorgiToys","Alf Alien Life Form Ultimate Neca","published","43edaabc-3910-45ab-b93d-857698fad50b","NECA","","VALID_BRAND","","","","","0.95","0","TITLE_MANUFACTURER_MATCH:NECA","KEEP","FALSE","Marca/Fabricante válida y aprobada."
"de5e154e-2963-4e0b-a64f-c104c0d1f7e6","61a48094-7453-4b7f-9563-e51f184832f9","JorgiToys","Melonpulta Melon Pult Plantas Vs Zombies Peluche 18cm","published","","","","MISSING_BRAND","","","","","0","0","","REQUIRES_VENDOR_ATTENTION","FALSE","El producto no posee marca asignada (brand_id es NULL)."
"6fd89bcb-4deb-4f88-8d91-d9e6f0a37ec2","61a48094-7453-4b7f-9563-e51f184832f9","JorgiToys","Zombi Caballero Knight Plantas Vs Zombies Peluche 30cm Zombie Caballero","published","","","","MISSING_BRAND","","","","","0","0","","REQUIRES_VENDOR_ATTENTION","FALSE","El producto no posee marca asignada (brand_id es NULL)."
"2639bb45-ead5-47ed-9e6b-59d6de01332c","61a48094-7453-4b7f-9563-e51f184832f9","JorgiToys","Rabo De Gato Cattail Plantas Vs Zombies Peluche 18cm","published","","","","MISSING_BRAND","","","","","0","0","","REQUIRES_VENDOR_ATTENTION","FALSE","El producto no posee marca asignada (brand_id es NULL)."
"986ccc5b-d761-4ece-ae1b-637981570f44","61a48094-7453-4b7f-9563-e51f184832f9","JorgiToys","Lanzaguisantes Peashooter Plantas Vs Zombies Peluche 20cm Lanzaguisantes","published","","","","MISSING_BRAND","","","","","0","0","","REQUIRES_VENDOR_ATTENTION","FALSE","El producto no posee marca asignada (brand_id es NULL)."
"b1b6b1c0-a9a2-4795-a4ab-0743fadd6bd7","61a48094-7453-4b7f-9563-e51f184832f9","JorgiToys","Trebolador Blover Plantas Vs Zombies Peluche 20cm Trebolador","published","","","","MISSING_BRAND","","","","","0","0","","REQUIRES_VENDOR_ATTENTION","FALSE","El producto no posee marca asignada (brand_id es NULL)."
"1d10c505-9fd7-48a6-8c7a-425d29a79465","61a48094-7453-4b7f-9563-e51f184832f9","JorgiToys","Lanzamaíz Kernell Pult Plantas Vs Zombies Peluche 18cm","published","","","","MISSING_BRAND","","","","","0","0","","REQUIRES_VENDOR_ATTENTION","FALSE","El producto no posee marca asignada (brand_id es NULL)."
"5aedcb0b-bfa2-46b5-86c4-45c3413ba912","61a48094-7453-4b7f-9563-e51f184832f9","JorgiToys","Lanzaguisantes Peashooter Plantas Vs Zombies Peluche 18cm Lanzaguisantes","published","","","","MISSING_BRAND","","","","","0","0","","REQUIRES_VENDOR_ATTENTION","FALSE","El producto no posee marca asignada (brand_id es NULL)."
"43cb1059-9f45-4970-b23f-48d1b0868ba9","61a48094-7453-4b7f-9563-e51f184832f9","JorgiToys","Zombi Neon Plantas Vs Zombies Peluche 30cm Zombie Neon","published","","","","MISSING_BRAND","","","","","0","0","","REQUIRES_VENDOR_ATTENTION","FALSE","El producto no posee marca asignada (brand_id es NULL)."
"55975a64-1270-484e-91a7-30c96d6fd779","61a48094-7453-4b7f-9563-e51f184832f9","JorgiToys","Zombi Punk Plantas Vs Zombies Peluche 30cm Zombie Punk","published","","","","MISSING_BRAND","","","","","0","0","","REQUIRES_VENDOR_ATTENTION","FALSE","El producto no posee marca asignada (brand_id es NULL)."
"f2c90d9c-a64e-4b03-b672-6f6f3f82c0a5","61a48094-7453-4b7f-9563-e51f184832f9","JorgiToys","Zombi Pirata Plantas Vs Zombies Peluche 30cm Zombie Pirata","published","","","","MISSING_BRAND","","","","","0","0","","REQUIRES_VENDOR_ATTENTION","FALSE","El producto no posee marca asignada (brand_id es NULL)."
"2a28a29d-4519-4347-b8a5-df4480cef006","61a48094-7453-4b7f-9563-e51f184832f9","JorgiToys","Zombi Con Bikini Plantas Vs Zombies Peluche 30cm Zombi Con Bikini","published","","","","MISSING_BRAND","","","","","0","0","","REQUIRES_VENDOR_ATTENTION","FALSE","El producto no posee marca asignada (brand_id es NULL)."
"b373cfcf-d429-42ab-a31e-d981f015e51b","61a48094-7453-4b7f-9563-e51f184832f9","JorgiToys","Arenita Mejillas Bob Esponja Peluche Blanco","published","","","","MISSING_BRAND","","","","","0","0","","REQUIRES_VENDOR_ATTENTION","FALSE","El producto no posee marca asignada (brand_id es NULL)."
"9b6fbee0-244f-417f-bc0c-94600bb7256d","61a48094-7453-4b7f-9563-e51f184832f9","JorgiToys","Coltapulta Cabbage Pult Plantas Vs Zombies Peluche 15cm Coltapulta","published","","","","MISSING_BRAND","","","","","0","0","","REQUIRES_VENDOR_ATTENTION","FALSE","El producto no posee marca asignada (brand_id es NULL)."
"224e1f33-48c9-454d-9041-9f7b5876c890","61a48094-7453-4b7f-9563-e51f184832f9","JorgiToys","Super Mario The Movie Peluche Poseable Jakks Muñeco Figura","published","","","","MISSING_BRAND","79c769ff-c82f-4a74-82de-790b8c3ecf05","Jakks Pacific","","","0.88","0","TITLE_MANUFACTURER_MATCH:Jakks Pacific","MANUAL_REVIEW","FALSE","El producto no posee marca asignada (brand_id es NULL). | Fabricante sugerido: ""Jakks Pacific""."
"ba813c23-0ad4-4816-a75b-7ee13e08d92e","61a48094-7453-4b7f-9563-e51f184832f9","JorgiToys","Robin Dc Batman Disfraz Rubies Robin M","published","","","","MISSING_BRAND","","","8956afcb-0f0d-4be9-b26e-3d9ff47ebc1b","DC","0","0.9","TITLE_LICENSE_MATCH:DC","REQUIRES_VENDOR_ATTENTION","FALSE","El producto no posee marca asignada (brand_id es NULL)."
"fc7472bc-6116-4db4-bbe2-62a7fc42c4b4","61a48094-7453-4b7f-9563-e51f184832f9","JorgiToys","Harry Potter Hufflepuff Capa Tunica","published","","","","MISSING_BRAND","","","3a1d5406-c556-4f3a-a77a-29d0cd182e9b","Harry Potter","0","0.9","TITLE_LICENSE_MATCH:Harry Potter","REQUIRES_VENDOR_ATTENTION","FALSE","El producto no posee marca asignada (brand_id es NULL)."
"d2d1cc7a-7159-4255-9082-e1537753ba9c","61a48094-7453-4b7f-9563-e51f184832f9","JorgiToys","Cañón Misiles Zanahoria Carrotillery Plantas Vs Zombies Caja","published","","","","MISSING_BRAND","","","","","0","0","","REQUIRES_VENDOR_ATTENTION","FALSE","El producto no posee marca asignada (brand_id es NULL)."
"d09867fb-7c22-4b91-9154-8681d70d69ef","61a48094-7453-4b7f-9563-e51f184832f9","JorgiToys","Deep Sea Gargantuar Plantas Vs Zombies En Caja","published","","","","MISSING_BRAND","","","","","0","0","","REQUIRES_VENDOR_ATTENTION","FALSE","El producto no posee marca asignada (brand_id es NULL)."
"20b23036-a331-42fa-89a4-1ba78e1f8a6a","61a48094-7453-4b7f-9563-e51f184832f9","JorgiToys","Dr. Zomboss Esfinge Letal Zombot Plantas Vs Zombies","published","","","","MISSING_BRAND","","","","","0","0","","REQUIRES_VENDOR_ATTENTION","FALSE","El producto no posee marca asignada (brand_id es NULL)."
"a13b3e30-c83e-4f17-903a-4f15fa774bd4","61a48094-7453-4b7f-9563-e51f184832f9","JorgiToys","Zombi Caracono Conehead Plantas Vs Zombies","published","","","","MISSING_BRAND","","","","","0","0","","REQUIRES_VENDOR_ATTENTION","FALSE","El producto no posee marca asignada (brand_id es NULL)."
"d1394be0-cb9a-4ff8-a909-49fb014ffa28","61a48094-7453-4b7f-9563-e51f184832f9","JorgiToys","Shadow Motocicleta Sonic 3 La Película Jakks Pacific","published","4c557954-aa44-444a-96c8-f1c714d5847f","Jakks Pacific","","VALID_BRAND","","","e0b9f1da-0b23-4007-905a-8c6ce242d445","Sonic","0.95","0.9","TITLE_LICENSE_MATCH:Sonic;TITLE_MANUFACTURER_MATCH:Jakks Pacific","AUTO_ASSIGN_LICENSE","FALSE","Marca/Fabricante válida y aprobada."
"9d7b3570-4464-410e-a5b7-93da6fdbb089","61a48094-7453-4b7f-9563-e51f184832f9","JorgiToys","Zombi Básico Plantas Vs Zombies Peluche 30cm Zombie Básico","published","","","","MISSING_BRAND","","","","","0","0","","REQUIRES_VENDOR_ATTENTION","FALSE","El producto no posee marca asignada (brand_id es NULL)."
"e378d4ba-3cd6-4146-ab5a-12cdb60bbb99","61a48094-7453-4b7f-9563-e51f184832f9","JorgiToys","Figura Sonic The Hedgehog, Shadow Con Anillos. Articulada","published","","","","MISSING_BRAND","","","e0b9f1da-0b23-4007-905a-8c6ce242d445","Sonic","0","0.9","TITLE_LICENSE_MATCH:Sonic","REQUIRES_VENDOR_ATTENTION","FALSE","El producto no posee marca asignada (brand_id es NULL)."
"2ec2dd4b-80de-4f66-917d-606fea2a526e","61a48094-7453-4b7f-9563-e51f184832f9","JorgiToys","Ninjago Ninja Disfraz Niños Rojo 120","published","","","","MISSING_BRAND","","","","","0","0","","REQUIRES_VENDOR_ATTENTION","FALSE","El producto no posee marca asignada (brand_id es NULL)."
"e3100257-6321-450a-ba08-11107b1fc6ec","61a48094-7453-4b7f-9563-e51f184832f9","JorgiToys","Luffy One Piece Red Grandline Men Vol.1 Figura Muñeco","published","","","","MISSING_BRAND","","","4104dfb1-f1dd-408b-b392-19d8a8fc012e","One Piece","0","0.9","TITLE_LICENSE_MATCH:One Piece","REQUIRES_VENDOR_ATTENTION","FALSE","El producto no posee marca asignada (brand_id es NULL)."
"8c882f8f-914f-43e0-8293-c20aec18c8f5","61a48094-7453-4b7f-9563-e51f184832f9","JorgiToys","Ariel La Sirenita Story Doll Princesas Disney Store","published","79352f1b-f900-4f8a-97dc-74649d3022d2","Disney","","LICENSE_AS_BRAND","","","c948500a-b519-4843-82fd-a70f782c8571","Disney","0.4","0.95","CURRENT_BRAND_IS_LICENSE:Disney","MANUAL_REVIEW","FALSE","La marca actual (""Disney"") es una Licencia/Franquicia y no el Fabricante del producto. | No se detectó evidencia del fabricante real. Se requiere revisión manual sin inventar marca."
"a0c76e1a-df3e-4195-af91-938eaaea5aa8","61a48094-7453-4b7f-9563-e51f184832f9","JorgiToys","Dr Zomboss Zombot Sharktronic Sub Plantas Vs Zombies En Caja","published","","","","MISSING_BRAND","","","","","0","0","","REQUIRES_VENDOR_ATTENTION","FALSE","El producto no posee marca asignada (brand_id es NULL)."
"208955f0-1534-4df9-9c87-b31a12de1d8c","61a48094-7453-4b7f-9563-e51f184832f9","JorgiToys","Mazorcañon Cob Cannon Plantas Vs  Zombies","published","","","","MISSING_BRAND","","","","","0","0","","REQUIRES_VENDOR_ATTENTION","FALSE","El producto no posee marca asignada (brand_id es NULL)."
"c0b149bb-3a46-4754-b2f3-ba0b34ba166d","61a48094-7453-4b7f-9563-e51f184832f9","JorgiToys","Vaina Lanzaguisantes Pea Pod Plantas Vs Zombies","published","","","","MISSING_BRAND","","","","","0","0","","REQUIRES_VENDOR_ATTENTION","FALSE","El producto no posee marca asignada (brand_id es NULL)."
"caa7c9d9-aaef-4793-b5d6-c79df171a42e","61a48094-7453-4b7f-9563-e51f184832f9","JorgiToys","Lanzachiles Pepper Pult Plantas Vs Zombies","published","","","","MISSING_BRAND","","","","","0","0","","REQUIRES_VENDOR_ATTENTION","FALSE","El producto no posee marca asignada (brand_id es NULL)."
"7bcb1d96-29e4-488b-8f85-e3ec41ce7200","61a48094-7453-4b7f-9563-e51f184832f9","JorgiToys","Deep Sea Gargantuar Plantas Vs Zombies","published","","","","MISSING_BRAND","","","","","0","0","","REQUIRES_VENDOR_ATTENTION","FALSE","El producto no posee marca asignada (brand_id es NULL)."
"379fe949-6d9f-4aab-8a29-1bebdb359b43","61a48094-7453-4b7f-9563-e51f184832f9","JorgiToys","Figura De Acción Mutagen Man Ultimates! Para Coleccionistas, De Super 7","published","","","","MISSING_BRAND","28865b10-c492-4773-9810-270afa95b3d4","Super7","","","0.88","0","TITLE_MANUFACTURER_MATCH:Super7","MANUAL_REVIEW","FALSE","El producto no posee marca asignada (brand_id es NULL). | Fabricante sugerido: ""Super7""."
"23329724-be27-432d-9b97-a3a8ef7c6b88","61a48094-7453-4b7f-9563-e51f184832f9","JorgiToys","Hielaguisantes Plantas Vs Zombies Con Luz","published","","","","MISSING_BRAND","","","","","0","0","","REQUIRES_VENDOR_ATTENTION","FALSE","El producto no posee marca asignada (brand_id es NULL)."
"664feaf7-15e2-4ce2-83a3-e35ec8a184a9","61a48094-7453-4b7f-9563-e51f184832f9","JorgiToys","Figura De Acción Articulada Modern Shadow De Sonic The Hedgehog","published","","","","MISSING_BRAND","","","e0b9f1da-0b23-4007-905a-8c6ce242d445","Sonic","0","0.9","TITLE_LICENSE_MATCH:Sonic","REQUIRES_VENDOR_ATTENTION","FALSE","El producto no posee marca asignada (brand_id es NULL)."
"27d9722c-1e02-448f-90bd-c5409fbfecb2","61a48094-7453-4b7f-9563-e51f184832f9","JorgiToys","Junco Eléctrico Electric Reel Plantas Vs Zombies Con Luz","published","","","","MISSING_BRAND","","","","","0","0","","REQUIRES_VENDOR_ATTENTION","FALSE","El producto no posee marca asignada (brand_id es NULL)."
"22314acd-5157-47a0-b4f5-9b7af20cf30e","61a48094-7453-4b7f-9563-e51f184832f9","JorgiToys","Harry Potter Corbata Gryffindor Slytherin Ravenclaw Hufflepu","published","","","","MISSING_BRAND","","","3a1d5406-c556-4f3a-a77a-29d0cd182e9b","Harry Potter","0","0.9","TITLE_LICENSE_MATCH:Harry Potter","REQUIRES_VENDOR_ATTENTION","FALSE","El producto no posee marca asignada (brand_id es NULL)."
"8511aa53-c2dd-49b5-bb4b-4e48ca59f87f","61a48094-7453-4b7f-9563-e51f184832f9","JorgiToys","Hombre Araña Spiderman Far From Home Disfraz Marvel Rubies Spiderman M","published","","","","MISSING_BRAND","","","39af7eed-0ae2-4c7f-ac30-107d20957036","Marvel","0","0.9","TITLE_LICENSE_MATCH:Marvel","REQUIRES_VENDOR_ATTENTION","FALSE","El producto no posee marca asignada (brand_id es NULL)."
"ddf0b4cb-e583-4224-a0d4-3a293c695108","61a48094-7453-4b7f-9563-e51f184832f9","JorgiToys","Harry Potter Quidditch Robe Tunica Capa Disfraz Rubies Rojo/amarillo M","published","","","","MISSING_BRAND","","","3a1d5406-c556-4f3a-a77a-29d0cd182e9b","Harry Potter","0","0.9","TITLE_LICENSE_MATCH:Harry Potter","REQUIRES_VENDOR_ATTENTION","FALSE","El producto no posee marca asignada (brand_id es NULL)."
"fa407c8c-b212-4ba5-bf77-d08d847137f1","61a48094-7453-4b7f-9563-e51f184832f9","JorgiToys","Sonic Boom The Hedgehog Peluche Takara Tomy Original 34cm Azul","published","","","","MISSING_BRAND","f8ded33d-00c8-4c3e-8d8d-667147e9c873","Takara Tomy","e0b9f1da-0b23-4007-905a-8c6ce242d445","Sonic","0.88","0.9","TITLE_LICENSE_MATCH:Sonic;TITLE_MANUFACTURER_MATCH:Takara Tomy","MANUAL_REVIEW","FALSE","El producto no posee marca asignada (brand_id es NULL). | Fabricante sugerido: ""Takara Tomy""."
"93231197-f29d-4c99-adc5-9f2826122008","61a48094-7453-4b7f-9563-e51f184832f9","JorgiToys","Montgomery Gator Five Nights At Freddy's Disfraz","published","","","","MISSING_BRAND","","","","","0","0","","REQUIRES_VENDOR_ATTENTION","FALSE","El producto no posee marca asignada (brand_id es NULL)."
"feb1f3c9-191f-48d6-897b-2d2720185242","61a48094-7453-4b7f-9563-e51f184832f9","JorgiToys","Glamrock Freddy Five Nights At Freddy's Disfraz","published","","","","MISSING_BRAND","","","","","0","0","","REQUIRES_VENDOR_ATTENTION","FALSE","El producto no posee marca asignada (brand_id es NULL)."
"af33d863-bb66-42cc-86b3-5ed4af17f538","61a48094-7453-4b7f-9563-e51f184832f9","JorgiToys","Ninjago Ninja Disfraz Niños Azul 120","published","","","","MISSING_BRAND","","","","","0","0","","REQUIRES_VENDOR_ATTENTION","FALSE","El producto no posee marca asignada (brand_id es NULL)."
"18d67c4d-4bc2-4c8e-8c17-c505d4413743","61a48094-7453-4b7f-9563-e51f184832f9","JorgiToys","Ninjago Ninja Disfraz Niños Amarillo 120","published","","","","MISSING_BRAND","","","","","0","0","","REQUIRES_VENDOR_ATTENTION","FALSE","El producto no posee marca asignada (brand_id es NULL)."
"87cf682b-e5c7-4a70-895a-bee2c44ae881","61a48094-7453-4b7f-9563-e51f184832f9","JorgiToys","Donatello Tortugas Ninja Turtles Disfraz Musculoso Rubies Donatello M","published","","","","MISSING_BRAND","","","","","0","0","","REQUIRES_VENDOR_ATTENTION","FALSE","El producto no posee marca asignada (brand_id es NULL)."
"bcf0a67a-4d7a-4d3b-b6be-9a62d05b065c","61a48094-7453-4b7f-9563-e51f184832f9","JorgiToys","Ninjago Ninja Disfraz Niños Verde 120","published","","","","MISSING_BRAND","","","","","0","0","","REQUIRES_VENDOR_ATTENTION","FALSE","El producto no posee marca asignada (brand_id es NULL)."
"1631e3e5-6f8e-4a2c-a477-dcfb3e4f9763","61a48094-7453-4b7f-9563-e51f184832f9","JorgiToys","Dr. Zomboss Zombot Plantas Vs Zombies","published","","","","MISSING_BRAND","","","","","0","0","","REQUIRES_VENDOR_ATTENTION","FALSE","El producto no posee marca asignada (brand_id es NULL)."
"b9ca6599-bc98-4de8-b684-de360163dbe6","61a48094-7453-4b7f-9563-e51f184832f9","JorgiToys","Melonpulta Congelada Plantas Vs Zombies","published","","","","MISSING_BRAND","","","","","0","0","","REQUIRES_VENDOR_ATTENTION","FALSE","El producto no posee marca asignada (brand_id es NULL)."
"956202a0-3588-4376-926b-05e9af02c42a","61a48094-7453-4b7f-9563-e51f184832f9","JorgiToys","Spongebob Squarepants Bob Esponja Disfraz Rubies Bob Esponja S","published","","","","MISSING_BRAND","","","","","0","0","","REQUIRES_VENDOR_ATTENTION","FALSE","El producto no posee marca asignada (brand_id es NULL)."
"8d0dd2c7-b206-4b83-a88a-f32892c50b9e","61a48094-7453-4b7f-9563-e51f184832f9","JorgiToys","Ken De Street Fighter Alpha 3 Storm Arena Figura De Acción","published","","","","MISSING_BRAND","","","","","0","0","","REQUIRES_VENDOR_ATTENTION","FALSE","El producto no posee marca asignada (brand_id es NULL)."
"92c99c39-3df3-4341-bc1a-63ee8a8709f4","61a48094-7453-4b7f-9563-e51f184832f9","JorgiToys","Foxy Chica Bonnie Five Nights At Freddy's Set 4 Figuras","published","fac762b8-889d-4f6d-bf1c-da9f06dab0d7","Genérica","","GENERIC_BRAND","","","","","0","0","GENERIC_BRAND_DETECTED","REQUIRES_VENDOR_ATTENTION","FALSE","El producto utiliza una marca genérica no permitida a vendedores (""Genérica"")."
"2d84e6e3-a66a-4a20-9293-84db64de5f58","61a48094-7453-4b7f-9563-e51f184832f9","JorgiToys","The Last Ronin Armored Tortugas Ninja Turtles Neca","published","43edaabc-3910-45ab-b93d-857698fad50b","NECA","","VALID_BRAND","","","","","0.95","0","TITLE_MANUFACTURER_MATCH:NECA","KEEP","FALSE","Marca/Fabricante válida y aprobada."
"0f02a796-0f3a-4c10-89ce-115b0cfd9da8","61a48094-7453-4b7f-9563-e51f184832f9","JorgiToys","Leonardo Tortugas Ninja Turtles Disfraz Musculoso Rubies Leonardo L","published","","","","MISSING_BRAND","","","","","0","0","","REQUIRES_VENDOR_ATTENTION","FALSE","El producto no posee marca asignada (brand_id es NULL)."
"0cf5dbf4-9f12-4004-be05-02bde4a467cc","61a48094-7453-4b7f-9563-e51f184832f9","JorgiToys","Peso Octonautas Peluche 20cm","published","","","","MISSING_BRAND","","","","","0","0","","REQUIRES_VENDOR_ATTENTION","FALSE","El producto no posee marca asignada (brand_id es NULL)."
"5a8aae90-6a4b-40bf-b4df-13e2de0f7ff2","61a48094-7453-4b7f-9563-e51f184832f9","JorgiToys","Arthur Fleck Sp.edition Joker Patriot Studios","published","","","","MISSING_BRAND","","","","","0","0","","REQUIRES_VENDOR_ATTENTION","FALSE","El producto no posee marca asignada (brand_id es NULL)."
"cd48489f-297a-452c-b9aa-3b59dcbe22ab","61a48094-7453-4b7f-9563-e51f184832f9","JorgiToys","Nube Akatsuki Naruto Collar Animé Manga Cosplay Nube Akatsuki","published","fac762b8-889d-4f6d-bf1c-da9f06dab0d7","Genérica","","GENERIC_BRAND","","","cf17945b-e570-4369-8b87-6e82bef9bfda","Naruto","0","0.9","TITLE_LICENSE_MATCH:Naruto;GENERIC_BRAND_DETECTED","REQUIRES_VENDOR_ATTENTION","FALSE","El producto utiliza una marca genérica no permitida a vendedores (""Genérica"")."
"ad46eea2-3a04-4dae-952f-66995ee4422c","61a48094-7453-4b7f-9563-e51f184832f9","JorgiToys","Alex Street Fighter V Storm Collectibles","published","ee0b5937-d3db-4038-9ddb-e6ad2fced6a2","Storm Collectibles","","VALID_BRAND","","","","","0.95","0","","KEEP","FALSE","Marca/Fabricante válida y aprobada."
"44582730-175f-46da-bed9-bc5d65d6d7cc","61a48094-7453-4b7f-9563-e51f184832f9","JorgiToys","Naruto Bandana Aldea Hoja Konoha Renegado Negro Único","published","fac762b8-889d-4f6d-bf1c-da9f06dab0d7","Genérica","","GENERIC_BRAND","","","cf17945b-e570-4369-8b87-6e82bef9bfda","Naruto","0","0.9","TITLE_LICENSE_MATCH:Naruto;GENERIC_BRAND_DETECTED","REQUIRES_VENDOR_ATTENTION","FALSE","El producto utiliza una marca genérica no permitida a vendedores (""Genérica"")."
"4b63f20b-be6d-44f1-8c23-3985551d5482","61a48094-7453-4b7f-9563-e51f184832f9","JorgiToys","Spawn Mortal Kombat Mcfarlane","published","c2451c65-4354-4955-8afd-ad4bffecd26c","Mcfarlane","","VALID_BRAND","","","","","0.95","0","TITLE_MANUFACTURER_MATCH:McFarlane Toys","KEEP","FALSE","Marca/Fabricante válida y aprobada."
"ede51433-6261-447c-a474-f1272404596a","61a48094-7453-4b7f-9563-e51f184832f9","JorgiToys","Shao Kahn Mortal Kombat 11 Mcfarlane","published","c2451c65-4354-4955-8afd-ad4bffecd26c","Mcfarlane","","VALID_BRAND","","","","","0.95","0","TITLE_MANUFACTURER_MATCH:McFarlane Toys","KEEP","FALSE","Marca/Fabricante válida y aprobada."
"0c149c7d-1abb-4d25-b0a1-be0664b52af6","61a48094-7453-4b7f-9563-e51f184832f9","JorgiToys","Vegimal Octonautas Peluche 20cm","published","","","","MISSING_BRAND","","","","","0","0","","REQUIRES_VENDOR_ATTENTION","FALSE","El producto no posee marca asignada (brand_id es NULL)."
"806b08ed-91d7-4a4d-ad85-f703d0d66de3","61a48094-7453-4b7f-9563-e51f184832f9","JorgiToys","Sonic 2 The Movie La Película Peluche Jakks Pacific","published","79c769ff-c82f-4a74-82de-790b8c3ecf05","Jakks Pacific","","VALID_BRAND","","","e0b9f1da-0b23-4007-905a-8c6ce242d445","Sonic","0.95","0.9","TITLE_LICENSE_MATCH:Sonic;TITLE_MANUFACTURER_MATCH:Jakks Pacific","AUTO_ASSIGN_LICENSE","FALSE","Marca/Fabricante válida y aprobada."
"e759f31a-8825-4ce5-8655-90e44428f7ac","61a48094-7453-4b7f-9563-e51f184832f9","JorgiToys","Black Zero Mega Man Rockman X D-arts Bandai","published","35d99a48-df19-4d41-8f1e-944862b40f3e","Bandai","","VALID_BRAND","","","","","0.95","0","TITLE_MANUFACTURER_MATCH:Bandai","KEEP","FALSE","Marca/Fabricante válida y aprobada."
"95700244-a494-4980-8868-05c02bf27415","61a48094-7453-4b7f-9563-e51f184832f9","JorgiToys","Calamardo Bob Esponja Peluche 35cm","published","","","","MISSING_BRAND","","","","","0","0","","REQUIRES_VENDOR_ATTENTION","FALSE","El producto no posee marca asignada (brand_id es NULL)."
"e2d7841e-b880-49ff-985a-503dfa26ba12","61a48094-7453-4b7f-9563-e51f184832f9","JorgiToys","Naruto Bandana Aldea Niebla Renegado Negro Único","published","fac762b8-889d-4f6d-bf1c-da9f06dab0d7","Genérica","","GENERIC_BRAND","","","cf17945b-e570-4369-8b87-6e82bef9bfda","Naruto","0","0.9","TITLE_LICENSE_MATCH:Naruto;GENERIC_BRAND_DETECTED","REQUIRES_VENDOR_ATTENTION","FALSE","El producto utiliza una marca genérica no permitida a vendedores (""Genérica"")."
"ad70b83b-09a6-4299-8b45-ef70bc5e2c7a","61a48094-7453-4b7f-9563-e51f184832f9","JorgiToys","Naruto Bandana Aldea Lluvia Renegado Negro Único","published","fac762b8-889d-4f6d-bf1c-da9f06dab0d7","Genérica","","GENERIC_BRAND","","","cf17945b-e570-4369-8b87-6e82bef9bfda","Naruto","0","0.9","TITLE_LICENSE_MATCH:Naruto;GENERIC_BRAND_DETECTED","REQUIRES_VENDOR_ATTENTION","FALSE","El producto utiliza una marca genérica no permitida a vendedores (""Genérica"")."
"85eeb346-6a23-40b4-ac90-0d654767d767","61a48094-7453-4b7f-9563-e51f184832f9","JorgiToys","Naruto Bandana Aldea Hoja Konoha","published","fac762b8-889d-4f6d-bf1c-da9f06dab0d7","Genérica","","GENERIC_BRAND","","","cf17945b-e570-4369-8b87-6e82bef9bfda","Naruto","0","0.9","TITLE_LICENSE_MATCH:Naruto;GENERIC_BRAND_DETECTED","REQUIRES_VENDOR_ATTENTION","FALSE","El producto utiliza una marca genérica no permitida a vendedores (""Genérica"")."
"5e95a3e3-94ce-489f-a449-f0f43cb75e73","61a48094-7453-4b7f-9563-e51f184832f9","JorgiToys","Hawkgirl Justice League Animated Dc Collectibles","published","ad5d4bf0-769c-49ea-9d84-211a2fb33a68","DC Collectibles","","VALID_BRAND","","","8956afcb-0f0d-4be9-b26e-3d9ff47ebc1b","DC","0.95","0.9","TITLE_LICENSE_MATCH:DC","AUTO_ASSIGN_LICENSE","FALSE","Marca/Fabricante válida y aprobada."
"0f111812-863f-466f-a955-550730c6bcb3","61a48094-7453-4b7f-9563-e51f184832f9","JorgiToys","Five Nights At Freddy's 8 Figuras Didácticas 4,5cm","published","","","","MISSING_BRAND","","","","","0","0","","REQUIRES_VENDOR_ATTENTION","FALSE","El producto no posee marca asignada (brand_id es NULL)."
"43ddd6be-1e0f-4651-8db9-f9b10bfe1ff9","61a48094-7453-4b7f-9563-e51f184832f9","JorgiToys","Boar Ultimate Predator 2 Depredador Neca","published","43edaabc-3910-45ab-b93d-857698fad50b","NECA","","VALID_BRAND","","","","","0.95","0","TITLE_MANUFACTURER_MATCH:NECA","KEEP","FALSE","Marca/Fabricante válida y aprobada."
"d6c359c0-705c-4b37-9efd-17929c2ddde0","61a48094-7453-4b7f-9563-e51f184832f9","JorgiToys","Dragon Shiryu Saint Seiya Cosmo Memoir Bandai Banpresto","published","46b57b4d-a454-4fdd-ad71-5920d9def3dd","Banpresto","","VALID_BRAND","","","","","0.95","0","TITLE_MANUFACTURER_MATCH:Bandai","KEEP","FALSE","Marca/Fabricante válida y aprobada."
"d975059e-2998-4362-8e83-bb44b03c9df9","61a48094-7453-4b7f-9563-e51f184832f9","JorgiToys","Michelangelo Batman Vs Tmnt Dc Collectibles Sdcc2019","published","ad5d4bf0-769c-49ea-9d84-211a2fb33a68","DC Collectibles","","VALID_BRAND","","","8956afcb-0f0d-4be9-b26e-3d9ff47ebc1b","DC","0.95","0.9","TITLE_LICENSE_MATCH:DC","AUTO_ASSIGN_LICENSE","FALSE","Marca/Fabricante válida y aprobada."
"1bf5f515-99ee-4743-a9b3-b8d032364ea1","61a48094-7453-4b7f-9563-e51f184832f9","JorgiToys","Green Lantern Justice League Animated Dc Collectibles","published","ad5d4bf0-769c-49ea-9d84-211a2fb33a68","DC Collectibles","","VALID_BRAND","","","8956afcb-0f0d-4be9-b26e-3d9ff47ebc1b","DC","0.95","0.9","TITLE_LICENSE_MATCH:DC","AUTO_ASSIGN_LICENSE","FALSE","Marca/Fabricante válida y aprobada."
"a7d47f17-1e51-4b4b-95cd-e1ff6c777245","61a48094-7453-4b7f-9563-e51f184832f9","JorgiToys","Silver Falcon Broadway Ultimate Gargoyles Disney Neca","published","79352f1b-f900-4f8a-97dc-74649d3022d2","Disney","","LICENSE_AS_BRAND","43edaabc-3910-45ab-b93d-857698fad50b","NECA","c948500a-b519-4843-82fd-a70f782c8571","Disney","0.88","0.95","CURRENT_BRAND_IS_LICENSE:Disney;TITLE_MANUFACTURER_MATCH:NECA","MANUAL_REVIEW","FALSE","La marca actual (""Disney"") es una Licencia/Franquicia y no el Fabricante del producto. | Fabricante sugerido: ""NECA""."
"4eb651a7-9df7-4e5a-8064-5a4e1c231705","61a48094-7453-4b7f-9563-e51f184832f9","JorgiToys","Uzumaki Naruto Shippuden Playmobil 71096","published","0cd1b4cd-c923-4c05-8242-4c5489f9ca92","Playmobil","","VALID_BRAND","","","cf17945b-e570-4369-8b87-6e82bef9bfda","Naruto","0.95","0.9","TITLE_LICENSE_MATCH:Naruto","AUTO_ASSIGN_LICENSE","FALSE","Marca/Fabricante válida y aprobada."
"adec27eb-e5fb-4fa1-accc-ff8d42eeae83","61a48094-7453-4b7f-9563-e51f184832f9","JorgiToys","Kakashi Naruto Shippuden Playmobil 71099","published","0cd1b4cd-c923-4c05-8242-4c5489f9ca92","Playmobil","","VALID_BRAND","","","cf17945b-e570-4369-8b87-6e82bef9bfda","Naruto","0.95","0.9","TITLE_LICENSE_MATCH:Naruto","AUTO_ASSIGN_LICENSE","FALSE","Marca/Fabricante válida y aprobada."
"eb0c5eb4-32d8-4ea0-9f99-f6897a0f4459","61a48094-7453-4b7f-9563-e51f184832f9","JorgiToys","Iron Man Proton Cannon Marvel Legends Hasbro","published","0df4aeab-c5e9-4d35-8a9b-e63f391d5a57","Hasbro","","VALID_BRAND","","","39af7eed-0ae2-4c7f-ac30-107d20957036","Marvel","0.95","0.9","TITLE_LICENSE_MATCH:Marvel;TITLE_MANUFACTURER_MATCH:Hasbro","AUTO_ASSIGN_LICENSE","FALSE","Marca/Fabricante válida y aprobada."
"57b836ea-2f78-4ba4-a2cb-ed303e3c04e5","61a48094-7453-4b7f-9563-e51f184832f9","JorgiToys","Monster High Muñeca Colección Wednesday","published","","","","MISSING_BRAND","","","","","0","0","","REQUIRES_VENDOR_ATTENTION","FALSE","El producto no posee marca asignada (brand_id es NULL)."
"dcf02f6a-46df-480a-a9e8-eac71bea2643","61a48094-7453-4b7f-9563-e51f184832f9","JorgiToys","Figura De Acción Marvel Legends Venom","published","0df4aeab-c5e9-4d35-8a9b-e63f391d5a57","Hasbro","","VALID_BRAND","","","39af7eed-0ae2-4c7f-ac30-107d20957036","Marvel","0.95","0.9","TITLE_LICENSE_MATCH:Marvel;TITLE_MANUFACTURER_MATCH:Hasbro","AUTO_ASSIGN_LICENSE","FALSE","Marca/Fabricante válida y aprobada."
"6b1b398a-e836-42c7-a000-2439d6bc1a77","61a48094-7453-4b7f-9563-e51f184832f9","JorgiToys","Miles Morales Spiderman Series Marvel Legends Hasbro","published","0df4aeab-c5e9-4d35-8a9b-e63f391d5a57","Hasbro","","VALID_BRAND","","","39af7eed-0ae2-4c7f-ac30-107d20957036","Marvel","0.95","0.9","TITLE_LICENSE_MATCH:Marvel;TITLE_MANUFACTURER_MATCH:Hasbro","AUTO_ASSIGN_LICENSE","FALSE","Marca/Fabricante válida y aprobada."
"7b945000-d43d-4319-81fd-2c471137b123","61a48094-7453-4b7f-9563-e51f184832f9","JorgiToys","Vulture Spiderman Homecoming Marvel Legends Hasbro","published","0df4aeab-c5e9-4d35-8a9b-e63f391d5a57","Hasbro","","VALID_BRAND","","","39af7eed-0ae2-4c7f-ac30-107d20957036","Marvel","0.95","0.9","TITLE_LICENSE_MATCH:Marvel;TITLE_MANUFACTURER_MATCH:Hasbro","AUTO_ASSIGN_LICENSE","FALSE","Marca/Fabricante válida y aprobada."
"448e43b0-bd20-4df9-8c90-14932027d7e4","61a48094-7453-4b7f-9563-e51f184832f9","JorgiToys","Hammerhead Spiderman Marvel Legends Hasbro","published","0df4aeab-c5e9-4d35-8a9b-e63f391d5a57","Hasbro","","VALID_BRAND","","","39af7eed-0ae2-4c7f-ac30-107d20957036","Marvel","0.95","0.9","TITLE_LICENSE_MATCH:Marvel;TITLE_MANUFACTURER_MATCH:Hasbro","AUTO_ASSIGN_LICENSE","FALSE","Marca/Fabricante válida y aprobada."
"19446f97-109c-4e28-9269-cf2ef2328cfd","61a48094-7453-4b7f-9563-e51f184832f9","JorgiToys","Rescue Avengers Endgame Hot Toys Mms538d32","published","15765f46-949b-485b-bb80-295065015942","Hot Toys","","VALID_BRAND","","","","","0.95","0","TITLE_MANUFACTURER_MATCH:Hot Toys","KEEP","FALSE","Marca/Fabricante válida y aprobada."
"6150b393-666f-4d01-aba1-be08e7638584","61a48094-7453-4b7f-9563-e51f184832f9","JorgiToys","M.bison Ultra Street Fighter 2 Jada Toys","published","","","","MISSING_BRAND","0841bb0b-70e9-409c-8f27-8b221d740569","Jada","","","0.88","0","TITLE_MANUFACTURER_MATCH:Jada","MANUAL_REVIEW","FALSE","El producto no posee marca asignada (brand_id es NULL). | Fabricante sugerido: ""Jada""."
"dd6b9eda-333f-42b5-a0ef-94dcef5fe548","61a48094-7453-4b7f-9563-e51f184832f9","JorgiToys","Street Fighter 2 Repli Cade Mini Arcade New Wave Toys","published","bcce084e-6714-42de-8827-fc6d4b3ee96b","New Wave Toys","","VALID_BRAND","","","","","0.95","0","","KEEP","FALSE","Marca/Fabricante válida y aprobada."
"a28d2115-54ec-40c6-aa61-f736013e5032","61a48094-7453-4b7f-9563-e51f184832f9","JorgiToys","Pj Masks Animal Power Carry N' Go 15pcs. Hasbro ","published","0df4aeab-c5e9-4d35-8a9b-e63f391d5a57","Hasbro","","VALID_BRAND","","","","","0.95","0","TITLE_MANUFACTURER_MATCH:Hasbro","KEEP","FALSE","Marca/Fabricante válida y aprobada."
"b8a762cf-96c8-427c-8fad-8832613971e2","61a48094-7453-4b7f-9563-e51f184832f9","JorgiToys","Talia Al Ghul Batman The Animated Series Dc Collectibles 33","published","ad5d4bf0-769c-49ea-9d84-211a2fb33a68","DC Collectibles","","VALID_BRAND","","","8956afcb-0f0d-4be9-b26e-3d9ff47ebc1b","DC","0.95","0.9","TITLE_LICENSE_MATCH:DC","AUTO_ASSIGN_LICENSE","FALSE","Marca/Fabricante válida y aprobada."
"160f7ba5-a68f-4b3b-90ac-251d88a3ef3c","61a48094-7453-4b7f-9563-e51f184832f9","JorgiToys","Sonic The Hedgehog Peluche 28cm Azul","published","fac762b8-889d-4f6d-bf1c-da9f06dab0d7","Genérica","","GENERIC_BRAND","","","e0b9f1da-0b23-4007-905a-8c6ce242d445","Sonic","0","0.9","TITLE_LICENSE_MATCH:Sonic;GENERIC_BRAND_DETECTED","REQUIRES_VENDOR_ATTENTION","FALSE","El producto utiliza una marca genérica no permitida a vendedores (""Genérica"")."
"74467546-2566-4aa9-a274-97cf4d722724","61a48094-7453-4b7f-9563-e51f184832f9","JorgiToys","Splinter (versión 2) Tortugas Ninja Tmnt Ultimates Super 7","published","28865b10-c492-4773-9810-270afa95b3d4","Super7","","VALID_BRAND","","","","","0.95","0","TITLE_MANUFACTURER_MATCH:Super7","KEEP","FALSE","Marca/Fabricante válida y aprobada."
"21d28208-c648-4f76-b137-6c8f796b1ec0","61a48094-7453-4b7f-9563-e51f184832f9","JorgiToys","Harley Quinn Sucide Squad (2016) Dc Mezco One:12","published","65e6db0a-f7cc-49e4-9d2e-2bac37eaf8da","Mezco Toyz","","VALID_BRAND","","","8956afcb-0f0d-4be9-b26e-3d9ff47ebc1b","DC","0.95","0.9","TITLE_LICENSE_MATCH:DC;TITLE_MANUFACTURER_MATCH:Mezco Toyz","AUTO_ASSIGN_LICENSE","FALSE","Marca/Fabricante válida y aprobada."
"0c780450-19db-4f9d-b16f-97516c733e5a","61a48094-7453-4b7f-9563-e51f184832f9","JorgiToys","Mutagen Man Tortugas Ninja Turtles Glow In The Dark Super7","published","28865b10-c492-4773-9810-270afa95b3d4","Super7","","VALID_BRAND","","","","","0.95","0","TITLE_MANUFACTURER_MATCH:Super7","KEEP","FALSE","Marca/Fabricante válida y aprobada."
"bee4ad22-f9ca-40d2-8344-ea2ed5aaa615","61a48094-7453-4b7f-9563-e51f184832f9","JorgiToys","Mumm-ra The Ever Living Thundercats Ultimates Wave2 Super7","published","28865b10-c492-4773-9810-270afa95b3d4","Super7","","VALID_BRAND","","","","","0.95","0","TITLE_MANUFACTURER_MATCH:Super7","KEEP","FALSE","Marca/Fabricante válida y aprobada."
"e5a8333d-8e12-42d2-9861-0a7d99896a8b","61a48094-7453-4b7f-9563-e51f184832f9","JorgiToys","Super7 Teenage Mutant Ninja Turtles Ultimates Metalhead","published","28865b10-c492-4773-9810-270afa95b3d4","Super7","","VALID_BRAND","","","","","0.95","0","TITLE_MANUFACTURER_MATCH:Super7","KEEP","FALSE","Marca/Fabricante válida y aprobada."
"bb863307-5b2d-4676-b81c-c7a0427764ed","61a48094-7453-4b7f-9563-e51f184832f9","JorgiToys","April O´neal Tortugas Ninja Turtles Ultimates Wave3 Super7","published","28865b10-c492-4773-9810-270afa95b3d4","Super7","","VALID_BRAND","","","","","0.95","0","TITLE_MANUFACTURER_MATCH:Super7","KEEP","FALSE","Marca/Fabricante válida y aprobada."
"02c46363-cf1d-4def-98bd-b176b7968705","61a48094-7453-4b7f-9563-e51f184832f9","JorgiToys","Ballor Five Nights At Freddy's Muñeco","published","fac762b8-889d-4f6d-bf1c-da9f06dab0d7","Genérica","","GENERIC_BRAND","","","","","0","0","GENERIC_BRAND_DETECTED","REQUIRES_VENDOR_ATTENTION","FALSE","El producto utiliza una marca genérica no permitida a vendedores (""Genérica"")."
"c66820c2-7228-4e74-ba5e-ad3288ec5ca0","61a48094-7453-4b7f-9563-e51f184832f9","JorgiToys","Bonnie Original Funko Five Nights At Freddy's Muñeco","published","1cbd2abc-1508-40c4-8823-9806998979e3","Funko","","VALID_BRAND","","","","","0.95","0","TITLE_MANUFACTURER_MATCH:Funko","KEEP","FALSE","Marca/Fabricante válida y aprobada."
"ad7eaebb-1ea6-4e31-858a-b6c4f3197e2e","61a48094-7453-4b7f-9563-e51f184832f9","JorgiToys","Web Man Spiderman Retro Marvel Legends Hasbro","published","0df4aeab-c5e9-4d35-8a9b-e63f391d5a57","Hasbro","","VALID_BRAND","","","39af7eed-0ae2-4c7f-ac30-107d20957036","Marvel","0.95","0.9","TITLE_LICENSE_MATCH:Marvel;TITLE_MANUFACTURER_MATCH:Hasbro","AUTO_ASSIGN_LICENSE","FALSE","Marca/Fabricante válida y aprobada."
"4af9b502-9a5a-43e7-ac8d-c82d6f8038e7","61a48094-7453-4b7f-9563-e51f184832f9","JorgiToys","Spiderman 2099 Retro Marvel Legends Hasbro","published","0df4aeab-c5e9-4d35-8a9b-e63f391d5a57","Hasbro","","VALID_BRAND","","","39af7eed-0ae2-4c7f-ac30-107d20957036","Marvel","0.95","0.9","TITLE_LICENSE_MATCH:Marvel;TITLE_MANUFACTURER_MATCH:Hasbro","AUTO_ASSIGN_LICENSE","FALSE","Marca/Fabricante válida y aprobada."
"dc2ffe66-7b5d-47f2-8d7b-82ed6adfedc8","61a48094-7453-4b7f-9563-e51f184832f9","JorgiToys","Mizuno Ami Mercury Sailor Moon Figuarts Bandai","published","35d99a48-df19-4d41-8f1e-944862b40f3e","Bandai","","VALID_BRAND","","","","","0.95","0","TITLE_MANUFACTURER_MATCH:Bandai","KEEP","FALSE","Marca/Fabricante válida y aprobada."
"447375d5-dab6-4431-955b-18b146cdbd3e","61a48094-7453-4b7f-9563-e51f184832f9","JorgiToys","Sonic The Hedgehog Gorro","published","","","","MISSING_BRAND","","","e0b9f1da-0b23-4007-905a-8c6ce242d445","Sonic","0","0.9","TITLE_LICENSE_MATCH:Sonic","REQUIRES_VENDOR_ATTENTION","FALSE","El producto no posee marca asignada (brand_id es NULL)."
"e0ec4945-4ae5-4ade-b0c7-496a5a4c15c0","61a48094-7453-4b7f-9563-e51f184832f9","JorgiToys","Rockin' Robin Squawk Stranger Things Funko Pop Town 50","published","1cbd2abc-1508-40c4-8823-9806998979e3","Funko","","VALID_BRAND","","","","","0.95","0","TITLE_MANUFACTURER_MATCH:Funko","KEEP","FALSE","Marca/Fabricante válida y aprobada."
"0c40ee25-d145-41fd-98c8-9acb1295b7fc","61a48094-7453-4b7f-9563-e51f184832f9","JorgiToys","Legion X-men Marvel Legends Colossus Baf Hasbro","published","0df4aeab-c5e9-4d35-8a9b-e63f391d5a57","Hasbro","","VALID_BRAND","","","39af7eed-0ae2-4c7f-ac30-107d20957036","Marvel","0.95","0.9","TITLE_LICENSE_MATCH:Marvel;TITLE_MANUFACTURER_MATCH:Hasbro","AUTO_ASSIGN_LICENSE","FALSE","Marca/Fabricante válida y aprobada."
"291002c4-332e-4ff9-8f4f-4807a3ab5a2f","61a48094-7453-4b7f-9563-e51f184832f9","JorgiToys","Mighty Thor Love And Thunder Marvel Legends Korg Baf Hasbro","published","0df4aeab-c5e9-4d35-8a9b-e63f391d5a57","Hasbro","","VALID_BRAND","","","39af7eed-0ae2-4c7f-ac30-107d20957036","Marvel","0.95","0.9","TITLE_LICENSE_MATCH:Marvel;TITLE_MANUFACTURER_MATCH:Hasbro","AUTO_ASSIGN_LICENSE","FALSE","Marca/Fabricante válida y aprobada."
"049f4293-ac4e-4169-9e19-f953eef0e1a6","61a48094-7453-4b7f-9563-e51f184832f9","JorgiToys","Storm X-men 90's Animated Series Marvel Legends Hasbro","published","0df4aeab-c5e9-4d35-8a9b-e63f391d5a57","Hasbro","","VALID_BRAND","","","39af7eed-0ae2-4c7f-ac30-107d20957036","Marvel","0.95","0.9","TITLE_LICENSE_MATCH:Marvel;TITLE_MANUFACTURER_MATCH:Hasbro","AUTO_ASSIGN_LICENSE","FALSE","Marca/Fabricante válida y aprobada."
"2d570467-85b6-4841-9103-008e4d7af377","61a48094-7453-4b7f-9563-e51f184832f9","JorgiToys","Cyclops X-men 90's Animated Series Marvel Legends Hasbro","published","0df4aeab-c5e9-4d35-8a9b-e63f391d5a57","Hasbro","","VALID_BRAND","","","39af7eed-0ae2-4c7f-ac30-107d20957036","Marvel","0.95","0.9","TITLE_LICENSE_MATCH:Marvel;TITLE_MANUFACTURER_MATCH:Hasbro","AUTO_ASSIGN_LICENSE","FALSE","Marca/Fabricante válida y aprobada."
"6eefd5ee-c452-44ef-9100-6163db332e4c","61a48094-7453-4b7f-9563-e51f184832f9","JorgiToys","A.i.m Sciencist Supreme Marvel Legends Xenmu Baf Hasbro","published","0df4aeab-c5e9-4d35-8a9b-e63f391d5a57","Hasbro","","VALID_BRAND","","","39af7eed-0ae2-4c7f-ac30-107d20957036","Marvel","0.95","0.9","TITLE_LICENSE_MATCH:Marvel;TITLE_MANUFACTURER_MATCH:Hasbro","AUTO_ASSIGN_LICENSE","FALSE","Marca/Fabricante válida y aprobada."
"4fa75802-daf8-4165-9ce8-873c64c608d4","61a48094-7453-4b7f-9563-e51f184832f9","JorgiToys","The Punisher Marvel Legends Hasbro","published","0df4aeab-c5e9-4d35-8a9b-e63f391d5a57","Hasbro","","VALID_BRAND","","","39af7eed-0ae2-4c7f-ac30-107d20957036","Marvel","0.95","0.9","TITLE_LICENSE_MATCH:Marvel;TITLE_MANUFACTURER_MATCH:Hasbro","AUTO_ASSIGN_LICENSE","FALSE","Marca/Fabricante válida y aprobada."
"aec488ca-cc71-4628-a390-031d6731c101","61a48094-7453-4b7f-9563-e51f184832f9","JorgiToys","Elektra Marvel Legends Sp//dr Baf Hasbro","published","0df4aeab-c5e9-4d35-8a9b-e63f391d5a57","Hasbro","","VALID_BRAND","","","39af7eed-0ae2-4c7f-ac30-107d20957036","Marvel","0.95","0.9","TITLE_LICENSE_MATCH:Marvel;TITLE_MANUFACTURER_MATCH:Hasbro","AUTO_ASSIGN_LICENSE","FALSE","Marca/Fabricante válida y aprobada."
"59a5dc28-0f1a-4684-bce1-a101411a99c9","61a48094-7453-4b7f-9563-e51f184832f9","JorgiToys","Donkey Kong Super Mario Kart Nintendo Auto Friccion Muñeco Donkey Kong","published","49d6eafa-4e69-4779-a14f-00ef5f309dfa","Goldie marketing","","VALID_BRAND","","","","","0.95","0","","KEEP","FALSE","Marca/Fabricante válida y aprobada."
"64c7d513-efd7-46d7-bdc1-e5687790098c","61a48094-7453-4b7f-9563-e51f184832f9","JorgiToys","Gorr Thor God Of Thunder Marvel Legends Amazon Exclusive","published","0df4aeab-c5e9-4d35-8a9b-e63f391d5a57","Hasbro","","VALID_BRAND","","","39af7eed-0ae2-4c7f-ac30-107d20957036","Marvel","0.95","0.9","TITLE_LICENSE_MATCH:Marvel;TITLE_MANUFACTURER_MATCH:Hasbro","AUTO_ASSIGN_LICENSE","FALSE","Marca/Fabricante válida y aprobada."
"ecbd1a6f-f447-435d-a1e7-628b9a626b0e","61a48094-7453-4b7f-9563-e51f184832f9","JorgiToys","Luigi Super Mario Kart Nintendo Auto A Friccion Muñeco Luigi","published","49d6eafa-4e69-4779-a14f-00ef5f309dfa","Goldie marketing","","VALID_BRAND","","","","","0.95","0","","KEEP","FALSE","Marca/Fabricante válida y aprobada."
"93e31686-5640-432a-bb7c-86c74bb7b10f","61a48094-7453-4b7f-9563-e51f184832f9","JorgiToys","Sonic The Movie Talking Plush Jakks Pacific","published","79c769ff-c82f-4a74-82de-790b8c3ecf05","Jakks Pacific","","VALID_BRAND","","","e0b9f1da-0b23-4007-905a-8c6ce242d445","Sonic","0.95","0.9","TITLE_LICENSE_MATCH:Sonic;TITLE_MANUFACTURER_MATCH:Jakks Pacific","AUTO_ASSIGN_LICENSE","FALSE","Marca/Fabricante válida y aprobada."
"fdcfb41e-b8aa-46fc-ab1f-f4cf973edac7","61a48094-7453-4b7f-9563-e51f184832f9","JorgiToys","Tracks Transformers Generations War For Cybertron Wfc-k26","published","0df4aeab-c5e9-4d35-8a9b-e63f391d5a57","Hasbro","","VALID_BRAND","","","","","0.95","0","","KEEP","FALSE","Marca/Fabricante válida y aprobada."
"28fce903-29f8-4cc1-af66-19e5b61b583b","61a48094-7453-4b7f-9563-e51f184832f9","JorgiToys","Pipes Transformers Generations War For Cybertron Wfc-k32","published","0df4aeab-c5e9-4d35-8a9b-e63f391d5a57","Hasbro","","VALID_BRAND","","","","","0.95","0","","KEEP","FALSE","Marca/Fabricante válida y aprobada."
"4165dc8a-27bf-4eec-a6de-7dddb141145d","61a48094-7453-4b7f-9563-e51f184832f9","JorgiToys","Prime Universe Arcee Transformers Generations Legacy Deluxe","published","0df4aeab-c5e9-4d35-8a9b-e63f391d5a57","Hasbro","","VALID_BRAND","","","","","0.95","0","","KEEP","FALSE","Marca/Fabricante válida y aprobada."
"be4fc644-2702-4681-8c0c-f53c2aad4baa","61a48094-7453-4b7f-9563-e51f184832f9","JorgiToys","Miles Morales Spiderman Disfraz Musculoso Metalizado Rubies Miles Morales M","published","","","","MISSING_BRAND","","","","","0","0","","REQUIRES_VENDOR_ATTENTION","FALSE","El producto no posee marca asignada (brand_id es NULL)."
"cb9579d9-371a-4701-81f4-ebce1662d3b1","61a48094-7453-4b7f-9563-e51f184832f9","JorgiToys","Darkseid Dc Classic Multiverse Mcfarlane","published","c2451c65-4354-4955-8afd-ad4bffecd26c","Mcfarlane","","VALID_BRAND","","","8956afcb-0f0d-4be9-b26e-3d9ff47ebc1b","DC","0.95","0.9","TITLE_LICENSE_MATCH:DC;TITLE_MANUFACTURER_MATCH:McFarlane Toys","AUTO_ASSIGN_LICENSE","FALSE","Marca/Fabricante válida y aprobada."
"d6fe2280-792a-484f-9e7a-f971576c9ed9","61a48094-7453-4b7f-9563-e51f184832f9","JorgiToys","Rapunzel Eugene Tangled Wedding Doll Princesas Disney","published","79352f1b-f900-4f8a-97dc-74649d3022d2","Disney","","LICENSE_AS_BRAND","","","c948500a-b519-4843-82fd-a70f782c8571","Disney","0.4","0.95","CURRENT_BRAND_IS_LICENSE:Disney","MANUAL_REVIEW","FALSE","La marca actual (""Disney"") es una Licencia/Franquicia y no el Fabricante del producto. | No se detectó evidencia del fabricante real. Se requiere revisión manual sin inventar marca."
"f5443cf7-10c2-4099-b784-a702db81bd7b","61a48094-7453-4b7f-9563-e51f184832f9","JorgiToys","Jazmin Jasmine Aladdin Story Doll Princesas Disney Store","published","79352f1b-f900-4f8a-97dc-74649d3022d2","Disney","","LICENSE_AS_BRAND","","","c948500a-b519-4843-82fd-a70f782c8571","Disney","0.4","0.95","CURRENT_BRAND_IS_LICENSE:Disney","MANUAL_REVIEW","FALSE","La marca actual (""Disney"") es una Licencia/Franquicia y no el Fabricante del producto. | No se detectó evidencia del fabricante real. Se requiere revisión manual sin inventar marca."
"fa4694d3-6604-461b-a7d1-d177de90668d","61a48094-7453-4b7f-9563-e51f184832f9","JorgiToys","Aurora Bella Durmiente Classic Doll Princesas Disney Store","published","79352f1b-f900-4f8a-97dc-74649d3022d2","Disney","","LICENSE_AS_BRAND","","","c948500a-b519-4843-82fd-a70f782c8571","Disney","0.4","0.95","CURRENT_BRAND_IS_LICENSE:Disney","MANUAL_REVIEW","FALSE","La marca actual (""Disney"") es una Licencia/Franquicia y no el Fabricante del producto. | No se detectó evidencia del fabricante real. Se requiere revisión manual sin inventar marca."
"f599e6f4-7abe-4108-b4ae-3514a5276e6f","61a48094-7453-4b7f-9563-e51f184832f9","JorgiToys","Moana 2 Muñeca Que Canta Princesas Disney","published","79352f1b-f900-4f8a-97dc-74649d3022d2","Disney","","LICENSE_AS_BRAND","","","c948500a-b519-4843-82fd-a70f782c8571","Disney","0.4","0.95","CURRENT_BRAND_IS_LICENSE:Disney","MANUAL_REVIEW","FALSE","La marca actual (""Disney"") es una Licencia/Franquicia y no el Fabricante del producto. | No se detectó evidencia del fabricante real. Se requiere revisión manual sin inventar marca."
"c81a499b-9cb6-4e21-9c50-473e81eebafa","61a48094-7453-4b7f-9563-e51f184832f9","JorgiToys","Moana Story Doll Princesas Disney Store","published","79352f1b-f900-4f8a-97dc-74649d3022d2","Disney","","LICENSE_AS_BRAND","","","c948500a-b519-4843-82fd-a70f782c8571","Disney","0.4","0.95","CURRENT_BRAND_IS_LICENSE:Disney","MANUAL_REVIEW","FALSE","La marca actual (""Disney"") es una Licencia/Franquicia y no el Fabricante del producto. | No se detectó evidencia del fabricante real. Se requiere revisión manual sin inventar marca."
"ff3fdb57-7539-452b-8277-e1fae16c9bd1","61a48094-7453-4b7f-9563-e51f184832f9","JorgiToys","Rapunzel Story Doll Princesas Disney Store","published","79352f1b-f900-4f8a-97dc-74649d3022d2","Disney","","LICENSE_AS_BRAND","","","c948500a-b519-4843-82fd-a70f782c8571","Disney","0.4","0.95","CURRENT_BRAND_IS_LICENSE:Disney","MANUAL_REVIEW","FALSE","La marca actual (""Disney"") es una Licencia/Franquicia y no el Fabricante del producto. | No se detectó evidencia del fabricante real. Se requiere revisión manual sin inventar marca."
"aa95d616-4f4a-4e38-afa0-e6a63aa8dde6","61a48094-7453-4b7f-9563-e51f184832f9","JorgiToys","Merida Brave Valiente Classic Doll Princesas Disney Store","published","79352f1b-f900-4f8a-97dc-74649d3022d2","Disney","","LICENSE_AS_BRAND","","","c948500a-b519-4843-82fd-a70f782c8571","Disney","0.4","0.95","CURRENT_BRAND_IS_LICENSE:Disney","MANUAL_REVIEW","FALSE","La marca actual (""Disney"") es una Licencia/Franquicia y no el Fabricante del producto. | No se detectó evidencia del fabricante real. Se requiere revisión manual sin inventar marca."
"f22f8593-4220-4310-b739-ef00decfaa0f","61a48094-7453-4b7f-9563-e51f184832f9","JorgiToys","Monster High Merlina","published","","","","MISSING_BRAND","","","","","0","0","","REQUIRES_VENDOR_ATTENTION","FALSE","El producto no posee marca asignada (brand_id es NULL)."
"ece91025-0bbc-4c82-be8f-c411303cd9ad","61a48094-7453-4b7f-9563-e51f184832f9","JorgiToys","Flareon Pokemon Moncolle Ex Takara Tomy Emc_24","published","b2d190fa-057b-44b8-868e-ced887d9e55a","TakaraTomy","","VALID_BRAND","","","","","0.95","0","TITLE_MANUFACTURER_MATCH:Takara Tomy","KEEP","FALSE","Marca/Fabricante válida y aprobada."
"fffeb42c-392a-48e3-ad60-cfa9b0efa2ae","61a48094-7453-4b7f-9563-e51f184832f9","JorgiToys","Zoroark Pokemon Moncolle Ex Takara Tomy Ms 18","published","b2d190fa-057b-44b8-868e-ced887d9e55a","TakaraTomy","","VALID_BRAND","","","","","0.95","0","TITLE_MANUFACTURER_MATCH:Takara Tomy","KEEP","FALSE","Marca/Fabricante válida y aprobada."
"192b0090-75d6-4d2c-b181-7ad9fdbab06a","61a48094-7453-4b7f-9563-e51f184832f9","JorgiToys","Mega Charizard X Pokemon Moncolle Ex Takara Tomy Ms-51","published","b2d190fa-057b-44b8-868e-ced887d9e55a","TakaraTomy","","VALID_BRAND","","","","","0.95","0","TITLE_MANUFACTURER_MATCH:Takara Tomy","KEEP","FALSE","Marca/Fabricante válida y aprobada."
"123cc033-14fe-489f-b247-a1b5b84e5e80","61a48094-7453-4b7f-9563-e51f184832f9","JorgiToys","Articuno Pokemon Select Series 1 Jazwares","published","b2d190fa-057b-44b8-868e-ced887d9e55a","TakaraTomy","","VALID_BRAND","","","","","0.95","0","","KEEP","FALSE","Marca/Fabricante válida y aprobada."
"134fd597-219f-40e3-99a8-87f7d03f15e7","61a48094-7453-4b7f-9563-e51f184832f9","JorgiToys","Lapras Pokemon Moncolle Ex Takara Tomy Ms-30","published","b2d190fa-057b-44b8-868e-ced887d9e55a","TakaraTomy","","VALID_BRAND","","","","","0.95","0","TITLE_MANUFACTURER_MATCH:Takara Tomy","KEEP","FALSE","Marca/Fabricante válida y aprobada."
"dfa732e8-bf73-446e-a45f-4a154c99bd8f","61a48094-7453-4b7f-9563-e51f184832f9","JorgiToys","Ponyta Galarian Form Pokemon Moncolle Ex Takara Tomy Ms 42","published","b2d190fa-057b-44b8-868e-ced887d9e55a","TakaraTomy","","VALID_BRAND","","","","","0.95","0","TITLE_MANUFACTURER_MATCH:Takara Tomy","KEEP","FALSE","Marca/Fabricante válida y aprobada."
"3bb0672c-ad84-4a73-876a-1e2b2fd80d95","61a48094-7453-4b7f-9563-e51f184832f9","JorgiToys","Rillaboom Pokemon Moncolle Ex Takara Tomy Ms 36","published","b2d190fa-057b-44b8-868e-ced887d9e55a","TakaraTomy","","VALID_BRAND","","","","","0.95","0","TITLE_MANUFACTURER_MATCH:Takara Tomy","KEEP","FALSE","Marca/Fabricante válida y aprobada."
"e1e9bf6b-df7f-438e-982c-399e40a0d5e8","61a48094-7453-4b7f-9563-e51f184832f9","JorgiToys","Chimchar Pokemon Moncolle Ex Takara Tomy Pcc_35","published","b2d190fa-057b-44b8-868e-ced887d9e55a","TakaraTomy","","VALID_BRAND","","","","","0.95","0","TITLE_MANUFACTURER_MATCH:Takara Tomy","KEEP","FALSE","Marca/Fabricante válida y aprobada."
"b04280f6-b866-4683-afc1-ecd4830a5a7f","61a48094-7453-4b7f-9563-e51f184832f9","JorgiToys","Dk-3 Breaker Transformers Generations Legacy Deluxe Hasbro","published","0df4aeab-c5e9-4d35-8a9b-e63f391d5a57","Hasbro","","VALID_BRAND","","","","","0.95","0","TITLE_MANUFACTURER_MATCH:Hasbro","KEEP","FALSE","Marca/Fabricante válida y aprobada."
"323f4d3b-c23d-4bef-a4f7-7682b3c49db4","61a48094-7453-4b7f-9563-e51f184832f9","JorgiToys","Xerneas Pokemon Center Peluche 48cm","published","b2d190fa-057b-44b8-868e-ced887d9e55a","TakaraTomy","","VALID_BRAND","","","","","0.95","0","","KEEP","FALSE","Marca/Fabricante válida y aprobada."
"9bc26186-d9fb-423e-873a-011b071671e7","61a48094-7453-4b7f-9563-e51f184832f9","JorgiToys","Scraphook Transformers Legacy Evolution Hasbro","published","0df4aeab-c5e9-4d35-8a9b-e63f391d5a57","Hasbro","","VALID_BRAND","","","","","0.95","0","TITLE_MANUFACTURER_MATCH:Hasbro","KEEP","FALSE","Marca/Fabricante válida y aprobada."
"dacc907d-0035-4dcb-8093-21cb39ee456c","61a48094-7453-4b7f-9563-e51f184832f9","JorgiToys","Charmeleon Pokémon Peluche Grande Naranja Claro","published","b2d190fa-057b-44b8-868e-ced887d9e55a","TakaraTomy","","VALID_BRAND","","","b3ab0279-a354-4417-b40e-dcd52f022a57","Pokémon","0.95","0.9","TITLE_LICENSE_MATCH:Pokémon","AUTO_ASSIGN_LICENSE","FALSE","Marca/Fabricante válida y aprobada."
"2537ee74-0a26-4c17-a72c-fb282aaec050","61a48094-7453-4b7f-9563-e51f184832f9","JorgiToys","Optimus Prime Transformers Legacy Core Class Hasbro","published","0df4aeab-c5e9-4d35-8a9b-e63f391d5a57","Hasbro","","VALID_BRAND","","","","","0.95","0","TITLE_MANUFACTURER_MATCH:Hasbro","KEEP","FALSE","Marca/Fabricante válida y aprobada."
"81865ef1-269c-4eb6-8ace-ad282e3fb409","61a48094-7453-4b7f-9563-e51f184832f9","JorgiToys","Scorbunny Pokemon Peluche Blanco","published","b2d190fa-057b-44b8-868e-ced887d9e55a","TakaraTomy","","VALID_BRAND","","","","","0.95","0","","KEEP","FALSE","Marca/Fabricante válida y aprobada."
"20e51f37-b3ca-4234-95e8-8385b41e1b10","61a48094-7453-4b7f-9563-e51f184832f9","JorgiToys","Peter Parker Spiderman Across Spider Verse Marvel Legends","published","0df4aeab-c5e9-4d35-8a9b-e63f391d5a57","Hasbro","","VALID_BRAND","","","39af7eed-0ae2-4c7f-ac30-107d20957036","Marvel","0.95","0.9","TITLE_LICENSE_MATCH:Marvel;TITLE_MANUFACTURER_MATCH:Hasbro","AUTO_ASSIGN_LICENSE","FALSE","Marca/Fabricante válida y aprobada."
"224968d2-8f3b-48f7-89f9-cc2b27a27ddd","61a48094-7453-4b7f-9563-e51f184832f9","JorgiToys","Peter B. Parker Spiderman Across Spider-verse Marvel Legends","published","0df4aeab-c5e9-4d35-8a9b-e63f391d5a57","Hasbro","","VALID_BRAND","","","39af7eed-0ae2-4c7f-ac30-107d20957036","Marvel","0.95","0.9","TITLE_LICENSE_MATCH:Marvel;TITLE_MANUFACTURER_MATCH:Hasbro","AUTO_ASSIGN_LICENSE","FALSE","Marca/Fabricante válida y aprobada."
"d97de93c-ab26-47d0-a9e4-ffb0ef86bab3","61a48094-7453-4b7f-9563-e51f184832f9","JorgiToys","Batmobile Batman The Animated Series 5 Points Mezco Batmobile","published","","","","MISSING_BRAND","ef678a1b-2cec-4df6-9b95-e37c3c390dd5","Mezco Toyz","","","0.88","0","TITLE_MANUFACTURER_MATCH:Mezco Toyz","MANUAL_REVIEW","FALSE","El producto no posee marca asignada (brand_id es NULL). | Fabricante sugerido: ""Mezco Toyz""."
"e2cf41e7-aff1-4fbe-821b-847823df4827","61a48094-7453-4b7f-9563-e51f184832f9","JorgiToys","Black Superman The Animated Series Dc Multiverse Mcfarlane","published","c2451c65-4354-4955-8afd-ad4bffecd26c","Mcfarlane","","VALID_BRAND","","","8956afcb-0f0d-4be9-b26e-3d9ff47ebc1b","DC","0.95","0.9","TITLE_LICENSE_MATCH:DC;TITLE_MANUFACTURER_MATCH:McFarlane Toys","AUTO_ASSIGN_LICENSE","FALSE","Marca/Fabricante válida y aprobada."
"ae85424e-0d76-47bc-9982-70c94b247fa7","61a48094-7453-4b7f-9563-e51f184832f9","JorgiToys","Transformers Lcd Video Game Tiger Electronics Hasbro","published","0df4aeab-c5e9-4d35-8a9b-e63f391d5a57","Hasbro","","VALID_BRAND","","","","","0.95","0","TITLE_MANUFACTURER_MATCH:Hasbro","KEEP","FALSE","Marca/Fabricante válida y aprobada."
"37eeab70-0608-4957-a7be-c0008798e866","61a48094-7453-4b7f-9563-e51f184832f9","JorgiToys","Cut Man Mega Man Jada Toys","published","","","","MISSING_BRAND","0841bb0b-70e9-409c-8f27-8b221d740569","Jada","","","0.88","0","TITLE_MANUFACTURER_MATCH:Jada","MANUAL_REVIEW","FALSE","El producto no posee marca asignada (brand_id es NULL). | Fabricante sugerido: ""Jada""."
"718f690e-f566-460c-b8f5-67b4a1ee3864","61a48094-7453-4b7f-9563-e51f184832f9","JorgiToys","Red Hulk Avengers Vengadores Muñeco Figura","published","fac762b8-889d-4f6d-bf1c-da9f06dab0d7","Genérica","","GENERIC_BRAND","","","","","0","0","GENERIC_BRAND_DETECTED","REQUIRES_VENDOR_ATTENTION","FALSE","El producto utiliza una marca genérica no permitida a vendedores (""Genérica"")."
"39cd65c2-4ec5-4c07-a768-2986ec931f2d","61a48094-7453-4b7f-9563-e51f184832f9","JorgiToys","Demon Slayer Set 6 Figuras Muñecos","published","fac762b8-889d-4f6d-bf1c-da9f06dab0d7","Genérica","","GENERIC_BRAND","","","","","0","0","GENERIC_BRAND_DETECTED","REQUIRES_VENDOR_ATTENTION","FALSE","El producto utiliza una marca genérica no permitida a vendedores (""Genérica"")."
"0a97041d-76e4-4c44-88c5-eb437de461dd","61a48094-7453-4b7f-9563-e51f184832f9","JorgiToys","Mira G Guerreras Kpop Demon Hunter 1 Figura En Caja + Carta","published","fac762b8-889d-4f6d-bf1c-da9f06dab0d7","Genérica","","GENERIC_BRAND","","","","","0","0","GENERIC_BRAND_DETECTED","REQUIRES_VENDOR_ATTENTION","FALSE","El producto utiliza una marca genérica no permitida a vendedores (""Genérica"")."
"be17a46b-8f3c-4e20-b166-e1cf65f2410c","61a48094-7453-4b7f-9563-e51f184832f9","JorgiToys","Rogue X-men Marvel Legends Hasbro","published","0df4aeab-c5e9-4d35-8a9b-e63f391d5a57","Hasbro","","VALID_BRAND","","","39af7eed-0ae2-4c7f-ac30-107d20957036","Marvel","0.95","0.9","TITLE_LICENSE_MATCH:Marvel;TITLE_MANUFACTURER_MATCH:Hasbro","AUTO_ASSIGN_LICENSE","FALSE","Marca/Fabricante válida y aprobada."
"97ce6afc-fce2-43a2-b98e-e926fd52f0d5","61a48094-7453-4b7f-9563-e51f184832f9","JorgiToys","Pokémon 24 Mini Figuras Incluye Pikachu","published","b2d190fa-057b-44b8-868e-ced887d9e55a","TakaraTomy","","VALID_BRAND","","","b3ab0279-a354-4417-b40e-dcd52f022a57","Pokémon","0.95","0.9","TITLE_LICENSE_MATCH:Pokémon","AUTO_ASSIGN_LICENSE","FALSE","Marca/Fabricante válida y aprobada."
"a6d75220-0673-4e0d-82f5-40401153d2d7","61a48094-7453-4b7f-9563-e51f184832f9","JorgiToys","Ninjago 24 Minifiguras Muñeco Bloques Para Armar Didácticos 288 Ninjago Dg1002","published","","","","MISSING_BRAND","","","","","0","0","","REQUIRES_VENDOR_ATTENTION","FALSE","El producto no posee marca asignada (brand_id es NULL)."
"91caa485-97cc-459c-a5b1-9a31cacf522f","61a48094-7453-4b7f-9563-e51f184832f9","JorgiToys","Super Mario Bros Luigi Peach Yoshi Set 6 Figuras Muñecos","published","fac762b8-889d-4f6d-bf1c-da9f06dab0d7","Genérica","","GENERIC_BRAND","","","","","0","0","GENERIC_BRAND_DETECTED","REQUIRES_VENDOR_ATTENTION","FALSE","El producto utiliza una marca genérica no permitida a vendedores (""Genérica"")."
"8d468c8d-e722-4269-9172-6fcf6baec012","61a48094-7453-4b7f-9563-e51f184832f9","JorgiToys","Iron Man Avengers Endgame Disfraz Musculoso Holográfico Iron Man M","published","","","","MISSING_BRAND","","","","","0","0","","REQUIRES_VENDOR_ATTENTION","FALSE","El producto no posee marca asignada (brand_id es NULL)."
"6fe6a522-f622-42ce-b748-adf73cc38278","61a48094-7453-4b7f-9563-e51f184832f9","JorgiToys","Zombi Yeti Plantas Vs Zombies Peluche 30cm Zombie Yeti","published","","","","MISSING_BRAND","","","","","0","0","","REQUIRES_VENDOR_ATTENTION","FALSE","El producto no posee marca asignada (brand_id es NULL)."
"62c3657b-74d7-4b6b-886c-d0f35730fc2d","61a48094-7453-4b7f-9563-e51f184832f9","JorgiToys","Silver Sonic The Hedgehog Great Eastern Peluche 30cm","published","","","","MISSING_BRAND","","","e0b9f1da-0b23-4007-905a-8c6ce242d445","Sonic","0","0.9","TITLE_LICENSE_MATCH:Sonic","REQUIRES_VENDOR_ATTENTION","FALSE","El producto no posee marca asignada (brand_id es NULL)."
"e7ead872-1e64-4265-8a5a-855e3442489e","61a48094-7453-4b7f-9563-e51f184832f9","JorgiToys","Boomerang Plantas Vs Zombies Peluche 18cm Bloomerang","published","","","","MISSING_BRAND","","","","","0","0","","REQUIRES_VENDOR_ATTENTION","FALSE","El producto no posee marca asignada (brand_id es NULL)."
"6f4edb07-6152-416b-abf6-0c16e8641ad6","61a48094-7453-4b7f-9563-e51f184832f9","JorgiToys","Sonic The Hedgehog Peluche 20cm Azul","published","fac762b8-889d-4f6d-bf1c-da9f06dab0d7","Genérica","","GENERIC_BRAND","","","e0b9f1da-0b23-4007-905a-8c6ce242d445","Sonic","0","0.9","TITLE_LICENSE_MATCH:Sonic;GENERIC_BRAND_DETECTED","REQUIRES_VENDOR_ATTENTION","FALSE","El producto utiliza una marca genérica no permitida a vendedores (""Genérica"")."
"d108a7d1-5c62-49d8-9e60-1adfeba4a6ad","61a48094-7453-4b7f-9563-e51f184832f9","JorgiToys","Black Lady Sailor Moon Figuarts Bandai","published","35d99a48-df19-4d41-8f1e-944862b40f3e","Bandai","","VALID_BRAND","","","","","0.95","0","TITLE_MANUFACTURER_MATCH:Bandai","KEEP","FALSE","Marca/Fabricante válida y aprobada."
"1b5a6618-8794-4afd-bda1-070ddb20763f","61a48094-7453-4b7f-9563-e51f184832f9","JorgiToys","Trebolador Blover Plantas Vs Zombies","published","","","","MISSING_BRAND","","","","","0","0","","REQUIRES_VENDOR_ATTENTION","FALSE","El producto no posee marca asignada (brand_id es NULL)."
"5b2f09f8-db6a-41a3-a1ce-b2b076393c8e","61a48094-7453-4b7f-9563-e51f184832f9","JorgiToys","Hongo Sapo Toadstool Plantas Vs Zombies","published","","","","MISSING_BRAND","","","","","0","0","","REQUIRES_VENDOR_ATTENTION","FALSE","El producto no posee marca asignada (brand_id es NULL)."
"d5406d81-e53d-46e9-ab67-1d9e0c4275b8","61a48094-7453-4b7f-9563-e51f184832f9","JorgiToys","Figura De Acción Hasbro Profesor X De The Uncanny X-men","published","0df4aeab-c5e9-4d35-8a9b-e63f391d5a57","Hasbro","","VALID_BRAND","","","","","0.95","0","TITLE_MANUFACTURER_MATCH:Hasbro","KEEP","FALSE","Marca/Fabricante válida y aprobada."
"d151029a-6d0c-4107-b723-6e51b8163724","61a48094-7453-4b7f-9563-e51f184832f9","JorgiToys","Capitan America Venomized Disfraz Musculoso 3d Rubies Venomized Captain America M","published","","","","MISSING_BRAND","","","","","0","0","","REQUIRES_VENDOR_ATTENTION","FALSE","El producto no posee marca asignada (brand_id es NULL)."
"b02dc417-f618-47ea-8c6b-1fb63233b0af","61a48094-7453-4b7f-9563-e51f184832f9","JorgiToys","Deadpool Deadpool & Wolverine Marvel Legends Hasbro","published","5f1f8d40-ec5c-4e95-9c55-7676bc9308b5","Marvel","","LICENSE_AS_BRAND","0df4aeab-c5e9-4d35-8a9b-e63f391d5a57","Hasbro","39af7eed-0ae2-4c7f-ac30-107d20957036","Marvel","0.88","0.95","CURRENT_BRAND_IS_LICENSE:Marvel;TITLE_MANUFACTURER_MATCH:Hasbro","MANUAL_REVIEW","FALSE","La marca actual (""Marvel"") es una Licencia/Franquicia y no el Fabricante del producto. | Fabricante sugerido: ""Hasbro""."
"e34fccd9-6060-41c4-920f-f0203accfacf","61a48094-7453-4b7f-9563-e51f184832f9","JorgiToys","Funko Pop Stranger Things Rockin' Robin With The Squawk #50","published","1cbd2abc-1508-40c4-8823-9806998979e3","Funko","","VALID_BRAND","","","","","0.95","0","TITLE_MANUFACTURER_MATCH:Funko","KEEP","FALSE","Marca/Fabricante válida y aprobada."
"0df8c95b-b333-4d73-82f2-948594fb70b6","61a48094-7453-4b7f-9563-e51f184832f9","JorgiToys","Dhalsim Ultra Street Fighter 2 Jada Toys","published","","","","MISSING_BRAND","0841bb0b-70e9-409c-8f27-8b221d740569","Jada","","","0.88","0","TITLE_MANUFACTURER_MATCH:Jada","MANUAL_REVIEW","FALSE","El producto no posee marca asignada (brand_id es NULL). | Fabricante sugerido: ""Jada""."
"b93bb6ec-fcef-4528-869a-7d74811f2cb3","61a48094-7453-4b7f-9563-e51f184832f9","JorgiToys","Simba The Lion King El Rey León Disney Store Peluche 45cm","published","79352f1b-f900-4f8a-97dc-74649d3022d2","Disney","","LICENSE_AS_BRAND","","","c948500a-b519-4843-82fd-a70f782c8571","Disney","0.4","0.95","CURRENT_BRAND_IS_LICENSE:Disney","MANUAL_REVIEW","FALSE","La marca actual (""Disney"") es una Licencia/Franquicia y no el Fabricante del producto. | No se detectó evidencia del fabricante real. Se requiere revisión manual sin inventar marca."
"6761e09a-87bc-4e05-8fa2-8d5192867aea","61a48094-7453-4b7f-9563-e51f184832f9","JorgiToys","Donatello Tortugas Ninja Movie Star Playmates","published","944a8649-47e9-47cc-bfcb-5320ea5a1adb","Playmates Toys","","VALID_BRAND","","","","","0.95","0","","KEEP","FALSE","Marca/Fabricante válida y aprobada."
"df31a767-e3d4-4a08-ad57-8f480679c3fd","61a48094-7453-4b7f-9563-e51f184832f9","JorgiToys","Cruella De Vil Villains Princesas Disney Hasbro","published","0df4aeab-c5e9-4d35-8a9b-e63f391d5a57","Hasbro","","VALID_BRAND","","","c948500a-b519-4843-82fd-a70f782c8571","Disney","0.95","0.9","TITLE_LICENSE_MATCH:Disney;TITLE_MANUFACTURER_MATCH:Hasbro","AUTO_ASSIGN_LICENSE","FALSE","Marca/Fabricante válida y aprobada."
"9a0f4bf9-1c98-43b2-95f2-6cb732412f10","61a48094-7453-4b7f-9563-e51f184832f9","JorgiToys","Rapunzel Tangled Classic Doll Princesas Disney Store","published","79352f1b-f900-4f8a-97dc-74649d3022d2","Disney","","LICENSE_AS_BRAND","","","c948500a-b519-4843-82fd-a70f782c8571","Disney","0.4","0.95","CURRENT_BRAND_IS_LICENSE:Disney","MANUAL_REVIEW","FALSE","La marca actual (""Disney"") es una Licencia/Franquicia y no el Fabricante del producto. | No se detectó evidencia del fabricante real. Se requiere revisión manual sin inventar marca."
"396af6a1-a407-46b8-9dd7-ff7af8b70368","61a48094-7453-4b7f-9563-e51f184832f9","JorgiToys","Moana Classic Doll Princesas Disney Store","published","79352f1b-f900-4f8a-97dc-74649d3022d2","Disney","","LICENSE_AS_BRAND","","","c948500a-b519-4843-82fd-a70f782c8571","Disney","0.4","0.95","CURRENT_BRAND_IS_LICENSE:Disney","MANUAL_REVIEW","FALSE","La marca actual (""Disney"") es una Licencia/Franquicia y no el Fabricante del producto. | No se detectó evidencia del fabricante real. Se requiere revisión manual sin inventar marca."
"86c965bf-4dec-409b-b847-bf3ab5a1bc4f","61a48094-7453-4b7f-9563-e51f184832f9","JorgiToys","Tiana Classic Doll Princesas Disney Store","published","79352f1b-f900-4f8a-97dc-74649d3022d2","Disney","","LICENSE_AS_BRAND","","","c948500a-b519-4843-82fd-a70f782c8571","Disney","0.4","0.95","CURRENT_BRAND_IS_LICENSE:Disney","MANUAL_REVIEW","FALSE","La marca actual (""Disney"") es una Licencia/Franquicia y no el Fabricante del producto. | No se detectó evidencia del fabricante real. Se requiere revisión manual sin inventar marca."
"c92b14ce-73cc-412f-a2fe-086cbe1717e5","61a48094-7453-4b7f-9563-e51f184832f9","JorgiToys","Muñeca Hasbro Disney Villains Cruella De Vil - 27 Cm","published","79352f1b-f900-4f8a-97dc-74649d3022d2","Disney","","LICENSE_AS_BRAND","0df4aeab-c5e9-4d35-8a9b-e63f391d5a57","Hasbro","c948500a-b519-4843-82fd-a70f782c8571","Disney","0.88","0.95","CURRENT_BRAND_IS_LICENSE:Disney;TITLE_MANUFACTURER_MATCH:Hasbro","MANUAL_REVIEW","FALSE","La marca actual (""Disney"") es una Licencia/Franquicia y no el Fabricante del producto. | Fabricante sugerido: ""Hasbro""."
"526fd732-325f-4d5c-a47b-ffb80671ebc4","61a48094-7453-4b7f-9563-e51f184832f9","JorgiToys","Cars 10 Vehículos Metal Disney Pixar Mattel Autos","published","79352f1b-f900-4f8a-97dc-74649d3022d2","Disney","","LICENSE_AS_BRAND","ad42bb8f-2dee-4f99-b47a-85c1d029b528","Mattel","c948500a-b519-4843-82fd-a70f782c8571","Disney","0.88","0.95","CURRENT_BRAND_IS_LICENSE:Disney;TITLE_MANUFACTURER_MATCH:Mattel","MANUAL_REVIEW","FALSE","La marca actual (""Disney"") es una Licencia/Franquicia y no el Fabricante del producto. | Fabricante sugerido: ""Mattel""."
"f2f9830b-187d-4306-8f3f-72c331345ca1","61a48094-7453-4b7f-9563-e51f184832f9","JorgiToys","Collar Moana 2 Princesas Disney Shell Necklace","published","fac762b8-889d-4f6d-bf1c-da9f06dab0d7","Genérica","","GENERIC_BRAND","","","c948500a-b519-4843-82fd-a70f782c8571","Disney","0","0.9","TITLE_LICENSE_MATCH:Disney;GENERIC_BRAND_DETECTED","REQUIRES_VENDOR_ATTENTION","FALSE","El producto utiliza una marca genérica no permitida a vendedores (""Genérica"")."
"55c58570-36c1-45f6-9b5f-4ff0fb819aa7","61a48094-7453-4b7f-9563-e51f184832f9","JorgiToys","Figura De Acción The Black Series Ahsoka Tano Star Wars 15cm","published","0df4aeab-c5e9-4d35-8a9b-e63f391d5a57","Hasbro","","VALID_BRAND","","","1d4ebf30-350d-4336-9058-90689b87700a","Star Wars","0.95","0.9","TITLE_LICENSE_MATCH:Star Wars","AUTO_ASSIGN_LICENSE","FALSE","Marca/Fabricante válida y aprobada."
"740b1108-24f6-4220-97bf-9549975f310b","61a48094-7453-4b7f-9563-e51f184832f9","JorgiToys","My Melody Kuromi Hello Kitty Collar Animé Manga Cosplay Kuromi","published","fac762b8-889d-4f6d-bf1c-da9f06dab0d7","Genérica","","GENERIC_BRAND","","","","","0","0","GENERIC_BRAND_DETECTED","REQUIRES_VENDOR_ATTENTION","FALSE","El producto utiliza una marca genérica no permitida a vendedores (""Genérica"")."
"074e267d-fd9c-4368-a222-7af4f46e0c0e","61a48094-7453-4b7f-9563-e51f184832f9","JorgiToys","Rumi Guerreras Kpop Demon Hunter 1 Figura En Caja + Carta","published","fac762b8-889d-4f6d-bf1c-da9f06dab0d7","Genérica","","GENERIC_BRAND","","","","","0","0","GENERIC_BRAND_DETECTED","REQUIRES_VENDOR_ATTENTION","FALSE","El producto utiliza una marca genérica no permitida a vendedores (""Genérica"")."
"c01b42de-e539-4ba4-b9da-1479b3c4beb8","61a48094-7453-4b7f-9563-e51f184832f9","JorgiToys","Cyborg Justice League  Muñeco Figura Articulada","published","fac762b8-889d-4f6d-bf1c-da9f06dab0d7","Genérica","","GENERIC_BRAND","","","","","0","0","GENERIC_BRAND_DETECTED","REQUIRES_VENDOR_ATTENTION","FALSE","El producto utiliza una marca genérica no permitida a vendedores (""Genérica"")."
"0fc4e9c2-4481-4a91-a559-5d0b1743a7b5","61a48094-7453-4b7f-9563-e51f184832f9","JorgiToys","Guerreras Kpop Demon Hunter 6 Figuras + 6 Cartas En Caja","published","fac762b8-889d-4f6d-bf1c-da9f06dab0d7","Genérica","","GENERIC_BRAND","","","","","0","0","GENERIC_BRAND_DETECTED","REQUIRES_VENDOR_ATTENTION","FALSE","El producto utiliza una marca genérica no permitida a vendedores (""Genérica"")."
"88cf82c8-89c9-452a-8747-db57e8dcc18b","61a48094-7453-4b7f-9563-e51f184832f9","JorgiToys","Kino Makoto Jupiter Sailor Moon Figuarts Bandai","published","35d99a48-df19-4d41-8f1e-944862b40f3e","Bandai","","VALID_BRAND","","","","","0.95","0","TITLE_MANUFACTURER_MATCH:Bandai","KEEP","FALSE","Marca/Fabricante válida y aprobada."
"65fb2df0-e98e-422f-9b0c-bfb840a60237","61a48094-7453-4b7f-9563-e51f184832f9","JorgiToys","Michael Myers Halloween Living Dead Dolls Mezco","published","65e6db0a-f7cc-49e4-9d2e-2bac37eaf8da","Mezco Toyz","","VALID_BRAND","","","","","0.95","0","TITLE_MANUFACTURER_MATCH:Mezco Toyz","KEEP","FALSE","Marca/Fabricante válida y aprobada."
"c6a00d12-acc4-486f-bff7-a7f572ced439","61a48094-7453-4b7f-9563-e51f184832f9","JorgiToys","Kraven Spiderman Marvel Legends Hasbro","published","0df4aeab-c5e9-4d35-8a9b-e63f391d5a57","Hasbro","","VALID_BRAND","","","39af7eed-0ae2-4c7f-ac30-107d20957036","Marvel","0.95","0.9","TITLE_LICENSE_MATCH:Marvel;TITLE_MANUFACTURER_MATCH:Hasbro","AUTO_ASSIGN_LICENSE","FALSE","Marca/Fabricante válida y aprobada."
"d3cd981b-dd5b-43a8-b8be-60b45fcbfc73","61a48094-7453-4b7f-9563-e51f184832f9","JorgiToys","Togepi Pokemon Peluche 15cm Togepi","published","b2d190fa-057b-44b8-868e-ced887d9e55a","TakaraTomy","","VALID_BRAND","","","","","0.95","0","","KEEP","FALSE","Marca/Fabricante válida y aprobada."
"072657ab-e423-4270-8179-1fed6057c666","61a48094-7453-4b7f-9563-e51f184832f9","JorgiToys","Collar Con Luz Moana 2 Jakks Pacific Light-up Shell Necklace","published","79352f1b-f900-4f8a-97dc-74649d3022d2","Disney","","LICENSE_AS_BRAND","79c769ff-c82f-4a74-82de-790b8c3ecf05","Jakks Pacific","c948500a-b519-4843-82fd-a70f782c8571","Disney","0.88","0.95","CURRENT_BRAND_IS_LICENSE:Disney;TITLE_MANUFACTURER_MATCH:Jakks Pacific","MANUAL_REVIEW","FALSE","La marca actual (""Disney"") es una Licencia/Franquicia y no el Fabricante del producto. | Fabricante sugerido: ""Jakks Pacific""."
"4b0c9a41-9f18-4493-bf16-97dafeb5c55b","61a48094-7453-4b7f-9563-e51f184832f9","JorgiToys","Super Saiyan 3 Goku Dragon Ball Figuarts Bandai","published","35d99a48-df19-4d41-8f1e-944862b40f3e","Bandai","","VALID_BRAND","","","372f7dd6-f134-4a9e-a1cf-f82497ba6ed3","Dragon Ball","0.95","0.9","TITLE_LICENSE_MATCH:Dragon Ball;TITLE_MANUFACTURER_MATCH:Bandai","AUTO_ASSIGN_LICENSE","FALSE","Marca/Fabricante válida y aprobada."
"3f663a43-2731-47dd-a051-e34ab1514173","61a48094-7453-4b7f-9563-e51f184832f9","JorgiToys","Son Goku Ultra Instinct Dragon Ball Super Evolve Bandai","published","35d99a48-df19-4d41-8f1e-944862b40f3e","Bandai","","VALID_BRAND","","","372f7dd6-f134-4a9e-a1cf-f82497ba6ed3","Dragon Ball","0.95","0.9","TITLE_LICENSE_MATCH:Dragon Ball;TITLE_MANUFACTURER_MATCH:Bandai","AUTO_ASSIGN_LICENSE","FALSE","Marca/Fabricante válida y aprobada."
"3a980469-3fa9-4886-914e-1459aea98626","61a48094-7453-4b7f-9563-e51f184832f9","JorgiToys","Charizard Pokemon Moncolle Ex Takara Tomy Ms-15","published","b2d190fa-057b-44b8-868e-ced887d9e55a","TakaraTomy","","VALID_BRAND","","","","","0.95","0","TITLE_MANUFACTURER_MATCH:Takara Tomy","KEEP","FALSE","Marca/Fabricante válida y aprobada."
"122992d6-73bd-40d7-8557-e04272376cb7","61a48094-7453-4b7f-9563-e51f184832f9","JorgiToys","Pokemon Select Mega Charizard Modelo","published","b2d190fa-057b-44b8-868e-ced887d9e55a","TakaraTomy","","VALID_BRAND","","","","","0.95","0","","KEEP","FALSE","Marca/Fabricante válida y aprobada."
"d6e16fbd-1f54-41b6-990a-a7688521bc53","61a48094-7453-4b7f-9563-e51f184832f9","JorgiToys","Lycanroc Pokemon Moncolle Ex Takara Tomy Ms 23","published","b2d190fa-057b-44b8-868e-ced887d9e55a","TakaraTomy","","VALID_BRAND","","","","","0.95","0","TITLE_MANUFACTURER_MATCH:Takara Tomy","KEEP","FALSE","Marca/Fabricante válida y aprobada."
"9b3fa976-3b70-428b-95a6-d3a1a9c693d9","61a48094-7453-4b7f-9563-e51f184832f9","JorgiToys","Sylveon Pokemon Moncolle Ex Takara Tomy","published","b2d190fa-057b-44b8-868e-ced887d9e55a","TakaraTomy","","VALID_BRAND","","","","","0.95","0","TITLE_MANUFACTURER_MATCH:Takara Tomy","KEEP","FALSE","Marca/Fabricante válida y aprobada."
"036e3263-cb19-4413-8356-cff8046a71b3","61a48094-7453-4b7f-9563-e51f184832f9","JorgiToys","Ash Ketchum Pokemon Disfraz Rubies Ash Ketchum S","published","","","","MISSING_BRAND","","","","","0","0","","REQUIRES_VENDOR_ATTENTION","FALSE","El producto no posee marca asignada (brand_id es NULL)."
"520ef152-857c-4899-b7a8-13da3459302d","61a48094-7453-4b7f-9563-e51f184832f9","JorgiToys","Charmander Peluche Pokemon 30cm Naranja","published","b2d190fa-057b-44b8-868e-ced887d9e55a","TakaraTomy","","VALID_BRAND","","","","","0.95","0","","KEEP","FALSE","Marca/Fabricante válida y aprobada."
"4a9de8d3-4544-42c7-ba3d-3d027c73d74a","61a48094-7453-4b7f-9563-e51f184832f9","JorgiToys","Bob Esponja 6 Peluches 20-25cm","published","","","","MISSING_BRAND","","","","","0","0","","REQUIRES_VENDOR_ATTENTION","FALSE","El producto no posee marca asignada (brand_id es NULL)."
"a6a2e976-6ca5-447a-960d-753b8dff3db1","61a48094-7453-4b7f-9563-e51f184832f9","JorgiToys","Once Eleven Eggo Stranger Things 421 Funko Pop Caja Dañada","published","1cbd2abc-1508-40c4-8823-9806998979e3","Funko","","VALID_BRAND","","","","","0.95","0","TITLE_MANUFACTURER_MATCH:Funko","KEEP","FALSE","Marca/Fabricante válida y aprobada."
"01195b2e-53a4-4c27-902a-1a4296f23f13","61a48094-7453-4b7f-9563-e51f184832f9","JorgiToys","Shadow Sonic The Hedgehog 10cm Wave 15 Jakks Pacific","published","4c557954-aa44-444a-96c8-f1c714d5847f","Jakks Pacific","","VALID_BRAND","","","e0b9f1da-0b23-4007-905a-8c6ce242d445","Sonic","0.95","0.9","TITLE_LICENSE_MATCH:Sonic;TITLE_MANUFACTURER_MATCH:Jakks Pacific","AUTO_ASSIGN_LICENSE","FALSE","Marca/Fabricante válida y aprobada."
"0b1dd095-38be-4508-8ccf-784fc875d7f6","61a48094-7453-4b7f-9563-e51f184832f9","JorgiToys","Freddy Five Nights At Freddy´s Funko 34cm","published","1cbd2abc-1508-40c4-8823-9806998979e3","Funko","","VALID_BRAND","","","","","0.95","0","TITLE_MANUFACTURER_MATCH:Funko","KEEP","FALSE","Marca/Fabricante válida y aprobada."
"55f2cad0-f8bf-42a4-826f-8dcfbb38c136","61a48094-7453-4b7f-9563-e51f184832f9","JorgiToys","Figura Neca The Last Ronin Con Armadura Tortugas Ninja","published","43edaabc-3910-45ab-b93d-857698fad50b","NECA","","VALID_BRAND","","","","","0.95","0","TITLE_MANUFACTURER_MATCH:NECA","KEEP","FALSE","Marca/Fabricante válida y aprobada."
"cce35447-755e-475c-a9cb-0cdd557e98e4","61a48094-7453-4b7f-9563-e51f184832f9","JorgiToys","Litten Pokemon Moncolle Ex Takara Tomy Emc_04","published","b2d190fa-057b-44b8-868e-ced887d9e55a","TakaraTomy","","VALID_BRAND","","","","","0.95","0","TITLE_MANUFACTURER_MATCH:Takara Tomy","KEEP","FALSE","Marca/Fabricante válida y aprobada."
"c4f23e6b-63d0-44e0-95ab-4056c2b1ae6c","61a48094-7453-4b7f-9563-e51f184832f9","JorgiToys","Flash Justice League Animated Dc Collectibles","published","ad5d4bf0-769c-49ea-9d84-211a2fb33a68","DC Collectibles","","VALID_BRAND","","","8956afcb-0f0d-4be9-b26e-3d9ff47ebc1b","DC","0.95","0.9","TITLE_LICENSE_MATCH:DC","AUTO_ASSIGN_LICENSE","FALSE","Marca/Fabricante válida y aprobada."
"64b638f1-7a7e-4423-8225-d2bfd72788f5","61a48094-7453-4b7f-9563-e51f184832f9","JorgiToys","Figura De Acción Pokémon Rillaboom Takara Tomy Coleccionable Pvc","published","b2d190fa-057b-44b8-868e-ced887d9e55a","TakaraTomy","","VALID_BRAND","","","b3ab0279-a354-4417-b40e-dcd52f022a57","Pokémon","0.95","0.9","TITLE_LICENSE_MATCH:Pokémon;TITLE_MANUFACTURER_MATCH:Takara Tomy","AUTO_ASSIGN_LICENSE","FALSE","Marca/Fabricante válida y aprobada."
"a78c1adf-b99c-488e-aed7-c9a70c7f59b7","61a48094-7453-4b7f-9563-e51f184832f9","JorgiToys","Dragonite Pokemon Moncolle Ex Takara Tomy Ms 25","published","b2d190fa-057b-44b8-868e-ced887d9e55a","TakaraTomy","","VALID_BRAND","","","","","0.95","0","TITLE_MANUFACTURER_MATCH:Takara Tomy","KEEP","FALSE","Marca/Fabricante válida y aprobada."
"9bef813d-113e-4ae8-bf0f-39c2bc8f4ac3","61a48094-7453-4b7f-9563-e51f184832f9","JorgiToys","Funtime Foxy Five Nights At Freddy's Muñeco Figura","published","fac762b8-889d-4f6d-bf1c-da9f06dab0d7","Genérica","","GENERIC_BRAND","","","","","0","0","GENERIC_BRAND_DETECTED","REQUIRES_VENDOR_ATTENTION","FALSE","El producto utiliza una marca genérica no permitida a vendedores (""Genérica"")."
"5017bfc0-9bfa-4733-a645-87222752fbcc","61a48094-7453-4b7f-9563-e51f184832f9","JorgiToys","Iron Man Nano Guantelete Infinito Marvel Legends Hasbro","published","0df4aeab-c5e9-4d35-8a9b-e63f391d5a57","Hasbro","","VALID_BRAND","","","39af7eed-0ae2-4c7f-ac30-107d20957036","Marvel","0.95","0.9","TITLE_LICENSE_MATCH:Marvel;TITLE_MANUFACTURER_MATCH:Hasbro","AUTO_ASSIGN_LICENSE","FALSE","Marca/Fabricante válida y aprobada."
"c1c97f8a-2e94-4e03-adae-be92c65a8978","61a48094-7453-4b7f-9563-e51f184832f9","JorgiToys","Charizard Pokemon Peluche 25cm","published","b2d190fa-057b-44b8-868e-ced887d9e55a","TakaraTomy","","VALID_BRAND","","","","","0.95","0","","KEEP","FALSE","Marca/Fabricante válida y aprobada."
"523b311e-2948-48f3-afdb-771c45c83626","61a48094-7453-4b7f-9563-e51f184832f9","JorgiToys","Shiny Lycanroc Midnight Form Pokemon Center Peluche 28cm","published","b2d190fa-057b-44b8-868e-ced887d9e55a","TakaraTomy","","VALID_BRAND","","","","","0.95","0","","KEEP","FALSE","Marca/Fabricante válida y aprobada."
"8339fbc4-4588-45b3-bcbf-fd7f7594ad98","61a48094-7453-4b7f-9563-e51f184832f9","JorgiToys","Charizard Gigantamax Pokemon Peluche 25cm","published","b2d190fa-057b-44b8-868e-ced887d9e55a","TakaraTomy","","VALID_BRAND","","","","","0.95","0","","KEEP","FALSE","Marca/Fabricante válida y aprobada."
"851fd9a0-2e69-4ec6-ab87-a936844afc48","61a48094-7453-4b7f-9563-e51f184832f9","JorgiToys","Red Gyrados Pokemon Center Peluche 56cm","published","b2d190fa-057b-44b8-868e-ced887d9e55a","TakaraTomy","","VALID_BRAND","","","","","0.95","0","","KEEP","FALSE","Marca/Fabricante válida y aprobada."
"7dbea042-1238-4841-a715-f6e03c62ca0b","61a48094-7453-4b7f-9563-e51f184832f9","JorgiToys","Cubone Pokemon Center Peluche 20cm","published","b2d190fa-057b-44b8-868e-ced887d9e55a","TakaraTomy","","VALID_BRAND","","","","","0.95","0","","KEEP","FALSE","Marca/Fabricante válida y aprobada."
"86250a14-31e2-42e9-a9fa-9d900da3a84d","61a48094-7453-4b7f-9563-e51f184832f9","JorgiToys","Dragonair Pokemon Center Peluche 68cm","published","b2d190fa-057b-44b8-868e-ced887d9e55a","TakaraTomy","","VALID_BRAND","","","","","0.95","0","","KEEP","FALSE","Marca/Fabricante válida y aprobada."
"911d1f33-3bed-4d4a-9f17-e10887a11f8c","61a48094-7453-4b7f-9563-e51f184832f9","JorgiToys","Shiny Sylveon Eevee Pokemon Center Peluche 20cm Shiny Sylveon","published","b2d190fa-057b-44b8-868e-ced887d9e55a","TakaraTomy","","VALID_BRAND","","","","","0.95","0","","KEEP","FALSE","Marca/Fabricante válida y aprobada."
"67f5247e-6019-47b4-956c-9b86af88a0ce","61a48094-7453-4b7f-9563-e51f184832f9","JorgiToys","Latias Pokemon Center Peluche","published","b2d190fa-057b-44b8-868e-ced887d9e55a","TakaraTomy","","VALID_BRAND","","","","","0.95","0","","KEEP","FALSE","Marca/Fabricante válida y aprobada."
"6a864e19-e906-41a0-b212-4971b2ba623f","61a48094-7453-4b7f-9563-e51f184832f9","JorgiToys","Miles Morales Spiderman Series Marvel Legends Hasbro","published","0df4aeab-c5e9-4d35-8a9b-e63f391d5a57","Hasbro","","VALID_BRAND","","","39af7eed-0ae2-4c7f-ac30-107d20957036","Marvel","0.95","0.9","TITLE_LICENSE_MATCH:Marvel;TITLE_MANUFACTURER_MATCH:Hasbro","AUTO_ASSIGN_LICENSE","FALSE","Marca/Fabricante válida y aprobada."
"7d5cb5f0-c51a-48d8-afb3-664e926dd7bf","61a48094-7453-4b7f-9563-e51f184832f9","JorgiToys","Dr. Strange Morbius Spiderman 90's Animated Marvel Legends","published","0df4aeab-c5e9-4d35-8a9b-e63f391d5a57","Hasbro","","VALID_BRAND","","","39af7eed-0ae2-4c7f-ac30-107d20957036","Marvel","0.95","0.9","TITLE_LICENSE_MATCH:Marvel;TITLE_MANUFACTURER_MATCH:Hasbro","AUTO_ASSIGN_LICENSE","FALSE","Marca/Fabricante válida y aprobada."
"f9edb131-5a57-48ee-8e57-4fb19b1f6107","61a48094-7453-4b7f-9563-e51f184832f9","JorgiToys","Vulture Spiderman 90's Animated Marvel Legends","published","0df4aeab-c5e9-4d35-8a9b-e63f391d5a57","Hasbro","","VALID_BRAND","","","39af7eed-0ae2-4c7f-ac30-107d20957036","Marvel","0.95","0.9","TITLE_LICENSE_MATCH:Marvel;TITLE_MANUFACTURER_MATCH:Hasbro","AUTO_ASSIGN_LICENSE","FALSE","Marca/Fabricante válida y aprobada."
"e4975074-6918-4fb6-981b-761e2afbc092","61a48094-7453-4b7f-9563-e51f184832f9","JorgiToys","Charmander Pokemon Center Peluche 11cm","published","b2d190fa-057b-44b8-868e-ced887d9e55a","TakaraTomy","","VALID_BRAND","","","","","0.95","0","","KEEP","FALSE","Marca/Fabricante válida y aprobada."
"04f7ed10-3308-41c4-9e17-5c659895a4de","61a48094-7453-4b7f-9563-e51f184832f9","JorgiToys","Amazing Spiderman No Way Home Andrew Garfield Marvel Legends","published","0df4aeab-c5e9-4d35-8a9b-e63f391d5a57","Hasbro","","VALID_BRAND","","","39af7eed-0ae2-4c7f-ac30-107d20957036","Marvel","0.95","0.9","TITLE_LICENSE_MATCH:Marvel;TITLE_MANUFACTURER_MATCH:Hasbro","AUTO_ASSIGN_LICENSE","FALSE","Marca/Fabricante válida y aprobada."
"f1a53ced-449c-4e73-ae7c-706822ec8784","61a48094-7453-4b7f-9563-e51f184832f9","JorgiToys","Invisible Woman Fantastic Four Marvel Legends Hasbro","published","0df4aeab-c5e9-4d35-8a9b-e63f391d5a57","Hasbro","","VALID_BRAND","","","39af7eed-0ae2-4c7f-ac30-107d20957036","Marvel","0.95","0.9","TITLE_LICENSE_MATCH:Marvel;TITLE_MANUFACTURER_MATCH:Hasbro","AUTO_ASSIGN_LICENSE","FALSE","Marca/Fabricante válida y aprobada."
"04ee1610-7875-40b8-bb6c-d7deea915b60","61a48094-7453-4b7f-9563-e51f184832f9","JorgiToys","Figura De Acción Hasbro Star Wars Vintage Mace Windu 9.5 Cm","published","805f40a4-b371-40ac-ba05-ee277b20dd27","Star Wars","","LICENSE_AS_BRAND","0df4aeab-c5e9-4d35-8a9b-e63f391d5a57","Hasbro","1d4ebf30-350d-4336-9058-90689b87700a","Star Wars","0.88","0.95","CURRENT_BRAND_IS_LICENSE:Star Wars;TITLE_MANUFACTURER_MATCH:Hasbro","MANUAL_REVIEW","FALSE","La marca actual (""Star Wars"") es una Licencia/Franquicia y no el Fabricante del producto. | Fabricante sugerido: ""Hasbro""."
"776688b3-c3e3-4290-8ed1-5d46269b1ed0","61a48094-7453-4b7f-9563-e51f184832f9","JorgiToys","Marvel Girl X-men Marvel Legends Tri-sentinel Baf Hasbro","published","0df4aeab-c5e9-4d35-8a9b-e63f391d5a57","Hasbro","","VALID_BRAND","","","39af7eed-0ae2-4c7f-ac30-107d20957036","Marvel","0.95","0.9","TITLE_LICENSE_MATCH:Marvel;TITLE_MANUFACTURER_MATCH:Hasbro","AUTO_ASSIGN_LICENSE","FALSE","Marca/Fabricante válida y aprobada."
"c16a301d-1339-42a2-941c-b7a29787b729","61a48094-7453-4b7f-9563-e51f184832f9","JorgiToys","Dani Moonstar X-men Marvel Legends Hasbro","published","0df4aeab-c5e9-4d35-8a9b-e63f391d5a57","Hasbro","","VALID_BRAND","","","39af7eed-0ae2-4c7f-ac30-107d20957036","Marvel","0.95","0.9","TITLE_LICENSE_MATCH:Marvel;TITLE_MANUFACTURER_MATCH:Hasbro","AUTO_ASSIGN_LICENSE","FALSE","Marca/Fabricante válida y aprobada."
"23e96c01-9262-4a73-99e3-d87da4f86a1e","61a48094-7453-4b7f-9563-e51f184832f9","JorgiToys","Set De Figuras De Acción Marvel Legends Series Forge, Storm Y Jubilee Coleccionables De Hasbro","published","0df4aeab-c5e9-4d35-8a9b-e63f391d5a57","Hasbro","","VALID_BRAND","","","39af7eed-0ae2-4c7f-ac30-107d20957036","Marvel","0.95","0.9","TITLE_LICENSE_MATCH:Marvel;TITLE_MANUFACTURER_MATCH:Hasbro","AUTO_ASSIGN_LICENSE","FALSE","Marca/Fabricante válida y aprobada."
"7303c4ca-bbe4-4112-84b5-2fe076b249e7","61a48094-7453-4b7f-9563-e51f184832f9","JorgiToys","Baxter Tortugas Ninja Turtles Ultimates Wave1 Super7","published","28865b10-c492-4773-9810-270afa95b3d4","Super7","","VALID_BRAND","","","","","0.95","0","TITLE_MANUFACTURER_MATCH:Super7","KEEP","FALSE","Marca/Fabricante válida y aprobada."
"aa3b6928-d8cc-4b4b-b759-f7ce807199d8","61a48094-7453-4b7f-9563-e51f184832f9","JorgiToys","Omega Sentinel X-men Marvel Legends Tri-sentinel Baf Hasbro","published","0df4aeab-c5e9-4d35-8a9b-e63f391d5a57","Hasbro","","VALID_BRAND","","","39af7eed-0ae2-4c7f-ac30-107d20957036","Marvel","0.95","0.9","TITLE_LICENSE_MATCH:Marvel;TITLE_MANUFACTURER_MATCH:Hasbro","AUTO_ASSIGN_LICENSE","FALSE","Marca/Fabricante válida y aprobada."
"f9b54b9e-6829-489d-a81c-e82b757b7f76","61a48094-7453-4b7f-9563-e51f184832f9","JorgiToys","Plantas Vs Zombies 4 Muñecos Figuras Set #4","published","","","","MISSING_BRAND","","","","","0","0","","REQUIRES_VENDOR_ATTENTION","FALSE","El producto no posee marca asignada (brand_id es NULL)."
"58447512-5ea1-4d40-a063-b2176842d027","61a48094-7453-4b7f-9563-e51f184832f9","JorgiToys","Catwoman The New Batman Adventures Dc Collectibles 39","published","ad5d4bf0-769c-49ea-9d84-211a2fb33a68","DC Collectibles","","VALID_BRAND","","","8956afcb-0f0d-4be9-b26e-3d9ff47ebc1b","DC","0.95","0.9","TITLE_LICENSE_MATCH:DC","AUTO_ASSIGN_LICENSE","FALSE","Marca/Fabricante válida y aprobada."
"9e296af8-6fd1-45ab-a529-dc46e1dfbe3c","61a48094-7453-4b7f-9563-e51f184832f9","JorgiToys","Freddy Frostbear Five Nights Freddy´s Special Delivery Funko","published","1cbd2abc-1508-40c4-8823-9806998979e3","Funko","","VALID_BRAND","","","","","0.95","0","TITLE_MANUFACTURER_MATCH:Funko","KEEP","FALSE","Marca/Fabricante válida y aprobada."
"ae0e5b03-4cfd-4f37-ba36-32dbb91b3fe6","61a48094-7453-4b7f-9563-e51f184832f9","JorgiToys","Gwen Stacy Spiderman Marvel Legends Stilt-man Baf Hasbro","published","0df4aeab-c5e9-4d35-8a9b-e63f391d5a57","Hasbro","","VALID_BRAND","","","39af7eed-0ae2-4c7f-ac30-107d20957036","Marvel","0.95","0.9","TITLE_LICENSE_MATCH:Marvel;TITLE_MANUFACTURER_MATCH:Hasbro","AUTO_ASSIGN_LICENSE","FALSE","Marca/Fabricante válida y aprobada."
"8c16eeaa-1ade-4937-b8b5-dad2e94be752","61a48094-7453-4b7f-9563-e51f184832f9","JorgiToys","Jiren Dragon Ball Super Evolve Bandai","published","35d99a48-df19-4d41-8f1e-944862b40f3e","Bandai","","VALID_BRAND","","","372f7dd6-f134-4a9e-a1cf-f82497ba6ed3","Dragon Ball","0.95","0.9","TITLE_LICENSE_MATCH:Dragon Ball;TITLE_MANUFACTURER_MATCH:Bandai","AUTO_ASSIGN_LICENSE","FALSE","Marca/Fabricante válida y aprobada."
"dbb76e46-25c1-4d59-94b2-8bbc4e802f6f","61a48094-7453-4b7f-9563-e51f184832f9","JorgiToys","Freddy Five Nights At Freddy's Peluche Marrón","published","","","","MISSING_BRAND","","","","","0","0","","REQUIRES_VENDOR_ATTENTION","FALSE","El producto no posee marca asignada (brand_id es NULL)."
"ebbdb97a-90a4-4eae-9ff0-d4b19d779fe5","61a48094-7453-4b7f-9563-e51f184832f9","JorgiToys","Grogu The Mandalorian Star Wars Disfraz Jazwares  Grogu 3t-4t","published","602d666d-8ed0-4d4b-b802-3b83c6679cbe","Jazwares","","VALID_BRAND","","","1d4ebf30-350d-4336-9058-90689b87700a","Star Wars","0.95","0.9","TITLE_LICENSE_MATCH:Star Wars","AUTO_ASSIGN_LICENSE","FALSE","Marca/Fabricante válida y aprobada."
"872077ed-a978-42d9-ba98-2e8b9ee8be05","61a48094-7453-4b7f-9563-e51f184832f9","JorgiToys","Playstation God Of War Ragnarok, Figura Kratos De 15 Cm","published","","","","MISSING_BRAND","","","","","0","0","","REQUIRES_VENDOR_ATTENTION","FALSE","El producto no posee marca asignada (brand_id es NULL)."
"107ff1f0-1f02-4ec5-b841-1d98c0361019","61a48094-7453-4b7f-9563-e51f184832f9","JorgiToys","Figura De Acción Fire Man Mega Man Jada Toys 15cm Articulada Coleccionable","published","0841bb0b-70e9-409c-8f27-8b221d740569","Jada","","VALID_BRAND","","","","","0.95","0","TITLE_MANUFACTURER_MATCH:Jada","KEEP","FALSE","Marca/Fabricante válida y aprobada."
"4b1c9060-1767-44bf-91a8-39fb554d0c00","61a48094-7453-4b7f-9563-e51f184832f9","JorgiToys","Angel X-men Marvel Legends Hasbro","published","5f1f8d40-ec5c-4e95-9c55-7676bc9308b5","Marvel","","LICENSE_AS_BRAND","0df4aeab-c5e9-4d35-8a9b-e63f391d5a57","Hasbro","39af7eed-0ae2-4c7f-ac30-107d20957036","Marvel","0.88","0.95","CURRENT_BRAND_IS_LICENSE:Marvel;TITLE_MANUFACTURER_MATCH:Hasbro","MANUAL_REVIEW","FALSE","La marca actual (""Marvel"") es una Licencia/Franquicia y no el Fabricante del producto. | Fabricante sugerido: ""Hasbro""."
"24d0caa9-1f29-4095-8523-b314ca0b0d89","61a48094-7453-4b7f-9563-e51f184832f9","JorgiToys","Figura De Acción Star Wars The Black Series Plo Koon","published","0df4aeab-c5e9-4d35-8a9b-e63f391d5a57","Hasbro","","VALID_BRAND","","","1d4ebf30-350d-4336-9058-90689b87700a","Star Wars","0.95","0.9","TITLE_LICENSE_MATCH:Star Wars","AUTO_ASSIGN_LICENSE","FALSE","Marca/Fabricante válida y aprobada."
"cd1fb924-f330-4e92-a917-8009a0a56b72","61a48094-7453-4b7f-9563-e51f184832f9","JorgiToys","Roxanne Wolf Five Nights At Freddy's Disfraz Rubies Roxanne Wolf M","published","","","","MISSING_BRAND","","","","","0","0","","REQUIRES_VENDOR_ATTENTION","FALSE","El producto no posee marca asignada (brand_id es NULL)."
"127ce532-b467-4da7-95af-7ee7f787cac2","61a48094-7453-4b7f-9563-e51f184832f9","JorgiToys","Beast Boy Chico Bestia Teen Titans Muñeco Figura Accion","published","fac762b8-889d-4f6d-bf1c-da9f06dab0d7","Genérica","","GENERIC_BRAND","","","","","0","0","GENERIC_BRAND_DETECTED","REQUIRES_VENDOR_ATTENTION","FALSE","El producto utiliza una marca genérica no permitida a vendedores (""Genérica"")."
"23690889-04c9-493a-a5b8-76d49294cc85","61a48094-7453-4b7f-9563-e51f184832f9","JorgiToys","Shredder Tortugas Ninja Turtles Playmates Sewer Lair","published","944a8649-47e9-47cc-bfcb-5320ea5a1adb","Playmates Toys","","VALID_BRAND","","","","","0.95","0","","KEEP","FALSE","Marca/Fabricante válida y aprobada."
"19a74947-9641-4332-83d0-1b5ea3195425","61a48094-7453-4b7f-9563-e51f184832f9","JorgiToys","Iron Man Mk85 Thanos Avengers Infinity Saga Marvel Legends","published","0df4aeab-c5e9-4d35-8a9b-e63f391d5a57","Hasbro","","VALID_BRAND","","","39af7eed-0ae2-4c7f-ac30-107d20957036","Marvel","0.95","0.9","TITLE_LICENSE_MATCH:Marvel;TITLE_MANUFACTURER_MATCH:Hasbro","AUTO_ASSIGN_LICENSE","FALSE","Marca/Fabricante válida y aprobada."
"dc62130c-2309-4e59-af1a-54a954f013be","61a48094-7453-4b7f-9563-e51f184832f9","JorgiToys","Mega Man Rockman Classic Deluxe Lights/sounds Jakks Pacific","published","79c769ff-c82f-4a74-82de-790b8c3ecf05","Jakks Pacific","","VALID_BRAND","","","","","0.95","0","TITLE_MANUFACTURER_MATCH:Jakks Pacific","KEEP","FALSE","Marca/Fabricante válida y aprobada."
"ee122992-421f-40ae-996f-5ac56e83ec09","61a48094-7453-4b7f-9563-e51f184832f9","JorgiToys","Mikasa Ackerman Shigeki No Kyojin Rah Medicom Toy 648","published","4945c990-250a-4647-85c1-cf9b376f51ba","Medicom","","VALID_BRAND","","","","","0.95","0","","KEEP","FALSE","Marca/Fabricante válida y aprobada."
"aa9ab48c-3a59-422c-b7fc-5c8cc8c69858","61a48094-7453-4b7f-9563-e51f184832f9","JorgiToys","Starfire Teen Titans Muñeco Figura Accion","published","fac762b8-889d-4f6d-bf1c-da9f06dab0d7","Genérica","","GENERIC_BRAND","","","","","0","0","GENERIC_BRAND_DETECTED","REQUIRES_VENDOR_ATTENTION","FALSE","El producto utiliza una marca genérica no permitida a vendedores (""Genérica"")."
"8a0f9b6f-5962-414d-b492-3f48b32e19a8","61a48094-7453-4b7f-9563-e51f184832f9","JorgiToys","Cammy Super Street Fighter 4 Rah Medicom Toy 657","published","e44551bc-0261-4421-8761-20f201815f93","Medicom Toy","","VALID_BRAND","","","","","0.95","0","","KEEP","FALSE","Marca/Fabricante válida y aprobada."
"81a34433-36f3-4b47-9246-6e28986f141f","61a48094-7453-4b7f-9563-e51f184832f9","JorgiToys","Raven Teen Titans Muñeco Figura Accion","published","fac762b8-889d-4f6d-bf1c-da9f06dab0d7","Genérica","","GENERIC_BRAND","","","","","0","0","GENERIC_BRAND_DETECTED","REQUIRES_VENDOR_ATTENTION","FALSE","El producto utiliza una marca genérica no permitida a vendedores (""Genérica"")."
"d81c5f29-76bc-4c73-8da9-90b378c5d4cc","61a48094-7453-4b7f-9563-e51f184832f9","JorgiToys","Malefik Spawn Bloody Disciple Mortal Kombat 11 Mcfarlane","published","c2451c65-4354-4955-8afd-ad4bffecd26c","Mcfarlane","","VALID_BRAND","","","","","0.95","0","TITLE_MANUFACTURER_MATCH:McFarlane Toys","KEEP","FALSE","Marca/Fabricante válida y aprobada."
"7992c632-ff8d-4d33-8bfc-6b3f91ba82bb","61a48094-7453-4b7f-9563-e51f184832f9","JorgiToys","Figura De Acción Profesor X With Hover Chair Legends Series Para X-men Marvel Hasbro","published","0df4aeab-c5e9-4d35-8a9b-e63f391d5a57","Hasbro","","VALID_BRAND","","","39af7eed-0ae2-4c7f-ac30-107d20957036","Marvel","0.95","0.9","TITLE_LICENSE_MATCH:Marvel;TITLE_MANUFACTURER_MATCH:Hasbro","AUTO_ASSIGN_LICENSE","FALSE","Marca/Fabricante válida y aprobada."
"6bfc9cdf-8695-4306-8866-97c48705155f","61a48094-7453-4b7f-9563-e51f184832f9","JorgiToys","Aayla Secura Star Wars Clone Wars Vintage Hasbro","published","805f40a4-b371-40ac-ba05-ee277b20dd27","Star Wars","","LICENSE_AS_BRAND","0df4aeab-c5e9-4d35-8a9b-e63f391d5a57","Hasbro","1d4ebf30-350d-4336-9058-90689b87700a","Star Wars","0.88","0.95","CURRENT_BRAND_IS_LICENSE:Star Wars;TITLE_MANUFACTURER_MATCH:Hasbro","MANUAL_REVIEW","FALSE","La marca actual (""Star Wars"") es una Licencia/Franquicia y no el Fabricante del producto. | Fabricante sugerido: ""Hasbro""."
"96a0cc6e-0e57-4fb4-91ec-86b4116a4985","61a48094-7453-4b7f-9563-e51f184832f9","JorgiToys","Pocahontas Classic Doll Princesas Disney Store","published","79352f1b-f900-4f8a-97dc-74649d3022d2","Disney","","LICENSE_AS_BRAND","","","c948500a-b519-4843-82fd-a70f782c8571","Disney","0.4","0.95","CURRENT_BRAND_IS_LICENSE:Disney","MANUAL_REVIEW","FALSE","La marca actual (""Disney"") es una Licencia/Franquicia y no el Fabricante del producto. | No se detectó evidencia del fabricante real. Se requiere revisión manual sin inventar marca."
"ccadb464-2e44-475c-a0fa-b13ab817302c","c1f2099a-cc70-46bc-9981-606633d083bf","Vendor Desconocido","Dije Selenita 7 Chakra ","published","","","","MISSING_BRAND","","","","","0","0","","REQUIRES_VENDOR_ATTENTION","FALSE","El producto no posee marca asignada (brand_id es NULL)."
"ea844b90-2c69-44c2-9f35-e109bbcfc557","c1f2099a-cc70-46bc-9981-606633d083bf","Vendor Desconocido","Lámpara De Citrino ","published","","","","MISSING_BRAND","","","","","0","0","","REQUIRES_VENDOR_ATTENTION","FALSE","El producto no posee marca asignada (brand_id es NULL)."
"62b2973d-ffa1-43ee-8ff9-554d90e4ad3c","c1f2099a-cc70-46bc-9981-606633d083bf","Vendor Desconocido","Duendes Articulados ","published","","","","MISSING_BRAND","","","","","0","0","","REQUIRES_VENDOR_ATTENTION","FALSE","El producto no posee marca asignada (brand_id es NULL)."
"9a1da7a7-18c6-4070-89fe-330eec752e80","c1f2099a-cc70-46bc-9981-606633d083bf","Vendor Desconocido","Set De Piedras 7 Chakras ","published","","","","MISSING_BRAND","","","","","0","0","","REQUIRES_VENDOR_ATTENTION","FALSE","El producto no posee marca asignada (brand_id es NULL)."
"61c039af-f084-4067-9aed-8ae8a7c44811","c1f2099a-cc70-46bc-9981-606633d083bf","Vendor Desconocido","Lampara De Piedra Selenita ","published","","","","MISSING_BRAND","","","","","0","0","","REQUIRES_VENDOR_ATTENTION","FALSE","El producto no posee marca asignada (brand_id es NULL)."
"1d235075-5fc4-494a-b564-2a3de6e200c1","c1f2099a-cc70-46bc-9981-606633d083bf","Vendor Desconocido","Lámpara De Amatista Artesanal ","published","","","","MISSING_BRAND","","","","","0","0","","REQUIRES_VENDOR_ATTENTION","FALSE","El producto no posee marca asignada (brand_id es NULL)."
"62c3f6d4-aa49-40d9-a97d-f297c64e46b7","c1f2099a-cc70-46bc-9981-606633d083bf","Vendor Desconocido","Calcita Naranja Lámpara","published","","","","MISSING_BRAND","","","","","0","0","","REQUIRES_VENDOR_ATTENTION","FALSE","El producto no posee marca asignada (brand_id es NULL)."
"c47cb3f9-11ae-4204-b122-e82e85144a4c","c1f2099a-cc70-46bc-9981-606633d083bf","Vendor Desconocido","Calcita Naranja Lámpara ","published","","","","MISSING_BRAND","","","","","0","0","","REQUIRES_VENDOR_ATTENTION","FALSE","El producto no posee marca asignada (brand_id es NULL)."