product_id,title,current_brand_id,current_brand_name,governance_status,suggested_brand,suggested_license,autofix_confidence,action_proposed
"d6436dff-23cf-44dc-a082-5047d931c4c4","99 Nights in the Forest - Minifiguras- Serie 1 - Incluye códigos DLC canjeables en Roblox","7fb95fff-e06e-4761-b000-a38e1661b001","PhatMojo","VALID_BRAND","","","LOW","KEEP"
"3f91bfe2-8434-43eb-a7a4-9b880fa7c0bb","PhatMojo","7fb95fff-e06e-4761-b000-a38e1661b001","PhatMojo","VALID_BRAND","","","LOW","KEEP"
"c7475b6b-2afa-4cb5-b721-1b8f47cd0116","Figura De Acción Glamrock Fred Security Breach 47490 De Funko","1cbd2abc-1508-40c4-8823-9806998979e3","Funko","VALID_BRAND","","","LOW","KEEP"
"e22134b6-3bcb-42c9-a4f5-f8f1f05cf809","Mace Windu Star Wars Attack Of The Clones Vintage Hasbro ","0df4aeab-c5e9-4d35-8a9b-e63f391d5a57","Hasbro","VALID_BRAND","","","LOW","KEEP"
"35afb05e-001c-405d-9ab2-c1a5552c0f47","Darkstar Marvel Legends Ursa Major Baf Hasbro","0df4aeab-c5e9-4d35-8a9b-e63f391d5a57","Hasbro","VALID_BRAND","","","LOW","KEEP"
"b3c8c811-c0c4-4b0f-9ac7-40de15684f97","Once Eleven With Eggo Stranger Things 421 Funko Pop","1cbd2abc-1508-40c4-8823-9806998979e3","Funko","VALID_BRAND","","","LOW","KEEP"
"daef9acc-bf2c-46fc-b23a-d66afb1d15d0","The Creep Ultimate Creepshow 40th Anniversary Neca","43edaabc-3910-45ab-b93d-857698fad50b","NECA","VALID_BRAND","","","LOW","KEEP"
"87942584-a107-45f1-a680-aa5bbcc22a10","Shadow Knuckles Buzz Drone Sonic 3 La Película Jakks Pacific","4c557954-aa44-444a-96c8-f1c714d5847f","Jakks Pacific","VALID_BRAND","","","LOW","KEEP"
"335e4123-4cf1-493e-bab1-1c9a4089b5ae","Speed Force Flash Justice League 2021 Dc Mcfarlane","c2451c65-4354-4955-8afd-ad4bffecd26c","Mcfarlane","VALID_BRAND","","","LOW","KEEP"
"65dd7af5-b301-4c03-b210-47cd84a40619","Jalapeño Plantas Vs Zombies Peluche 18cm","","","MISSING_BRAND","","","LOW","REQUIRES_VENDOR_ATTENTION"
"ce814904-ff35-4634-af48-511f2db70e69","Cyborg Spiderman Marvel Legends Hasbro","0df4aeab-c5e9-4d35-8a9b-e63f391d5a57","Hasbro","VALID_BRAND","","","LOW","KEEP"
"ca42fe36-06cf-43f1-9937-e7e49353ea52","Super Mario 6cm Wave 22 Nintendo Jakks","79c769ff-c82f-4a74-82de-790b8c3ecf05","Jakks Pacific","VALID_BRAND","","","LOW","KEEP"
"778a4c66-9278-40a9-9bb5-d0895e2fb4c1","Shadow Sonic The Hedgehog Great Eastern Peluche 30cm","c4e4213e-b7cb-49cc-92be-cbe13cc7209e","Great Eastern Entertainment","VALID_BRAND","","","LOW","KEEP"
"2c103ab8-d7f8-4cc9-a87f-be12a5601372","Tinker Bell Campanita Peter Pan Story Doll Princesas Disney","79352f1b-f900-4f8a-97dc-74649d3022d2","Disney","LICENSE_AS_BRAND","","Disney","LOW","REQUIRES_VENDOR_ATTENTION"
"29b53023-c9c6-4c3b-babf-4932ee93d00c","Five Nights At Freddy's 6 Figuras Muñecos Set #2","fac762b8-889d-4f6d-bf1c-da9f06dab0d7","Genérica","GENERIC_BRAND","","","LOW","REQUIRES_VENDOR_ATTENTION"
"53ee9cd2-ee2f-459b-baf5-427ee05d1b2a","South Park Kenny Stan Cartman Kyle Butters Set 5 Figuras","","","MISSING_BRAND","","","LOW","REQUIRES_VENDOR_ATTENTION"
"1ec44a51-c2b4-463d-b7cd-714fc579bc05","Bob Esponja Peluche 20cm","","","MISSING_BRAND","","","LOW","REQUIRES_VENDOR_ATTENTION"
"52ed0889-3349-4dd8-8998-0753f5474763","Ra´s Al Ghul Batman The Animated Series Dc Collectibles 24","ad5d4bf0-769c-49ea-9d84-211a2fb33a68","DC Collectibles","VALID_BRAND","","","LOW","KEEP"
"b4db3bfd-01ad-4e3b-a112-ecf7e51ff429","Starscream Transformers Legacy Core Class Hasbro","0df4aeab-c5e9-4d35-8a9b-e63f391d5a57","Hasbro","VALID_BRAND","","","LOW","KEEP"
"98b246e6-6fbf-4294-9f99-cf75f7fe8a05","Plantas Vs Zombies 4 Muñecos Figuras Set #2","","","MISSING_BRAND","","","LOW","REQUIRES_VENDOR_ATTENTION"
"674f42e5-afb4-41f1-9c08-c7331db429df","Plantas Vs Zombies 3 Muñecos Figuras Set #7","","","MISSING_BRAND","","","LOW","REQUIRES_VENDOR_ATTENTION"
"3fd7f72d-4325-45a5-8b62-51894390bc81","Foxy Corn Maze Five Nights At Freddy´s Mcfarlane 38pcs","c2451c65-4354-4955-8afd-ad4bffecd26c","Mcfarlane","VALID_BRAND","","","LOW","KEEP"
"13b8c746-f3df-43ce-9c0b-0903ca050394","Hermione Granger Harry Potter Peluche Lego","da508c22-2fc6-411a-811e-caf2a0e3704c","Lego","VALID_BRAND","","","LOW","KEEP"
"6eb72824-e0b0-456e-a8a4-359df9d1be43","Mira Guerreras Kpop Demon Hunter 1 Figura En Caja + Carta","fac762b8-889d-4f6d-bf1c-da9f06dab0d7","Genérica","GENERIC_BRAND","","","LOW","REQUIRES_VENDOR_ATTENTION"
"a4268fa8-53a1-45e4-89c8-2d218b3ae347","My Melody Kuromi Hello Kitty Sanrio Gorro","1af01a3d-c8c7-42a7-9d9c-a215d3cb75e8","Sanrio","VALID_BRAND","","","LOW","KEEP"
"3c77caf8-310b-44d5-8db8-7ee91cb40060","Figura Super Sonic Amarillo 13cm Sonic 3","79c769ff-c82f-4a74-82de-790b8c3ecf05","Jakks Pacific","VALID_BRAND","","","LOW","KEEP"
"026ffcd1-9c65-498b-bac8-47676e942854","Milu Living Dead Dolls Series 27 Mezco","65e6db0a-f7cc-49e4-9d2e-2bac37eaf8da","Mezco Toyz","VALID_BRAND","","","LOW","KEEP"
"3a7ba330-be2c-4e88-acca-124b53e2dde5","Darth Vader Star Wars The Empire Strikes Back Black Series","0df4aeab-c5e9-4d35-8a9b-e63f391d5a57","Hasbro","VALID_BRAND","","","LOW","KEEP"
"fdedb75e-5512-449c-b68f-71f9ffaa1d32","Harry Potter Lentes","fac762b8-889d-4f6d-bf1c-da9f06dab0d7","Genérica","GENERIC_BRAND","","Harry Potter","LOW","REQUIRES_VENDOR_ATTENTION"
"5907de3c-3101-4b6f-afcf-773c8a32ee4d","Cyclops X-men 97 Wave 2 Marvel Legends Hasbro","5f1f8d40-ec5c-4e95-9c55-7676bc9308b5","Marvel","LICENSE_AS_BRAND","Hasbro","Marvel","HIGH","AUTO_ASSIGN_BRAND"
"d8f21602-82f7-40cc-8fc8-1a75e2bf4aa5","Magneto X-men 97 Wave 2 Marvel Legends Hasbro ","0df4aeab-c5e9-4d35-8a9b-e63f391d5a57","Hasbro","VALID_BRAND","","","LOW","KEEP"
"ec409f89-2bdf-42fe-adf5-8da9c34ef274","Mjolnir Thor Love And Thunder Marvel Legends Hasbro","0df4aeab-c5e9-4d35-8a9b-e63f391d5a57","Hasbro","VALID_BRAND","","","LOW","KEEP"
"e1359aee-9697-463a-8fef-393245df06b9","Peluche Sonic The Hedgehog La Pelicula 2 (33cm)","79c769ff-c82f-4a74-82de-790b8c3ecf05","Jakks Pacific","VALID_BRAND","","","LOW","KEEP"
"b978603f-df9e-43b1-ad06-5af35b8da8a9","Gwen Stacy Spiderman Marvel Legends Hasbro","0df4aeab-c5e9-4d35-8a9b-e63f391d5a57","Hasbro","VALID_BRAND","","","LOW","KEEP"
"f884d173-ba91-4084-8eb1-18c6ca61aa2d","Dr. Doom Marvel Legends Xenmu Baf Hasbro","0df4aeab-c5e9-4d35-8a9b-e63f391d5a57","Hasbro","VALID_BRAND","","","LOW","KEEP"
"e1a69072-8ef7-474c-9f02-b93868c0a835","Figura Articulada Neca Steel Clan Robot Gárgolas Con Accesorios 19 Cm","43edaabc-3910-45ab-b93d-857698fad50b","NECA","VALID_BRAND","","","LOW","KEEP"
"2bccb6ed-df36-4e5f-a660-efe9026769af","Margarita Marigold Plantas Vs Zombies Peluche 18cm","","","MISSING_BRAND","","","LOW","REQUIRES_VENDOR_ATTENTION"
"e89ec5a1-c606-46e9-8475-82eea34d4631","Jocasta Marvel Legends Joe Fixit Baf Hasbro","0df4aeab-c5e9-4d35-8a9b-e63f391d5a57","Hasbro","VALID_BRAND","","","LOW","KEEP"
"a27b3fab-0b51-43dc-80c2-a4f45815a44d","Guantelete Infinito Thanos Avengers Con Luz Talle Niño","","","MISSING_BRAND","","","LOW","REQUIRES_VENDOR_ATTENTION"
"b3ef122a-5c4e-47a8-b953-8982df836a23","Star Wars F7109 The Black Series Ahsoka General Hera Syndulla","805f40a4-b371-40ac-ba05-ee277b20dd27","Star Wars","LICENSE_AS_BRAND","","Star Wars","LOW","REQUIRES_VENDOR_ATTENTION"
"f24ae857-2419-45d4-b85d-9cd00347046a","Chun-li Super Street Fighter 4 Rah Medicom Toy 657","e44551bc-0261-4421-8761-20f201815f93","Medicom Toy","VALID_BRAND","","","LOW","KEEP"
"ea632421-b0c9-46dc-a779-971376d8a7d0","Capricorn Saint Seiya Cloth Collection Vol.2  Medicos","ba4cf015-ae50-48cd-8de5-90be5cb5ff06","Medicos Entertainment","VALID_BRAND","","","LOW","KEEP"
"8a65b9da-8e57-4b1a-b2d5-96c9b3163aec","Wolverine X-men 97 Marvel Legends Hasbro","0df4aeab-c5e9-4d35-8a9b-e63f391d5a57","Hasbro","VALID_BRAND","","","LOW","KEEP"
"cd1f3125-efb2-427d-8399-385818a3dd17","Alex Delarge A Clockwork Orange Living Dead Dolls Mezco","65e6db0a-f7cc-49e4-9d2e-2bac37eaf8da","Mezco Toyz","VALID_BRAND","","","LOW","KEEP"
"24cd762d-33b1-4328-a4b3-3a0032e5f138","Pikachu Pokemon Aoger Peluche 25cm","","","MISSING_BRAND","","","LOW","REQUIRES_VENDOR_ATTENTION"
"adb55dd9-3583-4c63-b2ed-b71980c61ae9","Venom Let There Be Carnage Marvel Legends Hasbro","0df4aeab-c5e9-4d35-8a9b-e63f391d5a57","Hasbro","VALID_BRAND","","","LOW","KEEP"
"c08d2b25-a8fa-4897-802f-4485e5cfd054","Catwoman Batman The Animated Series Dc Collectibles 04","ad5d4bf0-769c-49ea-9d84-211a2fb33a68","DC Collectibles","VALID_BRAND","","","LOW","KEEP"
"aa306b9c-af7e-4d28-908c-081e9eb8eabb","Rapunzel Story Doll Princesas Disney Store","79352f1b-f900-4f8a-97dc-74649d3022d2","Disney","LICENSE_AS_BRAND","","Disney","LOW","REQUIRES_VENDOR_ATTENTION"
"f2f3d886-86ab-417c-88de-155caf6f8a26","Magnetoseta Magnet-shroom Plantas Vs Zombies Peluche 18cm","","","MISSING_BRAND","","","LOW","REQUIRES_VENDOR_ATTENTION"
"e7b5e24a-150e-4bcb-be97-972011f4d19b","Deadpool Corps Scooter Marvel Legends Vehicles","0df4aeab-c5e9-4d35-8a9b-e63f391d5a57","Hasbro","VALID_BRAND","","","LOW","KEEP"
"e089452d-f361-476e-bf50-3314482adb9a","Lapras The Pokemon Company Peluche 25cm","4d53b85f-735f-4b4f-9011-211a8b34d11d","The Pokémon Company","VALID_BRAND","","","LOW","KEEP"
"04723651-6221-4568-b367-3b093718ea5c","Banshee Gambit Psylocke X-men Marvel Legends Hasbro","5f1f8d40-ec5c-4e95-9c55-7676bc9308b5","Marvel","LICENSE_AS_BRAND","Hasbro","Marvel","HIGH","AUTO_ASSIGN_BRAND"
"265a4e0b-ade5-4801-b51e-1ee167134ea4","Seta Solar Sun Shroom Plantas Vs Zombies Peluche 18cm","","","MISSING_BRAND","","","LOW","REQUIRES_VENDOR_ATTENTION"
"6ac48228-1581-4532-9bed-78b9eb786f70","Figura De Acción Hot Toys Bo-katan Kryze 1/6 Scale Star Wars Coleccionable","fc844555-f19f-4278-9f4b-efdfdb45b42e","Hot Toys","VALID_BRAND","","","LOW","KEEP"
"00049697-546f-4e67-bf3e-04cee864341a","Zeddemore The Real Ghostbusters Kenner Classics Hasbro","0df4aeab-c5e9-4d35-8a9b-e63f391d5a57","Hasbro","VALID_BRAND","","","LOW","KEEP"
"7d10c690-420f-4f9c-967d-4e997a849fa2","Captain Foxy Five Nights At Freddy´s Curse Dreadbear Funko","1cbd2abc-1508-40c4-8823-9806998979e3","Funko","VALID_BRAND","","","LOW","KEEP"
"e78b9aa8-2b17-45ba-b4ec-2165db1f430f","Zombi Delfín Dolphin Raider Plantas Vs Zombies Peluche 30cm Zombie Con Delfín","","","MISSING_BRAND","","","LOW","REQUIRES_VENDOR_ATTENTION"
"39cf44c9-02a8-4d7f-95ce-f8dd0e28924f"," Bride Of Chucky Tiffany Clothed Neca","43edaabc-3910-45ab-b93d-857698fad50b","NECA","VALID_BRAND","","","LOW","KEEP"
"a4c00f89-8077-4eac-a5df-7cc23a2a7872","Velocity Suit Spiderman Marvel Legends Demogoblin Baf Hasbro","0df4aeab-c5e9-4d35-8a9b-e63f391d5a57","Hasbro","VALID_BRAND","","","LOW","KEEP"
"26408632-0c51-4fa8-b0f2-1a5396fd099e","Figuras De Acción Sonic 3 Shadow Knuckles Tails Con Luz","79c769ff-c82f-4a74-82de-790b8c3ecf05","Jakks Pacific","VALID_BRAND","","","LOW","KEEP"
"ddbddeed-2d54-4a6c-98ef-4eacba45f743","Figuras Sonic 3 Super Sonic + Super Shadow Con Luz","79c769ff-c82f-4a74-82de-790b8c3ecf05","Jakks Pacific","VALID_BRAND","","","LOW","KEEP"
"9a194831-ba23-4b4e-b742-8ae77d996bed","Pikazard Pikachu Mega Charizard Pokemon Center Peluche Pikazard","b2d190fa-057b-44b8-868e-ced887d9e55a","TakaraTomy","VALID_BRAND","","","LOW","KEEP"
"4fc56478-7f59-4d62-b4f7-7ffdeffc34a0","Los Simpsons - Figura Vampiro Sr Burns 12 Cm","79c769ff-c82f-4a74-82de-790b8c3ecf05","Jakks Pacific","VALID_BRAND","","","LOW","KEEP"
"0516c967-f676-404f-8214-9134c6e6cf38","Nightcrawler X-men Marvel Legends Wendigo Baf Hasbro","0df4aeab-c5e9-4d35-8a9b-e63f391d5a57","Hasbro","VALID_BRAND","","","LOW","KEEP"
"ff21c4e4-d0a2-46c8-b652-cb15d2b8523e","Lanzaguisantes Peashooter Plantas Vs Zombies Con Luz","","","MISSING_BRAND","","","LOW","REQUIRES_VENDOR_ATTENTION"
"7cae0fe6-fa43-4150-8d57-ca882032a6b6","Zombie Iron Man What If Marvel Legends Khonshu Baf Hasbro","0df4aeab-c5e9-4d35-8a9b-e63f391d5a57","Hasbro","VALID_BRAND","","","LOW","KEEP"
"4cef7580-aad1-473d-b312-d943bf3f2f60","Alola Vulpix Pokemon Center Peluche 20cm","b2d190fa-057b-44b8-868e-ced887d9e55a","TakaraTomy","VALID_BRAND","","","LOW","KEEP"
"9389f977-e498-4c40-9895-518004889ea0","Ahsoka Tano Mandalore Star Wars Clone Wars Vintage Hasbro","0df4aeab-c5e9-4d35-8a9b-e63f391d5a57","Hasbro","VALID_BRAND","","","LOW","KEEP"
"22457130-9e7a-4210-a48e-a576b53a9b6a","Wild Child X-men Marvel Legends Sugar Man Baf Hasbro","0df4aeab-c5e9-4d35-8a9b-e63f391d5a57","Hasbro","VALID_BRAND","","","LOW","KEEP"
"0b823c50-b28a-40de-bc0e-9cc34fa1931d","Zombistein Gargantuar Plantas Vs Zombies","","","MISSING_BRAND","","","LOW","REQUIRES_VENDOR_ATTENTION"
"37330de5-9726-4dd2-81c6-cd90cd7a655d","Kraven Spiderman Marvel Legends Hasbro","0df4aeab-c5e9-4d35-8a9b-e63f391d5a57","Hasbro","VALID_BRAND","","","LOW","KEEP"
"4b8c4fde-b922-4621-beb9-37f7633aec9b","Peter B. Parker Spiderman Across Spider-verse Marvel Legends","0df4aeab-c5e9-4d35-8a9b-e63f391d5a57","Hasbro","VALID_BRAND","","","LOW","KEEP"
"92ad9859-517e-45cd-9e51-41b58b9b0520","Age Of Apocalypse Marvel Legends Hasbro","0df4aeab-c5e9-4d35-8a9b-e63f391d5a57","Hasbro","VALID_BRAND","","","LOW","KEEP"
"cc63fde5-475d-4e83-80a8-47af2c0d062d","Two-face 2.0 Batman The Dark Knight Hot Toys Mms546","15765f46-949b-485b-bb80-295065015942","Hot Toys","VALID_BRAND","","","LOW","KEEP"
"1d941d52-acd0-48b8-8b26-2ccdc48cf1c7","Black Gold Spiderman No Way Home Marvel Legends Hasbro","0df4aeab-c5e9-4d35-8a9b-e63f391d5a57","Hasbro","VALID_BRAND","","","LOW","KEEP"
"8f2bf3b2-7290-41d4-9a8f-f0be2245e54d","Eevee Pokemon Center Sp Edition Peluche 30cm","b2d190fa-057b-44b8-868e-ced887d9e55a","TakaraTomy","VALID_BRAND","","","LOW","KEEP"
"d32a3b8e-a0fc-485e-8be6-3945f157de91","Raphael Tortugas Ninja Turtles Figuarts Bandai","35d99a48-df19-4d41-8f1e-944862b40f3e","Bandai","VALID_BRAND","","","LOW","KEEP"
"4676f24b-93cf-4946-9ce9-f7a72df3b4b2","Batwing Batman The Animated Series Dc Collectibles","ad5d4bf0-769c-49ea-9d84-211a2fb33a68","DC Collectibles","VALID_BRAND","","","LOW","KEEP"
"e168c954-c00e-41ed-bc43-1986e7592045","Guisantralladora Gattling Pea Plantas Vs Zombies Verde","","","MISSING_BRAND","","","LOW","REQUIRES_VENDOR_ATTENTION"
"bb68008f-5f94-4b84-8ef3-a34c9e62d73c","Warrior Gamora What If Marvel Legends Hydra Stomper Baf","0df4aeab-c5e9-4d35-8a9b-e63f391d5a57","Hasbro","VALID_BRAND","","","LOW","KEEP"
"6aa07a12-59de-4cf8-8ec0-ba5f4e7d47a1","Latios Pokemon Center Peluche","b2d190fa-057b-44b8-868e-ced887d9e55a","TakaraTomy","VALID_BRAND","","","LOW","KEEP"
"30b595ca-600f-4e5a-bb3a-416aa06989a1","Cinderance Evolución Scorbunny Pokémon Peluche","b2d190fa-057b-44b8-868e-ced887d9e55a","TakaraTomy","VALID_BRAND","","","LOW","KEEP"
"a84f7e5c-46a9-46c3-9c5d-5b0122451d47","Super Saiyan God Ss Goku Dragon Ball Evolve Bandai","35d99a48-df19-4d41-8f1e-944862b40f3e","Bandai","VALID_BRAND","","","LOW","KEEP"
"b5a022f1-9aa7-4001-9bc3-811716bc4555","Jason Voorhees Freddy Vs Jason Ultimate Neca","43edaabc-3910-45ab-b93d-857698fad50b","NECA","VALID_BRAND","","","LOW","KEEP"
"ce72e73f-d849-4cf3-84a9-b847ee5177a9","Ninjago Ninja Disfraz Niños Verde/negro 120","","","MISSING_BRAND","","","LOW","REQUIRES_VENDOR_ATTENTION"
"7e3ac357-133d-4396-93bf-c7b611692054","Spiderman Spinneret Renew Your Vows Marvel Legends Hasbro","0df4aeab-c5e9-4d35-8a9b-e63f391d5a57","Hasbro","VALID_BRAND","","","LOW","KEEP"
"157fe361-e5d0-43da-b150-f2036abb691b","Hyuga Kojiro Captain Tsubasa Dasin Model","1131563d-5cd6-49f7-a3f1-7511da3e9a13","Dasin Model","VALID_BRAND","","","LOW","KEEP"
"ec57e608-b8bd-4d6a-ab69-b71df6a8087b","Itachi Naruto Ultimate Legends Bandai","35d99a48-df19-4d41-8f1e-944862b40f3e","Bandai","VALID_BRAND","","","LOW","KEEP"
"53fc4e26-ecac-4c6f-b80a-e6d89df4867c","Raphael Tortugas Ninja Turtles Shellraiser Playmates","","","MISSING_BRAND","","","LOW","REQUIRES_VENDOR_ATTENTION"
"73708675-5dbd-4a89-bda2-bdcb2b166ff2","Taurus Saint Seiya Cloth Collection Vol.2  Medicos","ba4cf015-ae50-48cd-8de5-90be5cb5ff06","Medicos Entertainment","VALID_BRAND","","","LOW","KEEP"
"d6ea00e1-4b62-491d-b709-334b382967cf","Prowler Spiderman 90's Marvel Legends Hasbro","0df4aeab-c5e9-4d35-8a9b-e63f391d5a57","Hasbro","VALID_BRAND","","","LOW","KEEP"
"2b572eff-eab6-419d-90a7-247d2f271ba1","Btgirl Of Burnside Deluxe Icons Dc Collectibles 23","ad5d4bf0-769c-49ea-9d84-211a2fb33a68","DC Collectibles","VALID_BRAND","","","LOW","KEEP"
"717623f2-1419-4e42-b3d6-cacae8cc6c0f","Lisa Simpson Peluche 33cm Lisa","","","MISSING_BRAND","","","LOW","REQUIRES_VENDOR_ATTENTION"
"63bc5a4e-886d-448b-9e83-817b3d38bedc","Robocop Ultimate Neca","43edaabc-3910-45ab-b93d-857698fad50b","NECA","VALID_BRAND","","","LOW","KEEP"
"5fa2be45-1c55-4bcd-843c-f558ea440e91","Wartortle The Pokemon Company Peluche 22cm","4d53b85f-735f-4b4f-9011-211a8b34d11d","The Pokémon Company","VALID_BRAND","","","LOW","KEEP"
"cb03d2f0-34b7-4d8e-97c2-21fe5abd88e4","Luke Skywalker Bespin Star Wars Return Of The Jedi Vintage","0df4aeab-c5e9-4d35-8a9b-e63f391d5a57","Hasbro","VALID_BRAND","","","LOW","KEEP"
"036f5be4-d6fd-43da-9323-7d2e231e12f8","Gunther Funhouse Mascara Trick Or Treat Studios Gunther","05ed3ea9-2136-44d1-8b89-72661ac9886e","Trick or Treat Studios","VALID_BRAND","","","LOW","KEEP"
"d1238830-5312-4a1d-aaa6-1f93b1cf343a","Robocop 2 Mafex Medicom No.074","4945c990-250a-4647-85c1-cf9b376f51ba","Medicom","VALID_BRAND","","","LOW","KEEP"
"82722690-76ae-42d4-b9d9-4040adf8ad0e","Bernacles Octonautas Peluche Grande 30cm","c78e66a1-7c09-4912-ab8d-4a2c3aa251ee","Octonautas","VALID_BRAND","","","LOW","KEEP"
"12680e97-56a6-44d4-87f1-7d2392cac9df","Namor Black Panther Wakanda Forever Attuma Baf","5f1f8d40-ec5c-4e95-9c55-7676bc9308b5","Marvel","LICENSE_AS_BRAND","","Marvel","LOW","REQUIRES_VENDOR_ATTENTION"
"c0c57f84-820b-4199-95ad-b2e5b3332fd1","Harry Potter Bufanda Gryffindor Slytherin Ravenclaw Hufflepu","","","MISSING_BRAND","","Harry Potter","LOW","REQUIRES_VENDOR_ATTENTION"
"1f72ef30-cfa1-47cf-9de3-a3df9f0942d5","Joe Fixit Incredible Hulk Marvel Legends Hasbro","0df4aeab-c5e9-4d35-8a9b-e63f391d5a57","Hasbro","VALID_BRAND","","","LOW","KEEP"
"05ac4c86-884e-4956-8643-07748fdf0f98","Articuno Pokemon Center Peluche 28cm","b2d190fa-057b-44b8-868e-ced887d9e55a","TakaraTomy","VALID_BRAND","","","LOW","KEEP"
"35d86ae8-a4a8-4e5f-9569-40838d176921","Cars 9 Vehículos Disney Store Deluxe Exclusive 9 Pack Lightning Mcqueen, Jackson Storm, Brick Yardley, Cal Weathers, Mac Icar, Chuck Armstrong, Tim Treadless, Ryan ''inside'' Laney, And Rookie...","79352f1b-f900-4f8a-97dc-74649d3022d2","Disney","LICENSE_AS_BRAND","","Disney","LOW","REQUIRES_VENDOR_ATTENTION"
"9c01c3d3-e9b7-460c-9b1d-fd66cb6241c8","Majin-boo Dragon Ball Figuarts Bandai","35d99a48-df19-4d41-8f1e-944862b40f3e","Bandai","VALID_BRAND","","","LOW","KEEP"
"14426a3d-3e13-4a8b-b35f-11699049273e","Calamardo Bob Esponja Peluche 25cm","","","MISSING_BRAND","","","LOW","REQUIRES_VENDOR_ATTENTION"
"bf0996ab-2bf4-48f6-91d8-4a01630a386c","Moana 2 Muñeca Que Canta Princesas Disney","79352f1b-f900-4f8a-97dc-74649d3022d2","Disney","LICENSE_AS_BRAND","","Disney","LOW","REQUIRES_VENDOR_ATTENTION"
"1691752b-2f2a-4f47-8004-c7dd30ee2bc3","Luigi Super Mario Movie Peluche Poseable Jakks Muñeco Figura","79c769ff-c82f-4a74-82de-790b8c3ecf05","Jakks Pacific","VALID_BRAND","","","LOW","KEEP"
"eb2768eb-8dd6-4d7a-9042-6a69be8dd24a","Luminara Unduli Star Wars Clone Wars Vintage Hasbro","805f40a4-b371-40ac-ba05-ee277b20dd27","Star Wars","LICENSE_AS_BRAND","Hasbro","Star Wars","HIGH","AUTO_ASSIGN_BRAND"
"9ae764d2-2b38-41f3-89e2-3d29ea93ce1b","Indoraptor Track 'n Attack Jurassic World Dino Trackers","ad42bb8f-2dee-4f99-b47a-85c1d029b528","Mattel","VALID_BRAND","","","LOW","KEEP"
"d91b67f5-1788-4637-ac49-e3ef4f849170","The Spot Spiderman Across Spider-verse Marvel Legends","0df4aeab-c5e9-4d35-8a9b-e63f391d5a57","Hasbro","VALID_BRAND","","","LOW","KEEP"
"e447a764-125a-4fee-8383-de9e55503d98","Apisonaflor Squash Plantas Vs Zombies Peluche 18cm","","","MISSING_BRAND","","","LOW","REQUIRES_VENDOR_ATTENTION"
"450f8d15-0dfd-4c82-8a26-0a0450ab5ac2","Din Djarin Beskar Armor Mandalorian Star Wars Black Series","805f40a4-b371-40ac-ba05-ee277b20dd27","Star Wars","LICENSE_AS_BRAND","","Star Wars","LOW","REQUIRES_VENDOR_ATTENTION"
"3cf71f00-4d88-4cda-90b1-c864ef547b6e","Din Djarin Mandalorian Star Wars Credit Collection","0df4aeab-c5e9-4d35-8a9b-e63f391d5a57","Hasbro","VALID_BRAND","","","LOW","KEEP"
"a3e4fbaa-29d1-43aa-a071-c92559da5df5","Integrated Suit Spiderman No Way Home Marvel Legends Hasbro","0df4aeab-c5e9-4d35-8a9b-e63f391d5a57","Hasbro","VALID_BRAND","","","LOW","KEEP"
"b96cd3f7-34fd-47c6-a494-e7ab5cdc8b11","Glaceon Eevee Pokemon Center Peluche 20cm","b2d190fa-057b-44b8-868e-ced887d9e55a","TakaraTomy","VALID_BRAND","","","LOW","KEEP"
"0102b77d-44df-49db-83be-621aeb2c865a","Ariel La Sirenita Classic Doll Princesas Disney Store","79352f1b-f900-4f8a-97dc-74649d3022d2","Disney","LICENSE_AS_BRAND","","Disney","LOW","REQUIRES_VENDOR_ATTENTION"
"199a7782-53f3-4f0e-913e-474b85cf4f70","Human Torch Fantastic Four Marvel Legends Hasbro","0df4aeab-c5e9-4d35-8a9b-e63f391d5a57","Hasbro","VALID_BRAND","","","LOW","KEEP"
"15fcfd7f-51e5-4dbe-903b-6a980d2b2e57","Wolverine Secret Wars Marvel Legends Hasbro","0df4aeab-c5e9-4d35-8a9b-e63f391d5a57","Hasbro","VALID_BRAND","","","LOW","KEEP"
"287c2109-9360-40d9-953b-1e162818a3e2","Charles Xavier X-men Marvel Legends Tri-sentinel Baf Hasbro","0df4aeab-c5e9-4d35-8a9b-e63f391d5a57","Hasbro","VALID_BRAND","","","LOW","KEEP"
"94c1df13-7f75-4c5a-b6db-e9b348483421","Charizard The Pokemon Company Peluche 28cm","4d53b85f-735f-4b4f-9011-211a8b34d11d","The Pokémon Company","VALID_BRAND","","","LOW","KEEP"
"d92089ca-75be-4aae-a247-809beb734d2e","Electro Francine Frye Spiderman Series Marvel Legends Hasbro","0df4aeab-c5e9-4d35-8a9b-e63f391d5a57","Hasbro","VALID_BRAND","","","LOW","KEEP"
"d97c2632-3895-46f4-bfdf-ae5984350540","Cancer Saint Seiya Cloth Collection Vol.2 Medicos","ba4cf015-ae50-48cd-8de5-90be5cb5ff06","Medicos Entertainment","VALID_BRAND","","","LOW","KEEP"
"a123ae79-d7ce-461f-8f88-1ca0b1b08834","Eclipse Five Nights Freddy´s Security Breach Ruin Funko","1cbd2abc-1508-40c4-8823-9806998979e3","Funko","VALID_BRAND","","","LOW","KEEP"
"fd4557e0-273c-400c-a46d-97bbfad20418","Hielaguisantes Snow Pea Plantas Vs Zombies Peluche 18cm","","","MISSING_BRAND","","","LOW","REQUIRES_VENDOR_ATTENTION"
"3c33fa77-26f6-40af-8f56-f9ddbb49c294","Banshee Gambit Psylocke X-men Marvel Legends Hasbro","0df4aeab-c5e9-4d35-8a9b-e63f391d5a57","Hasbro","VALID_BRAND","","","LOW","KEEP"
"5ecd61ef-3db2-40fe-a60b-279594186f31","Rose Spiderman Marvel Legends Hasbro","0df4aeab-c5e9-4d35-8a9b-e63f391d5a57","Hasbro","VALID_BRAND","","","LOW","KEEP"
"8464289d-7300-443e-9fd0-749d4f9f082f","Blancanieves Snow White Classic Doll Princesas Disney Store","79352f1b-f900-4f8a-97dc-74649d3022d2","Disney","LICENSE_AS_BRAND","","Disney","LOW","REQUIRES_VENDOR_ATTENTION"
"261c81eb-98f1-497c-869b-2bf329a49a36","Binary Marvel Legends Hasbro","0df4aeab-c5e9-4d35-8a9b-e63f391d5a57","Hasbro","VALID_BRAND","","","LOW","KEEP"
"ab3eb6d9-9f30-4d92-a4bd-9441eb1f3a13","The Hood Marvel Legends Xenmu Baf Hasbro","0df4aeab-c5e9-4d35-8a9b-e63f391d5a57","Hasbro","VALID_BRAND","","","LOW","KEEP"
"2eb05cd9-b532-4f36-aee4-a325a772eb14","Faun Pan´s Labirinth Signature Collection Neca","43edaabc-3910-45ab-b93d-857698fad50b","NECA","VALID_BRAND","","","LOW","KEEP"
"ffb22c34-b2f0-4d62-bca6-4bcbd2126fcb","Barris Offee Star Wars Clone Wars Vintage Hasbro","0df4aeab-c5e9-4d35-8a9b-e63f391d5a57","Hasbro","VALID_BRAND","","","LOW","KEEP"
"7c38b8b2-efb8-4111-b198-fd13b3f88e92","Star Lord Guardians Of The Galaxy Marvel Legends Hasbro","0df4aeab-c5e9-4d35-8a9b-e63f391d5a57","Hasbro","VALID_BRAND","","","LOW","KEEP"
"afb7e181-adcd-4b01-a6f1-f081fe0b7e02","Beerus Dragon Ball Super Evolve Bandai","35d99a48-df19-4d41-8f1e-944862b40f3e","Bandai","VALID_BRAND","","","LOW","KEEP"
"566c5fd3-32e8-47db-872f-ee9b2eb6bc5d","Mandalorian & Grogu Maldo Kreis Star Wars Vintage Hasbro","0df4aeab-c5e9-4d35-8a9b-e63f391d5a57","Hasbro","VALID_BRAND","","","LOW","KEEP"
"841a0a30-1630-413c-98d2-54b68f9ecb23","Freddy Krueger A Nighmare On Elm Street Mascara Doble Rubies Freddy Krueger","7cc97197-7fab-462f-99d0-d80e495d0b95","Rubies Costume Co. Inc","VALID_BRAND","","","LOW","KEEP"
"9187d629-100a-42be-8afa-7cc9b2d23d82","Lady Deathstrike Marvel Legends Xenmu Baf Hasbro","0df4aeab-c5e9-4d35-8a9b-e63f391d5a57","Hasbro","VALID_BRAND","","","LOW","KEEP"
"f9f223c8-0c8f-4064-b710-15bedd53c4cc","Freddy Krueger Ultimate Nightmare On Elm Street 2 Neca","43edaabc-3910-45ab-b93d-857698fad50b","NECA","VALID_BRAND","","","LOW","KEEP"
"86755773-22bc-4232-8d85-aa6bd62993e6","Beast Boy Teen Titans Go! Jovenes Titanes Peluche 25cm Beast Boy","fac762b8-889d-4f6d-bf1c-da9f06dab0d7","Genérica","GENERIC_BRAND","","","LOW","REQUIRES_VENDOR_ATTENTION"
"d5b893af-16bc-482d-b133-3969072e9082","Dr. Eggman Sonic The Hedgehog 10cm Wave 3 Jakks Pacific","79c769ff-c82f-4a74-82de-790b8c3ecf05","Jakks Pacific","VALID_BRAND","","","LOW","KEEP"
"fb99493b-581a-45d7-969e-f54fdbc0bc63","Mazorcañon Caracubo Plantas Vs Zombies Soft Rubber En Caja","","","MISSING_BRAND","","","LOW","REQUIRES_VENDOR_ATTENTION"
"594bd2d6-95d1-4cd5-927f-611528efc5b8","Foxy Five Nights At Freddy's Disfraz Rubies","","","MISSING_BRAND","","","LOW","REQUIRES_VENDOR_ATTENTION"
"65e51927-06b7-43cc-81d0-5215053cd975","Bulma Dragon Ball Figuarts Bandai","35d99a48-df19-4d41-8f1e-944862b40f3e","Bandai","VALID_BRAND","","","LOW","KEEP"
"35a94280-b135-49e9-bb38-d97ebcf79a1c","Batcycle Batman The Animated Series Dc Collectibles ","ad5d4bf0-769c-49ea-9d84-211a2fb33a68","DC Collectibles","VALID_BRAND","","","LOW","KEEP"
"17a05622-eeb5-471b-bb37-c50d83a20e41","Bob Esponja Spongebob Squarepants Peluche 35cm","","","MISSING_BRAND","","","LOW","REQUIRES_VENDOR_ATTENTION"
"767e0991-de0b-420a-aa0e-39884b6ba639","Captain America Stealth Marvel Legends Joe Fixit Baf Hasbro","0df4aeab-c5e9-4d35-8a9b-e63f391d5a57","Hasbro","VALID_BRAND","","","LOW","KEEP"
"9b5d304e-8ef3-457c-8564-97c7aa283428","Taro Misaki Teppei Kisugi Captain Tsubasa Dasin Model","1131563d-5cd6-49f7-a3f1-7511da3e9a13","Dasin Model","VALID_BRAND","","","LOW","KEEP"
"eb73d3be-ae11-45ca-b41c-0a2b49df75c2","Tom Y Jerry Dasin Model","1131563d-5cd6-49f7-a3f1-7511da3e9a13","Dasin Model","VALID_BRAND","","","LOW","KEEP"
"ade9d5c3-8e43-4008-a145-a58748f56faa","Harry Potter Varitas","fac762b8-889d-4f6d-bf1c-da9f06dab0d7","Genérica","GENERIC_BRAND","","Harry Potter","LOW","REQUIRES_VENDOR_ATTENTION"
"dd6afafb-d455-4698-a1a8-41e61ff9c3c3","Alicia Classic Doll Princesas Disney Store","79352f1b-f900-4f8a-97dc-74649d3022d2","Disney","LICENSE_AS_BRAND","","Disney","LOW","REQUIRES_VENDOR_ATTENTION"
"f22ee8d9-78f4-4edf-b902-603c4977cb9a","Ezra Bridger Lothal Star Wars The Black Series Hasbro","805f40a4-b371-40ac-ba05-ee277b20dd27","Star Wars","LICENSE_AS_BRAND","Hasbro","Star Wars","HIGH","AUTO_ASSIGN_BRAND"
"16dadb17-badf-41fe-8a19-d98afd427d9d","Lanzaguisantes De Fuego Fire Pea Plantas Vs Zombies","","","MISSING_BRAND","","","LOW","REQUIRES_VENDOR_ATTENTION"
"570965af-47ae-41b3-95aa-6ba214bff921","Eren Jaeger Shigeki No Kyojin Rah Medicom Toy 668","4945c990-250a-4647-85c1-cf9b376f51ba","Medicom","VALID_BRAND","","","LOW","KEEP"
"e13e5604-8f9a-4c03-a1d4-112c9531bf4a","Darth Malak Star Wars The Black Series Hasbro","0df4aeab-c5e9-4d35-8a9b-e63f391d5a57","Hasbro","VALID_BRAND","","","LOW","KEEP"
"3b0bb754-7962-4f8a-ab74-bea6899af381","Charizard Gigantamax Pokemon Center Peluche Articulado 40cm","b2d190fa-057b-44b8-868e-ced887d9e55a","TakaraTomy","VALID_BRAND","","","LOW","KEEP"
"986a2816-9259-4fb9-8588-e39cdf2d4d82","Gary Bob Esponja Peluche 20cm","","","MISSING_BRAND","","","LOW","REQUIRES_VENDOR_ATTENTION"
"28b4096c-cc1c-4b96-a706-9d508f53db70","Baylan Skoll Mercenary Star Wars Black Series Hasbro","0df4aeab-c5e9-4d35-8a9b-e63f391d5a57","Hasbro","VALID_BRAND","","","LOW","KEEP"
"70fa2af1-b5f9-42bc-b87a-922446fcfc46","Articuno Pokemon Moncolle Ex Takara Tomy Ehp_03","b2d190fa-057b-44b8-868e-ced887d9e55a","TakaraTomy","VALID_BRAND","","","LOW","KEEP"
"58a8b29e-d515-410e-b158-361a9ae0f6b0","Figura De Acción Darkseid Dc Multiverse Clásico Con Ultra Articulación Y Accesorios Mcfarlane Toys","c2451c65-4354-4955-8afd-ad4bffecd26c","Mcfarlane","VALID_BRAND","","","LOW","KEEP"
"8aa3d9e8-7440-4afc-947d-834185546039","Femto Birth Of The Hawk Of Darkness Ver. Figma Sp-080","3cceef72-7927-4b1f-90fb-de4d61fd5792","Figma","VALID_BRAND","","","LOW","KEEP"
"aae5f7fd-3fbf-4680-b320-4efffbd50053","Bumeran Boomerang Plantas Vs Zombies","","","MISSING_BRAND","","","LOW","REQUIRES_VENDOR_ATTENTION"
"fe3b3be4-9f60-4264-bf70-3d8913ae738b","Blood Art Clown Terrifier Payaso Siniestro Mascara Halloween Art Bloody Splatter","fac762b8-889d-4f6d-bf1c-da9f06dab0d7","Genérica","GENERIC_BRAND","","","LOW","REQUIRES_VENDOR_ATTENTION"
"4fc3f990-3b2d-48d0-9acf-0b1a69bfc89d","Blaziken Pokemon Moncolle Ex Takara Tomy Ms 38","b2d190fa-057b-44b8-868e-ced887d9e55a","TakaraTomy","VALID_BRAND","","","LOW","KEEP"
"46c732b3-fb5b-4f7f-9cad-0dbeb64c3e25","Mega Charizard X Pokemon Moncolle Ex Takara Tomy Ms-51","b2d190fa-057b-44b8-868e-ced887d9e55a","TakaraTomy","VALID_BRAND","","","LOW","KEEP"
"51b8031e-e671-405c-b540-9185d6574c7d","Bipetidora Lanzaguisantes Split Pea Plantas Vs Zombies","","","MISSING_BRAND","","","LOW","REQUIRES_VENDOR_ATTENTION"
"e91667c8-032c-4be7-9448-3af0b1a9b944","Green Goblin Spiderman No Way Home Marvel Legends Hasbro","0df4aeab-c5e9-4d35-8a9b-e63f391d5a57","Hasbro","VALID_BRAND","","","LOW","KEEP"
"a781ab36-2569-4205-ac30-b277d0d13b97","Cars Lightning Mcqueen Frank Escape Stunt Race Disney Mattel Frank Escape Stunt Race Playset","79352f1b-f900-4f8a-97dc-74649d3022d2","Disney","LICENSE_AS_BRAND","Mattel","Disney","HIGH","AUTO_ASSIGN_BRAND"
"b8915328-3dcc-468e-b1ad-9d0f667ecc4a","Plantas Vs Zombies 6 Figuras Con Mochila","","","MISSING_BRAND","","","LOW","REQUIRES_VENDOR_ATTENTION"
"4526484b-4325-42be-bc0f-7cb4bef2b8de","Coltapulta Cabbage Pult Plantas Vs Zombies","","","MISSING_BRAND","","","LOW","REQUIRES_VENDOR_ATTENTION"
"1bbccf57-d3d6-49f1-933a-eee54e7d4d22","Harry Potter Gryffindor Capa Tunica","","","MISSING_BRAND","","Harry Potter","LOW","REQUIRES_VENDOR_ATTENTION"
"950f2e19-4b54-4e6e-acdf-bf480b323c63","Master Chief Halo Disfraz Musculoso Reflectivo Disguise","4fc219c0-46af-4370-9676-6aeef1f35062","Disguise","VALID_BRAND","","","LOW","KEEP"
"034e9888-2856-4b7a-9f58-bfa3fe610db4","Man At Arms He-man Motu Club Grayskull Filmation Super7","28865b10-c492-4773-9810-270afa95b3d4","Super7","VALID_BRAND","","","LOW","KEEP"
"8c83e048-473b-43f2-a391-ead2c883df3d","Mega Lucario Pokemon Moncolle Ex Takara Tomy Ms-52","b2d190fa-057b-44b8-868e-ced887d9e55a","TakaraTomy","VALID_BRAND","","","LOW","KEEP"
"046bd694-f95c-40f3-b7ed-36907ee597b7","Coltapulta Col Pult Caracubo Plantas Vs Zombies En Caja","","","MISSING_BRAND","","","LOW","REQUIRES_VENDOR_ATTENTION"
"505f013f-aedd-455d-b447-df9042858aa6","Jolteon Pokemon Moncolle Ex Takara Tomy Emc_23","b2d190fa-057b-44b8-868e-ced887d9e55a","TakaraTomy","VALID_BRAND","","","LOW","KEEP"
"7d24845d-a139-466d-88e9-ba48dcc738de","Greninja Pokemon Jazwares Peluche 35cm","e28345e2-abee-4faf-9fdf-937acd487cd3","Jazwares","VALID_BRAND","","","LOW","KEEP"
"6adf6867-a038-415a-a826-dac15280bcd7","Zombi Cowboy Plantas Vs Zombies","","","MISSING_BRAND","","","LOW","REQUIRES_VENDOR_ATTENTION"
"9a521f0f-0a2f-420d-8c0b-7285791acf85","Apisonaflor Squash Plantas Vs Zombies","","","MISSING_BRAND","","","LOW","REQUIRES_VENDOR_ATTENTION"
"b79baf47-1fd5-4bfc-992e-572a2828288d","Charmander Pokemon Moncolle-ex Takara Tomy Emc_16","b2d190fa-057b-44b8-868e-ced887d9e55a","TakaraTomy","VALID_BRAND","","","LOW","KEEP"
"d0fd712b-bebe-437d-908e-5e6141c8446f","Carnívora Chomper Caracono Plantas Vs Zombies En Caja","","","MISSING_BRAND","","","LOW","REQUIRES_VENDOR_ATTENTION"
"7f387d72-a99d-4fbe-be0b-b662aeff6b23","Mega Man Helmet Multiverse Studio Inc.","","","MISSING_BRAND","","","LOW","REQUIRES_VENDOR_ATTENTION"
"485240b1-4182-409b-b5c3-e778770f7565","Kingpin Spiderman Marvel Legends Hasbro","0df4aeab-c5e9-4d35-8a9b-e63f391d5a57","Hasbro","VALID_BRAND","","","LOW","KEEP"
"f4c9b680-17ff-458a-8f08-a75f3ecfed9e","Spiderman Marvel Legends Hasbro","0df4aeab-c5e9-4d35-8a9b-e63f391d5a57","Hasbro","VALID_BRAND","","","LOW","KEEP"
"1ef41a3b-bf84-4ba1-a6eb-e9dfb22a475f","Chica With Mr. Cupcake Five Nights At Freddy´s Funko","1cbd2abc-1508-40c4-8823-9806998979e3","Funko","VALID_BRAND","","","LOW","KEEP"
"47f63948-e767-4db3-90d2-dae9757281f1","Pigpatch Five Nights At Freddy´s Glow In The Dark Funko","1cbd2abc-1508-40c4-8823-9806998979e3","Funko","VALID_BRAND","","","LOW","KEEP"
"22051af9-7bd5-4991-935f-f3610ea63bc9","Zombi Caracubo Buckethead Plantas Vs Zombies","ca1a90ea-8d2a-4083-91ed-bdd67dbcb2e4","Rongdafreng","VALID_BRAND","","","LOW","KEEP"
"d73e44b0-da08-474b-971e-7800797004e1","Yondu Guardians Of The Galaxy Marvel Legends Hasbro","0df4aeab-c5e9-4d35-8a9b-e63f391d5a57","Hasbro","VALID_BRAND","","","LOW","KEEP"
"b3758000-3edf-46cd-a0a0-cce9b9d72bd8","Freddy Five Nights At Freddy´s Funko","1cbd2abc-1508-40c4-8823-9806998979e3","Funko","VALID_BRAND","","","LOW","KEEP"
"eaddc66b-c19d-46ee-acb7-9d111a7f4411","Smiling Critters Poppy Playtime Set 8 Muñecos Figuras","fac762b8-889d-4f6d-bf1c-da9f06dab0d7","Genérica","GENERIC_BRAND","","","LOW","REQUIRES_VENDOR_ATTENTION"
"41dbf000-4d11-4dbf-a1af-4904cb8742c1","Boca De Dragón Snapdragon Plantas Vs Zombies","","","MISSING_BRAND","","","LOW","REQUIRES_VENDOR_ATTENTION"
"ee7cd45c-466d-4cfb-9022-a1ec5633b460","Zombistein Edad Oscura Gargantuar Plantas Vs Zombies","","","MISSING_BRAND","","","LOW","REQUIRES_VENDOR_ATTENTION"
"366080f9-1f79-4ecb-9ee0-f647169147b4","Five Nights At Freddy's 6 Figuras Muñecos Set #1","fac762b8-889d-4f6d-bf1c-da9f06dab0d7","Genérica","GENERIC_BRAND","","","LOW","REQUIRES_VENDOR_ATTENTION"
"d1417c31-e5a9-4e0e-a6f1-7760519f2ec7","Mewtwo Pokemon Peluche 30cm","4d53b85f-735f-4b4f-9011-211a8b34d11d","The Pokémon Company","VALID_BRAND","","","LOW","KEEP"
"6b5c86d1-c811-4799-acc8-b1dc05d3a9a3","Lanzaguisantes Peashooter Plantas Vs Zombies","","","MISSING_BRAND","","","LOW","REQUIRES_VENDOR_ATTENTION"
"5a3f220f-6b7e-47f3-888d-e6efd7d772d8","Ghost Rider Danny Ketch Marvel Legends 85 Years Hasbro","0df4aeab-c5e9-4d35-8a9b-e63f391d5a57","Hasbro","VALID_BRAND","","","LOW","KEEP"
"fafca544-6ed1-41f6-9019-26acc418d3e2","Wonder Woman Justice League Animated Dc Collectibles","ad5d4bf0-769c-49ea-9d84-211a2fb33a68","DC Collectibles","VALID_BRAND","","","LOW","KEEP"
"1c1ebb93-72b7-4a0f-8f99-516a56fc4ec5","Monster Venom Marvel Legends Hasbro","0df4aeab-c5e9-4d35-8a9b-e63f391d5a57","Hasbro","VALID_BRAND","","","LOW","KEEP"
"5d4c5df0-e581-4041-9f6a-241ef107a277","Super Mario Lava Castle Diorama Set Nintendo Jakks Muñeco","79c769ff-c82f-4a74-82de-790b8c3ecf05","Jakks Pacific","VALID_BRAND","","","LOW","KEEP"
"e20732e8-b7c9-480e-a466-bbed4c03976e","Gray Hulk Dr. Bruce Banner Avengers Marvel Legends Hasbro","0df4aeab-c5e9-4d35-8a9b-e63f391d5a57","Hasbro","VALID_BRAND","","","LOW","KEEP"
"f103a687-dbe8-42cd-a5ac-743de1f17a2e","Grimm Foxy Five Nights At Freddy´s Curse Of Dreadbear Funko","1cbd2abc-1508-40c4-8823-9806998979e3","Funko","VALID_BRAND","","","LOW","KEEP"
"06d24e7e-0e9f-4b56-aabc-cbd6a2444f41","Cañon Zanahoria Caracono Plantas Vs Zombies Soft Rubber Caja","","","MISSING_BRAND","","","LOW","REQUIRES_VENDOR_ATTENTION"
"3895a9a8-88f0-42b8-a0e0-ca5e542402fd","Jean Grey X-men 90's Animated Series Marvel Legends Hasbro","0df4aeab-c5e9-4d35-8a9b-e63f391d5a57","Hasbro","VALID_BRAND","","","LOW","KEEP"
"e27e5041-346d-45d1-b749-2096ab1e6a98","Eevee Peluche Compañero Para Dormir Pokemon Marrón Claro","b2d190fa-057b-44b8-868e-ced887d9e55a","TakaraTomy","VALID_BRAND","","","LOW","KEEP"
"7ba9e074-035b-49f0-98f1-aaf8585ae263","Muro De Nuez Wall Nut Plantas Vs Zombies","ca1a90ea-8d2a-4083-91ed-bdd67dbcb2e4","Rongdafreng","VALID_BRAND","","","LOW","KEEP"
"408df201-a93e-4e4c-b4ea-60efcd6f3a26","Rogue X-men Marvel Legends Colossus Baf Hasbro","0df4aeab-c5e9-4d35-8a9b-e63f391d5a57","Hasbro","VALID_BRAND","","","LOW","KEEP"
"61ba4312-b8ae-426c-8968-9753c5c4d9de","Cyborg Ninja Metal Gear Solid Square Enix Play Arts Kai","9476b914-5aa8-457a-8850-f318212d9cd2","Square Enix","VALID_BRAND","","","LOW","KEEP"
"568311c4-8573-4a15-b86e-7ac3bd7c2727","Uzumaki Naruto Shippuden Jinchuuriki Entrusted Hope Figuarts","","","MISSING_BRAND","","Naruto","LOW","REQUIRES_VENDOR_ATTENTION"
"d77c03c0-abf0-4bd4-9393-07e9ef3b535e","Moto Bug Sonic The Hedgehog 30th Anniversary 6cm Jakks","79c769ff-c82f-4a74-82de-790b8c3ecf05","Jakks Pacific","VALID_BRAND","","","LOW","KEEP"
"b01d72d6-d674-4bb3-bbd0-c255996a0b8c","Spawn Mortal Kombat 11 Sword Espada Mcfarlane Toys","c2451c65-4354-4955-8afd-ad4bffecd26c","Mcfarlane","VALID_BRAND","","","LOW","KEEP"
"00e1193e-4a8f-4a4f-8594-b311a093a593","Ahsoka Tano Grogu Mandalorian Star Wars Vintage Deluxe","0df4aeab-c5e9-4d35-8a9b-e63f391d5a57","Hasbro","VALID_BRAND","","","LOW","KEEP"
"6215ac11-7d18-4b3a-adc5-8bbd2569cd24","Espeon Eevee Pokemon Center Peluche 20cm","b2d190fa-057b-44b8-868e-ced887d9e55a","TakaraTomy","VALID_BRAND","","","LOW","KEEP"
"d061a606-4422-4723-8524-8573af83ccca","Mjolnir Thor Love And Thunder Marvel Legends Hasbro","0df4aeab-c5e9-4d35-8a9b-e63f391d5a57","Hasbro","VALID_BRAND","","","LOW","KEEP"
"129d52df-aabf-4d5b-baf5-1558488a2492","Warrior Ultimate Predator 2 Depredador Neca","43edaabc-3910-45ab-b93d-857698fad50b","NECA","VALID_BRAND","","","LOW","KEEP"
"d7d404de-da0c-4112-b13f-9a0cfde86f47","Lycanroc Midnight Form Pokemon Center Peluche 28cm","b2d190fa-057b-44b8-868e-ced887d9e55a","TakaraTomy","VALID_BRAND","","","LOW","KEEP"
"481884a6-6c24-4604-b7e9-6a08c31d91a0","E.t. The Extra-terrestrial Ultimate 40th Anniversary Neca","43edaabc-3910-45ab-b93d-857698fad50b","NECA","VALID_BRAND","","","LOW","KEEP"
"e8e5260a-a4de-4431-9a74-de38ecdc9a51","Red Spring Super Sonic The Hedgehog Jakks Pacific","4c557954-aa44-444a-96c8-f1c714d5847f","Jakks Pacific","VALID_BRAND","","","LOW","KEEP"
"d601254a-cd70-41bf-8ad7-980b3049a41a","Ariel La Sirenita Muñeca Que Canta Princesas Disney Store","79352f1b-f900-4f8a-97dc-74649d3022d2","Disney","LICENSE_AS_BRAND","","Disney","LOW","REQUIRES_VENDOR_ATTENTION"
"b6cfcede-8d22-490c-9cb4-a2840cb7dde6","Cars 10 Vehículos Metal Disney Pixar Mattel Autos","79352f1b-f900-4f8a-97dc-74649d3022d2","Disney","LICENSE_AS_BRAND","Mattel","Disney","HIGH","AUTO_ASSIGN_BRAND"
"c5323a01-da8e-4331-9f7d-912b7b3cad3c","Hordak He-man Motu Club Grayskull Filmation Super7 Muñeco","28865b10-c492-4773-9810-270afa95b3d4","Super7","VALID_BRAND","","","LOW","KEEP"
"65cb41f7-2672-4d30-ac94-ea9638de940f","Jean Grey X-men Marvel Legends Sugar Man Baf Hasbro","0df4aeab-c5e9-4d35-8a9b-e63f391d5a57","Hasbro","VALID_BRAND","","","LOW","KEEP"
"30e1c5a9-0284-467b-98c0-64201d575abf","Grogu Baby Yoda Child Animatronico Mandalorian Star Wars","0df4aeab-c5e9-4d35-8a9b-e63f391d5a57","Hasbro","VALID_BRAND","","","LOW","KEEP"
"869793ba-197a-4a3e-b457-99a823baa6c7","Skibidi Toilet 6 Figuras Set 2","fac762b8-889d-4f6d-bf1c-da9f06dab0d7","Genérica","GENERIC_BRAND","","","LOW","REQUIRES_VENDOR_ATTENTION"
"170e938e-6ad1-4e62-af63-0a65fca1fca2","Clefairy The Pokemon Company Peluche 20cm","4d53b85f-735f-4b4f-9011-211a8b34d11d","The Pokémon Company","VALID_BRAND","","","LOW","KEEP"
"4334e228-e4c1-43e1-9061-1cb828e82af2","Book Of Boba Fett Throne Room Star Wars Black Series Hasbro","0df4aeab-c5e9-4d35-8a9b-e63f391d5a57","Hasbro","VALID_BRAND","","","LOW","KEEP"
"531bbeef-16d1-4046-9434-de35a598653c","Rumi G Guerreras Kpop Demon Hunter 1 Figura En Caja + Carta","fac762b8-889d-4f6d-bf1c-da9f06dab0d7","Genérica","GENERIC_BRAND","","","LOW","REQUIRES_VENDOR_ATTENTION"
"c9b0a147-f4b6-4ac2-828f-c4014f5ebb87","Cars Mack Haul Transporter Mini Racers Disney Pixar Mattel Mack Lightning Mcqueen Mini Racers","ad42bb8f-2dee-4f99-b47a-85c1d029b528","Mattel","VALID_BRAND","","","LOW","KEEP"
"46ac0e0a-d198-4e70-9c69-b516e0aa92d8","Angela Ultimate Gargoyles Disney Neca","79352f1b-f900-4f8a-97dc-74649d3022d2","Disney","LICENSE_AS_BRAND","NECA","Disney","HIGH","AUTO_ASSIGN_BRAND"
"d7e0a1e3-017d-475c-b2e7-2e12270333b7","Melonpulta Congelada Caracono Plantas Vs Zombies En Caja","","","MISSING_BRAND","","","LOW","REQUIRES_VENDOR_ATTENTION"
"cce3e967-c4f2-4332-9efa-767ea7226090","Gengar Durmiendo Pokemon Peluche 20cm Violeta","4d53b85f-735f-4b4f-9011-211a8b34d11d","The Pokémon Company","VALID_BRAND","","","LOW","KEEP"
"8fdb8971-6be7-41b6-a797-101b135539c0","Mega Man Rockman X D-arts Bandai","35d99a48-df19-4d41-8f1e-944862b40f3e","Bandai","VALID_BRAND","","","LOW","KEEP"
"fdaa6640-ea42-4742-83d7-72adf22e9d6a","Levi Raveille Shigeki No Kyojin Rah Medicom Toy 662","4945c990-250a-4647-85c1-cf9b376f51ba","Medicom","VALID_BRAND","","","LOW","KEEP"
"0c259204-d3b7-4c92-9081-1af5238c9c3d","Five Nights At Freddy's 6 Figuras Muñecos Set #3","fac762b8-889d-4f6d-bf1c-da9f06dab0d7","Genérica","GENERIC_BRAND","","","LOW","REQUIRES_VENDOR_ATTENTION"
"2191890b-098a-4bb2-a612-646bcc197fe2","Captain America Falcon Avengers Disfraz Musculoso Jazwares Captain America L","e28345e2-abee-4faf-9fdf-937acd487cd3","Jazwares","VALID_BRAND","","","LOW","KEEP"
"40b2dc71-9372-4494-9b47-321db31a59fb","Cococañon Coconut Cannon Plantas Vs Zombies","","","MISSING_BRAND","","","LOW","REQUIRES_VENDOR_ATTENTION"
"374b9868-8721-4f6e-867c-32bee022bd04","Michelangelo Tortugas Ninja Turtles Figuarts Bandai","35d99a48-df19-4d41-8f1e-944862b40f3e","Bandai","VALID_BRAND","","","LOW","KEEP"
"e040e4f8-3020-43df-8d6c-fd07c0e421cb","Freddy Five Nights At Freddy's Disfraz Rubies","","","MISSING_BRAND","","","LOW","REQUIRES_VENDOR_ATTENTION"
"fb164236-70be-418e-9066-f952b100a6ae","Mew The Pokemon Company Peluche 25cm","4d53b85f-735f-4b4f-9011-211a8b34d11d","The Pokémon Company","VALID_BRAND","","","LOW","KEEP"
"ecf5ecad-2a4f-417b-aaad-f1bba18a9225","Zombi Yeti Plantas Vs Zombies","","","MISSING_BRAND","","","LOW","REQUIRES_VENDOR_ATTENTION"
"f4094d44-02e1-49c3-962b-82d14ac6ee81","Skibidi Toilet 6 Figuras","fac762b8-889d-4f6d-bf1c-da9f06dab0d7","Genérica","GENERIC_BRAND","","","LOW","REQUIRES_VENDOR_ATTENTION"
"9e3f35b7-8f97-4744-b169-6dbcd736d56b","Art Clown Terrifier Payaso Siniestro Mascara Halloween Art","fac762b8-889d-4f6d-bf1c-da9f06dab0d7","Genérica","GENERIC_BRAND","","","LOW","REQUIRES_VENDOR_ATTENTION"
"7ff04c71-dadd-42b4-b05a-061c576deb36","Cenicienta Muñeca Que Canta Princesas Disney","79352f1b-f900-4f8a-97dc-74649d3022d2","Disney","LICENSE_AS_BRAND","","Disney","LOW","REQUIRES_VENDOR_ATTENTION"
"090680c0-9b94-4386-b734-3d4102b76a3c","Krang Tortugas Ninja Turtles Playmates Mutant Module","944a8649-47e9-47cc-bfcb-5320ea5a1adb","Playmates Toys","VALID_BRAND","","","LOW","KEEP"
"dad7fbd5-c876-42e8-9875-5d78ed45d316","Tails Sonic The Hedgehog 10cm Wave 1 Jakks Pacific","79c769ff-c82f-4a74-82de-790b8c3ecf05","Jakks Pacific","VALID_BRAND","","","LOW","KEEP"
"14f1f0d3-ce9c-453b-a06b-bd519dc367ec","Lanzamaíz Kernell Pult Caracubo Plantas Vs Zombies En Caja","","","MISSING_BRAND","","","LOW","REQUIRES_VENDOR_ATTENTION"
"a956ab1a-e6f8-4d46-b676-d55e59db9f07","El Principito The Little Prince Boss Fight Studio","9896d591-9eed-4c14-9747-aefdd2164dd8","Boss Fight Studio","VALID_BRAND","","","LOW","KEEP"
"75c4281a-db14-46aa-bcc5-1072042284a8","Cherry Planet Terror Grindhouse Neca","43edaabc-3910-45ab-b93d-857698fad50b","NECA","VALID_BRAND","","","LOW","KEEP"
"717b6098-c7d9-4ed7-906b-aaf0d205c050","Five Nights At Freddy's Jack Obonnie Dread Bear Funko Replay","1cbd2abc-1508-40c4-8823-9806998979e3","Funko","VALID_BRAND","","","LOW","KEEP"
"febae5d1-6600-4c2b-9876-351e135379fd","Leonardo Tortugas Ninja Turtles Classic Playmates","944a8649-47e9-47cc-bfcb-5320ea5a1adb","Playmates Toys","VALID_BRAND","","","LOW","KEEP"
"e536e9a5-2389-4ed6-b2fd-1985e32992cd","Carnage Spiderman Marvel Legends Hasbro Target Exclusive","0df4aeab-c5e9-4d35-8a9b-e63f391d5a57","Hasbro","VALID_BRAND","","","LOW","KEEP"
"5b9ea6f4-b3d2-4c00-811c-c80f97a1e0b4","Mega Charizard X Pokemon Center Peluche 25cm","b2d190fa-057b-44b8-868e-ced887d9e55a","TakaraTomy","VALID_BRAND","","","LOW","KEEP"
"b386dd7a-0ac1-4477-bda6-07ab9d2768ad","Batman Beyond 5 Pack Dc Multiverse Mcfarlane","c2451c65-4354-4955-8afd-ad4bffecd26c","Mcfarlane","VALID_BRAND","","","LOW","KEEP"
"2b6f49b9-47a1-41de-bce9-d08a7fccf4fc","Manzana Mortero Apple Mortar Plantas Vs Zombies","","","MISSING_BRAND","","","LOW","REQUIRES_VENDOR_ATTENTION"
"facc89c0-40e0-4988-8e4e-e677fdafd982","Golden Frieza Dragon Ball Shodo Vol.2 Bandai","35d99a48-df19-4d41-8f1e-944862b40f3e","Bandai","VALID_BRAND","","","LOW","KEEP"
"93f25bef-3f03-4efd-acae-66ab0750a481","Cardo Caracubo Plantas Vs Zombies Soft Rubber En Caja","","","MISSING_BRAND","","","LOW","REQUIRES_VENDOR_ATTENTION"
"24648fe7-5d1f-4b53-88c7-03ce9b3dedfa","Matsuyama Hikaru Captain Tsubasa Dasin Model","1131563d-5cd6-49f7-a3f1-7511da3e9a13","Dasin Model","VALID_BRAND","","","LOW","KEEP"
"3d203c49-700c-4d5e-945a-f85b4d6f3c21","Gengar The Pokemon Company Peluche 25cm","4d53b85f-735f-4b4f-9011-211a8b34d11d","The Pokémon Company","VALID_BRAND","","","LOW","KEEP"
"a2c41b0a-07be-4e9a-91e4-5e4a0843fd31","Aguijón Rojo Red Stinger Plantas Vs Zombies","","","MISSING_BRAND","","","LOW","REQUIRES_VENDOR_ATTENTION"
"48c153e5-0a2a-4d5e-aa16-2ddd16e486a7","Plantas Vs Zombies Peluche 30cm #7","","","MISSING_BRAND","","","LOW","REQUIRES_VENDOR_ATTENTION"
"ac25dca0-3559-4862-bb40-12fd5d6b268d","Michiru Kaio Neptune Sailor Moon Figuarts Bandai","35d99a48-df19-4d41-8f1e-944862b40f3e","Bandai","VALID_BRAND","","","LOW","KEEP"
"e86e8b9e-e960-46cf-a97a-0d71a888d55a","Black Heart Bonnie Five Nights At Freddy's Funko","1cbd2abc-1508-40c4-8823-9806998979e3","Funko","VALID_BRAND","","","LOW","KEEP"
"ed230195-e283-4b45-a9b0-a60ba3f97c82","Gray Beast X-men Marvel Legends Hasbro","0df4aeab-c5e9-4d35-8a9b-e63f391d5a57","Hasbro","VALID_BRAND","","","LOW","KEEP"
"0294fd04-4f28-4961-90b7-f0b2016c2a1a","Wolverine X-men 90's Animated Series Marvel Legends Hasbro","0df4aeab-c5e9-4d35-8a9b-e63f391d5a57","Hasbro","VALID_BRAND","","","LOW","KEEP"
"ee37918d-8f40-401b-ba5d-d973c0d99127","Sam Ultimate Trick Or Treat Neca","43edaabc-3910-45ab-b93d-857698fad50b","NECA","VALID_BRAND","","","LOW","KEEP"
"869e57e6-f7d8-4b75-90cb-6ffaa88e271f","Vanny Five Nights Freddy´s Security Breach Funko","1cbd2abc-1508-40c4-8823-9806998979e3","Funko","VALID_BRAND","","","LOW","KEEP"
"22c9bc38-eaea-4f60-bb3b-7bf069bb8b34","La Bella Y La Bestia Classic Doll Princesas Disney Store","79352f1b-f900-4f8a-97dc-74649d3022d2","Disney","LICENSE_AS_BRAND","","Disney","LOW","REQUIRES_VENDOR_ATTENTION"
"694ee480-09fd-46c8-91d4-b28029ade19c","Raziel (material Plane) Legacy Of Kain Soul Reaver Neca","43edaabc-3910-45ab-b93d-857698fad50b","NECA","VALID_BRAND","","","LOW","KEEP"
"44148327-109d-4045-83e0-0027e70c085b","Citron Caracono Plantas Vs Zombies Soft Rubber En Caja","","","MISSING_BRAND","","","LOW","REQUIRES_VENDOR_ATTENTION"
"f9722980-433c-4d5d-be4b-c3b76e3c88b0","Ironheart Marvel Legends Ursa Major Baf Hasbro","0df4aeab-c5e9-4d35-8a9b-e63f391d5a57","Hasbro","VALID_BRAND","","","LOW","KEEP"
"eb77e5af-a08e-4a2e-9681-6de4340eaa8b","Teela He-man Motu Club Grayskull Filmation Super7 Muñeco","28865b10-c492-4773-9810-270afa95b3d4","Super7","VALID_BRAND","","","LOW","KEEP"
"5c6cc6de-2e84-4426-b216-b2c758be293e","Marill The Pokemon Company Peluche 25cm","4d53b85f-735f-4b4f-9011-211a8b34d11d","The Pokémon Company","VALID_BRAND","","","LOW","KEEP"
"2d75b688-32eb-483c-9525-50cdacee622b","Dr. Zomboss Zombot Tomorrow-tron Plantas Vs Zombies","","","MISSING_BRAND","","","LOW","REQUIRES_VENDOR_ATTENTION"
"06cab99c-dd6f-4b8a-ae16-786df4d1420c","Warrior Gamora What If Marvel Legends Hydra Stomper Baf","0df4aeab-c5e9-4d35-8a9b-e63f391d5a57","Hasbro","VALID_BRAND","","","LOW","KEEP"
"92141865-68ca-412f-9226-26e74768d529","Glamrock Chica Five Nights Freddy´s Security Breach Funko","1cbd2abc-1508-40c4-8823-9806998979e3","Funko","VALID_BRAND","","","LOW","KEEP"
"1cb488b9-563c-41e5-886f-bcd7967cbd66","Nintendo It's Me Super Mario Parlante Jakks Muñeco Figura","79c769ff-c82f-4a74-82de-790b8c3ecf05","Jakks Pacific","VALID_BRAND","","","LOW","KEEP"
"a9c5f142-3103-40e5-be32-502640a4ae02","Armin Arlert Shigeki No Kyojin Rah Medicom Toy 676","4945c990-250a-4647-85c1-cf9b376f51ba","Medicom","VALID_BRAND","","","LOW","KEEP"
"ece0e840-385f-4220-9541-644f89d91605","Foxy Five Nights At Freddy´s Funko","1cbd2abc-1508-40c4-8823-9806998979e3","Funko","VALID_BRAND","","","LOW","KEEP"
"22b5a630-7cb1-471a-aed3-282f58e46efe","Squirtle Pokemon Moncolle-ex Takara Tomy Emc_17","b2d190fa-057b-44b8-868e-ced887d9e55a","TakaraTomy","VALID_BRAND","","","LOW","KEEP"
"e235f83b-f839-41bf-af0b-ba351dd35da3","Bonnie Five Nights At Freddy´s Funko","1cbd2abc-1508-40c4-8823-9806998979e3","Funko","VALID_BRAND","","","LOW","KEEP"
"ef9d6e3c-321f-484f-946d-d9d1f3c40ba1","Havok X-men Marvel Legends Bonebreaker Baf Hasbro","0df4aeab-c5e9-4d35-8a9b-e63f391d5a57","Hasbro","VALID_BRAND","","","LOW","KEEP"
"49428e96-0764-448d-b294-d72342329208","Figura Coleccionable Articulada Sombria Super 7 Motu Masters Of The Universe","28865b10-c492-4773-9810-270afa95b3d4","Super7","VALID_BRAND","","","LOW","KEEP"
"49c417b3-0721-4ef4-bb42-5cb23b55f495","Beast X-men Marvel Legends Hasbro","0df4aeab-c5e9-4d35-8a9b-e63f391d5a57","Hasbro","VALID_BRAND","","","LOW","KEEP"
"ce6c0739-984e-4348-8062-3520a2f2a164","Bonnie Five Nights At Freddy´s Snaps Funko","1cbd2abc-1508-40c4-8823-9806998979e3","Funko","VALID_BRAND","","","LOW","KEEP"
"344b4cda-5fe0-4768-897c-b3a2e91cd167","Kotal Kahn Mortal Kombat 11 Mcfarlane","c2451c65-4354-4955-8afd-ad4bffecd26c","Mcfarlane","VALID_BRAND","","","LOW","KEEP"
"563d765e-3fc5-4e38-b52d-5119fa942a73","Batata Mina Papapum Potato Mine Plantas Vs Zombies","","","MISSING_BRAND","","","LOW","REQUIRES_VENDOR_ATTENTION"
"b39047b7-377b-4a15-96db-c7b43cb3d9e0","Splinter Tortugas Ninja Movie Star Playmates","944a8649-47e9-47cc-bfcb-5320ea5a1adb","Playmates Toys","VALID_BRAND","","","LOW","KEEP"
"484771dc-9e17-416a-93fc-c42053269480","Golden Freddy Five Nights At Freddy´s Funko","1cbd2abc-1508-40c4-8823-9806998979e3","Funko","VALID_BRAND","","","LOW","KEEP"
"3776f652-9fa4-4716-a42c-41ea59189ae3","Raphael Tortugas Ninja Movie Star Playmates","944a8649-47e9-47cc-bfcb-5320ea5a1adb","Playmates Toys","VALID_BRAND","","","LOW","KEEP"
"3a86edfe-c427-4057-9bc6-7416456764e8","Gray Hulk Dr. Bruce Banner Avengers Marvel Legends Hasbro","0df4aeab-c5e9-4d35-8a9b-e63f391d5a57","Hasbro","VALID_BRAND","","","LOW","KEEP"
"961d2f92-dff4-4543-a2ff-bc4e4fc28488","Mora Explosiva Berry Blaster Plantas Vs Zombies","","","MISSING_BRAND","","","LOW","REQUIRES_VENDOR_ATTENTION"
"916fd34b-cc1b-4470-b50d-7fd784eb109a","Super Armor Batman The Adventures Continue Dc Collectibles","ad5d4bf0-769c-49ea-9d84-211a2fb33a68","DC Collectibles","VALID_BRAND","","","LOW","KEEP"
"1fb70cb5-1247-455b-9c45-1b01b28d4dd1","Harvey Bullock Batman The Animated Series Dc Collectibles 31","ad5d4bf0-769c-49ea-9d84-211a2fb33a68","DC Collectibles","VALID_BRAND","","","LOW","KEEP"
"458ab9e6-19d0-4cd7-9431-10d5c6010de8","Pikachu Pokemon Moncolle Ex Takara Tomy Mc.070","b2d190fa-057b-44b8-868e-ced887d9e55a","TakaraTomy","VALID_BRAND","","","LOW","KEEP"
"43afbf07-36ce-4198-854f-b23db9706936","Hielaguisantes Snow Pea Plantas Vs Zombies Peluche 20cm Hielaguisantes","","","MISSING_BRAND","","","LOW","REQUIRES_VENDOR_ATTENTION"
"0c9f9398-cbe5-437e-b2a6-a0b465b45727","Hielaguisantes Snow Pea Plantas Vs Zombies","","","MISSING_BRAND","","","LOW","REQUIRES_VENDOR_ATTENTION"
"51ff35a2-c0df-48e1-bf28-5b073f674185","Emma Frost X-men Marvel Legends Hasbro Walrgeens Exclusive","0df4aeab-c5e9-4d35-8a9b-e63f391d5a57","Hasbro","VALID_BRAND","","","LOW","KEEP"
"04d077d2-af8e-4ad6-b955-1803464b7e67","Guantelete Infinito Thanos Avengers Con Luz Tamaño Niño","fac762b8-889d-4f6d-bf1c-da9f06dab0d7","Genérica","GENERIC_BRAND","","","LOW","REQUIRES_VENDOR_ATTENTION"
"06c848b2-294d-48f7-a432-f1e6ce91e8eb","Jigglypuff The Pokemon Company Peluche 25cm","4d53b85f-735f-4b4f-9011-211a8b34d11d","The Pokémon Company","VALID_BRAND","","","LOW","KEEP"
"714d945d-7d75-47de-a979-c1a980bde336","Plankton Bob Esponja Peluche 25cm","","","MISSING_BRAND","","","LOW","REQUIRES_VENDOR_ATTENTION"
"7c1b2c32-a7d4-4faa-93f6-64678f1f1d2f","Kyo Kusanagi The King Of Fighters 98 Storm Collectibles","ee0b5937-d3db-4038-9ddb-e6ad2fced6a2","Storm Collectibles","VALID_BRAND","","","LOW","KEEP"
"c5f9885c-1c52-4786-a6fc-91558697f3c7","Chocolate Chica Five Nights Freddy´s Special Delivery Funko","1cbd2abc-1508-40c4-8823-9806998979e3","Funko","VALID_BRAND","","","LOW","KEEP"
"3f30cb7c-c184-4bbf-9408-5f69ab8df74a","Poppy Playtime - Smiling Huggy Wuggy - 13 Cm - Articulado","","","MISSING_BRAND","","","LOW","REQUIRES_VENDOR_ATTENTION"
"6a5988aa-5ebe-468b-9200-f704b2193ffc","Aquaman Justice League Animated Dc Collectibles","ad5d4bf0-769c-49ea-9d84-211a2fb33a68","DC Collectibles","VALID_BRAND","","","LOW","KEEP"
"734cc0df-0942-485f-a64b-a445fb2e1311","Shadow Sonic 3 La Película Wave 1 Jakks Pacific","4c557954-aa44-444a-96c8-f1c714d5847f","Jakks Pacific","VALID_BRAND","","","LOW","KEEP"
"a1ed35e8-4624-48d2-97ae-95726d28c7ac","Rey Star Wars The Last Jedi Figuarts Bandai","35d99a48-df19-4d41-8f1e-944862b40f3e","Bandai","VALID_BRAND","","","LOW","KEEP"
"1f544b3d-27f7-4c23-b56e-fd13eb551889","Amy Sonic The Hedgehog 6cm Wave 7 Jakks Pacific","79c769ff-c82f-4a74-82de-790b8c3ecf05","Jakks Pacific","VALID_BRAND","","","LOW","KEEP"
"d08864c2-5bdd-4754-9f17-5471eda4dcd1","Banana Launcher Plantas Vs Zombies","","","MISSING_BRAND","","","LOW","REQUIRES_VENDOR_ATTENTION"
"e23a4a5e-ed85-48d7-9f36-01e6dd6359a8","Jazmin Jasmine Aladdin Classic Doll Princesas Disney Store","79352f1b-f900-4f8a-97dc-74649d3022d2","Disney","LICENSE_AS_BRAND","","Disney","LOW","REQUIRES_VENDOR_ATTENTION"
"ca1e094b-08fb-40ce-a9a7-ca89256c3776","Funko Five Nights At Freddy's Articulado Golden Freddy Figur","1cbd2abc-1508-40c4-8823-9806998979e3","Funko","VALID_BRAND","","","LOW","KEEP"
"e5bdad13-b496-414d-a554-3a0f94d65c3c","Five Nights At Freddy's - Captain Foxy - Curse Of Dread Bear","1cbd2abc-1508-40c4-8823-9806998979e3","Funko","VALID_BRAND","","","LOW","KEEP"
"41fa258c-c067-4378-b2e8-28bc06424634","Hombre Araña Spiderman Disfraz Musculoso Reflectivo Jazwares Spiderman M","602d666d-8ed0-4d4b-b802-3b83c6679cbe","Jazwares","VALID_BRAND","","","LOW","KEEP"
"b4591139-0719-489d-9225-605e3c48882e","Naruto Bandana Aldea Arena Negro Único","fac762b8-889d-4f6d-bf1c-da9f06dab0d7","Genérica","GENERIC_BRAND","","Naruto","LOW","REQUIRES_VENDOR_ATTENTION"
"1f04d02f-6497-48f7-a009-c2f5e6fb1e60","Armored Assassin Ultimate Predator Depredador Neca Deluxe","43edaabc-3910-45ab-b93d-857698fad50b","NECA","VALID_BRAND","","","LOW","KEEP"
"ee1f193b-7923-4b83-b9cc-5961480cbfab","Rabo De Gato Cattail Plantas Vs Zombies","","","MISSING_BRAND","","","LOW","REQUIRES_VENDOR_ATTENTION"
"b727f10b-8465-49cd-86f5-a4c60350ef04","Meowth The Pokemon Company Peluche 30cm","b2d190fa-057b-44b8-868e-ced887d9e55a","TakaraTomy","VALID_BRAND","","","LOW","KEEP"
"969d8856-4d60-49b3-a97b-a9ddf631dde9","Meowth Pokemon Moncolle Ex Takara Tomy Ms_48","b2d190fa-057b-44b8-868e-ced887d9e55a","TakaraTomy","VALID_BRAND","","","LOW","KEEP"
"e1143c7f-2bc5-4a29-b9d7-d8e932e08e64","Quasar Marvel Legends Hasbro","0df4aeab-c5e9-4d35-8a9b-e63f391d5a57","Hasbro","VALID_BRAND","","","LOW","KEEP"
"fccb30ae-9066-4931-b7b5-a69aa2a8b812","Lapras Pikachu Pokemon Center Peluche 25cm","b2d190fa-057b-44b8-868e-ced887d9e55a","TakaraTomy","VALID_BRAND","","","LOW","KEEP"
"85f56f69-4f07-4ba6-97db-eb8b328ae429","Ironhide Transformers The Movie Core Class Hasbro","0df4aeab-c5e9-4d35-8a9b-e63f391d5a57","Hasbro","VALID_BRAND","","","LOW","KEEP"
"3f2a826c-a461-4064-9c27-e3256c6bfbf4","Red Hood Batman The Adventures Continue Dc Collectibles","ad5d4bf0-769c-49ea-9d84-211a2fb33a68","DC Collectibles","VALID_BRAND","","","LOW","KEEP"
"584c5e69-cec8-4cb0-bf7e-41ac482f3583","Dinosaurio Jurassic World Renace Distortus Rex Mutante","301c9fe4-ce4a-463a-89f3-7b459b26fe11","Jurassic World","VALID_BRAND","","","LOW","KEEP"
"940e2e65-5bd3-4c15-8c1f-2da0705ff321","Bombastic Bag-man Spiderman Marvel Legends Hasbro","0df4aeab-c5e9-4d35-8a9b-e63f391d5a57","Hasbro","VALID_BRAND","","","LOW","KEEP"
"2e5e7783-14fd-4623-97bb-8408a1b9c4c9","Land Dichi Marine Ushio Saint Cloth Myth Bandai","35d99a48-df19-4d41-8f1e-944862b40f3e","Bandai","VALID_BRAND","","","LOW","KEEP"
"1e3083b5-f01d-4d01-964e-764131fca2e6","Vaporeon Eevee Pokemon Center Peluche 20cm","b2d190fa-057b-44b8-868e-ced887d9e55a","TakaraTomy","VALID_BRAND","","","LOW","KEEP"
"bcf2dc55-25ec-4a0d-8226-a26113cdcccb","Mewtwo Pokemon D-arts Bandai","35d99a48-df19-4d41-8f1e-944862b40f3e","Bandai","VALID_BRAND","","","LOW","KEEP"
"9e611fc6-f028-446a-a045-53e8dc43a7d3","Chocolate Bonnie Five Nights Freddy´s Special Delivery Funko","1cbd2abc-1508-40c4-8823-9806998979e3","Funko","VALID_BRAND","","","LOW","KEEP"
"b5eac731-ab4d-4c6c-bdb2-f6dff0ae5234","Captain America Avengers Endgame Marvel Legends Fat Thor Baf","0df4aeab-c5e9-4d35-8a9b-e63f391d5a57","Hasbro","VALID_BRAND","","","LOW","KEEP"
"013bfbd4-d6a8-4830-a78a-b13cd41e3773","Gizmo Ultimate Gremlins Neca","43edaabc-3910-45ab-b93d-857698fad50b","NECA","VALID_BRAND","","","LOW","KEEP"
"25749a8b-7145-48d5-9b31-9fe170d47aa0","Zombistein Pirata Gargantuar Plantas Vs Zombies","","","MISSING_BRAND","","","LOW","REQUIRES_VENDOR_ATTENTION"
"944d1735-366f-4b07-8a9f-0e8e182b7eb3","Bo-katan Kryze Mandalorian Star Wars Black Series Hasbro","0df4aeab-c5e9-4d35-8a9b-e63f391d5a57","Hasbro","VALID_BRAND","","","LOW","KEEP"
"08fd5694-a042-4e67-b2e5-335fbda2a872","Zoey G Guerreras Kpop Demon Hunter 1 Figura En Caja + Carta","fac762b8-889d-4f6d-bf1c-da9f06dab0d7","Genérica","GENERIC_BRAND","","","LOW","REQUIRES_VENDOR_ATTENTION"
"85e8fe81-1dca-46f0-bd8b-e196b25d0f3d","Knull Venom King In Black Marvel Legends Hasbro","0df4aeab-c5e9-4d35-8a9b-e63f391d5a57","Hasbro","VALID_BRAND","","","LOW","KEEP"
"d6ab26e6-7b0c-4706-8b38-115b268efcbd","Foxy Five Nights At Freddy's Disfraz","","","MISSING_BRAND","","","LOW","REQUIRES_VENDOR_ATTENTION"
"98ce17b4-40a6-4ba3-a1d5-f8a4305cb174","Storm Forge Jubilee X-men Marvel Legends Hasbro","5f1f8d40-ec5c-4e95-9c55-7676bc9308b5","Marvel","LICENSE_AS_BRAND","Hasbro","Marvel","HIGH","AUTO_ASSIGN_BRAND"
"88fb031b-4e46-4889-952d-71aa03076ad0","Needler Halo Nerf Hasbro  Violeta","0df4aeab-c5e9-4d35-8a9b-e63f391d5a57","Hasbro","VALID_BRAND","","","LOW","KEEP"
"5de44788-296f-475f-a4de-e1380dd30ec0","Tie-dye Springtrap Five Nights At Freddy's Funko","1cbd2abc-1508-40c4-8823-9806998979e3","Funko","VALID_BRAND","","","LOW","KEEP"
"59903a4b-81cf-4e0a-8ee1-f679f29e814e","Vegeta Dragon Ball Super Evolve Bandai","35d99a48-df19-4d41-8f1e-944862b40f3e","Bandai","VALID_BRAND","","","LOW","KEEP"
"b0f0d888-b558-4ac0-b718-eeb9285b8249","Cinderace Pokemon Moncolle Ex Takara Tomy Ms 35","b2d190fa-057b-44b8-868e-ced887d9e55a","TakaraTomy","VALID_BRAND","","","LOW","KEEP"
"4025c5e1-1cdc-4dc5-b680-9c36e2a99e6f","Latias Pokemon Moncolle Ex Takara Tomy Ms 47","b2d190fa-057b-44b8-868e-ced887d9e55a","TakaraTomy","VALID_BRAND","","","LOW","KEEP"
"318d64de-3a57-4a54-adf0-16fa5cae0b0c","Princesas Blancanieves Ariel Bella Aurora Set 8 Muñecas","fac762b8-889d-4f6d-bf1c-da9f06dab0d7","Genérica","GENERIC_BRAND","","","LOW","REQUIRES_VENDOR_ATTENTION"
"d7b40664-d202-45f9-9d30-12f2305a1efc","Zeraora Pokemon Moncolle Ex Takara Tomy Ms 09","b2d190fa-057b-44b8-868e-ced887d9e55a","TakaraTomy","VALID_BRAND","","","LOW","KEEP"
"7f6f8fc0-7c53-46dd-87db-cc3262b21be5","Cars Florida Speedway Mega Garage Disney Pixar Mattel Disney Pixar Cars 3 Florida Speedway Mega Garage","79352f1b-f900-4f8a-97dc-74649d3022d2","Disney","LICENSE_AS_BRAND","Mattel","Disney","HIGH","AUTO_ASSIGN_BRAND"
"02f24817-615e-479b-bf53-eb95c5046e34","Cenicienta Cinderella Classic Doll Princesas Disney Store","79352f1b-f900-4f8a-97dc-74649d3022d2","Disney","LICENSE_AS_BRAND","","Disney","LOW","REQUIRES_VENDOR_ATTENTION"
"ef11976e-28f0-4bee-ad5d-88e1cc869361","Pokemon Moncolle Ex Blaziken Takara Tomy","b2d190fa-057b-44b8-868e-ced887d9e55a","TakaraTomy","VALID_BRAND","","","LOW","KEEP"
"cfdc85ee-e210-49fa-8ad2-8bb35d475376","Luigi Red Mushrom Super Mario 10cm Wave 25 Nintendo Muñeco","79c769ff-c82f-4a74-82de-790b8c3ecf05","Jakks Pacific","VALID_BRAND","","","LOW","KEEP"
"620cd52d-6ecb-4b1a-85d9-31abcfeeaf65","Carnage Spiderman Marvel Legends Hasbro Target Exclusive","0df4aeab-c5e9-4d35-8a9b-e63f391d5a57","Hasbro","VALID_BRAND","","","LOW","KEEP"
"d419789a-c65a-4f36-b15a-45e79dba8026","T-800 Police Station Assault Ultimate Terminator Neca","43edaabc-3910-45ab-b93d-857698fad50b","NECA","VALID_BRAND","","","LOW","KEEP"
"afe0758e-4057-4637-aa3d-cd0e1dd26977","Figura Neca Ultimate - Chucky Tv Series","43edaabc-3910-45ab-b93d-857698fad50b","NECA","VALID_BRAND","","","LOW","KEEP"
"4a9f1478-073d-4d44-841e-35c91d79b832","Indiana Jones Raiders Of The Lost Ark Adventure Series","0df4aeab-c5e9-4d35-8a9b-e63f391d5a57","Hasbro","VALID_BRAND","","","LOW","KEEP"
"30e9d881-b219-46fb-8717-19e7637e4d2a","Raphael Tortugas Ninja Turtles Ultimates Wave1 Super7","28865b10-c492-4773-9810-270afa95b3d4","Super7","VALID_BRAND","","","LOW","KEEP"
"4d901718-a2c6-48cf-8fc8-7043613785b4","Catwoman Batman Returns Living Dead Dolls Mezco","65e6db0a-f7cc-49e4-9d2e-2bac37eaf8da","Mezco Toyz","VALID_BRAND","","","LOW","KEEP"
"d6d2e602-92d2-479a-96bf-3d2d32ba5c82","Meteor Mega Man Rockman 66 Action Dash Vol.2 Bandai","35d99a48-df19-4d41-8f1e-944862b40f3e","Bandai","VALID_BRAND","","","LOW","KEEP"
"eeb944ff-9c34-49fc-989f-7ae99e3f2be3","Hal Nameless One Minecraft Dungeons Mattel Muñeco Figura","ad42bb8f-2dee-4f99-b47a-85c1d029b528","Mattel","VALID_BRAND","","","LOW","KEEP"
"aac7416b-97a2-4a23-88ce-2e2cd9284294","Ahab Ultimate Predator Depredador Neca","7eefac69-1656-46b9-be3d-10bf3c4ff900","Predator","VALID_BRAND","","","LOW","KEEP"
"63263821-dbf1-4ac2-b865-b0796a9fe18f","Huggy Wuggy Poppy Playtime Peluche 40cm Kissy Missy","fac762b8-889d-4f6d-bf1c-da9f06dab0d7","Genérica","GENERIC_BRAND","","","LOW","REQUIRES_VENDOR_ATTENTION"
"1865a0c7-7a97-4cd2-b96c-2eb58f2b4fec","Naruto Bandana Aldea Niebla Negro Único","fac762b8-889d-4f6d-bf1c-da9f06dab0d7","Genérica","GENERIC_BRAND","","Naruto","LOW","REQUIRES_VENDOR_ATTENTION"
"40a0bc25-311b-4dff-a9d1-63772980612f","Darth Vader Star Wars A New Hope Black Series Hasbro","805f40a4-b371-40ac-ba05-ee277b20dd27","Star Wars","LICENSE_AS_BRAND","Hasbro","Star Wars","HIGH","AUTO_ASSIGN_BRAND"
"a59ab89c-7193-435e-a8c1-55f604426ec6","Naruto Bandana Aldea Roca Renegado Negro Único","fac762b8-889d-4f6d-bf1c-da9f06dab0d7","Genérica","GENERIC_BRAND","","Naruto","LOW","REQUIRES_VENDOR_ATTENTION"
"0df2fb32-2110-4714-b9f6-f78cdf894d7f","Chewbacca Star Wars A New Hope Figuarts Bandai","35d99a48-df19-4d41-8f1e-944862b40f3e","Bandai","VALID_BRAND","","","LOW","KEEP"
"1258a982-3330-4c8d-926c-09576512a1dc","Coronation Starscream Transformers Studio Series 86-12","0df4aeab-c5e9-4d35-8a9b-e63f391d5a57","Hasbro","VALID_BRAND","","","LOW","KEEP"
"c8e3ae9e-ab44-4cbc-a9f9-1e8c82670c27","Aurora Bella Durmiente Classic Doll Princesas Disney Store","79352f1b-f900-4f8a-97dc-74649d3022d2","Disney","LICENSE_AS_BRAND","","Disney","LOW","REQUIRES_VENDOR_ATTENTION"
"835269bd-2310-4c95-89ce-517b986d8c43","Megara Hercules Classic Doll Princesas Disney Store","79352f1b-f900-4f8a-97dc-74649d3022d2","Disney","LICENSE_AS_BRAND","","Disney","LOW","REQUIRES_VENDOR_ATTENTION"
"21c35963-9b87-4f92-8187-3c55a008cbc8","Poppolio Pokemon Moncolle Ex Takara Tomy Emc_03","b2d190fa-057b-44b8-868e-ced887d9e55a","TakaraTomy","VALID_BRAND","","","LOW","KEEP"
"373b350c-c7ba-4897-8237-518d5d39e43d","Fisto He-man Motu Club Grayskull Filmation Super7 Muñeco","28865b10-c492-4773-9810-270afa95b3d4","Super7","VALID_BRAND","","","LOW","KEEP"
"2e2e924c-0cc6-4f82-82a2-66268ff2fef4","Tyrant Resident Evil 10th A Nniversary Player Select Neca","43edaabc-3910-45ab-b93d-857698fad50b","NECA","VALID_BRAND","","","LOW","KEEP"
"e59d1dcd-3c1a-4211-a92c-f3dc849c13b3","Two-face Batman The Animated Series Dc Collectibles 45","ad5d4bf0-769c-49ea-9d84-211a2fb33a68","DC Collectibles","VALID_BRAND","","","LOW","KEEP"
"684298cf-9a22-4de0-83ae-5cfbff6aac4e","The Boss Metal Gear Solid 3 Snake Eater Hot Toys Vgm14","15765f46-949b-485b-bb80-295065015942","Hot Toys","VALID_BRAND","","","LOW","KEEP"
"80b304a8-1544-479f-9582-a117870f3686","Shaman Ultimate Predator 2 Depredador Neca","43edaabc-3910-45ab-b93d-857698fad50b","NECA","VALID_BRAND","","","LOW","KEEP"
"4ca8b7b0-f5b8-4a93-8db9-10c4fb67b02d","Ballora Five Nights At Freddy´s Sister Location Funko","1cbd2abc-1508-40c4-8823-9806998979e3","Funko","VALID_BRAND","","","LOW","KEEP"
"35715283-fc91-4ba1-b605-1d3a404bb0c9","Dracula (open Mouth) Castlevania Series1 Player Select Neca","43edaabc-3910-45ab-b93d-857698fad50b","NECA","VALID_BRAND","","","LOW","KEEP"
"b4778739-2e18-4df3-aea7-2af07d308123","Figura De Acción Neca Ultimate Miner De My Bloody Valentine Articulada Y Coleccionable","43edaabc-3910-45ab-b93d-857698fad50b","NECA","VALID_BRAND","","","LOW","KEEP"
"9d087f99-a1c5-417c-ab8f-47a3cbbc7ee9","Sonic The Hedgehog 6cm Wave 8 Jakks Pacific","79c769ff-c82f-4a74-82de-790b8c3ecf05","Jakks Pacific","VALID_BRAND","","","LOW","KEEP"
"ef3473a5-7966-4793-b475-1c2459eea90e","Liberty Chica Five Nights Freddy´s Special Delivery Funko","1cbd2abc-1508-40c4-8823-9806998979e3","Funko","VALID_BRAND","","","LOW","KEEP"
"478b972d-fe8b-4536-8351-b37fcdb3c288","Espio Sonic The Hedgehog 10cm Wave 9 Jakks Pacific","79c769ff-c82f-4a74-82de-790b8c3ecf05","Jakks Pacific","VALID_BRAND","","","LOW","KEEP"
"7489aee0-1b60-4c1a-940f-3bb63f1d6c9c","Miles Morales Spiderman Hot Toys Vgm46","5f1f8d40-ec5c-4e95-9c55-7676bc9308b5","Marvel","LICENSE_AS_BRAND","Hot Toys","Marvel","HIGH","AUTO_ASSIGN_BRAND"
"c66995d7-dfb5-4225-b483-1c2ad6176e5c","City Hunter Ultimate Predator 2 Depredador Neca","43edaabc-3910-45ab-b93d-857698fad50b","NECA","VALID_BRAND","","","LOW","KEEP"
"021d1c88-e164-42bc-a22a-6980fcd607f6","Batman Justice League Animated Dc Collectibles","0df4aeab-c5e9-4d35-8a9b-e63f391d5a57","Hasbro","VALID_BRAND","","","LOW","KEEP"
"9101a7e1-a8ee-4877-92a0-fcab1510665f","Ki Adi Mundi Star Wars Black Series Hasbro","805f40a4-b371-40ac-ba05-ee277b20dd27","Star Wars","LICENSE_AS_BRAND","Hasbro","Star Wars","HIGH","AUTO_ASSIGN_BRAND"
"9ec66aad-3697-4241-9771-a06be2253233","Muckman & Joe Tortugas Ninja Turtles Ultimates Wave4 Super7","28865b10-c492-4773-9810-270afa95b3d4","Super7","VALID_BRAND","","","LOW","KEEP"
"4e60856c-dba0-41c7-9e97-fec867ee9ae5","Plantas Vs Zombies 22 Figuras En Caja Caja 22pcs.","","","MISSING_BRAND","","","LOW","REQUIRES_VENDOR_ATTENTION"
"6e1d2dee-123f-41f5-93cf-94c3f1d1f2d0","Shadow Sonic The Hedgehog 10cm Wave 8 Jakks Pacific","4c557954-aa44-444a-96c8-f1c714d5847f","Jakks Pacific","VALID_BRAND","","","LOW","KEEP"
"63f02c22-9788-46ca-9e07-fb798484c5e6","Gcpd Gallery Rogues Batman The Animated Series Dc","","","MISSING_BRAND","","","LOW","REQUIRES_VENDOR_ATTENTION"
"fca972e9-a993-48da-98fd-dee0034ffe0e","Black Widow Marvel Legends Hasbro","0df4aeab-c5e9-4d35-8a9b-e63f391d5a57","Hasbro","VALID_BRAND","","","LOW","KEEP"
"42c91b2c-df4e-4623-85bc-dc9ea0e11f89","Sailor Mercury Sailor Moon Por S.h Figuarts","35d99a48-df19-4d41-8f1e-944862b40f3e","Bandai","VALID_BRAND","","","LOW","KEEP"
"7605adfd-c6d6-48c9-915b-6434075e87fa","Bart Simpson Peluche 30cm Bart","","","MISSING_BRAND","","","LOW","REQUIRES_VENDOR_ATTENTION"
"4fa8d214-45db-4676-a903-349b98a8337e","Chao Sonic The Hedgehog 30th Anniversary 6cm Jakks Pacific","79c769ff-c82f-4a74-82de-790b8c3ecf05","Jakks Pacific","VALID_BRAND","","","LOW","KEEP"
"ac4fef23-2883-452a-a868-d0a5b2b934c9","Wonder Woman With Helmet Of Faith Dc Multiverse Mcfarlane","c2451c65-4354-4955-8afd-ad4bffecd26c","Mcfarlane","VALID_BRAND","","","LOW","KEEP"
"5f1afb99-c281-4809-bca0-cefd4c8a52ce","Marge Simpson Peluche 43cm Marge","","","MISSING_BRAND","","","LOW","REQUIRES_VENDOR_ATTENTION"
"3af3cd69-7f06-4655-adc1-7dcf46f4b1e9","America Chavez Multiverse Of Darkness Marvel Legends Rintrah","0df4aeab-c5e9-4d35-8a9b-e63f391d5a57","Hasbro","VALID_BRAND","","","LOW","KEEP"
"6ade6c5d-8fc0-477f-afe3-b147b8636fe6","Robin Batman Forever Hot Toys Mms594","15765f46-949b-485b-bb80-295065015942","Hot Toys","VALID_BRAND","","","LOW","KEEP"
"34207ba0-df73-42fa-8550-19a662bcb85f","He-man Prince Adam Motu Origins Mattel Sdcc2019","ad42bb8f-2dee-4f99-b47a-85c1d029b528","Mattel","VALID_BRAND","","","LOW","KEEP"
"43ba3d3b-59ea-4717-8f34-028caf361732","Hellfire Club Marvel Legends Hasbro","0df4aeab-c5e9-4d35-8a9b-e63f391d5a57","Hasbro","VALID_BRAND","","","LOW","KEEP"
"6eff9005-5704-4ed6-8ccf-c820ad3c7a82","Smiling Huggy Wuggy Poppy Playtime Phat Mojo","","","MISSING_BRAND","","","LOW","REQUIRES_VENDOR_ATTENTION"
"ecc3f3e5-a14b-4bc0-b6de-4e9a4ad7d268","Circus Chica Five Nights Freddy´s Funko","1cbd2abc-1508-40c4-8823-9806998979e3","Funko","VALID_BRAND","","","LOW","KEEP"
"87f0be20-5b82-4dd6-91e8-4fdf06eb248d","Lanzaguisantes Peashooter Caracono Plantas Vs Zombies Caja","","","MISSING_BRAND","","","LOW","REQUIRES_VENDOR_ATTENTION"
"abbfd6fd-eb2c-4722-982f-091e3a114587","Batwoman Dc Multiverse Clayface Collect & Connect Mattel","ad42bb8f-2dee-4f99-b47a-85c1d029b528","Mattel","VALID_BRAND","","","LOW","KEEP"
"fe59e603-a55f-4e3c-b929-f8fecb9faab6","Book Of Boba Fett Tatooine Star Wars Vintage Deluxe Hasbro","805f40a4-b371-40ac-ba05-ee277b20dd27","Star Wars","LICENSE_AS_BRAND","Hasbro","Star Wars","HIGH","AUTO_ASSIGN_BRAND"
"e6179c1b-80bd-4d54-bb44-eb28a45cbce5","Bowser Super Mario World Of Nintendo Jakks Muñeco Figura","79c769ff-c82f-4a74-82de-790b8c3ecf05","Jakks Pacific","VALID_BRAND","","","LOW","KEEP"
"96cc57f6-ae3e-4861-9a35-1c8883983a2a","Figura Articulada Hudson 17.78cm Neca Gárgolas Coleccionable","43edaabc-3910-45ab-b93d-857698fad50b","NECA","VALID_BRAND","","","LOW","KEEP"
"f2c452db-604f-491f-aa8f-6fa3c80b229b","Ahsoka Tano Mandalorian Star Wars Credit Collection","0df4aeab-c5e9-4d35-8a9b-e63f391d5a57","Hasbro","VALID_BRAND","","","LOW","KEEP"
"2fb3e880-5503-4132-bbb3-ec741c902f13","Bane Batman The Animated Series Dc Collectibles 46","ad5d4bf0-769c-49ea-9d84-211a2fb33a68","DC Collectibles","VALID_BRAND","","","LOW","KEEP"
"fd2453b6-43c4-4004-b8e4-a4dc0217fdb7","Asuka Langley Evangelion 3.0 Rah Medicom Toy 640","4945c990-250a-4647-85c1-cf9b376f51ba","Medicom","VALID_BRAND","","","LOW","KEEP"
"ca0fa203-61c1-4376-a748-87788d5ac9e9","Saint Seiya Petit Chara Land Vol.2 Megahouse","170aeded-2764-4a37-8c35-a67cf941f1d4","Megahouse","VALID_BRAND","","","LOW","KEEP"
"5340d8df-b736-4e18-90ce-8e0511b39cec","Slash Tortugas Ninja Turtles Ultimates Wave5 Super7","28865b10-c492-4773-9810-270afa95b3d4","Super7","VALID_BRAND","","","LOW","KEEP"
"11560518-cafe-4302-b297-edec56e075b4","Slash Tortugas Ninja Turtles Playmates Mutant Module","944a8649-47e9-47cc-bfcb-5320ea5a1adb","Playmates Toys","VALID_BRAND","","","LOW","KEEP"
"3ccb47a4-b776-44ac-a1b6-d4487a4b6f48","Moon Five Nights At Freddy's Funko Peluche 30cm Moon","1cbd2abc-1508-40c4-8823-9806998979e3","Funko","VALID_BRAND","","","LOW","KEEP"
"6e4fdde5-2fe5-4607-8e50-5340ccdf1392","Boba Fett The Mandalorian Star Wars Credit Collection Hasbro","0df4aeab-c5e9-4d35-8a9b-e63f391d5a57","Hasbro","VALID_BRAND","","","LOW","KEEP"
"5fa8fa4d-0d66-4b32-988a-b044aa8eda68","Nutcracker Foxy Five Nights At Freddy's Funko","1cbd2abc-1508-40c4-8823-9806998979e3","Funko","VALID_BRAND","","","LOW","KEEP"
"206b8333-b6aa-4088-8c9d-07a010397c7d","Figura De Acción Neca Gárgolas Thailog Articulada Coleccionable De 19 Cm","43edaabc-3910-45ab-b93d-857698fad50b","NECA","VALID_BRAND","","","LOW","KEEP"
"35e42ea2-cb2d-496c-ab3d-90189aaef329","Heihachi Mishima Tekken 7 Storm Collectibles","ee0b5937-d3db-4038-9ddb-e6ad2fced6a2","Storm Collectibles","VALID_BRAND","","","LOW","KEEP"
"ded13982-1377-4ac9-b685-55a093e29d3a","Livewire Freddy Five Nights Freddy´s Special Delivery Funko","1cbd2abc-1508-40c4-8823-9806998979e3","Funko","VALID_BRAND","","","LOW","KEEP"
"f2cebec3-6452-4461-9e38-310865f77d98","Gengar Pokemon Moncolle Ex Takara Tomy Ms 26","b2d190fa-057b-44b8-868e-ced887d9e55a","TakaraTomy","VALID_BRAND","","","LOW","KEEP"
"fb02525e-b35b-487b-9eb6-faf9f4b6e383","Slash Tortugas Ninja Turtles Archie Comics Neca","43edaabc-3910-45ab-b93d-857698fad50b","NECA","VALID_BRAND","","","LOW","KEEP"
"3ad52a67-1424-478b-9ea3-15bffe701ee4","Crabmeat Sonic The Hedgehog 6cm Wave 6 Jakks","79c769ff-c82f-4a74-82de-790b8c3ecf05","Jakks Pacific","VALID_BRAND","","","LOW","KEEP"
"bb2e1c2d-38a2-4dc0-8484-2ed5d86d21d9","Mr. Freeze Batman The Animated Series Dc Collectibles 48","ad5d4bf0-769c-49ea-9d84-211a2fb33a68","DC Collectibles","VALID_BRAND","","","LOW","KEEP"
"8a24cd21-7289-427a-9019-3b80e69b67f0","Cenicienta Princesas Disney Baby Bebe Disfraz Disguise Cenicienta Baby 6-12meses","4fc219c0-46af-4370-9676-6aeef1f35062","Disguise","VALID_BRAND","","","LOW","KEEP"
"d1c24cfb-d887-4ead-9bd4-0a70baa135be","Snake Ultimate Predator 2 Depredador Neca","43edaabc-3910-45ab-b93d-857698fad50b","NECA","VALID_BRAND","","","LOW","KEEP"
"82f21cc9-fd5c-4709-8791-46daa4fb97ed","Michelangelo Tortugas Ninja Movie Star Playmates","944a8649-47e9-47cc-bfcb-5320ea5a1adb","Playmates Toys","VALID_BRAND","","","LOW","KEEP"
"3ac8e6ab-3412-49b5-971d-45afcf20ccbd","Guts Black Swordsman Ver. Figma 120","3cceef72-7927-4b1f-90fb-de4d61fd5792","Figma","VALID_BRAND","","","LOW","KEEP"
"b2376bbc-1e0c-41bf-bf92-0b91389efd56","Super Sonic The Hedgehog Knuckles Tails 10cm Jakks Pacific","4c557954-aa44-444a-96c8-f1c714d5847f","Jakks Pacific","VALID_BRAND","","","LOW","KEEP"
"5e4b42cf-4dc5-4549-ae23-1c81b63860b3","Ariel La Sirenita Classic Doll Princesas Disney Store","79352f1b-f900-4f8a-97dc-74649d3022d2","Disney","LICENSE_AS_BRAND","","Disney","LOW","REQUIRES_VENDOR_ATTENTION"
"6617ea67-1bd1-44cf-a18c-511d246a35c3","Splinter Tortugas Ninja Turtles Ultimates Wave1 Super7","28865b10-c492-4773-9810-270afa95b3d4","Super7","VALID_BRAND","","","LOW","KEEP"
"c5561a57-4546-4a36-a312-ba775597f614","Super Shredder Tortugas Ninja Movie Star Playmates","944a8649-47e9-47cc-bfcb-5320ea5a1adb","Playmates Toys","VALID_BRAND","","","LOW","KEEP"
"36fb575c-cdba-4e9e-ab5d-99e2b9d2bc8e","Red Skull What If Marvel Legends Khonshu Baf","0df4aeab-c5e9-4d35-8a9b-e63f391d5a57","Hasbro","VALID_BRAND","","","LOW","KEEP"
"331fef7b-7597-4086-aa47-0d3492baebda","Springtrap Freddy Five Nights At Freddy´s Snaps Funko","1cbd2abc-1508-40c4-8823-9806998979e3","Funko","VALID_BRAND","","","LOW","KEEP"
"f2520869-e6c4-41f7-981a-7c3d245b7814","Goku Ultra Instinto Plata Dragon Ball Super Evolve Bandai","35d99a48-df19-4d41-8f1e-944862b40f3e","Bandai","VALID_BRAND","","","LOW","KEEP"
"325ca717-4c72-4af1-931c-225c67c9f11a","Saint Seiya Petit Chara Land Vol.1 Megahouse","170aeded-2764-4a37-8c35-a67cf941f1d4","Megahouse","VALID_BRAND","","","LOW","KEEP"
"1c60539f-b885-47e2-8aa9-4e7d7f22aedf","Funko Snaps Five Nightsat At Freddys Springtrap And Freddy","1cbd2abc-1508-40c4-8823-9806998979e3","Funko","VALID_BRAND","","","LOW","KEEP"
"8a9fdd69-79f2-43a1-9d68-235b2f643117","Glamrock Freddy Five Nights Freddy´s Security Breach Funko","1cbd2abc-1508-40c4-8823-9806998979e3","Funko","VALID_BRAND","","","LOW","KEEP"
"30b61bc5-b249-4c88-b861-d54b1de4da16","Jack O Bonnie Five Nights At Freddy´s Curse Dreadbear Funko","1cbd2abc-1508-40c4-8823-9806998979e3","Funko","VALID_BRAND","","","LOW","KEEP"
"906efff6-bd52-4a5f-99b2-7ac88bf1fa2b","Red Skull What If Marvel Legends Khonshu Baf","0df4aeab-c5e9-4d35-8a9b-e63f391d5a57","Hasbro","VALID_BRAND","","","LOW","KEEP"
"ba6cf45a-b106-45be-aebf-2aa82fbcbc41","Raphael Tortugas Ninja Turtles Classic Playmates","944a8649-47e9-47cc-bfcb-5320ea5a1adb","Playmates Toys","VALID_BRAND","","","LOW","KEEP"
"74482bd0-5b78-45b0-964b-0fa96f39279c","Party Wagon Tortugas Ninja Turtles Playmates","944a8649-47e9-47cc-bfcb-5320ea5a1adb","Playmates Toys","VALID_BRAND","","","LOW","KEEP"
"15063535-0249-4da0-9d6d-fdfc3b3e102e","Samus Aran Zero Suit Ver. Metroid Other M Figma 306","3cceef72-7927-4b1f-90fb-de4d61fd5792","Figma","VALID_BRAND","","","LOW","KEEP"
"1d3d9692-7138-4d3b-9795-8172694925ca","Harley Quinn Batman The Adventures Continue Dc Collectibles","ad5d4bf0-769c-49ea-9d84-211a2fb33a68","DC Collectibles","VALID_BRAND","","","LOW","KEEP"
"a09e70b5-a1ff-469c-9984-c00aeb0aef65","Sorceress He-man Motu Club Grayskull Filmation Super7 Muñeco","28865b10-c492-4773-9810-270afa95b3d4","Super7","VALID_BRAND","","","LOW","KEEP"
"bae0e7d4-2496-44a9-87ee-f149bcbe2af3","Wonder Woman 84 Golden Armor Hot Toys Mms578 Deluxe Version","15765f46-949b-485b-bb80-295065015942","Hot Toys","VALID_BRAND","","","LOW","KEEP"
"c3897ee8-458e-41e5-ac82-ddcb3fe4e793","The Legend Of Zelda A Link Between Worlds Figma Ex-032","9ddf0ef1-d0ee-4618-8309-ee3c58905bb8","Figma","VALID_BRAND","","","LOW","KEEP"
"928049b6-6f48-4332-a352-b69e62884e55","Homer Simpson Peluche 43cm Homer","","","MISSING_BRAND","","","LOW","REQUIRES_VENDOR_ATTENTION"
"18955d5d-ca10-42a0-acd3-79aa00133d24","Amazing Spiderman No Way Home Andrew Garfield Marvel Legends","5f1f8d40-ec5c-4e95-9c55-7676bc9308b5","Marvel","LICENSE_AS_BRAND","","Marvel","LOW","REQUIRES_VENDOR_ATTENTION"
"28f83ff2-d534-489f-bc84-7fd7c4a638b3","Piccolo Dragon Ball Super Evolve Bandai","35d99a48-df19-4d41-8f1e-944862b40f3e","Bandai","VALID_BRAND","","","LOW","KEEP"
"051325fd-9b70-41c7-811d-7b57f326bb70","Brooklyn Ultimate Gargoyles Disney Neca","79352f1b-f900-4f8a-97dc-74649d3022d2","Disney","LICENSE_AS_BRAND","NECA","Disney","HIGH","AUTO_ASSIGN_BRAND"
"c957b382-e464-4868-a921-69b2507df8a4","Cars 6 Mini Autitos Vehículos Metal A Fricción Autos Surtidos","79352f1b-f900-4f8a-97dc-74649d3022d2","Disney","LICENSE_AS_BRAND","","Disney","LOW","REQUIRES_VENDOR_ATTENTION"
"7ba97245-49e8-4829-8f28-7ca8212e575d","Shiny Umbreon Eevee Pokemon Center Peluche 20cm Shiny Umbreon","b2d190fa-057b-44b8-868e-ced887d9e55a","TakaraTomy","VALID_BRAND","","","LOW","KEEP"
"5607fdad-f53f-4357-bec8-e833dbb13fa3","Ryu Street Fighter V Figuarts Bandai","35d99a48-df19-4d41-8f1e-944862b40f3e","Bandai","VALID_BRAND","","","LOW","KEEP"
"29a26c65-f83e-4f0a-9907-01ad6ef83a5e","Venusaur Pokemon Moncolle Ex Takara Tomy Ms 14","b2d190fa-057b-44b8-868e-ced887d9e55a","TakaraTomy","VALID_BRAND","","","LOW","KEEP"
"95e2437c-dd06-46d7-aa06-9781f98a3612","Miles Morales Spiderman 2 Gamerverse Marvel Legends Hasbro","0df4aeab-c5e9-4d35-8a9b-e63f391d5a57","Hasbro","VALID_BRAND","","","LOW","KEEP"
"e7c5e3ed-9c2a-4d17-ae97-84a5e75a66e8","Freddy Five Nights At Freddy´s Funko 34cm","1cbd2abc-1508-40c4-8823-9806998979e3","Funko","VALID_BRAND","","","LOW","KEEP"
"ec93c60b-ed5b-40b1-9639-32ea9738eb45","Peter Venkman The Real Ghostbusters Kenner Classics Hasbro","0df4aeab-c5e9-4d35-8a9b-e63f391d5a57","Hasbro","VALID_BRAND","","","LOW","KEEP"
"c13ee1c0-529f-4a58-b48f-b4320edde176","Ahsoka Tano Star Wars Rebels Black Series Hasbro","0df4aeab-c5e9-4d35-8a9b-e63f391d5a57","Hasbro","VALID_BRAND","","","LOW","KEEP"
"1e4ffdd1-1530-4434-a29b-08e21ab9ac49","Zoey Guerreras Kpop Demon Hunter 1 Figura En Caja + Carta","fac762b8-889d-4f6d-bf1c-da9f06dab0d7","Genérica","GENERIC_BRAND","","","LOW","REQUIRES_VENDOR_ATTENTION"
"6bc74585-bd9f-4e96-8a80-d57183edeb0b","Kpop Demon Hunters Rumi Mira Zoey Set 10 Muñecos Pop","fac762b8-889d-4f6d-bf1c-da9f06dab0d7","Genérica","GENERIC_BRAND","","","LOW","REQUIRES_VENDOR_ATTENTION"
"a3d5a0aa-bddc-43c4-9d3f-d4c48b306f42","Pegasus Seiya V3 Genealogical Gold Saint Cloth Myth Bandai","35d99a48-df19-4d41-8f1e-944862b40f3e","Bandai","VALID_BRAND","","","LOW","KEEP"
"42aa714c-e1ac-4734-b820-71a81bf17675","Lightning Final Fantasy 13 Square Enix Play Arts Kai","9476b914-5aa8-457a-8850-f318212d9cd2","Square Enix","VALID_BRAND","","","LOW","KEEP"
"780b2ca7-2eff-4f98-bc8a-956206c21051","Indominus Rex Camouflage Battle Jurassic World Dino Trackers","ad42bb8f-2dee-4f99-b47a-85c1d029b528","Mattel","VALID_BRAND","","","LOW","KEEP"
"3dfaa7db-e346-483c-8cf9-f7b7323955b8","Five Nights At Freddy´s Curse Of Dreadbear Funko","1cbd2abc-1508-40c4-8823-9806998979e3","Funko","VALID_BRAND","","","LOW","KEEP"
"e875d2d1-55af-44e8-88ca-16f9646ac0f5","Rapunzel Eugene Tangled Wedding Doll Princesas Disney","79352f1b-f900-4f8a-97dc-74649d3022d2","Disney","LICENSE_AS_BRAND","","Disney","LOW","REQUIRES_VENDOR_ATTENTION"
"fb7e98d5-8149-48db-b8e5-50316abc7fb9","Cars Mack Taller Pintura Móvil Rayo Mcqueen Cambia Color Multicolor","79352f1b-f900-4f8a-97dc-74649d3022d2","Disney","LICENSE_AS_BRAND","","Disney","LOW","REQUIRES_VENDOR_ATTENTION"
"15ba6e82-6227-48c4-9c03-13af82d09e51","Huggy Wuggy Poppy Playtime Peluche 40cm Luz Y Sonido","fac762b8-889d-4f6d-bf1c-da9f06dab0d7","Genérica","GENERIC_BRAND","","","LOW","REQUIRES_VENDOR_ATTENTION"
"3d074881-80a8-4853-9107-3839f03432b1","Uzumaki Naruto Shippuden Best Selection Figuarts Bandai","35d99a48-df19-4d41-8f1e-944862b40f3e","Bandai","VALID_BRAND","","","LOW","KEEP"
"3842c9ab-c19a-4ace-9952-0d4b49dc8294","Elsa Frozen Classic Doll Princesas Disney Store","79352f1b-f900-4f8a-97dc-74649d3022d2","Disney","LICENSE_AS_BRAND","","Disney","LOW","REQUIRES_VENDOR_ATTENTION"
"fc681790-a848-4fd9-8181-887978b2f15b"," Spiderman No Way Home Tobey Maguire Marvel Legends Hasbro","5f1f8d40-ec5c-4e95-9c55-7676bc9308b5","Marvel","LICENSE_AS_BRAND","Hasbro","Marvel","HIGH","AUTO_ASSIGN_BRAND"
"2ec86965-0976-41b4-9042-ecea5637ee61","Robin Wonder Boy Batman Forever Dc Hot Toys","15765f46-949b-485b-bb80-295065015942","Hot Toys","VALID_BRAND","","","LOW","KEEP"
"e7736a18-03aa-4a3c-9cdd-2e68704066dc","Zombi Deportista Rugby All Star Plantas Vs Zombies","","","MISSING_BRAND","","","LOW","REQUIRES_VENDOR_ATTENTION"
"c468b12c-3e95-429a-90d7-f31c38587c8c","Bonnie Five Nights At Freddy´s Funko 34cm","1cbd2abc-1508-40c4-8823-9806998979e3","Funko","VALID_BRAND","","","LOW","KEEP"
"0c229970-b67a-4fe4-922e-f07b5aec486f","Funko Five Nights At Freddys Tie Dye Springtrap Figura Origi","1cbd2abc-1508-40c4-8823-9806998979e3","Funko","VALID_BRAND","","","LOW","KEEP"
"d453d5dc-2b70-4fcd-93ec-c3a6d3c977c6","Child's Play 2 Mds Mega Scale Talking Menacing Chucky Mezco","","","MISSING_BRAND","Mezco","","HIGH","AUTO_ASSIGN_BRAND"
"fe5589a8-63e5-4ab2-bb06-ebecf8ee8f57","Cars Showtime Story Pack Disney Pixar Mattel 4 Pack Showtime Story Pack","ad42bb8f-2dee-4f99-b47a-85c1d029b528","Mattel","VALID_BRAND","","","LOW","KEEP"
"6e786c9f-a5e1-4c50-99c8-d444d734ffa3","Cyborg Spiderman Across Spider-verse Marvel Legends","0df4aeab-c5e9-4d35-8a9b-e63f391d5a57","Hasbro","VALID_BRAND","","","LOW","KEEP"
"8a29c179-538e-486b-aff0-09b3f6172028","Moon Five Nights Freddy´s Security Breach Funko","1cbd2abc-1508-40c4-8823-9806998979e3","Funko","VALID_BRAND","","","LOW","KEEP"
"ae47e67d-f77a-4cec-a043-3421681346f8","Figura De Acción Deadpool Marvel Legends Para Coleccionar","0df4aeab-c5e9-4d35-8a9b-e63f391d5a57","Hasbro","VALID_BRAND","","","LOW","KEEP"
"cbba2bb6-11ae-4ebe-b920-ecb47990b333","Cyborg Spiderman Across Spider-verse Marvel Legends","0df4aeab-c5e9-4d35-8a9b-e63f391d5a57","Hasbro","VALID_BRAND","","","LOW","KEEP"
"bf9fb1bd-695d-475a-b6df-b70ab50dcfee","Zombie Iron Man What If Marvel Legends Khonshu Baf Hasbro","0df4aeab-c5e9-4d35-8a9b-e63f391d5a57","Hasbro","VALID_BRAND","","","LOW","KEEP"
"03eea0fc-8d09-4b23-9067-6def8b9f6080","Professor X With Hover Chair X-men Marvel Legends Hasbro","0df4aeab-c5e9-4d35-8a9b-e63f391d5a57","Hasbro","VALID_BRAND","","","LOW","KEEP"
"5a5c949e-0b3d-478d-8890-0a42a10a88db","Mystique X-men Marvel Legends Hasbro","0df4aeab-c5e9-4d35-8a9b-e63f391d5a57","Hasbro","VALID_BRAND","","","LOW","KEEP"
"d04a82f3-2988-43de-a3e8-a4b751740d8f","Sandman Spiderman Marvel Legends Hasbro","0df4aeab-c5e9-4d35-8a9b-e63f391d5a57","Hasbro","VALID_BRAND","","","LOW","KEEP"
"16d7f0c8-0f96-430d-b2f3-68ce4ef4ee59","Siegfried Dubhe Alpha Saint Cloth Myth Ex Bandai","35d99a48-df19-4d41-8f1e-944862b40f3e","Bandai","VALID_BRAND","","","LOW","KEEP"
"b58947cb-0b0e-414a-8914-c7a87142d411","Orville Five Nights At Freddy´s Glow In The Dark Funko","1cbd2abc-1508-40c4-8823-9806998979e3","Funko","VALID_BRAND","","","LOW","KEEP"
"2647bec2-2656-4830-bb09-18ebeaa50b3f","Hobgoblin Spiderman Marvel Legends Hasbro","0df4aeab-c5e9-4d35-8a9b-e63f391d5a57","Hasbro","VALID_BRAND","","","LOW","KEEP"
"69285278-913b-4d79-9fc9-8ed6fbb102a5","Esmeralda Jorobado Notre Dame Classic Doll Princesas Disney","79352f1b-f900-4f8a-97dc-74649d3022d2","Disney","LICENSE_AS_BRAND","","Disney","LOW","REQUIRES_VENDOR_ATTENTION"
"ccb7320e-057c-4233-b911-39090fd43682","Cars Mini Racers Pista Launch & Criss Cross Disney Mattel Launch Criss-cross Glow In The Dark Playset","79352f1b-f900-4f8a-97dc-74649d3022d2","Disney","LICENSE_AS_BRAND","Mattel","Disney","HIGH","AUTO_ASSIGN_BRAND"
"3520cf22-d794-47cc-bdbd-d24d97d0bd67","Grand Pope Saint Cloth Myth Bandai","35d99a48-df19-4d41-8f1e-944862b40f3e","Bandai","VALID_BRAND","","","LOW","KEEP"
"9f20972d-06a6-4f03-9d31-3d8e4cd5ea9a","Shiny Rayquaza Pokemon Center Peluche 75cm Shiny Rayquaza","b2d190fa-057b-44b8-868e-ced887d9e55a","TakaraTomy","VALID_BRAND","","","LOW","KEEP"
"6a17354a-da8b-4ce3-b3b7-b422f52866ff","Arctic Ballora Five Nights Freddy's Special Delivery Funko","1cbd2abc-1508-40c4-8823-9806998979e3","Funko","VALID_BRAND","","","LOW","KEEP"
"aa0933e4-786a-402e-8b6d-9a51618e1bfb","Huggy Wuggy Poppy Playtime Vhs Bundle Peluche Phat Mojo","","","MISSING_BRAND","","","LOW","REQUIRES_VENDOR_ATTENTION"
"aed60190-cad8-46fd-a313-855fa4879802","Ig-11  Mandalorian Star Wars Credit Collection","0df4aeab-c5e9-4d35-8a9b-e63f391d5a57","Hasbro","VALID_BRAND","","","LOW","KEEP"
"6d3ca400-cb2d-4781-b8dc-f91f5c9d2401","Figura Mafex Cyborg Superman","e1d2b33e-7a12-4ffc-bf5a-8dfb4e59d603","Mafex","VALID_BRAND","","","LOW","KEEP"
"e9f11310-a6a2-4f0a-b957-2cf16692a613","Sky Sho Saint Cloth Myth Bandai","35d99a48-df19-4d41-8f1e-944862b40f3e","Bandai","VALID_BRAND","","","LOW","KEEP"
"c7bf48ab-1ce3-49a4-adaf-dc3e957721a8","Armored David Xanatos Ultimate Gargoyles Disney Neca","79352f1b-f900-4f8a-97dc-74649d3022d2","Disney","LICENSE_AS_BRAND","NECA","Disney","HIGH","AUTO_ASSIGN_BRAND"
"70d683c0-f3ff-4268-9a72-020670decfea","Yord Fandar The Acolyte Star Wars Black Series Hasbro","805f40a4-b371-40ac-ba05-ee277b20dd27","Star Wars","LICENSE_AS_BRAND","Hasbro","Star Wars","HIGH","AUTO_ASSIGN_BRAND"
"57796bc0-1552-4af0-a1d6-33e2c94e2b74","Captain Carter Stealth Suit What If Marvel Legends Hasbro","0df4aeab-c5e9-4d35-8a9b-e63f391d5a57","Hasbro","VALID_BRAND","","","LOW","KEEP"
"94409aed-cc08-4dc0-ac92-1bcdff6a4d8a","Iron Man Proton Cannon Marvel Legends Hasbro","0df4aeab-c5e9-4d35-8a9b-e63f391d5a57","Hasbro","VALID_BRAND","","","LOW","KEEP"
"32ea63a8-5811-4809-ac8f-6b2dcae9c8b4","Bonnie Five Nights At Freddy´s Funko 34cm","1cbd2abc-1508-40c4-8823-9806998979e3","Funko","VALID_BRAND","","","LOW","KEEP"
"ef347659-7585-4200-a3a7-5ac6e14a0b30","Psylocke Nimrod Fantomex X-men Marvel Legends Hasbro","0df4aeab-c5e9-4d35-8a9b-e63f391d5a57","Hasbro","VALID_BRAND","","","LOW","KEEP"
"60e7e533-e215-4542-b94c-3f29e46d4256","Hex Full Metal Armor Battle Chest Minecraft Dungeons Mattel","ad42bb8f-2dee-4f99-b47a-85c1d029b528","Mattel","VALID_BRAND","","","LOW","KEEP"
"1e63a0f2-ad4b-4dd2-853f-7340a19704d8","Upgraded Suit Spiderman No Way Home Marvel Legends Hasbro","0df4aeab-c5e9-4d35-8a9b-e63f391d5a57","Hasbro","VALID_BRAND","","","LOW","KEEP"
"c25e1cee-502e-43c1-86b1-b3830e81585b","Baloo Talespin Disney Afternoon Funko","1cbd2abc-1508-40c4-8823-9806998979e3","Funko","VALID_BRAND","","","LOW","KEEP"
"271cb0f5-eddf-4dca-81da-ce55823ca557","Vanny Freddy Five Nights At Freddy´s Snaps Funko","1cbd2abc-1508-40c4-8823-9806998979e3","Funko","VALID_BRAND","","","LOW","KEEP"
"becaf7df-daf1-492d-bb00-c97ef92defd0","Cars Mini Racers Pista Radiator Springs Spin Out Disney Radiador Springs / Rayo Mcqueen","79352f1b-f900-4f8a-97dc-74649d3022d2","Disney","LICENSE_AS_BRAND","","Disney","LOW","REQUIRES_VENDOR_ATTENTION"
"1b633f38-826b-4743-b649-38fc21620f44","Pandora Box Vol.4 Saint Cloth Myth Appendix Bandai","35d99a48-df19-4d41-8f1e-944862b40f3e","Bandai","VALID_BRAND","","","LOW","KEEP"
"85f9dd71-a2da-49e2-9749-a18229fa7b27","Simba Timón Pumba Lion King Rey León Disney Storytellers","79352f1b-f900-4f8a-97dc-74649d3022d2","Disney","LICENSE_AS_BRAND","","Disney","LOW","REQUIRES_VENDOR_ATTENTION"
"13ae351a-f3ac-43bc-a21e-6bac7eb60cc0","Venom Spiderman Marvel Legends 85 Years Walmart Exclusive","0df4aeab-c5e9-4d35-8a9b-e63f391d5a57","Hasbro","VALID_BRAND","","","LOW","KEEP"
"67f83f88-c537-4198-94a6-b01dbcb9c775","Foxy Five Nights At Freddy's Peluche Rojo","","","MISSING_BRAND","","","LOW","REQUIRES_VENDOR_ATTENTION"
"15910422-94a0-4071-8740-0b20e03f2872","Jigsaw Super Villains Marvel Legends Hasbro","0df4aeab-c5e9-4d35-8a9b-e63f391d5a57","Hasbro","VALID_BRAND","","","LOW","KEEP"
"f00e9855-e725-4163-8a1a-717478fc6d16","Cyborg The Return Of Superman Mafex Medicom No.164","e1d2b33e-7a12-4ffc-bf5a-8dfb4e59d603","Mafex","VALID_BRAND","","","LOW","KEEP"
"7b84d971-4ea9-4bbc-90ce-49e03ec3957e","Thailog Ultimate Gargoyles Disney Neca","79352f1b-f900-4f8a-97dc-74649d3022d2","Disney","LICENSE_AS_BRAND","NECA","Disney","HIGH","AUTO_ASSIGN_BRAND"
"d41e5f77-f99a-4d94-9ea3-1da4faa2fe83","Kang Marvel Legends Joe Fixit Baf Hasbro","0df4aeab-c5e9-4d35-8a9b-e63f391d5a57","Hasbro","VALID_BRAND","","","LOW","KEEP"
"dc7a21cb-d78f-4571-a43d-d644ac329b46","Pegasus Seiya V3 Saint Cloth Myth Bandai","35d99a48-df19-4d41-8f1e-944862b40f3e","Bandai","VALID_BRAND","","","LOW","KEEP"
"21fc9437-7eee-4382-9fcb-516a1f06c239","Figura De Acción Articulada Eggrobo 10 Cm Sonic The Hedgehog","","","MISSING_BRAND","","Sonic","LOW","REQUIRES_VENDOR_ATTENTION"
"c2938ddf-dc4b-4076-b579-64e005450cc2","Magneto X-men Age Of Apocalypse Marvel Legends Hasbro","0df4aeab-c5e9-4d35-8a9b-e63f391d5a57","Hasbro","VALID_BRAND","","","LOW","KEEP"
"10548859-d6f9-437c-a3dd-fb576bc54a35","Mandalorian Nite Owl Star Wars Black Series","0df4aeab-c5e9-4d35-8a9b-e63f391d5a57","Hasbro","VALID_BRAND","","","LOW","KEEP"
"54f6d15b-fa90-4b1c-9dcc-44d0e626441c","Super Saiyan Broly Dragon Ball Evolve Bandai","35d99a48-df19-4d41-8f1e-944862b40f3e","Bandai","VALID_BRAND","","","LOW","KEEP"
"474f8cf0-a818-4ef4-b771-71a7ee303746","Super Saiyan God Ss Vegito Vegetto Dragon Ball Evolve Bandai","35d99a48-df19-4d41-8f1e-944862b40f3e","Bandai","VALID_BRAND","","","LOW","KEEP"
"89a8b2e2-9625-482c-84a4-19d2b05542ed","Heist Nebula What If Marvel Legends Watcher Baf Hasbro","0df4aeab-c5e9-4d35-8a9b-e63f391d5a57","Hasbro","VALID_BRAND","","","LOW","KEEP"
"a4c339f8-e30e-4e32-a2be-d8fda8c5a021","Ariel Sparkling Look Sirenita Princesas Disney Mattel","79352f1b-f900-4f8a-97dc-74649d3022d2","Disney","LICENSE_AS_BRAND","Mattel","Disney","HIGH","AUTO_ASSIGN_BRAND"
"1f0defed-9ebd-421d-9211-9aa523ec434c","Raphael Tortugas Ninja Turtles Out Shadows Disfraz Musculoso Raphael M","1382be53-8449-4c47-8335-441d934a6793","Nickelodeon","VALID_BRAND","","","LOW","KEEP"
"96d6e905-8b47-4f63-9aed-ca054726adc6","Raphael Tortugas Ninja Turtles Disfraz Musculoso Rubies Raphael M","","","MISSING_BRAND","","","LOW","REQUIRES_VENDOR_ATTENTION"
"93c4ee73-5910-40f7-9777-9089d35588f7","Kraken Isaac Saint Cloth Myth Ex Bandai","35d99a48-df19-4d41-8f1e-944862b40f3e","Bandai","VALID_BRAND","","","LOW","KEEP"
"aaf4707e-76cd-4ccc-a71a-d8da6121d139","Black Panther Captain America Civil War Marvel Figuarts","0df4aeab-c5e9-4d35-8a9b-e63f391d5a57","Hasbro","VALID_BRAND","","","LOW","KEEP"
"62b358b3-e2e1-4031-b7ce-615dcd5cf2ea","Nite Owl Mandalorian Star Wars Black Series Hasbro","0df4aeab-c5e9-4d35-8a9b-e63f391d5a57","Hasbro","VALID_BRAND","","","LOW","KEEP"
"0075d511-b1a6-44ac-ac2a-9bd7bd99863b","Tifa Final Fantasy Advent Children Square Enix Play Arts Kai","9476b914-5aa8-457a-8850-f318212d9cd2","Square Enix","VALID_BRAND","","","LOW","KEEP"
"4938bb8f-4e49-4a0e-b2fb-331ee05e0a1a","Funko Snaps Nightmare Bonnie Armable Five Nights At Freddy's","1cbd2abc-1508-40c4-8823-9806998979e3","Funko","VALID_BRAND","","","LOW","KEEP"
"d6816347-c77c-47fa-9c56-01716ff2a93c","Negative Zone Pizza Spiderman Marvel Legends","0df4aeab-c5e9-4d35-8a9b-e63f391d5a57","Hasbro","VALID_BRAND","","","LOW","KEEP"
"3bbd4372-ab03-442e-8373-8dcc0dffd645","Tyranitar Pokemon Moncolle Ex Takara Tomy Ms 19","b2d190fa-057b-44b8-868e-ced887d9e55a","TakaraTomy","VALID_BRAND","","","LOW","KEEP"
"5ba77855-edfe-4c22-8a64-e399443d0069","Magneto X-men Marvel Legends Tri-sentinel Baf Hasbro","0df4aeab-c5e9-4d35-8a9b-e63f391d5a57","Hasbro","VALID_BRAND","","","LOW","KEEP"
"a4cbd883-89da-43d3-aaf4-e5753b7ad0f6","Star Wars The Black Series Figura: Boba Fett Hasbro Original","0df4aeab-c5e9-4d35-8a9b-e63f391d5a57","Hasbro","VALID_BRAND","","","LOW","KEEP"
"3bb77e6d-f896-4cb9-89f0-390beae73105","Misugi Jun Captain Tsubasa Dasin Model","1131563d-5cd6-49f7-a3f1-7511da3e9a13","Dasin Model","VALID_BRAND","","","LOW","KEEP"
"006cb9d2-5ee9-4624-9f6c-87ff66d0363e","Jackalman Thundercats Ultimates Wave1 Super7","28865b10-c492-4773-9810-270afa95b3d4","Super7","VALID_BRAND","","","LOW","KEEP"
"ae15ef2e-d037-45d8-8eab-468e81b50234","Sun Five Nights Freddy´s Security Breach Funko","1cbd2abc-1508-40c4-8823-9806998979e3","Funko","VALID_BRAND","","","LOW","KEEP"
"c61d4ba9-e41a-4922-9547-b0c7f821f482","Magneto Professor X X-men Marvel Legends Hasbro","0df4aeab-c5e9-4d35-8a9b-e63f391d5a57","Hasbro","VALID_BRAND","","","LOW","KEEP"
"bba8342e-9571-4477-94e8-8f5d31cc40a1","Iron Fist Luke Cage Marvel Legends 85 Years Hasbro","0df4aeab-c5e9-4d35-8a9b-e63f391d5a57","Hasbro","VALID_BRAND","","","LOW","KEEP"
"385cb2e9-6b0f-4e26-9ab2-b879302a66ce","X-men Marvel Lcd Video Game Tiger Electronics Hasbro","0df4aeab-c5e9-4d35-8a9b-e63f391d5a57","Hasbro","VALID_BRAND","","","LOW","KEEP"
"cb1d1e12-5b1b-45fc-a2b5-8d7cdba53c7e","Mega Charizard Y Pokemon Moncolle Ex Takara Tomy","b2d190fa-057b-44b8-868e-ced887d9e55a","TakaraTomy","VALID_BRAND","","","LOW","KEEP"
"062612af-6ebf-4f42-86bf-8022940f4d26","Peter Parker Spiderman Marvel Legends Hasbro","0df4aeab-c5e9-4d35-8a9b-e63f391d5a57","Hasbro","VALID_BRAND","","","LOW","KEEP"
"1e42a2bf-bf0c-4ea2-8609-dd34d409edf5","Iron Man Nano Guantelete Infinito Marvel Legends Hasbro","0df4aeab-c5e9-4d35-8a9b-e63f391d5a57","Hasbro","VALID_BRAND","","","LOW","KEEP"
"b9dfb9d3-248a-496d-a249-c23dec82e01b","Bo-katan Kryze The Mandalorian Star Wars Hot Toys Tms035","15765f46-949b-485b-bb80-295065015942","Hot Toys","VALID_BRAND","","","LOW","KEEP"
"b6b9b11b-be5e-4edc-8588-e33ecfbad092","Tyrannosaurus Rex Thrash 'n Devour Jurassic World Dominion","ad42bb8f-2dee-4f99-b47a-85c1d029b528","Mattel","VALID_BRAND","","","LOW","KEEP"
"85cc849a-c1c5-445e-858c-7c8740401157","J. Jonah Jameson Spiderman Marvel Legends Hasbro","0df4aeab-c5e9-4d35-8a9b-e63f391d5a57","Hasbro","VALID_BRAND","","","LOW","KEEP"
"a96aa578-be8e-42f0-8512-2967209609a8","Luke Skywalker Star Wars The Last Jedi Bandai","35d99a48-df19-4d41-8f1e-944862b40f3e","Bandai","VALID_BRAND","","","LOW","KEEP"
"2d1051c5-355c-4675-8698-1eb3783c08b8","Venom Spiderman Marvel Legends Hasbro Pulse Exclusive","0df4aeab-c5e9-4d35-8a9b-e63f391d5a57","Hasbro","VALID_BRAND","","","LOW","KEEP"
"4bd4dd3c-72e2-45a8-8b92-c135c3057a04","Decidueye Pokemon Moncolle Ex Takara Tomy Ms 11","b2d190fa-057b-44b8-868e-ced887d9e55a","TakaraTomy","VALID_BRAND","","","LOW","KEEP"
"e05cdf52-a406-44ef-bfca-f65b523d5e7f","Yondu Guardians Of The Galaxy Marvel Legends Hasbro","0df4aeab-c5e9-4d35-8a9b-e63f391d5a57","Hasbro","VALID_BRAND","","","LOW","KEEP"
"73beb01f-82de-4a38-98b8-d09491ffb07f","Twisty Clown American Horror Story Mascara Trick Or Treat Twisty The Clown","05ed3ea9-2136-44d1-8b89-72661ac9886e","Trick or Treat Studios","VALID_BRAND","","","LOW","KEEP"
"67a048af-0849-470c-b30c-0212132702c0","Spider-armor Mk1 Spiderman Retro Marvel Legends Hasbro","0df4aeab-c5e9-4d35-8a9b-e63f391d5a57","Hasbro","VALID_BRAND","","","LOW","KEEP"
"b03a858a-08da-4fb4-a555-cff4aa65be30","Headpool Logan Deadpool & Wolverine Marvel Legends Hasbro","0df4aeab-c5e9-4d35-8a9b-e63f391d5a57","Hasbro","VALID_BRAND","","","LOW","KEEP"
"c7274a25-e7fa-4790-974d-17d54216c817","Jango Fett Star Wars Attack Of The Clones Figuarts Bandai","35d99a48-df19-4d41-8f1e-944862b40f3e","Bandai","VALID_BRAND","","","LOW","KEEP"
"5ce9f473-1028-4ba8-a911-6a9156f63d0b","Beyonder Secret Wars Marvel Legends Hasbro","0df4aeab-c5e9-4d35-8a9b-e63f391d5a57","Hasbro","VALID_BRAND","","","LOW","KEEP"
"5d5a8416-b1d0-467c-8412-9e711679d0fe","Green Goblin Mj Spiderman 90's Animated Marvel Legends","0df4aeab-c5e9-4d35-8a9b-e63f391d5a57","Hasbro","VALID_BRAND","","","LOW","KEEP"
"eb50df19-e8e4-4ead-b046-9bc065334e2d","T'challa Star Lord What If Marvel Legends Watcher Baf Hasbro","0df4aeab-c5e9-4d35-8a9b-e63f391d5a57","Hasbro","VALID_BRAND","","","LOW","KEEP"
"647efee2-8197-411d-8adf-406c676773b8","Carol Danvers The Avengers Marvel Legends 10cm Hasbro","0df4aeab-c5e9-4d35-8a9b-e63f391d5a57","Hasbro","VALID_BRAND","","","LOW","KEEP"
"f16f69d6-f77b-444a-aa96-f0be6c91b90f","High Score Chica Five Nights Freddy´s Special Delivery Funko","1cbd2abc-1508-40c4-8823-9806998979e3","Funko","VALID_BRAND","","","LOW","KEEP"
"187511be-a2bb-4baf-a6b6-fb5b3f4944e0","Mysterio Spiderman Marvel Legends Molten Man Baf Hasbro","0df4aeab-c5e9-4d35-8a9b-e63f391d5a57","Hasbro","VALID_BRAND","","","LOW","KEEP"
"4f10c338-2ef5-45d4-ac22-7f01d8bb44b8","Road Rage Transformers Generations War For Cybertron Wfc-k41","0df4aeab-c5e9-4d35-8a9b-e63f391d5a57","Hasbro","VALID_BRAND","","","LOW","KEEP"
"7d8be59a-3929-40b4-93bf-062a33634e27","Princess Leia Bespin Star Wars Return Of The Jedi Vintage","0df4aeab-c5e9-4d35-8a9b-e63f391d5a57","Hasbro","VALID_BRAND","","","LOW","KEEP"
"39a7bc63-fb7b-4361-9c8b-05262254d45a","Ironhide Transformers Studio Series 86-17 Hasbro","0df4aeab-c5e9-4d35-8a9b-e63f391d5a57","Hasbro","VALID_BRAND","","","LOW","KEEP"
"f54383f6-3801-49c0-a642-56e60217c73e","Jean Grey Phoenix Force X-men Marvel Legends Hasbro","0df4aeab-c5e9-4d35-8a9b-e63f391d5a57","Hasbro","VALID_BRAND","","","LOW","KEEP"
"654dcd34-160a-433f-a521-1423a90d0838","Bushwacker Punisher War Journal Marvel Legends Hasbro","0df4aeab-c5e9-4d35-8a9b-e63f391d5a57","Hasbro","VALID_BRAND","","","LOW","KEEP"
"5f1c4c0e-13f9-47ed-b095-e9d920d47f66","Captain America Secret Empire Marvel Legends Hasbro ","0df4aeab-c5e9-4d35-8a9b-e63f391d5a57","Hasbro","VALID_BRAND","","","LOW","KEEP"
"6addd9a7-41d9-4b46-be9e-ad00a9ffdb6a","Robocop Ultimate Battle Damaged With Chair Neca","43edaabc-3910-45ab-b93d-857698fad50b","NECA","VALID_BRAND","","","LOW","KEEP"
"d8054d04-c9ee-404c-bd4f-d212018ed5c6","Praetorian Guard Whip Staff Star Wars The Last Jedi Bandai","35d99a48-df19-4d41-8f1e-944862b40f3e","Bandai","VALID_BRAND","","","LOW","KEEP"
"8b51eb32-696a-493e-a46e-14868dd33fdd","Thunderstrike Marvel Legends Joe Fixit Baf Hasbro","0df4aeab-c5e9-4d35-8a9b-e63f391d5a57","Hasbro","VALID_BRAND","","","LOW","KEEP"
"8a62e7e3-280a-479c-a8cb-dbb9a812dd32","Book Of Boba Fett Tython Star Wars Black Series Hasbro","0df4aeab-c5e9-4d35-8a9b-e63f391d5a57","Hasbro","VALID_BRAND","","","LOW","KEEP"
"f53105df-7f8c-403e-8787-650daf4ebcb5","Jedi Master Indara The Acolyte Star Wars Black Series Hasbro","0df4aeab-c5e9-4d35-8a9b-e63f391d5a57","Hasbro","VALID_BRAND","","","LOW","KEEP"
"01ab9b06-ae11-47b5-8b1f-8c24a8ca06b7","Marvel Legends Series House Of X Cyclops Hasbro","0df4aeab-c5e9-4d35-8a9b-e63f391d5a57","Hasbro","VALID_BRAND","","","LOW","KEEP"
"2210d9ea-4c77-4802-9323-0f2f72f0ecc1","Moira Mactagger X-men Marvel Legends Tri-sentinel Baf Hasbro","0df4aeab-c5e9-4d35-8a9b-e63f391d5a57","Hasbro","VALID_BRAND","","","LOW","KEEP"
"0e4e033a-3325-4b6a-b5db-c5f6821b255e","Snackin' Grogu Baby Yoda Animatronic Mandalorian Star Wars","0df4aeab-c5e9-4d35-8a9b-e63f391d5a57","Hasbro","VALID_BRAND","","","LOW","KEEP"
"58382c4a-785a-4c8c-a784-a886ec165af0","Figura Pokemon Moncolle Ms-30 Lapras","3d6d8a0f-4dd9-4ce3-87d7-f74829f3fe85","Moncolle","VALID_BRAND","","","LOW","KEEP"
"bfb1532c-12f0-4bc2-b052-3ea67e0aa87c","Thomas Amigos Percy Diesel Kana Gordon Tren Fisher Price Thomas Percy Diesel Celeste","14117ca8-c60c-46b7-9602-659cd10aa851","Fisher-Price","VALID_BRAND","","","LOW","KEEP"
"42596039-5378-4827-9c60-6bd2d3adb321","Sabretooth X-men Marvel Legends Colossus Baf Hasbro","0df4aeab-c5e9-4d35-8a9b-e63f391d5a57","Hasbro","VALID_BRAND","","","LOW","KEEP"
"eb98194b-03c3-47a2-88a8-7f38dc27605e","Chucky Tv Series Ultimate Neca","43edaabc-3910-45ab-b93d-857698fad50b","NECA","VALID_BRAND","","","LOW","KEEP"
"30b6e778-7ec1-42b2-8bdf-e3e1e0881d0e","The Mandalorian & Grogu Star Wars Hot Toys Tms052 Deluxe","15765f46-949b-485b-bb80-295065015942","Hot Toys","VALID_BRAND","","","LOW","KEEP"
"032d7d43-6e6a-4454-b2fb-a5ae245cdfa8","Qui-gon Jinn Star Wars The Phantom Menace Figuarts","35d99a48-df19-4d41-8f1e-944862b40f3e","Bandai","VALID_BRAND","","","LOW","KEEP"
"e64effb7-4320-45ce-a8b5-56097793b6f4","Shadowcat X-men Marvel Legends Colossus Baf Hasbro","0df4aeab-c5e9-4d35-8a9b-e63f391d5a57","Hasbro","VALID_BRAND","","","LOW","KEEP"
"9c58cbcb-c014-4733-af6f-4d1cf042b7d9","Red Mighty Morphin Power Rangers Vhs Hasbro","0df4aeab-c5e9-4d35-8a9b-e63f391d5a57","Hasbro","VALID_BRAND","","","LOW","KEEP"
"105bcce1-6421-4266-aca8-013eb1a53b68","Black Widow & Effect Avengers Infinity War Marvel Figuarts","0df4aeab-c5e9-4d35-8a9b-e63f391d5a57","Hasbro","VALID_BRAND","","","LOW","KEEP"
"9ba65746-4d11-41b7-9671-5e16fdaf3806","Jean Grey X-men 90's Animated Series Marvel Legends Hasbro","0df4aeab-c5e9-4d35-8a9b-e63f391d5a57","Hasbro","VALID_BRAND","","","LOW","KEEP"
"f1325e38-6d74-4eeb-99d0-9e50fb63427a","Padme Amidala Star Wars Attack Of The Clones Figuarts","35d99a48-df19-4d41-8f1e-944862b40f3e","Bandai","VALID_BRAND","","","LOW","KEEP"
"94be0ed8-c2fc-49d9-aec5-d5621cbeaf97","Hasbro Marvel Legends Series Retro Cyclops Cíclope X Men 97","0df4aeab-c5e9-4d35-8a9b-e63f391d5a57","Hasbro","VALID_BRAND","","","LOW","KEEP"
"519d027b-c88a-41e4-a645-2595ab0fb1fe","Captain America Avengers Infinity Saga Marvel Legends Hasbro","0df4aeab-c5e9-4d35-8a9b-e63f391d5a57","Hasbro","VALID_BRAND","","","LOW","KEEP"
"7873fae0-53b0-4a17-8f3a-3e0c149ff4f8","Jiren Dragon Ball Super Stars Series 5 Bandai","35d99a48-df19-4d41-8f1e-944862b40f3e","Bandai","VALID_BRAND","","","LOW","KEEP"
"2f1ec798-b026-4408-9df0-3d1a59847301","Scarlet Witch Wandavision Marvel Legends Flight Gear Baf","0df4aeab-c5e9-4d35-8a9b-e63f391d5a57","Hasbro","VALID_BRAND","","","LOW","KEEP"
"dc0b3fce-f62e-4ca7-8f97-f0b1d552d2f3","Koska Reeves Mandalorian Star Wars Black Series Hasbro","0df4aeab-c5e9-4d35-8a9b-e63f391d5a57","Hasbro","VALID_BRAND","","","LOW","KEEP"
"5af89853-61cb-4831-9b0c-4c6afc02fc24","Wakabayashi Genzo Captain Tsubasa Dasin Model","1131563d-5cd6-49f7-a3f1-7511da3e9a13","Dasin Model","VALID_BRAND","","","LOW","KEEP"
"259c03dd-68ba-4de9-a97f-7840cd2fc054","Bowser Super Mario Figuarts Bandai Muñeco Figura Juguete","35d99a48-df19-4d41-8f1e-944862b40f3e","Bandai","VALID_BRAND","","","LOW","KEEP"
"6e038340-05f0-4859-94ba-34b60356a1c1","Stone Heart Predator Concrete Jungle Depredador Neca Deluxe","43edaabc-3910-45ab-b93d-857698fad50b","NECA","VALID_BRAND","","","LOW","KEEP"
"722d6033-8e45-4159-b171-b9cfa6ce0221","Figura De Acción The Mandalorian Beskar Army E9358 De Hasbro The Black Series","0df4aeab-c5e9-4d35-8a9b-e63f391d5a57","Hasbro","VALID_BRAND","","","LOW","KEEP"
"d87aaa17-59a4-40ad-ab7e-78de4929bc9f","Storm Forge Jubilee X-men Marvel Legends Hasbro","0df4aeab-c5e9-4d35-8a9b-e63f391d5a57","Hasbro","VALID_BRAND","","","LOW","KEEP"
"0f108cdf-1337-424d-93d0-dd3199f9564f","Mega Man Rockman X Full Armor D-arts Bandai","35d99a48-df19-4d41-8f1e-944862b40f3e","Bandai","VALID_BRAND","","","LOW","KEEP"
"d549b21f-e45f-4d74-a385-6b2699753f7b","Dormammu Marvel Legends Xenmu Baf Hasbro","0df4aeab-c5e9-4d35-8a9b-e63f391d5a57","Hasbro","VALID_BRAND","","","LOW","KEEP"
"55dad140-d320-4883-9271-f68297a07a6b","Din Djarin Grogu Mandalorian Star Wars Black Series Hasbro","0df4aeab-c5e9-4d35-8a9b-e63f391d5a57","Hasbro","VALID_BRAND","","","LOW","KEEP"
"12824d3c-98ef-4777-b167-e25d9f7377a9","Marty Mcfly & Einstein Back To The Future Hot Toys Mms573","15765f46-949b-485b-bb80-295065015942","Hot Toys","VALID_BRAND","","","LOW","KEEP"
"45f85507-eff3-4cf3-a22c-563560e216d9","Arcade Marvel Legends Xenmu Baf Hasbro","0df4aeab-c5e9-4d35-8a9b-e63f391d5a57","Hasbro","VALID_BRAND","","","LOW","KEEP"
"afdbc94f-cf87-4c90-bbfc-3d43adce1705","Robocop Ultimate Battle Damaged With Chair Neca","43edaabc-3910-45ab-b93d-857698fad50b","NECA","VALID_BRAND","","","LOW","KEEP"
"ed41c02d-58b5-4932-b30d-ab0614bd8d99","Storm Black Costume X-men Marvel Legends Hasbro","0df4aeab-c5e9-4d35-8a9b-e63f391d5a57","Hasbro","VALID_BRAND","","","LOW","KEEP"
"f93842a1-808f-4196-85d3-a91931dc9250","Lion-o Thundercats Ultimates Wave1 Super7","28865b10-c492-4773-9810-270afa95b3d4","Super7","VALID_BRAND","","","LOW","KEEP"
"f3925732-d557-4e4f-8b8e-6ac471f1b1a2","Ruler Jeanne D'arc Fate Grand Order Figma 366","3cceef72-7927-4b1f-90fb-de4d61fd5792","Figma","VALID_BRAND","","","LOW","KEEP"
"b9fde2ce-abf3-4669-a405-ecb52b4e217c","Captain Marvel Avengers Endgame Marvel Figuarts Bandai","0df4aeab-c5e9-4d35-8a9b-e63f391d5a57","Hasbro","VALID_BRAND","","","LOW","KEEP"
"f870bbf0-7fab-48a7-aacb-8ffadc6eec39","Yoda Star Wars Revenge Of The Sith Figuarts Bandai","35d99a48-df19-4d41-8f1e-944862b40f3e","Bandai","VALID_BRAND","","","LOW","KEEP"
"bf70953c-9c41-4f5d-96d1-c630f4868e50","Pikachu Pokemon Figuarts Bandai","35d99a48-df19-4d41-8f1e-944862b40f3e","Bandai","VALID_BRAND","","","LOW","KEEP"
"d2d3b323-2df0-45e5-ac69-e5d8fe695f5c","Ishizaki Ryo Taki Hajime Captain Tsubasa Dasin Model","1131563d-5cd6-49f7-a3f1-7511da3e9a13","Dasin Model","VALID_BRAND","","","LOW","KEEP"
"46d46bfb-db87-49c4-902c-562f837900ea","Figura Articulada Broadway Colección Gárgolas Neca Ultimate Pvc 17cm","43edaabc-3910-45ab-b93d-857698fad50b","NECA","VALID_BRAND","","","LOW","KEEP"
"f9744f2a-e288-4b28-8ce8-4670ffd858d3","Mjolnir Thor Love And Thunder Marvel Legends Hasbro","0df4aeab-c5e9-4d35-8a9b-e63f391d5a57","Hasbro","VALID_BRAND","","","LOW","KEEP"
"64b66c6d-f974-4bd4-be78-77bc2ee02e0a","X-ray Skeleton Esqueleto Disfraz Halloween Hyde And Eek! X-ray Skeleton S","29c1fc40-1b27-49e6-9029-b081aecbb625","Hyde and EEK!","VALID_BRAND","","","LOW","KEEP"
"3e07cf38-8017-4603-a795-4962cb9123b0","Super Saiyan Goku Full Power Dragon Ball Figuarts Bandai","35d99a48-df19-4d41-8f1e-944862b40f3e","Bandai","VALID_BRAND","","","LOW","KEEP"
"ee08a336-9f80-45c1-a40b-a37b27da7458","Figura De Acción Slash Neca Para Colección Tortugas Ninja Mutantes, 15 Cm Articulada","43edaabc-3910-45ab-b93d-857698fad50b","NECA","VALID_BRAND","","","LOW","KEEP"
"04b33a17-1c8a-4f8f-81b2-332d08cc4dcb","Feral Ultimate Predator Depredador Prey Neca Dmg Box","43edaabc-3910-45ab-b93d-857698fad50b","NECA","VALID_BRAND","","","LOW","KEEP"
"94527ed2-ebea-452d-bf65-2d9796e0d1c7","Setsuna Meio Pluto Sailor Moon Figuarts Bandai","35d99a48-df19-4d41-8f1e-944862b40f3e","Bandai","VALID_BRAND","","","LOW","KEEP"
"5223434a-b379-4c5b-82b5-43f26fd6f03a","Ragnarok Thor Marvel Legends Hasbro","0df4aeab-c5e9-4d35-8a9b-e63f391d5a57","Hasbro","VALID_BRAND","","","LOW","KEEP"
"bbf7019a-7cb3-4a93-b563-d527d81064de","Wolverine Deadpool & Wolverine Marvel Legends Hasbro","0df4aeab-c5e9-4d35-8a9b-e63f391d5a57","Hasbro","VALID_BRAND","","","LOW","KEEP"
"c71dfae4-5727-4f54-a84b-72ef2baacbed","Warlord Professor X X-men Marvel Legends Hasbro","0df4aeab-c5e9-4d35-8a9b-e63f391d5a57","Hasbro","VALID_BRAND","","","LOW","KEEP"
"114ef44f-1ef4-4130-bdf6-c3e7005a5dfd","Bebop Rocksteady Tortugas Ninja Turtles Neca","43edaabc-3910-45ab-b93d-857698fad50b","NECA","VALID_BRAND","","","LOW","KEEP"
"f8dd1458-3a0d-4852-93b5-bbac3ed0733e","Gaara Naruto Shippuden Figuarts Bandai","35d99a48-df19-4d41-8f1e-944862b40f3e","Bandai","VALID_BRAND","","","LOW","KEEP"
"42bdb8c0-9254-4cdc-b277-2b464fe863df","Venom Agony Riot Marvel Legends Hasbro","0df4aeab-c5e9-4d35-8a9b-e63f391d5a57","Hasbro","VALID_BRAND","","","LOW","KEEP"
"ee08dedd-52bf-45af-a7ea-4c95ba80df04","Figura Chucky & Tiffany Pack Doble Bride Of Chucky Neca","43edaabc-3910-45ab-b93d-857698fad50b","NECA","VALID_BRAND","","","LOW","KEEP"
"13a26ff7-e751-49ae-9f33-926a4052ad7e","Crooked Man Ultimate The Conjuring Universe Neca","43edaabc-3910-45ab-b93d-857698fad50b","NECA","VALID_BRAND","","","LOW","KEEP"
"7400b98e-7ff5-4669-8570-b456064a1d8f","The Last Ronin Unarmored Tortugas Ninja Turtles Neca","43edaabc-3910-45ab-b93d-857698fad50b","NECA","VALID_BRAND","","","LOW","KEEP"
"93587a38-9ba0-4ee8-9e61-10ce70fdfda9","R2-d2 Star Wars A New Hope Figuarts Bandai","35d99a48-df19-4d41-8f1e-944862b40f3e","Bandai","VALID_BRAND","","","LOW","KEEP"
"57cbda50-6807-4d97-9e84-7b39403a47e8","Son Goku Ultra Instinct Sign Dragon Ball Super Evolve Bandai","35d99a48-df19-4d41-8f1e-944862b40f3e","Bandai","VALID_BRAND","","","LOW","KEEP"
"90013ddf-db66-4917-b848-7b792018a2e1","Warbird Dark Avengers Marvel Legends Hasbro","0df4aeab-c5e9-4d35-8a9b-e63f391d5a57","Hasbro","VALID_BRAND","","","LOW","KEEP"
"df3f1a04-05f1-4831-8a7d-febd0fe427eb","Carnage Symbiote Spiderman 90's Animated Marvel Legends","0df4aeab-c5e9-4d35-8a9b-e63f391d5a57","Hasbro","VALID_BRAND","","","LOW","KEEP"
"ca056d1c-2698-40ed-a454-12f57833b5a9","Sigma Mega Man Rockman Figuarts Zero Bandai","35d99a48-df19-4d41-8f1e-944862b40f3e","Bandai","VALID_BRAND","","","LOW","KEEP"
"32ada309-b7c9-482a-84a4-7b79b8e99139","Super Saiyan Trunks Dragon Ball Evolve Bandai","35d99a48-df19-4d41-8f1e-944862b40f3e","Bandai","VALID_BRAND","","","LOW","KEEP"
"68985ee4-49c9-42d1-8c87-4afdd09c244a","Cable X-men Marvel Legends Zabu Baf Hasbro","0df4aeab-c5e9-4d35-8a9b-e63f391d5a57","Hasbro","VALID_BRAND","","","LOW","KEEP"
"7c84ee94-1cfd-4859-9d5f-e78848dfa91b","Charizard Pokemon D-arts Bandai","35d99a48-df19-4d41-8f1e-944862b40f3e","Bandai","VALID_BRAND","","","LOW","KEEP"
"d3b8cf71-eada-4ae5-bfc4-467cf80366a2","Laurie Strode Ultimate Halloween (2018) Neca","43edaabc-3910-45ab-b93d-857698fad50b","NECA","VALID_BRAND","","","LOW","KEEP"
"273f6679-52de-40a4-a1b4-58ade8bd0c20","Chao Mascot Tails Sonic 3 La Película Series 2 Jakks Pacific","4c557954-aa44-444a-96c8-f1c714d5847f","Jakks Pacific","VALID_BRAND","","","LOW","KEEP"
"18b69ef6-a202-4648-a142-327432bc23c3","Yoshi Super Mario Figuarts Bandai Muñeco Figura","35d99a48-df19-4d41-8f1e-944862b40f3e","Bandai","VALID_BRAND","","","LOW","KEEP"
"7862de52-3ba6-4583-9899-381d8b7ec6ae","Michelangelo Mummy Universal Monsters Ninja Turtles Neca","43edaabc-3910-45ab-b93d-857698fad50b","NECA","VALID_BRAND","","","LOW","KEEP"
"b9e1e606-15ab-4413-b5e3-320c33678b3f","Growlithe The Pokemon Company Peluche 25cm","4d53b85f-735f-4b4f-9011-211a8b34d11d","The Pokémon Company","VALID_BRAND","","","LOW","KEEP"
"3a2a7e55-bc22-4965-82f9-255aa3b948fd","Jolteon Eevee Pokemon Center Peluche 20cm","b2d190fa-057b-44b8-868e-ced887d9e55a","TakaraTomy","VALID_BRAND","","","LOW","KEEP"
"bbcede17-a268-4913-81bc-73b166f72c41","Resident Evil 4 Remake Standard Edition (físico)","41853471-c222-41f6-b97a-059b08db5c90","Capcom","VALID_BRAND","","","LOW","KEEP"
"c95c884c-4ffa-452e-9269-08994c617ac8","Demona Ultimate Gargoyles Disney Neca","43edaabc-3910-45ab-b93d-857698fad50b","NECA","VALID_BRAND","","","LOW","KEEP"
"2ef62592-3ebd-4269-bb92-b92860f78769","Super Saiyan God Ss Gogeta Dragon Ball Evolve Bandai","35d99a48-df19-4d41-8f1e-944862b40f3e","Bandai","VALID_BRAND","","","LOW","KEEP"
"3ae3283b-3419-4d67-8ff8-c919551e6051","Ekans The Pokemon Company Peluche 100cm","4d53b85f-735f-4b4f-9011-211a8b34d11d","The Pokémon Company","VALID_BRAND","","","LOW","KEEP"
"4117f732-58fb-422f-b975-e2b431d09fd1","Rowlet The Pokemon Company Peluche 25cm","4d53b85f-735f-4b4f-9011-211a8b34d11d","The Pokémon Company","VALID_BRAND","","","LOW","KEEP"
"46115eb4-4af9-4f45-a96f-8d1a1dcfe0d7","Dragon Shiryu Saint Seiya Cosmo Memoir Bandai Banpresto","46b57b4d-a454-4fdd-ad71-5920d9def3dd","Banpresto","VALID_BRAND","","","LOW","KEEP"
"5aaa7b32-881b-486f-8053-5516a10ff17a","Michael Myers Ultimate Halloween Kills Neca","43edaabc-3910-45ab-b93d-857698fad50b","NECA","VALID_BRAND","","","LOW","KEEP"
"1d84ff42-655e-48a0-9ff2-1ba2018bda4c","Batman The Adventures Continue Dc Collectibles","ad5d4bf0-769c-49ea-9d84-211a2fb33a68","DC Collectibles","VALID_BRAND","","","LOW","KEEP"
"8ff6806d-8fcc-4a87-af87-0210cef76b15","Red Hood Batman Adventures Continue Page Punchers Mcfarlane","c2451c65-4354-4955-8afd-ad4bffecd26c","Mcfarlane","VALID_BRAND","","","LOW","KEEP"
"979670dd-6733-4702-87d7-7642a5c5ac6f","Miner My Bloody Valentine Ultimate Neca","43edaabc-3910-45ab-b93d-857698fad50b","NECA","VALID_BRAND","","","LOW","KEEP"
"e3356240-1912-456e-badd-cb42d64c5ac0","Mega Gengar The Pokemon Company Peluche 20cm","4d53b85f-735f-4b4f-9011-211a8b34d11d","The Pokémon Company","VALID_BRAND","","","LOW","KEEP"
"12bda238-47df-4550-b931-2d2c636baa59","Batman Justice League Animated Dc Collectibles","ad5d4bf0-769c-49ea-9d84-211a2fb33a68","DC Collectibles","VALID_BRAND","","","LOW","KEEP"
"71a5ff39-3b6b-41a9-a853-4fa39dbc135b","Baby Five Nights At Freddy S Muñeco","fac762b8-889d-4f6d-bf1c-da9f06dab0d7","Genérica","GENERIC_BRAND","","","LOW","REQUIRES_VENDOR_ATTENTION"
"6ec12cf2-c075-4eee-8639-258558b54865","The Catwoman From Channel 6 Tortugas Ninja Turtles Neca","43edaabc-3910-45ab-b93d-857698fad50b","NECA","VALID_BRAND","","","LOW","KEEP"
"0e697b06-a2b5-4b47-b622-5d9fa02a787c","The Last Ronin Rogue Derelict Tortugas Ninja Turtles Neca","43edaabc-3910-45ab-b93d-857698fad50b","NECA","VALID_BRAND","","","LOW","KEEP"
"1e10730a-3c39-4069-a677-01d87ed3fced","Goliath Ultimate Gargoyles Disney Neca","46b57b4d-a454-4fdd-ad71-5920d9def3dd","Banpresto","VALID_BRAND","","","LOW","KEEP"
"1f97eb61-cf75-4c63-b300-55d10806b3b1","Ursula Villains Princesas Disney Sirenita Disfraz Disguise Ursula S","4fc219c0-46af-4370-9676-6aeef1f35062","Disguise","VALID_BRAND","","","LOW","KEEP"
"0446ec92-cba0-4719-9158-a76c886692d9","Figura Articulada Thailog De Gárgolas Neca Coleccionable Plástico 20cm","43edaabc-3910-45ab-b93d-857698fad50b","NECA","VALID_BRAND","","","LOW","KEEP"
"3e026baf-c1a8-4091-9763-823cf782db17","Figura Articulada Neca Freddy Krueger Nightmare On Elm Street Ultimate","43edaabc-3910-45ab-b93d-857698fad50b","NECA","VALID_BRAND","","","LOW","KEEP"
"33de71b2-93a7-4d88-8cfe-0140c72887ec","Mer Man He-man Motu Club Grayskull Filmation Super7 Muñeco","28865b10-c492-4773-9810-270afa95b3d4","Super7","VALID_BRAND","","","LOW","KEEP"
"ec0ea48a-3dc9-4f1b-9400-1cccfa40e49b","Red Hulk Marvel Select","5f1f8d40-ec5c-4e95-9c55-7676bc9308b5","Marvel","LICENSE_AS_BRAND","","Marvel","LOW","REQUIRES_VENDOR_ATTENTION"
"00b790c9-aef1-4fe1-8cad-3f22be39502c","4 Pack Tortugas Ninja Turtles 2 Secret Of The Ooze Neca","43edaabc-3910-45ab-b93d-857698fad50b","NECA","VALID_BRAND","","","LOW","KEEP"
"210341a7-835e-4636-98ac-e821e5cee546","Mecha Sonic The Hedgehog Dr. Eggman 10cm Jakks Pacific","4c557954-aa44-444a-96c8-f1c714d5847f","Jakks Pacific","VALID_BRAND","","","LOW","KEEP"
"fa63db83-4136-4493-ab63-59c0bc14e6a1","Casey Jones Tortugas Ninja Turtles Ultimates Wave4 Super7","28865b10-c492-4773-9810-270afa95b3d4","Super7","VALID_BRAND","","","LOW","KEEP"
"50b53d2e-9120-4026-bed9-bc2c8c95e31c","Skeletor Ultimate He-man Club Grayskull Filmation Super7","28865b10-c492-4773-9810-270afa95b3d4","Super7","VALID_BRAND","","","LOW","KEEP"
"361328f3-6b57-4c2b-8f71-4764479af765","Steel Clan Robot Ultimate Gargoyles Disney Neca","43edaabc-3910-45ab-b93d-857698fad50b","NECA","VALID_BRAND","","","LOW","KEEP"
"3cb51639-277f-491a-80d9-8969ded9b4b1","Bulbasaur The Pokemon Company Peluche 30x30cm","4d53b85f-735f-4b4f-9011-211a8b34d11d","The Pokémon Company","VALID_BRAND","","","LOW","KEEP"
"da49ed59-228b-4fb8-b99a-f5b1486e1f0d","Creature Black Lagoon Black & White Universal Monsters Neca","43edaabc-3910-45ab-b93d-857698fad50b","NECA","VALID_BRAND","","","LOW","KEEP"
"d57b0620-af8a-45b8-b2a1-27f4f691ffbd","Pavitr Prabhakar Spiderman Across Spider Verse Marvel Legend","5f1f8d40-ec5c-4e95-9c55-7676bc9308b5","Marvel","LICENSE_AS_BRAND","","Marvel","LOW","REQUIRES_VENDOR_ATTENTION"
"181cde0c-d8a3-47b8-a83a-87e5a742b2f4","Accessory Pack Tortugas Ninja Turtles 2 Secret Ooze Neca","43edaabc-3910-45ab-b93d-857698fad50b","NECA","VALID_BRAND","","","LOW","KEEP"
"2c0ee182-66e3-4ba7-8964-12e367db73ae","Super Skrull Avengers Marvel Legends Hasbro Loose","5f1f8d40-ec5c-4e95-9c55-7676bc9308b5","Marvel","LICENSE_AS_BRAND","Hasbro","Marvel","HIGH","AUTO_ASSIGN_BRAND"
"945695e4-a2b4-4c93-8afb-f49ef4e2231e","Deadpool & Wolverine Película Marvel Legends Hasbro","5f1f8d40-ec5c-4e95-9c55-7676bc9308b5","Marvel","LICENSE_AS_BRAND","Hasbro","Marvel","HIGH","AUTO_ASSIGN_BRAND"
"0da42f0d-dea6-458c-9779-a7c63942145f","Vulpix The Pokemon Company Peluche 25cm","4d53b85f-735f-4b4f-9011-211a8b34d11d","The Pokémon Company","VALID_BRAND","","","LOW","KEEP"
"ecab95da-554e-4b42-995d-cffff61ff75d","Palkia Origin Form Pokemon Banpresto Peluche 32cm","5a3ac280-b44b-4d7b-a644-cdf6610e5e9a","Banpresto","VALID_BRAND","","","LOW","KEEP"
"cadcd72c-86fb-4682-b769-b7b287a844fe","T-rex Grey Jurassic World Lentes De Sol Uv400 Sun Statches T-rex Grey Gris","63e5e022-f208-433b-835d-63e90dcefc6a","Sun Statches","VALID_BRAND","","","LOW","KEEP"
"ee860a08-75fd-41f1-832d-21cecb342dcc","Miles Morales Spiderman Into Spider-verse Hot Toys Mms567","5f1f8d40-ec5c-4e95-9c55-7676bc9308b5","Marvel","LICENSE_AS_BRAND","Hot Toys","Marvel","HIGH","AUTO_ASSIGN_BRAND"
"3a97bbe2-1312-43d0-a5b1-1ce9192f89ac","Metalhead Tortugas Ninja Turtles Ultimates Wave3 Super7","28865b10-c492-4773-9810-270afa95b3d4","Super7","VALID_BRAND","","","LOW","KEEP"
"1abd979c-5360-43cc-af8c-8f006b23a2e8","Jason Voorhees Freddy Vs Jason Ultimate Neca","43edaabc-3910-45ab-b93d-857698fad50b","NECA","VALID_BRAND","","","LOW","KEEP"
"4745fdca-00ac-4f5b-80ea-56eeb752eb47","Capitan America Mascara Disfraz Cosplay Marvel Azul Marino Captain America","fac762b8-889d-4f6d-bf1c-da9f06dab0d7","Genérica","GENERIC_BRAND","","Marvel","LOW","REQUIRES_VENDOR_ATTENTION"
"fba25344-a45d-4983-b603-4e59aaf5b050","Darth Maul Sith Speeder Star Wars Black Series Hasbro","805f40a4-b371-40ac-ba05-ee277b20dd27","Star Wars","LICENSE_AS_BRAND","Hasbro","Star Wars","HIGH","AUTO_ASSIGN_BRAND"
"d36ea0b2-1e04-4a24-9752-08ce880320ee","Shadow Sonic The Hedgehog Gorro Shadow Único, Ajustable","","","MISSING_BRAND","","Sonic","LOW","REQUIRES_VENDOR_ATTENTION"
"9092897f-7d5f-4a76-bac2-d0cebca768a4","Figura Articulada Crabmeat Sonic The Hedgehog 6cm Coleccionable","","","MISSING_BRAND","","Sonic","LOW","REQUIRES_VENDOR_ATTENTION"
"cc0fff7f-a96f-49fc-b103-f70ddeec21f3","Magikarp The Pokemon Company Peluche 30cm","4d53b85f-735f-4b4f-9011-211a8b34d11d","The Pokémon Company","VALID_BRAND","","","LOW","KEEP"
"abde7f97-2128-46c1-8383-61dd8e2b5f15","Snorlax The Pokemon Company Peluche 25cm","4d53b85f-735f-4b4f-9011-211a8b34d11d","The Pokémon Company","VALID_BRAND","","","LOW","KEEP"
"4b8cd2ed-21be-4675-a4ad-cfe4f65e6be6","Poppolio The Pokemon Company Peluche 30cm","4d53b85f-735f-4b4f-9011-211a8b34d11d","The Pokémon Company","VALID_BRAND","","","LOW","KEEP"
"c6a7cd08-fb6a-4d39-9381-4de2301214e3","Mondo Gecko Tortugas Ninja Turtles Ultimates Wave4 Super7","28865b10-c492-4773-9810-270afa95b3d4","Super7","VALID_BRAND","","","LOW","KEEP"
"698966a3-4213-43ea-952b-7e2d339bc685","Figura De Acción De Pinocho Disney Ultimates Articulada Y Coleccionable","79352f1b-f900-4f8a-97dc-74649d3022d2","Disney","LICENSE_AS_BRAND","","Disney","LOW","REQUIRES_VENDOR_ATTENTION"
"2cb63a0f-b4d7-40df-ad48-b91b965692e5","Gyrados Pokemon Center Peluche 56cm","b2d190fa-057b-44b8-868e-ced887d9e55a","TakaraTomy","VALID_BRAND","","","LOW","KEEP"
"6974e3f2-1ff1-4dc3-85ca-96a39e1627c2","Charmander Pokemon Takara Tomy Peluche 20cm","b2d190fa-057b-44b8-868e-ced887d9e55a","TakaraTomy","VALID_BRAND","","","LOW","KEEP"
"2c1bccf6-2696-4e4d-90cc-0b7c28b585ea","Robin Teen Titans Go! Jovenes Titanes Peluche 25cm Robin","fac762b8-889d-4f6d-bf1c-da9f06dab0d7","Genérica","GENERIC_BRAND","","","LOW","REQUIRES_VENDOR_ATTENTION"
"a5ca9a9f-3352-480d-8c47-9f2ed83c99c2","Piplup The Pokemon Company Peluche 25cm","4d53b85f-735f-4b4f-9011-211a8b34d11d","The Pokémon Company","VALID_BRAND","","","LOW","KEEP"
"2cf4a1a1-2c40-4c05-9644-75d0e8c79029","Simba The Lion King El Rey León Disney Store Peluche 18cm","79352f1b-f900-4f8a-97dc-74649d3022d2","Disney","LICENSE_AS_BRAND","","Disney","LOW","REQUIRES_VENDOR_ATTENTION"
"191c7b7f-5276-44ee-88b9-2db79697ebaa","Pichu The Pokemon Company Peluche 28cm","4d53b85f-735f-4b4f-9011-211a8b34d11d","The Pokémon Company","VALID_BRAND","","","LOW","KEEP"
"6312d0ca-b837-42d8-87bc-308fdab6aa62","Eevee The Pokemon Company Peluche 25cm","4d53b85f-735f-4b4f-9011-211a8b34d11d","The Pokémon Company","VALID_BRAND","","","LOW","KEEP"
"dc9b001f-bc6b-4f36-bdc0-7e96e93062ef","The Joker Deluxe Edition Dc Mezco One:12 Exclusive","65e6db0a-f7cc-49e4-9d2e-2bac37eaf8da","Mezco Toyz","VALID_BRAND","","","LOW","KEEP"
"725fd036-adbc-4ae0-b0d4-e07df15a28f3","Pikachu The Pokemon Company Peluche 25cm","4d53b85f-735f-4b4f-9011-211a8b34d11d","The Pokémon Company","VALID_BRAND","","","LOW","KEEP"
"b0a389fd-ba5a-49f2-8b9c-0afbbbe2c0cb","Five Nights At Freddy´s Lentes De Sol Uv400 Sun Statches Freddyfazbear Gris Negro","63e5e022-f208-433b-835d-63e90dcefc6a","Sun Statches","VALID_BRAND","","","LOW","KEEP"
"34ac5e3f-4e9c-4a3d-98b8-cec0911a609a","Pinocchio Disney Ultimates Wave1 Super7","79352f1b-f900-4f8a-97dc-74649d3022d2","Disney","LICENSE_AS_BRAND","Super7","Disney","HIGH","AUTO_ASSIGN_BRAND"
"f4772d5c-150d-4eda-9a6b-3e703ae9cf03","Jazmin Jasmine Aladdin Story Doll Princesas Disney Store","79352f1b-f900-4f8a-97dc-74649d3022d2","Disney","LICENSE_AS_BRAND","","Disney","LOW","REQUIRES_VENDOR_ATTENTION"
"28e3d11a-e7c5-4a70-80a9-b00788b7ced4","Mantenna He-man Motu Club Grayskull Filmation Super7 Muñeco","28865b10-c492-4773-9810-270afa95b3d4","Super7","VALID_BRAND","","","LOW","KEEP"
"2ef625b6-4340-4ff3-b4aa-f3851129ef24","Superman Red Son Dc Mezco One:12 Px Exclusive","65e6db0a-f7cc-49e4-9d2e-2bac37eaf8da","Mezco Toyz","VALID_BRAND","","","LOW","KEEP"
"e6946d37-c403-4a53-914e-9155ec1d139a","Elsa & Ice Nokk Frozen 2 Disney Store Exclusive","79352f1b-f900-4f8a-97dc-74649d3022d2","Disney","LICENSE_AS_BRAND","","Disney","LOW","REQUIRES_VENDOR_ATTENTION"
"7c152663-41e7-42b1-b963-f7582965c301","Bonk Choy Plantas Vs Zombies Peluche 15cm Bonk Choy","","","MISSING_BRAND","","","LOW","REQUIRES_VENDOR_ATTENTION"
"5caaffc9-7bb8-40f5-845e-8da40c8dd98b","Knull Venom King In Black Marvel Legends Hasbro","5f1f8d40-ec5c-4e95-9c55-7676bc9308b5","Marvel","LICENSE_AS_BRAND","Hasbro","Marvel","HIGH","AUTO_ASSIGN_BRAND"
"16bcf942-bc8e-4bab-a008-f889891fa020","Queen Anna Frozen Classic Doll Princesas Disney Store","79352f1b-f900-4f8a-97dc-74649d3022d2","Disney","LICENSE_AS_BRAND","","Disney","LOW","REQUIRES_VENDOR_ATTENTION"
"7e63a49a-59e0-4c2f-ade9-aa5021b3c8b3","Sylveon Eevee Pokemon Center Peluche 20cm","b2d190fa-057b-44b8-868e-ced887d9e55a","TakaraTomy","VALID_BRAND","","","LOW","KEEP"
"2860ad81-cfbc-4d7b-9d02-00f6afe66704","Mutagen Man Tortugas Ninja Turtles Ultimates Wave2 Super7","28865b10-c492-4773-9810-270afa95b3d4","Super7","VALID_BRAND","","","LOW","KEEP"
"555a88c4-db52-49ed-a0de-65b8ac6dd34a","Wendy Peter Pan Classic Doll Princesas Disney Store","79352f1b-f900-4f8a-97dc-74649d3022d2","Disney","LICENSE_AS_BRAND","","Disney","LOW","REQUIRES_VENDOR_ATTENTION"
"34a0c276-a19c-4eca-8b89-54705adc0428","Tiana Classic Doll Princesas Disney Store","79352f1b-f900-4f8a-97dc-74649d3022d2","Disney","LICENSE_AS_BRAND","","Disney","LOW","REQUIRES_VENDOR_ATTENTION"
"867a761a-7731-4c0d-8842-3ee174f2cece","Obsidian Silver Surfer Marvel Legends Hasbro","0df4aeab-c5e9-4d35-8a9b-e63f391d5a57","Hasbro","VALID_BRAND","","","LOW","KEEP"
"d739ab73-8791-4636-8c8c-f515b5915127","Hudson Ultimate Gargoyles Disney Neca","79352f1b-f900-4f8a-97dc-74649d3022d2","Disney","LICENSE_AS_BRAND","NECA","Disney","HIGH","AUTO_ASSIGN_BRAND"
"37f0e0a2-7780-4b67-85b6-c14f81e54988","Tinker Bell Campanita Peter Pan Story Doll Princesas Disney","79352f1b-f900-4f8a-97dc-74649d3022d2","Disney","LICENSE_AS_BRAND","","Disney","LOW","REQUIRES_VENDOR_ATTENTION"
"abe891a6-a0f3-433c-b26c-8ca34e13f5c8","Blancanieves Snow White Story Doll Princesas Disney Store","79352f1b-f900-4f8a-97dc-74649d3022d2","Disney","LICENSE_AS_BRAND","","Disney","LOW","REQUIRES_VENDOR_ATTENTION"
"2ccd3f36-c255-428e-8409-3f0b7166c1c0","Mulan Classic Doll Princesas Disney Store","79352f1b-f900-4f8a-97dc-74649d3022d2","Disney","LICENSE_AS_BRAND","","Disney","LOW","REQUIRES_VENDOR_ATTENTION"
"e479060e-ff7b-492e-b123-6237de043621"," Spiderman 2 Gamerverse Marvel Legends Hasbro","0df4aeab-c5e9-4d35-8a9b-e63f391d5a57","Hasbro","VALID_BRAND","","","LOW","KEEP"
"d400bdb6-bb34-4146-bcce-f967e9ac6353","Darth Vader Lightsaber Electrónico Star Wars Disney Shop","79352f1b-f900-4f8a-97dc-74649d3022d2","Disney","LICENSE_AS_BRAND","","Disney","LOW","REQUIRES_VENDOR_ATTENTION"
"f2060bb4-1855-4d5b-b8dd-56dccd0a3aa1","Aurora Bella Durmiente Story Doll Princesas Disney Store","79352f1b-f900-4f8a-97dc-74649d3022d2","Disney","LICENSE_AS_BRAND","","Disney","LOW","REQUIRES_VENDOR_ATTENTION"
"2559d2d2-3cad-43c9-b960-aa986a8dcc59","Zombie Pigman Minecraft Disfraz Disguise Zombie Pigman S","4fc219c0-46af-4370-9676-6aeef1f35062","Disguise","VALID_BRAND","","","LOW","KEEP"
"c37e5717-d75f-4586-b36c-22336bab87ee","Sandman Spiderman Marvel Legends Hasbro","0df4aeab-c5e9-4d35-8a9b-e63f391d5a57","Hasbro","VALID_BRAND","","","LOW","KEEP"
"57487ea7-a50e-4596-bdc0-9f4062800a4e","Dr. Eggman Sonic The Hedgehog 10cm Wave 5 Jakks Pacific","79c769ff-c82f-4a74-82de-790b8c3ecf05","Jakks Pacific","VALID_BRAND","","","LOW","KEEP"
"8aa7456a-624e-43f5-acf5-f74bff68f985","Blancanieves Snow White Classic Doll Princesas Disney Store","79352f1b-f900-4f8a-97dc-74649d3022d2","Disney","LICENSE_AS_BRAND","","Disney","LOW","REQUIRES_VENDOR_ATTENTION"
"f25df075-1c28-4571-840a-0f0480c8df0a","Ariel La Sirenita Story Doll Princesas Disney Store","79352f1b-f900-4f8a-97dc-74649d3022d2","Disney","LICENSE_AS_BRAND","","Disney","LOW","REQUIRES_VENDOR_ATTENTION"
"42c702e0-1551-4cab-8c71-9c1402e584d4","Harry Potter Gryffindor Hufflepuff Capa Tunica Disguise Amarillo/negro M (talle Único)","4fc219c0-46af-4370-9676-6aeef1f35062","Disguise","VALID_BRAND","","","LOW","KEEP"
"34f72ecd-2c6a-48b6-9b21-78551d1f8d66","Cococañon Coconut Cannon Plantas Vs Zombies Peluche 18cm Cococañon","","","MISSING_BRAND","","","LOW","REQUIRES_VENDOR_ATTENTION"
"d7812388-4a53-485f-85ce-c258e8634f97","Solid Snake Metal Gear Solid Revoltech Revolmini Rm-001","6abc6d45-df6f-48b2-bb61-6b40d8c5cb7a","Revoltech","VALID_BRAND","","","LOW","KEEP"
"1b116d02-718b-4552-8897-d9536636efde","Super Mario Red Mushrom 10cm Wave 19 Nintendo Jakks Muñeco","79c769ff-c82f-4a74-82de-790b8c3ecf05","Jakks Pacific","VALID_BRAND","","","LOW","KEEP"
"c0462006-4fa9-479a-9e0d-68bd23b8e243","Super Sonic 3 La Película Series 2 Jakks Pacific","4c557954-aa44-444a-96c8-f1c714d5847f","Jakks Pacific","VALID_BRAND","","","LOW","KEEP"
"51ea9ecb-8764-480f-8fa8-cd1834df83bc","Tweak Octonautas Peluche Grande 30cm","c78e66a1-7c09-4912-ab8d-4a2c3aa251ee","Octonautas","VALID_BRAND","","","LOW","KEEP"
"bba2760c-0241-410f-a683-06bdc1c481c9","Simba The Lion King El Rey León Peluche 30cm","fac762b8-889d-4f6d-bf1c-da9f06dab0d7","Genérica","GENERIC_BRAND","","","LOW","REQUIRES_VENDOR_ATTENTION"
"96c33466-138a-4fe6-9d90-adbdd3bc22f8","Matoi Ryuko Kill La Kill Figma 220","3cceef72-7927-4b1f-90fb-de4d61fd5792","Figma","VALID_BRAND","","","LOW","KEEP"
"4d76f197-c682-44f6-87fc-ae38cd76d4c9","Eggrobo Sonic The Hedgehog 10cm Wave 9 Jakks Pacific","79c769ff-c82f-4a74-82de-790b8c3ecf05","Jakks Pacific","VALID_BRAND","","","LOW","KEEP"
"52389852-a9e0-4fa7-851c-da07e0042569","Stitch Disney Lentes De Sol Uv400 Sun Statches Stitch Gris Celeste","63e5e022-f208-433b-835d-63e90dcefc6a","Sun Statches","VALID_BRAND","","","LOW","KEEP"
"215019cf-c005-4f76-bd21-15811e96a986","Sonic The Hedgehog 30th Anniversary 6cm Jakks Pacific","79c769ff-c82f-4a74-82de-790b8c3ecf05","Jakks Pacific","VALID_BRAND","","","LOW","KEEP"
"6b53dc51-8513-4a72-afad-d415674da8b5","Moto Bug Sonic The Hedgehog 6cm Wave 6 Jakks","79c769ff-c82f-4a74-82de-790b8c3ecf05","Jakks Pacific","VALID_BRAND","","","LOW","KEEP"
"7fd867c6-ce1e-4e0a-946a-733155d51904","Luminara Unduli Star Wars Clone Wars Vintage Hasbro","805f40a4-b371-40ac-ba05-ee277b20dd27","Star Wars","LICENSE_AS_BRAND","Hasbro","Star Wars","HIGH","AUTO_ASSIGN_BRAND"
"64d56669-123e-4f2f-bfb4-ba792ca244e4","Sonic The Hedgehog 10cm Wave 7 Jakks Pacific","79c769ff-c82f-4a74-82de-790b8c3ecf05","Jakks Pacific","VALID_BRAND","","","LOW","KEEP"
"b36a3067-a6c5-413e-a527-1ccc809b1836","Sonic The Hedgehog 10cm Wave 5 Jakks Pacific","79c769ff-c82f-4a74-82de-790b8c3ecf05","Jakks Pacific","VALID_BRAND","","","LOW","KEEP"
"27c6a3f8-c34a-46f2-b6f4-9e58cdac6e09","Figura De Acción Articulada Aayla Secura De Star Wars Vintage Hasbro","805f40a4-b371-40ac-ba05-ee277b20dd27","Star Wars","LICENSE_AS_BRAND","Hasbro","Star Wars","HIGH","AUTO_ASSIGN_BRAND"
"9fae8fcc-e623-4226-8fee-219cc2bf4c15","Zeraora Pokemon Center Peluche 25cm","b2d190fa-057b-44b8-868e-ced887d9e55a","TakaraTomy","VALID_BRAND","","","LOW","KEEP"
"04f00da1-eb16-4cba-87bd-1fc760ee0c6f","Man Bat Batman The Animated Series Kenner Muñeco Figura","7dadd647-50c7-4f53-ab9f-0848b3287991","Kenner","VALID_BRAND","","","LOW","KEEP"
"f973ff83-2913-4eba-a427-d4ee92326b9b","Princess Leia Organa Star Wars Black Series Archive Hasbro","805f40a4-b371-40ac-ba05-ee277b20dd27","Star Wars","LICENSE_AS_BRAND","Hasbro","Star Wars","HIGH","AUTO_ASSIGN_BRAND"
"e60f033d-a3b9-45c8-ada3-d07b124583b8","Figura De Acción Star Wars Boba Fett De The Vintage Collection Hasbro","805f40a4-b371-40ac-ba05-ee277b20dd27","Star Wars","LICENSE_AS_BRAND","Hasbro","Star Wars","HIGH","AUTO_ASSIGN_BRAND"
"9c5c9e76-1b02-470e-8544-57b3077b3558","Princess Leia Organa Star Wars Black Series Hasbro","805f40a4-b371-40ac-ba05-ee277b20dd27","Star Wars","LICENSE_AS_BRAND","Hasbro","Star Wars","HIGH","AUTO_ASSIGN_BRAND"
"bdc495f3-9080-4c55-b672-9a801f48adac","Angel X-men Marvel Legends Hasbro","0df4aeab-c5e9-4d35-8a9b-e63f391d5a57","Hasbro","VALID_BRAND","","","LOW","KEEP"
"5e304c85-c359-40a0-ac41-f751d952381a","Don't Talk To Strangers Juego De Mesa Cryptozoic","883d58e3-5edd-4b93-bb52-fd30bdf095ee","Cryptozoic Entertainment","VALID_BRAND","","","LOW","KEEP"
"8da8c93b-f4eb-4a36-8679-23b48de23e5f","Figura De Acción Shin Hati Star Wars The Black Series De Ahsoka, Articulada Para Coleccionistas","805f40a4-b371-40ac-ba05-ee277b20dd27","Star Wars","LICENSE_AS_BRAND","","Star Wars","LOW","REQUIRES_VENDOR_ATTENTION"
"6cf21c76-74b2-4fba-9c3e-d07874719986","The Spot Spiderman Across Spider-verse Marvel Legends","0df4aeab-c5e9-4d35-8a9b-e63f391d5a57","Hasbro","VALID_BRAND","","","LOW","KEEP"
"2f9e5d9c-2b00-4132-873f-1bd007e3ca19","Pinhead Hellraiser 3 Hell On Earth Mascara Ghoulish Pinhead","929ee407-8c5b-4886-a739-6c512c55122c","Ghoulish Productions","VALID_BRAND","","","LOW","KEEP"
"2d9cc175-6537-4f6a-a2c7-14ca0955c05c","Mystique X-men 90's Animated Series Marvel Legends Hasbro","0df4aeab-c5e9-4d35-8a9b-e63f391d5a57","Hasbro","VALID_BRAND","","","LOW","KEEP"
"e3e8f04d-a1d6-4cec-be0b-8108e373ad5e","Doctor Strange Marvel Legends Hasbro","0df4aeab-c5e9-4d35-8a9b-e63f391d5a57","Hasbro","VALID_BRAND","","","LOW","KEEP"
"0f307df1-ff14-4ced-82e5-3d8cbc3d2b29","The Sentry Marvel Legends Hasbro","0df4aeab-c5e9-4d35-8a9b-e63f391d5a57","Hasbro","VALID_BRAND","","","LOW","KEEP"
"73b8866e-12d3-4fc9-99a9-376dbcf4a327","Hades Saint Cloth Myth Ex Metal Bandai","35d99a48-df19-4d41-8f1e-944862b40f3e","Bandai","VALID_BRAND","","","LOW","KEEP"
"561a0144-e0e9-4fa2-8534-df9f4209018d","Killer Croc Batman The Animated Series Dc Collectibles 47","ad5d4bf0-769c-49ea-9d84-211a2fb33a68","DC Collectibles","VALID_BRAND","","","LOW","KEEP"
"9973564f-5dba-49fb-af2d-6eb4e338b297","Leonardo Tortugas Ninja Movie Star Playmates","944a8649-47e9-47cc-bfcb-5320ea5a1adb","Playmates Toys","VALID_BRAND","","","LOW","KEEP"
"adbdb185-6301-4698-99b2-f653be8cadb8","Raichu Pokemon Jazwares Peluche 30cm","e28345e2-abee-4faf-9fdf-937acd487cd3","Jazwares","VALID_BRAND","","","LOW","KEEP"
"e781a184-adbc-4174-b1a9-b56b867ad45d","Rogue X-men 97 Marvel Legends Hasbro","0df4aeab-c5e9-4d35-8a9b-e63f391d5a57","Hasbro","VALID_BRAND","","","LOW","KEEP"
"5314c705-0d59-433e-818e-18b46b04a1b7","Pikachu Pokemon Center Peluche 20cm","b2d190fa-057b-44b8-868e-ced887d9e55a","TakaraTomy","VALID_BRAND","","","LOW","KEEP"
"deb126d0-ca6c-4ad6-86d1-859ea7487c70","Liquid Snake Metal Gear Solid Square Enix Play Arts Kai","9476b914-5aa8-457a-8850-f318212d9cd2","Square Enix","VALID_BRAND","","","LOW","KEEP"
"3274c67e-738b-4e73-8cfd-fb2e5f012e2f","Michelangelo Tortugas Ninja Turtles Classic Playmates","944a8649-47e9-47cc-bfcb-5320ea5a1adb","Playmates Toys","VALID_BRAND","","","LOW","KEEP"
"c4227674-343a-4f05-8e74-15f02ca713ac","Michelangelo Tortugas Ninja Turtles Shellraiser Playmates","944a8649-47e9-47cc-bfcb-5320ea5a1adb","Playmates Toys","VALID_BRAND","","","LOW","KEEP"
"85e60bb4-68db-4fe3-ad75-f99b5a3a0b27","Meryl Silverburgh Metal Gear Solid Square Enix Play Arts Kai","9476b914-5aa8-457a-8850-f318212d9cd2","Square Enix","VALID_BRAND","","","LOW","KEEP"
"ce219604-fb98-4324-85b8-a89c3ab559c0","Tom Y Jerry Peluche 45cm Hugkis Tom","9c80932d-e60c-45ed-98d2-7a83162d1bba","Hugkis","VALID_BRAND","","","LOW","KEEP"
"6fa788bf-0b24-40dc-bae5-e09f1fdcc314","Tom Y Jerry Peluche 32cm Hugkis Jerry","9c80932d-e60c-45ed-98d2-7a83162d1bba","Hugkis","VALID_BRAND","","","LOW","KEEP"
"8f141158-601b-4dc5-ab32-6509e9012533","Trunks Infinite Latent Super Power Dragon Ball Z Figuarts","ac7605c0-b9cd-4f1b-b113-26ea81b5f434","Bandai Spirits","VALID_BRAND","","","LOW","KEEP"
"7ab1cf1d-8f36-4dbf-b733-8763948c273a","Skibidi Toilet 1 Mistery Pack","fac762b8-889d-4f6d-bf1c-da9f06dab0d7","Genérica","GENERIC_BRAND","","","LOW","REQUIRES_VENDOR_ATTENTION"
"e23f225e-6769-4db2-b36c-5b18bfe1bdfc","Shiny Dragonair Pokemon Center Peluche 68cm","b2d190fa-057b-44b8-868e-ced887d9e55a","TakaraTomy","VALID_BRAND","","","LOW","KEEP"
"7d3f3eb7-e58b-4497-9cb7-206eb944ea9a","Evil Lyn He-man Motu Club Grayskull Filmation Mattel Muñeco","ad42bb8f-2dee-4f99-b47a-85c1d029b528","Mattel","VALID_BRAND","","","LOW","KEEP"
"8741f52f-8e2a-4902-896b-c2dbe7cb8730","Grogu Baby Yoda Parlante Mandalorian Star Wars Premium Plush","ad42bb8f-2dee-4f99-b47a-85c1d029b528","Mattel","VALID_BRAND","","","LOW","KEEP"
"35e3c4f7-9cde-4ab2-914c-e241df062755","Cars 3 Florida 500 Piston Cup Race Disney Pixar Mattel Lightning Mcqueen, Mater, Cruz Ramirez, Jackson Storm,mack","ad42bb8f-2dee-4f99-b47a-85c1d029b528","Mattel","VALID_BRAND","","","LOW","KEEP"
"75d38a95-184e-43ee-9788-2bb3f58b2e7b","Storm Thunderbird X-men Marvel Legends Hasbro","0df4aeab-c5e9-4d35-8a9b-e63f391d5a57","Hasbro","VALID_BRAND","","","LOW","KEEP"
"f3df13a7-f053-4684-9cfe-2b9ff6809cc8","Guard Hellfire Club Marvel Legends Hasbro","0df4aeab-c5e9-4d35-8a9b-e63f391d5a57","Hasbro","VALID_BRAND","","","LOW","KEEP"
"5894bdf4-e8e5-48fc-b5a3-d689c7bea104","Cars 15 Mini Vehiculos Metal Disney Pixar Mattel 15personajesset1 Varios","ad42bb8f-2dee-4f99-b47a-85c1d029b528","Mattel","VALID_BRAND","","","LOW","KEEP"
"02a2dc92-f37d-467e-88c6-3524eac2ce67","Scarecrow Batman The Animated Series Dc Collectibles 44","ad5d4bf0-769c-49ea-9d84-211a2fb33a68","DC Collectibles","VALID_BRAND","","","LOW","KEEP"
"e729635a-eb32-45f2-bc99-a838c45788ad","Doc Ock Aunt May Spiderman 90's Animated Marvel Legends","0df4aeab-c5e9-4d35-8a9b-e63f391d5a57","Hasbro","VALID_BRAND","","","LOW","KEEP"
"0dcaabd9-7ecd-4793-9a46-d8f37bce510c","Mack 2en1 Camión Estación Tune-up Cars Disney Pixar Mattel Mack","ad42bb8f-2dee-4f99-b47a-85c1d029b528","Mattel","VALID_BRAND","","","LOW","KEEP"
"bed39ef1-f906-4ea1-9592-e4fa49a91a75","Lucario Pokemon Center Peluche 30cm","b2d190fa-057b-44b8-868e-ced887d9e55a","TakaraTomy","VALID_BRAND","","","LOW","KEEP"
"3dcf7b52-ca41-4fe3-b058-3e6ba5b4a06d"," Spiderman No Way Home Tobey Maguire Marvel Legends Hasbro","0df4aeab-c5e9-4d35-8a9b-e63f391d5a57","Hasbro","VALID_BRAND","","","LOW","KEEP"
"09dc359f-6a40-4e74-9d98-b2022ef7dcb7","H.a.r.d.a.c. Batman The Animated Series Dc Collectibles 42","ad5d4bf0-769c-49ea-9d84-211a2fb33a68","DC Collectibles","VALID_BRAND","","","LOW","KEEP"
"655cda69-459b-4c2f-974a-12cfcd59707a","Superman Justice League Animated Dc Collectibles","ad5d4bf0-769c-49ea-9d84-211a2fb33a68","DC Collectibles","VALID_BRAND","","","LOW","KEEP"
"8aa895b0-2366-4143-9901-32c04ad54764","Sylveon Eevee The Pokemon Company Peluche 30cm Sylveon","b2d190fa-057b-44b8-868e-ced887d9e55a","TakaraTomy","VALID_BRAND","","","LOW","KEEP"
"a0b9fa45-0094-41f5-8f32-cb5e940b8e13","Martian Manhunter Justice League Animated Dc Collectibles","ad5d4bf0-769c-49ea-9d84-211a2fb33a68","DC Collectibles","VALID_BRAND","","","LOW","KEEP"
"64d15d31-14c1-4da5-8573-58e2653ed886","Transformers Wfc Kingdome Core Class - Optimus Prime [ms","","","MISSING_BRAND","","Transformers","LOW","REQUIRES_VENDOR_ATTENTION"
"ae88124a-db01-4657-a38d-9b3479c02e6b","Planta Carnívora Chomper Plantas Vs Zombies Peluche 18cm","","","MISSING_BRAND","","","LOW","REQUIRES_VENDOR_ATTENTION"
"07d076bb-cc7e-45a8-b0a7-c402bd6a9c21","Kwazii Octonautas Peluche Grande 30cm","c78e66a1-7c09-4912-ab8d-4a2c3aa251ee","Octonautas","VALID_BRAND","","","LOW","KEEP"
"54bc224a-2c40-4a4b-813f-5e9477b5b36f","Robin Batman The Adventures Continue Dc Collectibles","ad5d4bf0-769c-49ea-9d84-211a2fb33a68","DC Collectibles","VALID_BRAND","","","LOW","KEEP"
"e584077d-e5a8-4e60-9aa4-3bdb379b44de","The Joker Batman The Adventures Continue Dc Collectibles","ad5d4bf0-769c-49ea-9d84-211a2fb33a68","DC Collectibles","VALID_BRAND","","","LOW","KEEP"
"967b7db6-de97-484a-8e5f-4b50dddfad73","Michelangelo Alfred Batman Vs Tmnt Dc Collectibles","ad5d4bf0-769c-49ea-9d84-211a2fb33a68","DC Collectibles","VALID_BRAND","","","LOW","KEEP"
"06121e38-baaf-4994-a8a6-6feaba30e583","Naruto Bandana Aldea Nubes Renegado Negro Único","fac762b8-889d-4f6d-bf1c-da9f06dab0d7","Genérica","GENERIC_BRAND","","Naruto","LOW","REQUIRES_VENDOR_ATTENTION"
"e1113f3a-dcbc-448f-a385-4ed334273118","Latias Pikachu Pokemon Center Peluche 28cm","b2d190fa-057b-44b8-868e-ced887d9e55a","TakaraTomy","VALID_BRAND","","","LOW","KEEP"
"8ba1e938-f71e-42aa-b711-7117845295d7","Two-face The New Batman Adventures Dc Collectibles 02","ad5d4bf0-769c-49ea-9d84-211a2fb33a68","DC Collectibles","VALID_BRAND","","","LOW","KEEP"
"72046223-1957-4198-a366-25fbe4625749","Poison Ivy The New Batman Adventures Dc Collectibles 08","ad5d4bf0-769c-49ea-9d84-211a2fb33a68","DC Collectibles","VALID_BRAND","","","LOW","KEEP"
"102a7ba6-fb0e-46c3-82c4-a3cd29711e10","Umbreon Eevee Pokemon Center Peluche 20cm","b2d190fa-057b-44b8-868e-ced887d9e55a","TakaraTomy","VALID_BRAND","","","LOW","KEEP"
"08d074d4-0cfb-41b2-a802-59dcebbca8c6","Flareon Eevee Pokemon Center Peluche 20cm","b2d190fa-057b-44b8-868e-ced887d9e55a","TakaraTomy","VALID_BRAND","","","LOW","KEEP"
"5951b489-628c-46f1-911d-b2ee8202a47b","Leafon Eevee Pokemon Center Peluche 20cm","b2d190fa-057b-44b8-868e-ced887d9e55a","TakaraTomy","VALID_BRAND","","","LOW","KEEP"
"4d594e7b-66d5-4ab4-8ed0-23b26542a9e5","Eevee Pokemon Center Peluche 15cm","b2d190fa-057b-44b8-868e-ced887d9e55a","TakaraTomy","VALID_BRAND","","","LOW","KEEP"
"75089b6b-e8b5-4057-98b8-5aea0ea63adc","Snorlax Pokemon Center Peluche 20cm","b2d190fa-057b-44b8-868e-ced887d9e55a","TakaraTomy","VALID_BRAND","","","LOW","KEEP"
"7b5a4a95-d9e5-4bb3-a73d-2e6549681621","Rayquaza Pokemon Center Peluche 75cm Rayquaza","b2d190fa-057b-44b8-868e-ced887d9e55a","TakaraTomy","VALID_BRAND","","","LOW","KEEP"
"01e20b9d-0159-44ab-aa43-9a56aa1b2ab6","Koraidon Pokemon Center Peluche 30cm","b2d190fa-057b-44b8-868e-ced887d9e55a","TakaraTomy","VALID_BRAND","","","LOW","KEEP"
"70edf820-6f2a-4149-ae9e-d795ddcee48d","Shiny Vaporeon Eevee Pokemon Center Peluche 20cm","b2d190fa-057b-44b8-868e-ced887d9e55a","TakaraTomy","VALID_BRAND","","","LOW","KEEP"
"e37dec2e-e5fc-4a51-b00c-40645ef02cbe","Umbreon Eevee Pokemon Center Peluche 28cm","b2d190fa-057b-44b8-868e-ced887d9e55a","TakaraTomy","VALID_BRAND","","","LOW","KEEP"
"9c8c0f36-ee4a-4dba-96d3-00ee8a8c67f0","Jolteon Eevee Pokemon Center Peluche 28cm","b2d190fa-057b-44b8-868e-ced887d9e55a","TakaraTomy","VALID_BRAND","","","LOW","KEEP"
"2a2b994d-d5f8-43d0-9034-98901588bf1b","Eevee Pokemon Takara Tomy Peluche 20cm","b2d190fa-057b-44b8-868e-ced887d9e55a","TakaraTomy","VALID_BRAND","","","LOW","KEEP"
"7c343d68-7e18-41a5-b6bb-badd3104096c","Shiny Greninja Pokemon Peluche 30cm Shiny Greninja","b2d190fa-057b-44b8-868e-ced887d9e55a","TakaraTomy","VALID_BRAND","","","LOW","KEEP"
"6fc06f1e-697d-4d8d-a58a-c682dc793c3f","Vaporeon Eevee Pokemon Takara Tomy Peluche 30cm","b2d190fa-057b-44b8-868e-ced887d9e55a","TakaraTomy","VALID_BRAND","","","LOW","KEEP"
"70196654-df34-40f0-87ab-6edd774a16bd","Lapras Pokemon Moncolle Ex Takara Tomy Ehp_06","b2d190fa-057b-44b8-868e-ced887d9e55a","TakaraTomy","VALID_BRAND","","","LOW","KEEP"
"b0013bee-9a34-43e7-a6e7-d55b6de7f316","Shellington Octonautas Peluche 30cm","c78e66a1-7c09-4912-ab8d-4a2c3aa251ee","Octonautas","VALID_BRAND","","","LOW","KEEP"
"75ee3c68-a909-4fa7-b645-96d501a58c63","Figura De Acción Charizard Ms-15 De Takara Tomy Monster Collection Ex","b2d190fa-057b-44b8-868e-ced887d9e55a","TakaraTomy","VALID_BRAND","","","LOW","KEEP"
"5de5e45c-db6f-49aa-83c9-167a6e5d998a","Figura De Acción Mcfarlane Toys: Superman Traje Negro De Dc Multiverse","c2451c65-4354-4955-8afd-ad4bffecd26c","Mcfarlane","VALID_BRAND","","","LOW","KEEP"
"46c6247a-ecb5-4aca-a2bf-1a39ed834d4d","Plantas Vs Zombies 4 Figuras Con Mochila","","","MISSING_BRAND","","","LOW","REQUIRES_VENDOR_ATTENTION"
"75102559-efd3-43e0-9ab7-3a171357ff28","Dr. Eggman Sonic The Hedgehog 10cm Wave 8 Jakks Pacific","79c769ff-c82f-4a74-82de-790b8c3ecf05","Jakks Pacific","VALID_BRAND","","","LOW","KEEP"
"b947e0dd-3635-4ee4-9977-5ac6ebd0edf1","Zombi Morado Plantas Vs Zombies Peluche 30cm Zombie Morado","","","MISSING_BRAND","","","LOW","REQUIRES_VENDOR_ATTENTION"
"13fd63e7-2c61-4d02-8b30-bbcffa4a414f","Superman Justice League 2021 Dc Multiverse Mcfarlane","c2451c65-4354-4955-8afd-ad4bffecd26c","Mcfarlane","VALID_BRAND","","","LOW","KEEP"
"56e3e853-5e68-4b40-ac77-d7b87e024fe6","Peso Octonautas Peluche Grande 25cm","c78e66a1-7c09-4912-ab8d-4a2c3aa251ee","Octonautas","VALID_BRAND","","","LOW","KEEP"
"14e5dec4-a5e6-420f-867a-d82d6c4a962c","Vegimal Octonautas Peluche 30cm","c78e66a1-7c09-4912-ab8d-4a2c3aa251ee","Octonautas","VALID_BRAND","","","LOW","KEEP"
"b6c3edba-868f-4ade-a3d2-2aa30f835587","Inkling Octonautas Peluche 25cm","c78e66a1-7c09-4912-ab8d-4a2c3aa251ee","Octonautas","VALID_BRAND","","","LOW","KEEP"
"441a1fd8-4686-4353-8665-6b93451b1ce4","Figura Articulada Kotal Khan Mortal Kombat Mcfarlane Toys Pvc Coleccionable","c2451c65-4354-4955-8afd-ad4bffecd26c","Mcfarlane","VALID_BRAND","","","LOW","KEEP"
"12da65bf-5165-4fa5-b298-532541aca21b","Kurosaki Ichigo Bleach Dasin Model","1131563d-5cd6-49f7-a3f1-7511da3e9a13","Dasin Model","VALID_BRAND","","","LOW","KEEP"
"bdbb5bc5-fbbf-44a3-9504-0a1ab1603a3c","Albus Dumbledore Harry Potter Peluche Lego","da508c22-2fc6-411a-811e-caf2a0e3704c","Lego","VALID_BRAND","","","LOW","KEEP"
"df08dae1-0a4b-4a2a-a66a-494cfd1cd1d5","Starfire Teen Titans Go! Jovenes Titanes Peluche 25cm Starfire","fac762b8-889d-4f6d-bf1c-da9f06dab0d7","Genérica","GENERIC_BRAND","","","LOW","REQUIRES_VENDOR_ATTENTION"
"1d73bdad-c9c7-4112-bd81-807e3653cecd","Lanzamaíz Kernell Pult Plantas Vs Zombies","","","MISSING_BRAND","","","LOW","REQUIRES_VENDOR_ATTENTION"
"b50725c2-f5f5-44b4-885f-190cb105299f","Shellington Octonautas Peluche 20cm","c78e66a1-7c09-4912-ab8d-4a2c3aa251ee","Octonautas","VALID_BRAND","","","LOW","KEEP"
"aa6db702-777a-423b-8086-afabee4cf1ce","Iron Spiderman No Way Home Disfraz Musculoso Con Luz","e28345e2-abee-4faf-9fdf-937acd487cd3","Jazwares","VALID_BRAND","","","LOW","KEEP"
"562b6ba6-6aa1-4e78-88a8-8bdbf8da3ae9","Robin Young Justice Dc Batman Disfraz Rubies Robin M","","","MISSING_BRAND","","","LOW","REQUIRES_VENDOR_ATTENTION"
"cd36e27d-6374-4cb8-9bb4-893fbf4919c8","Pokémon 24 Mini Figuras Incluye Pikachu + 1 Sobre De Cartas","b2d190fa-057b-44b8-868e-ced887d9e55a","TakaraTomy","VALID_BRAND","","","LOW","KEEP"
"e37ecb4c-3c9b-4556-b622-e5d6c4eb3c00","Riolu Pokemon Jazwares Peluche 25cm Riolu","e28345e2-abee-4faf-9fdf-937acd487cd3","Jazwares","VALID_BRAND","","","LOW","KEEP"
"61ec621e-206e-4be6-969b-f0f386ee03f4","Psyduck Pokemon Wicked Cool Toys Peluche 30cm","e28345e2-abee-4faf-9fdf-937acd487cd3","Jazwares","VALID_BRAND","","","LOW","KEEP"
"2c039570-b9e3-4ead-acd1-4c39e4f80007","Miles Morales Spiderman Across Spider-verse Disfraz Jazwares Miles Morales S","e28345e2-abee-4faf-9fdf-937acd487cd3","Jazwares","VALID_BRAND","","","LOW","KEEP"
"5f664c1c-fdd4-4d07-89a6-ef251fea4a68","Shiny Riolu Pokemon Jazwares Peluche 25cm Shiny Riolu","e28345e2-abee-4faf-9fdf-937acd487cd3","Jazwares","VALID_BRAND","","","LOW","KEEP"
"c8fc0413-f5c5-4b1a-843f-b6222074eb07","Carnage Venom Spiderman Hombre Araña Disfraz","fac762b8-889d-4f6d-bf1c-da9f06dab0d7","Genérica","GENERIC_BRAND","","","LOW","REQUIRES_VENDOR_ATTENTION"
"ecf811e7-1201-4170-8754-b9da218d0cb3","Ninjago Ninja Disfraz Niños Rojo/negro 120","","","MISSING_BRAND","","","LOW","REQUIRES_VENDOR_ATTENTION"
"530b569c-073f-4802-b28e-74482395ac8c","Bo-katan Kryze The Mandalorian Star Wars Vintage Hasbro ","0df4aeab-c5e9-4d35-8a9b-e63f391d5a57","Hasbro","VALID_BRAND","","","LOW","KEEP"
"8d923ac8-0275-42e5-984e-eb5bd54dfc0f","Ken Street Fighter V Storm Collectibles Toys  R  Us Edition","ee0b5937-d3db-4038-9ddb-e6ad2fced6a2","Storm Collectibles","VALID_BRAND","","","LOW","KEEP"
"2c776745-5a13-42c3-b14a-52615ae98291","Raven Teen Titans Go! Jovenes Titanes Peluche 25cm Raven","fac762b8-889d-4f6d-bf1c-da9f06dab0d7","Genérica","GENERIC_BRAND","","","LOW","REQUIRES_VENDOR_ATTENTION"
"033ab61d-bc14-41ec-a081-e7098ee590b7","Cyborg Teen Titans Go! Jovenes Titanes Peluche 25cm Cyborg","fac762b8-889d-4f6d-bf1c-da9f06dab0d7","Genérica","GENERIC_BRAND","","","LOW","REQUIRES_VENDOR_ATTENTION"
"cccfcd62-60a7-44ba-961b-f5d05eaf0e10","Humoseta Fume Shroom Plantas Vs Zombies Peluche 18cm","","","MISSING_BRAND","","","LOW","REQUIRES_VENDOR_ATTENTION"
"85c469e7-7843-4f24-a6cf-3f8ead9b4f70","Speakerman Skibidi Toilet Peluche 25cm","fac762b8-889d-4f6d-bf1c-da9f06dab0d7","Genérica","GENERIC_BRAND","","","LOW","REQUIRES_VENDOR_ATTENTION"
"74896d78-d06b-4081-a5c6-359b795d50f3","Super Sonic Shadow Tails Knuckes Amy Set 12 Figuras Muñecos","fac762b8-889d-4f6d-bf1c-da9f06dab0d7","Genérica","GENERIC_BRAND","","Sonic","LOW","REQUIRES_VENDOR_ATTENTION"
"7a8b22da-a3a1-4f64-b773-ab67c9086ad9","Base Soporte Para Figuras De Accion","fac762b8-889d-4f6d-bf1c-da9f06dab0d7","Genérica","GENERIC_BRAND","","","LOW","REQUIRES_VENDOR_ATTENTION"
"dd6aa1f5-0d7d-4cc6-91a8-81d35666b96a","Goku Vegeta Blue Dragon Ball Super 16 Figuras","fac762b8-889d-4f6d-bf1c-da9f06dab0d7","Genérica","GENERIC_BRAND","","Dragon Ball","LOW","REQUIRES_VENDOR_ATTENTION"
"ca6718c8-46b0-48ac-aa97-dc2f6ab20e39","Pikachu Thanos Pokemon Avengers Vengadores Muñeco Figura","fac762b8-889d-4f6d-bf1c-da9f06dab0d7","Genérica","GENERIC_BRAND","","","LOW","REQUIRES_VENDOR_ATTENTION"
"dc4f98bf-abfd-41ed-9253-7a83b1a54471","Sonic The Hedgehog Disney Pins Dijes Para Crocs 19 Piezas Sonic The Hedge Hog","fac762b8-889d-4f6d-bf1c-da9f06dab0d7","Genérica","GENERIC_BRAND","","Disney","LOW","REQUIRES_VENDOR_ATTENTION"
"5cfe2572-9cd1-4214-935b-de6dfd27143b","Lentes Flor Terrifier Art Clown Compatible Mascara Halloween","fac762b8-889d-4f6d-bf1c-da9f06dab0d7","Genérica","GENERIC_BRAND","","","LOW","REQUIRES_VENDOR_ATTENTION"
"4c08bb2c-0a89-4b2d-bd02-268de7da034c","Smiling Critters Catnap Disfraz Cat Nap 160","fac762b8-889d-4f6d-bf1c-da9f06dab0d7","Genérica","GENERIC_BRAND","","","LOW","REQUIRES_VENDOR_ATTENTION"
"b49aea83-d97a-47a9-8ce4-ead06ec0566f","Lilo & Stitch Disney Pins Dijes Para Crocs 22 Piezas Cars","fac762b8-889d-4f6d-bf1c-da9f06dab0d7","Genérica","GENERIC_BRAND","","Disney","LOW","REQUIRES_VENDOR_ATTENTION"
"ff06669b-bc31-4a9f-8b32-551cc44f07e7","Flash Mascara Disfraz Cosplay Dc Rojo Flash","fac762b8-889d-4f6d-bf1c-da9f06dab0d7","Genérica","GENERIC_BRAND","","","LOW","REQUIRES_VENDOR_ATTENTION"
"0543517e-6d26-4d72-8407-9d06eae99626","Naruto Bandana Aldea Arena Renegado Negro Único","fac762b8-889d-4f6d-bf1c-da9f06dab0d7","Genérica","GENERIC_BRAND","","Naruto","LOW","REQUIRES_VENDOR_ATTENTION"
"02212bda-ff95-43d9-817f-bbc9017a139e","Naruto Bandana Aldea Sonido Renegado Negro Único","fac762b8-889d-4f6d-bf1c-da9f06dab0d7","Genérica","GENERIC_BRAND","","Naruto","LOW","REQUIRES_VENDOR_ATTENTION"
"66d37265-da03-407c-9c86-3eb2e41b2302","Robin Teen Titans Muñeco Figura Accion Articulada","fac762b8-889d-4f6d-bf1c-da9f06dab0d7","Genérica","GENERIC_BRAND","","","LOW","REQUIRES_VENDOR_ATTENTION"
"a9e1cea4-94d3-43ab-9689-61cd8f6d4185","Naruto Bandana Gran Alianza Shinobi Negro Único","fac762b8-889d-4f6d-bf1c-da9f06dab0d7","Genérica","GENERIC_BRAND","","Naruto","LOW","REQUIRES_VENDOR_ATTENTION"
"278234c2-29a1-40dd-a4ac-254f20fd01ce","Wonder Woman Mujer Maravilla Dc Super Hero Girls Disfraz Wonder Woman S","","","MISSING_BRAND","","","LOW","REQUIRES_VENDOR_ATTENTION"
"3107895c-dd4e-4a43-8220-26d6df1b6447","Mecha Football  Plantas Vs Zombies En Caja","","","MISSING_BRAND","","","LOW","REQUIRES_VENDOR_ATTENTION"
"05574b0a-c641-4776-b3fc-6d9ded070a21","Glamrock Chica Five Nights At Freddy's Disfraz Rubies Glamrock Chica M","","","MISSING_BRAND","","","LOW","REQUIRES_VENDOR_ATTENTION"
"5ebab137-0fdd-4c09-8201-e533d39306e5","Pixel Shades Thug Life Minecraft Lentes","fac762b8-889d-4f6d-bf1c-da9f06dab0d7","Genérica","GENERIC_BRAND","","","LOW","REQUIRES_VENDOR_ATTENTION"
"66e7fcb5-7e07-41b4-997f-8696d05ce3c0","Squirtle Pokemon Peluche Aoger 23cm","","","MISSING_BRAND","","","LOW","REQUIRES_VENDOR_ATTENTION"
"2453c1ab-2ae7-405b-a4b7-704763d81bbe","Don Cangrejo Bob Esponja Peluche 24cm","","","MISSING_BRAND","","","LOW","REQUIRES_VENDOR_ATTENTION"
"ac10d6b0-45ca-4ed5-ac38-3c965bd5fb0f","Mega Charizard X Pokemon Only Factory Peluche 30cm","","","MISSING_BRAND","","","LOW","REQUIRES_VENDOR_ATTENTION"
"f8960d45-d142-425e-b047-233be572eb0d","Deadpool X-men Disfraz","fac762b8-889d-4f6d-bf1c-da9f06dab0d7","Genérica","GENERIC_BRAND","","","LOW","REQUIRES_VENDOR_ATTENTION"
"e6d87880-935a-4575-ba65-c4643d8cc4ea","Batman The Animated Series 5 Points Mezco","","","MISSING_BRAND","Mezco","","HIGH","AUTO_ASSIGN_BRAND"
"d67ef3c1-6157-4cfa-851d-5fa00a0a5fb0","Sonic Boom The Hedgehog Peluche Takara Tomy Original 28cm Azul","","","MISSING_BRAND","Takara Tomy","Sonic","HIGH","AUTO_ASSIGN_BRAND"
"ff9d1bf8-213f-4415-87d7-bca8f79ffcf0","Figura De Acción Angela Neca De Gárgolas Articulada 18 Cm","43edaabc-3910-45ab-b93d-857698fad50b","NECA","VALID_BRAND","","","LOW","KEEP"
"de146c89-2a77-4cb7-900f-c2547e9c328a","Zombi Caracono Conehead Plantas Vs Zombies Peluche 30cm Zombie Caracono","","","MISSING_BRAND","","","LOW","REQUIRES_VENDOR_ATTENTION"
"a26b56e3-f81c-411d-b725-a5d1f1046cfb","Zombi Flotador Patito Plantas Vs Zombies Peluche 30cm Zombie Con Flotador De Patito","","","MISSING_BRAND","","","LOW","REQUIRES_VENDOR_ATTENTION"
"a00e6a03-5c8e-4b44-b147-29f5c06e2f9b","Zombi Lector Newspaper Plantas Vs Zombies Peluche 30cm Zombie Lector","","","MISSING_BRAND","","","LOW","REQUIRES_VENDOR_ATTENTION"
"cac1bf93-aaed-4711-9007-0715e77d1c88","Lanzachiles Pepper Pult Caracubo Plantas Vs Zombies En Caja","","","MISSING_BRAND","","","LOW","REQUIRES_VENDOR_ATTENTION"
"f5db61b0-a18c-4b80-bbae-dcbb11e3f2d5","Alf Alien Life Form Ultimate Neca","43edaabc-3910-45ab-b93d-857698fad50b","NECA","VALID_BRAND","","","LOW","KEEP"
"de5e154e-2963-4e0b-a64f-c104c0d1f7e6","Melonpulta Melon Pult Plantas Vs Zombies Peluche 18cm","","","MISSING_BRAND","","","LOW","REQUIRES_VENDOR_ATTENTION"
"6fd89bcb-4deb-4f88-8d91-d9e6f0a37ec2","Zombi Caballero Knight Plantas Vs Zombies Peluche 30cm Zombie Caballero","","","MISSING_BRAND","","","LOW","REQUIRES_VENDOR_ATTENTION"
"2639bb45-ead5-47ed-9e6b-59d6de01332c","Rabo De Gato Cattail Plantas Vs Zombies Peluche 18cm","","","MISSING_BRAND","","","LOW","REQUIRES_VENDOR_ATTENTION"
"986ccc5b-d761-4ece-ae1b-637981570f44","Lanzaguisantes Peashooter Plantas Vs Zombies Peluche 20cm Lanzaguisantes","","","MISSING_BRAND","","","LOW","REQUIRES_VENDOR_ATTENTION"
"b1b6b1c0-a9a2-4795-a4ab-0743fadd6bd7","Trebolador Blover Plantas Vs Zombies Peluche 20cm Trebolador","","","MISSING_BRAND","","","LOW","REQUIRES_VENDOR_ATTENTION"
"1d10c505-9fd7-48a6-8c7a-425d29a79465","Lanzamaíz Kernell Pult Plantas Vs Zombies Peluche 18cm","","","MISSING_BRAND","","","LOW","REQUIRES_VENDOR_ATTENTION"
"5aedcb0b-bfa2-46b5-86c4-45c3413ba912","Lanzaguisantes Peashooter Plantas Vs Zombies Peluche 18cm Lanzaguisantes","","","MISSING_BRAND","","","LOW","REQUIRES_VENDOR_ATTENTION"
"43cb1059-9f45-4970-b23f-48d1b0868ba9","Zombi Neon Plantas Vs Zombies Peluche 30cm Zombie Neon","","","MISSING_BRAND","","","LOW","REQUIRES_VENDOR_ATTENTION"
"55975a64-1270-484e-91a7-30c96d6fd779","Zombi Punk Plantas Vs Zombies Peluche 30cm Zombie Punk","","","MISSING_BRAND","","","LOW","REQUIRES_VENDOR_ATTENTION"
"f2c90d9c-a64e-4b03-b672-6f6f3f82c0a5","Zombi Pirata Plantas Vs Zombies Peluche 30cm Zombie Pirata","","","MISSING_BRAND","","","LOW","REQUIRES_VENDOR_ATTENTION"
"2a28a29d-4519-4347-b8a5-df4480cef006","Zombi Con Bikini Plantas Vs Zombies Peluche 30cm Zombi Con Bikini","","","MISSING_BRAND","","","LOW","REQUIRES_VENDOR_ATTENTION"
"b373cfcf-d429-42ab-a31e-d981f015e51b","Arenita Mejillas Bob Esponja Peluche Blanco","","","MISSING_BRAND","","","LOW","REQUIRES_VENDOR_ATTENTION"
"9b6fbee0-244f-417f-bc0c-94600bb7256d","Coltapulta Cabbage Pult Plantas Vs Zombies Peluche 15cm Coltapulta","","","MISSING_BRAND","","","LOW","REQUIRES_VENDOR_ATTENTION"
"224e1f33-48c9-454d-9041-9f7b5876c890","Super Mario The Movie Peluche Poseable Jakks Muñeco Figura","","","MISSING_BRAND","","","LOW","REQUIRES_VENDOR_ATTENTION"
"ba813c23-0ad4-4816-a75b-7ee13e08d92e","Robin Dc Batman Disfraz Rubies Robin M","","","MISSING_BRAND","","","LOW","REQUIRES_VENDOR_ATTENTION"
"fc7472bc-6116-4db4-bbe2-62a7fc42c4b4","Harry Potter Hufflepuff Capa Tunica","","","MISSING_BRAND","","Harry Potter","LOW","REQUIRES_VENDOR_ATTENTION"
"d2d1cc7a-7159-4255-9082-e1537753ba9c","Cañón Misiles Zanahoria Carrotillery Plantas Vs Zombies Caja","","","MISSING_BRAND","","","LOW","REQUIRES_VENDOR_ATTENTION"
"d09867fb-7c22-4b91-9154-8681d70d69ef","Deep Sea Gargantuar Plantas Vs Zombies En Caja","","","MISSING_BRAND","","","LOW","REQUIRES_VENDOR_ATTENTION"
"20b23036-a331-42fa-89a4-1ba78e1f8a6a","Dr. Zomboss Esfinge Letal Zombot Plantas Vs Zombies","","","MISSING_BRAND","","","LOW","REQUIRES_VENDOR_ATTENTION"
"a13b3e30-c83e-4f17-903a-4f15fa774bd4","Zombi Caracono Conehead Plantas Vs Zombies","","","MISSING_BRAND","","","LOW","REQUIRES_VENDOR_ATTENTION"
"d1394be0-cb9a-4ff8-a909-49fb014ffa28","Shadow Motocicleta Sonic 3 La Película Jakks Pacific","4c557954-aa44-444a-96c8-f1c714d5847f","Jakks Pacific","VALID_BRAND","","","LOW","KEEP"
"9d7b3570-4464-410e-a5b7-93da6fdbb089","Zombi Básico Plantas Vs Zombies Peluche 30cm Zombie Básico","","","MISSING_BRAND","","","LOW","REQUIRES_VENDOR_ATTENTION"
"e378d4ba-3cd6-4146-ab5a-12cdb60bbb99","Figura Sonic The Hedgehog, Shadow Con Anillos. Articulada","","","MISSING_BRAND","","Sonic","LOW","REQUIRES_VENDOR_ATTENTION"
"2ec2dd4b-80de-4f66-917d-606fea2a526e","Ninjago Ninja Disfraz Niños Rojo 120","","","MISSING_BRAND","","","LOW","REQUIRES_VENDOR_ATTENTION"
"e3100257-6321-450a-ba08-11107b1fc6ec","Luffy One Piece Red Grandline Men Vol.1 Figura Muñeco","","","MISSING_BRAND","","One Piece","LOW","REQUIRES_VENDOR_ATTENTION"
"8c882f8f-914f-43e0-8293-c20aec18c8f5","Ariel La Sirenita Story Doll Princesas Disney Store","79352f1b-f900-4f8a-97dc-74649d3022d2","Disney","LICENSE_AS_BRAND","","Disney","LOW","REQUIRES_VENDOR_ATTENTION"
"a0c76e1a-df3e-4195-af91-938eaaea5aa8","Dr Zomboss Zombot Sharktronic Sub Plantas Vs Zombies En Caja","","","MISSING_BRAND","","","LOW","REQUIRES_VENDOR_ATTENTION"
"208955f0-1534-4df9-9c87-b31a12de1d8c","Mazorcañon Cob Cannon Plantas Vs  Zombies","","","MISSING_BRAND","","","LOW","REQUIRES_VENDOR_ATTENTION"
"c0b149bb-3a46-4754-b2f3-ba0b34ba166d","Vaina Lanzaguisantes Pea Pod Plantas Vs Zombies","","","MISSING_BRAND","","","LOW","REQUIRES_VENDOR_ATTENTION"
"caa7c9d9-aaef-4793-b5d6-c79df171a42e","Lanzachiles Pepper Pult Plantas Vs Zombies","","","MISSING_BRAND","","","LOW","REQUIRES_VENDOR_ATTENTION"
"7bcb1d96-29e4-488b-8f85-e3ec41ce7200","Deep Sea Gargantuar Plantas Vs Zombies","","","MISSING_BRAND","","","LOW","REQUIRES_VENDOR_ATTENTION"
"379fe949-6d9f-4aab-8a29-1bebdb359b43","Figura De Acción Mutagen Man Ultimates! Para Coleccionistas, De Super 7","","","MISSING_BRAND","","","LOW","REQUIRES_VENDOR_ATTENTION"
"23329724-be27-432d-9b97-a3a8ef7c6b88","Hielaguisantes Plantas Vs Zombies Con Luz","","","MISSING_BRAND","","","LOW","REQUIRES_VENDOR_ATTENTION"
"664feaf7-15e2-4ce2-83a3-e35ec8a184a9","Figura De Acción Articulada Modern Shadow De Sonic The Hedgehog","","","MISSING_BRAND","","Sonic","LOW","REQUIRES_VENDOR_ATTENTION"
"27d9722c-1e02-448f-90bd-c5409fbfecb2","Junco Eléctrico Electric Reel Plantas Vs Zombies Con Luz","","","MISSING_BRAND","","","LOW","REQUIRES_VENDOR_ATTENTION"
"22314acd-5157-47a0-b4f5-9b7af20cf30e","Harry Potter Corbata Gryffindor Slytherin Ravenclaw Hufflepu","","","MISSING_BRAND","","Harry Potter","LOW","REQUIRES_VENDOR_ATTENTION"
"8511aa53-c2dd-49b5-bb4b-4e48ca59f87f","Hombre Araña Spiderman Far From Home Disfraz Marvel Rubies Spiderman M","","","MISSING_BRAND","","Marvel","LOW","REQUIRES_VENDOR_ATTENTION"
"ddf0b4cb-e583-4224-a0d4-3a293c695108","Harry Potter Quidditch Robe Tunica Capa Disfraz Rubies Rojo/amarillo M","","","MISSING_BRAND","","Harry Potter","LOW","REQUIRES_VENDOR_ATTENTION"
"fa407c8c-b212-4ba5-bf77-d08d847137f1","Sonic Boom The Hedgehog Peluche Takara Tomy Original 34cm Azul","","","MISSING_BRAND","Takara Tomy","Sonic","HIGH","AUTO_ASSIGN_BRAND"
"93231197-f29d-4c99-adc5-9f2826122008","Montgomery Gator Five Nights At Freddy's Disfraz","","","MISSING_BRAND","","","LOW","REQUIRES_VENDOR_ATTENTION"
"feb1f3c9-191f-48d6-897b-2d2720185242","Glamrock Freddy Five Nights At Freddy's Disfraz","","","MISSING_BRAND","","","LOW","REQUIRES_VENDOR_ATTENTION"
"af33d863-bb66-42cc-86b3-5ed4af17f538","Ninjago Ninja Disfraz Niños Azul 120","","","MISSING_BRAND","","","LOW","REQUIRES_VENDOR_ATTENTION"
"18d67c4d-4bc2-4c8e-8c17-c505d4413743","Ninjago Ninja Disfraz Niños Amarillo 120","","","MISSING_BRAND","","","LOW","REQUIRES_VENDOR_ATTENTION"
"87cf682b-e5c7-4a70-895a-bee2c44ae881","Donatello Tortugas Ninja Turtles Disfraz Musculoso Rubies Donatello M","","","MISSING_BRAND","","","LOW","REQUIRES_VENDOR_ATTENTION"
"bcf0a67a-4d7a-4d3b-b6be-9a62d05b065c","Ninjago Ninja Disfraz Niños Verde 120","","","MISSING_BRAND","","","LOW","REQUIRES_VENDOR_ATTENTION"
"1631e3e5-6f8e-4a2c-a477-dcfb3e4f9763","Dr. Zomboss Zombot Plantas Vs Zombies","","","MISSING_BRAND","","","LOW","REQUIRES_VENDOR_ATTENTION"
"b9ca6599-bc98-4de8-b684-de360163dbe6","Melonpulta Congelada Plantas Vs Zombies","","","MISSING_BRAND","","","LOW","REQUIRES_VENDOR_ATTENTION"
"956202a0-3588-4376-926b-05e9af02c42a","Spongebob Squarepants Bob Esponja Disfraz Rubies Bob Esponja S","","","MISSING_BRAND","","","LOW","REQUIRES_VENDOR_ATTENTION"
"8d0dd2c7-b206-4b83-a88a-f32892c50b9e","Ken De Street Fighter Alpha 3 Storm Arena Figura De Acción","","","MISSING_BRAND","","Street Fighter","LOW","REQUIRES_VENDOR_ATTENTION"
"92c99c39-3df3-4341-bc1a-63ee8a8709f4","Foxy Chica Bonnie Five Nights At Freddy's Set 4 Figuras","fac762b8-889d-4f6d-bf1c-da9f06dab0d7","Genérica","GENERIC_BRAND","","","LOW","REQUIRES_VENDOR_ATTENTION"
"2d84e6e3-a66a-4a20-9293-84db64de5f58","The Last Ronin Armored Tortugas Ninja Turtles Neca","43edaabc-3910-45ab-b93d-857698fad50b","NECA","VALID_BRAND","","","LOW","KEEP"
"0f02a796-0f3a-4c10-89ce-115b0cfd9da8","Leonardo Tortugas Ninja Turtles Disfraz Musculoso Rubies Leonardo L","","","MISSING_BRAND","","","LOW","REQUIRES_VENDOR_ATTENTION"
"0cf5dbf4-9f12-4004-be05-02bde4a467cc","Peso Octonautas Peluche 20cm","","","MISSING_BRAND","","","LOW","REQUIRES_VENDOR_ATTENTION"
"5a8aae90-6a4b-40bf-b4df-13e2de0f7ff2","Arthur Fleck Sp.edition Joker Patriot Studios","","","MISSING_BRAND","","","LOW","REQUIRES_VENDOR_ATTENTION"
"cd48489f-297a-452c-b9aa-3b59dcbe22ab","Nube Akatsuki Naruto Collar Animé Manga Cosplay Nube Akatsuki","fac762b8-889d-4f6d-bf1c-da9f06dab0d7","Genérica","GENERIC_BRAND","","Naruto","LOW","REQUIRES_VENDOR_ATTENTION"
"ad46eea2-3a04-4dae-952f-66995ee4422c","Alex Street Fighter V Storm Collectibles","ee0b5937-d3db-4038-9ddb-e6ad2fced6a2","Storm Collectibles","VALID_BRAND","","","LOW","KEEP"
"44582730-175f-46da-bed9-bc5d65d6d7cc","Naruto Bandana Aldea Hoja Konoha Renegado Negro Único","fac762b8-889d-4f6d-bf1c-da9f06dab0d7","Genérica","GENERIC_BRAND","","Naruto","LOW","REQUIRES_VENDOR_ATTENTION"
"4b63f20b-be6d-44f1-8c23-3985551d5482","Spawn Mortal Kombat Mcfarlane","c2451c65-4354-4955-8afd-ad4bffecd26c","Mcfarlane","VALID_BRAND","","","LOW","KEEP"
"ede51433-6261-447c-a474-f1272404596a","Shao Kahn Mortal Kombat 11 Mcfarlane","c2451c65-4354-4955-8afd-ad4bffecd26c","Mcfarlane","VALID_BRAND","","","LOW","KEEP"
"0c149c7d-1abb-4d25-b0a1-be0664b52af6","Vegimal Octonautas Peluche 20cm","","","MISSING_BRAND","","","LOW","REQUIRES_VENDOR_ATTENTION"
"806b08ed-91d7-4a4d-ad85-f703d0d66de3","Sonic 2 The Movie La Película Peluche Jakks Pacific","79c769ff-c82f-4a74-82de-790b8c3ecf05","Jakks Pacific","VALID_BRAND","","","LOW","KEEP"
"e759f31a-8825-4ce5-8655-90e44428f7ac","Black Zero Mega Man Rockman X D-arts Bandai","35d99a48-df19-4d41-8f1e-944862b40f3e","Bandai","VALID_BRAND","","","LOW","KEEP"
"95700244-a494-4980-8868-05c02bf27415","Calamardo Bob Esponja Peluche 35cm","","","MISSING_BRAND","","","LOW","REQUIRES_VENDOR_ATTENTION"
"e2d7841e-b880-49ff-985a-503dfa26ba12","Naruto Bandana Aldea Niebla Renegado Negro Único","fac762b8-889d-4f6d-bf1c-da9f06dab0d7","Genérica","GENERIC_BRAND","","Naruto","LOW","REQUIRES_VENDOR_ATTENTION"
"ad70b83b-09a6-4299-8b45-ef70bc5e2c7a","Naruto Bandana Aldea Lluvia Renegado Negro Único","fac762b8-889d-4f6d-bf1c-da9f06dab0d7","Genérica","GENERIC_BRAND","","Naruto","LOW","REQUIRES_VENDOR_ATTENTION"
"85eeb346-6a23-40b4-ac90-0d654767d767","Naruto Bandana Aldea Hoja Konoha","fac762b8-889d-4f6d-bf1c-da9f06dab0d7","Genérica","GENERIC_BRAND","","Naruto","LOW","REQUIRES_VENDOR_ATTENTION"
"5e95a3e3-94ce-489f-a449-f0f43cb75e73","Hawkgirl Justice League Animated Dc Collectibles","ad5d4bf0-769c-49ea-9d84-211a2fb33a68","DC Collectibles","VALID_BRAND","","","LOW","KEEP"
"0f111812-863f-466f-a955-550730c6bcb3","Five Nights At Freddy's 8 Figuras Didácticas 4,5cm","","","MISSING_BRAND","","","LOW","REQUIRES_VENDOR_ATTENTION"
"43ddd6be-1e0f-4651-8db9-f9b10bfe1ff9","Boar Ultimate Predator 2 Depredador Neca","43edaabc-3910-45ab-b93d-857698fad50b","NECA","VALID_BRAND","","","LOW","KEEP"
"d6c359c0-705c-4b37-9efd-17929c2ddde0","Dragon Shiryu Saint Seiya Cosmo Memoir Bandai Banpresto","46b57b4d-a454-4fdd-ad71-5920d9def3dd","Banpresto","VALID_BRAND","","","LOW","KEEP"
"d975059e-2998-4362-8e83-bb44b03c9df9","Michelangelo Batman Vs Tmnt Dc Collectibles Sdcc2019","ad5d4bf0-769c-49ea-9d84-211a2fb33a68","DC Collectibles","VALID_BRAND","","","LOW","KEEP"
"1bf5f515-99ee-4743-a9b3-b8d032364ea1","Green Lantern Justice League Animated Dc Collectibles","ad5d4bf0-769c-49ea-9d84-211a2fb33a68","DC Collectibles","VALID_BRAND","","","LOW","KEEP"
"a7d47f17-1e51-4b4b-95cd-e1ff6c777245","Silver Falcon Broadway Ultimate Gargoyles Disney Neca","79352f1b-f900-4f8a-97dc-74649d3022d2","Disney","LICENSE_AS_BRAND","NECA","Disney","HIGH","AUTO_ASSIGN_BRAND"
"4eb651a7-9df7-4e5a-8064-5a4e1c231705","Uzumaki Naruto Shippuden Playmobil 71096","0cd1b4cd-c923-4c05-8242-4c5489f9ca92","Playmobil","VALID_BRAND","","","LOW","KEEP"
"adec27eb-e5fb-4fa1-accc-ff8d42eeae83","Kakashi Naruto Shippuden Playmobil 71099","0cd1b4cd-c923-4c05-8242-4c5489f9ca92","Playmobil","VALID_BRAND","","","LOW","KEEP"
"eb0c5eb4-32d8-4ea0-9f99-f6897a0f4459","Iron Man Proton Cannon Marvel Legends Hasbro","0df4aeab-c5e9-4d35-8a9b-e63f391d5a57","Hasbro","VALID_BRAND","","","LOW","KEEP"
"57b836ea-2f78-4ba4-a2cb-ed303e3c04e5","Monster High Muñeca Colección Wednesday","","","MISSING_BRAND","","","LOW","REQUIRES_VENDOR_ATTENTION"
"dcf02f6a-46df-480a-a9e8-eac71bea2643","Figura De Acción Marvel Legends Venom","0df4aeab-c5e9-4d35-8a9b-e63f391d5a57","Hasbro","VALID_BRAND","","","LOW","KEEP"
"6b1b398a-e836-42c7-a000-2439d6bc1a77","Miles Morales Spiderman Series Marvel Legends Hasbro","0df4aeab-c5e9-4d35-8a9b-e63f391d5a57","Hasbro","VALID_BRAND","","","LOW","KEEP"
"7b945000-d43d-4319-81fd-2c471137b123","Vulture Spiderman Homecoming Marvel Legends Hasbro","0df4aeab-c5e9-4d35-8a9b-e63f391d5a57","Hasbro","VALID_BRAND","","","LOW","KEEP"
"448e43b0-bd20-4df9-8c90-14932027d7e4","Hammerhead Spiderman Marvel Legends Hasbro","0df4aeab-c5e9-4d35-8a9b-e63f391d5a57","Hasbro","VALID_BRAND","","","LOW","KEEP"
"19446f97-109c-4e28-9269-cf2ef2328cfd","Rescue Avengers Endgame Hot Toys Mms538d32","15765f46-949b-485b-bb80-295065015942","Hot Toys","VALID_BRAND","","","LOW","KEEP"
"6150b393-666f-4d01-aba1-be08e7638584","M.bison Ultra Street Fighter 2 Jada Toys","","","MISSING_BRAND","Jada Toys","Street Fighter","HIGH","AUTO_ASSIGN_BRAND"
"dd6b9eda-333f-42b5-a0ef-94dcef5fe548","Street Fighter 2 Repli Cade Mini Arcade New Wave Toys","bcce084e-6714-42de-8827-fc6d4b3ee96b","New Wave Toys","VALID_BRAND","","","LOW","KEEP"
"a28d2115-54ec-40c6-aa61-f736013e5032","Pj Masks Animal Power Carry N' Go 15pcs. Hasbro ","0df4aeab-c5e9-4d35-8a9b-e63f391d5a57","Hasbro","VALID_BRAND","","","LOW","KEEP"
"b8a762cf-96c8-427c-8fad-8832613971e2","Talia Al Ghul Batman The Animated Series Dc Collectibles 33","ad5d4bf0-769c-49ea-9d84-211a2fb33a68","DC Collectibles","VALID_BRAND","","","LOW","KEEP"
"160f7ba5-a68f-4b3b-90ac-251d88a3ef3c","Sonic The Hedgehog Peluche 28cm Azul","fac762b8-889d-4f6d-bf1c-da9f06dab0d7","Genérica","GENERIC_BRAND","","Sonic","LOW","REQUIRES_VENDOR_ATTENTION"
"74467546-2566-4aa9-a274-97cf4d722724","Splinter (versión 2) Tortugas Ninja Tmnt Ultimates Super 7","28865b10-c492-4773-9810-270afa95b3d4","Super7","VALID_BRAND","","","LOW","KEEP"
"21d28208-c648-4f76-b137-6c8f796b1ec0","Harley Quinn Sucide Squad (2016) Dc Mezco One:12","65e6db0a-f7cc-49e4-9d2e-2bac37eaf8da","Mezco Toyz","VALID_BRAND","","","LOW","KEEP"
"0c780450-19db-4f9d-b16f-97516c733e5a","Mutagen Man Tortugas Ninja Turtles Glow In The Dark Super7","28865b10-c492-4773-9810-270afa95b3d4","Super7","VALID_BRAND","","","LOW","KEEP"
"bee4ad22-f9ca-40d2-8344-ea2ed5aaa615","Mumm-ra The Ever Living Thundercats Ultimates Wave2 Super7","28865b10-c492-4773-9810-270afa95b3d4","Super7","VALID_BRAND","","","LOW","KEEP"
"e5a8333d-8e12-42d2-9861-0a7d99896a8b","Super7 Teenage Mutant Ninja Turtles Ultimates Metalhead","28865b10-c492-4773-9810-270afa95b3d4","Super7","VALID_BRAND","","","LOW","KEEP"
"bb863307-5b2d-4676-b81c-c7a0427764ed","April O´neal Tortugas Ninja Turtles Ultimates Wave3 Super7","28865b10-c492-4773-9810-270afa95b3d4","Super7","VALID_BRAND","","","LOW","KEEP"
"02c46363-cf1d-4def-98bd-b176b7968705","Ballor Five Nights At Freddy's Muñeco","fac762b8-889d-4f6d-bf1c-da9f06dab0d7","Genérica","GENERIC_BRAND","","","LOW","REQUIRES_VENDOR_ATTENTION"
"c66820c2-7228-4e74-ba5e-ad3288ec5ca0","Bonnie Original Funko Five Nights At Freddy's Muñeco","1cbd2abc-1508-40c4-8823-9806998979e3","Funko","VALID_BRAND","","","LOW","KEEP"
"ad7eaebb-1ea6-4e31-858a-b6c4f3197e2e","Web Man Spiderman Retro Marvel Legends Hasbro","0df4aeab-c5e9-4d35-8a9b-e63f391d5a57","Hasbro","VALID_BRAND","","","LOW","KEEP"
"4af9b502-9a5a-43e7-ac8d-c82d6f8038e7","Spiderman 2099 Retro Marvel Legends Hasbro","0df4aeab-c5e9-4d35-8a9b-e63f391d5a57","Hasbro","VALID_BRAND","","","LOW","KEEP"
"dc2ffe66-7b5d-47f2-8d7b-82ed6adfedc8","Mizuno Ami Mercury Sailor Moon Figuarts Bandai","35d99a48-df19-4d41-8f1e-944862b40f3e","Bandai","VALID_BRAND","","","LOW","KEEP"
"447375d5-dab6-4431-955b-18b146cdbd3e","Sonic The Hedgehog Gorro","","","MISSING_BRAND","","Sonic","LOW","REQUIRES_VENDOR_ATTENTION"
"e0ec4945-4ae5-4ade-b0c7-496a5a4c15c0","Rockin' Robin Squawk Stranger Things Funko Pop Town 50","1cbd2abc-1508-40c4-8823-9806998979e3","Funko","VALID_BRAND","","","LOW","KEEP"
"0c40ee25-d145-41fd-98c8-9acb1295b7fc","Legion X-men Marvel Legends Colossus Baf Hasbro","0df4aeab-c5e9-4d35-8a9b-e63f391d5a57","Hasbro","VALID_BRAND","","","LOW","KEEP"
"291002c4-332e-4ff9-8f4f-4807a3ab5a2f","Mighty Thor Love And Thunder Marvel Legends Korg Baf Hasbro","0df4aeab-c5e9-4d35-8a9b-e63f391d5a57","Hasbro","VALID_BRAND","","","LOW","KEEP"
"049f4293-ac4e-4169-9e19-f953eef0e1a6","Storm X-men 90's Animated Series Marvel Legends Hasbro","0df4aeab-c5e9-4d35-8a9b-e63f391d5a57","Hasbro","VALID_BRAND","","","LOW","KEEP"
"2d570467-85b6-4841-9103-008e4d7af377","Cyclops X-men 90's Animated Series Marvel Legends Hasbro","0df4aeab-c5e9-4d35-8a9b-e63f391d5a57","Hasbro","VALID_BRAND","","","LOW","KEEP"
"6eefd5ee-c452-44ef-9100-6163db332e4c","A.i.m Sciencist Supreme Marvel Legends Xenmu Baf Hasbro","0df4aeab-c5e9-4d35-8a9b-e63f391d5a57","Hasbro","VALID_BRAND","","","LOW","KEEP"
"4fa75802-daf8-4165-9ce8-873c64c608d4","The Punisher Marvel Legends Hasbro","0df4aeab-c5e9-4d35-8a9b-e63f391d5a57","Hasbro","VALID_BRAND","","","LOW","KEEP"
"aec488ca-cc71-4628-a390-031d6731c101","Elektra Marvel Legends Sp//dr Baf Hasbro","0df4aeab-c5e9-4d35-8a9b-e63f391d5a57","Hasbro","VALID_BRAND","","","LOW","KEEP"
"59a5dc28-0f1a-4684-bce1-a101411a99c9","Donkey Kong Super Mario Kart Nintendo Auto Friccion Muñeco Donkey Kong","49d6eafa-4e69-4779-a14f-00ef5f309dfa","Goldie marketing","VALID_BRAND","","","LOW","KEEP"
"64c7d513-efd7-46d7-bdc1-e5687790098c","Gorr Thor God Of Thunder Marvel Legends Amazon Exclusive","0df4aeab-c5e9-4d35-8a9b-e63f391d5a57","Hasbro","VALID_BRAND","","","LOW","KEEP"
"ecbd1a6f-f447-435d-a1e7-628b9a626b0e","Luigi Super Mario Kart Nintendo Auto A Friccion Muñeco Luigi","49d6eafa-4e69-4779-a14f-00ef5f309dfa","Goldie marketing","VALID_BRAND","","","LOW","KEEP"
"93e31686-5640-432a-bb7c-86c74bb7b10f","Sonic The Movie Talking Plush Jakks Pacific","79c769ff-c82f-4a74-82de-790b8c3ecf05","Jakks Pacific","VALID_BRAND","","","LOW","KEEP"
"fdcfb41e-b8aa-46fc-ab1f-f4cf973edac7","Tracks Transformers Generations War For Cybertron Wfc-k26","0df4aeab-c5e9-4d35-8a9b-e63f391d5a57","Hasbro","VALID_BRAND","","","LOW","KEEP"
"28fce903-29f8-4cc1-af66-19e5b61b583b","Pipes Transformers Generations War For Cybertron Wfc-k32","0df4aeab-c5e9-4d35-8a9b-e63f391d5a57","Hasbro","VALID_BRAND","","","LOW","KEEP"
"4165dc8a-27bf-4eec-a6de-7dddb141145d","Prime Universe Arcee Transformers Generations Legacy Deluxe","0df4aeab-c5e9-4d35-8a9b-e63f391d5a57","Hasbro","VALID_BRAND","","","LOW","KEEP"
"be4fc644-2702-4681-8c0c-f53c2aad4baa","Miles Morales Spiderman Disfraz Musculoso Metalizado Rubies Miles Morales M","","","MISSING_BRAND","","","LOW","REQUIRES_VENDOR_ATTENTION"
"cb9579d9-371a-4701-81f4-ebce1662d3b1","Darkseid Dc Classic Multiverse Mcfarlane","c2451c65-4354-4955-8afd-ad4bffecd26c","Mcfarlane","VALID_BRAND","","","LOW","KEEP"
"d6fe2280-792a-484f-9e7a-f971576c9ed9","Rapunzel Eugene Tangled Wedding Doll Princesas Disney","79352f1b-f900-4f8a-97dc-74649d3022d2","Disney","LICENSE_AS_BRAND","","Disney","LOW","REQUIRES_VENDOR_ATTENTION"
"f5443cf7-10c2-4099-b784-a702db81bd7b","Jazmin Jasmine Aladdin Story Doll Princesas Disney Store","79352f1b-f900-4f8a-97dc-74649d3022d2","Disney","LICENSE_AS_BRAND","","Disney","LOW","REQUIRES_VENDOR_ATTENTION"
"fa4694d3-6604-461b-a7d1-d177de90668d","Aurora Bella Durmiente Classic Doll Princesas Disney Store","79352f1b-f900-4f8a-97dc-74649d3022d2","Disney","LICENSE_AS_BRAND","","Disney","LOW","REQUIRES_VENDOR_ATTENTION"
"f599e6f4-7abe-4108-b4ae-3514a5276e6f","Moana 2 Muñeca Que Canta Princesas Disney","79352f1b-f900-4f8a-97dc-74649d3022d2","Disney","LICENSE_AS_BRAND","","Disney","LOW","REQUIRES_VENDOR_ATTENTION"
"c81a499b-9cb6-4e21-9c50-473e81eebafa","Moana Story Doll Princesas Disney Store","79352f1b-f900-4f8a-97dc-74649d3022d2","Disney","LICENSE_AS_BRAND","","Disney","LOW","REQUIRES_VENDOR_ATTENTION"
"ff3fdb57-7539-452b-8277-e1fae16c9bd1","Rapunzel Story Doll Princesas Disney Store","79352f1b-f900-4f8a-97dc-74649d3022d2","Disney","LICENSE_AS_BRAND","","Disney","LOW","REQUIRES_VENDOR_ATTENTION"
"aa95d616-4f4a-4e38-afa0-e6a63aa8dde6","Merida Brave Valiente Classic Doll Princesas Disney Store","79352f1b-f900-4f8a-97dc-74649d3022d2","Disney","LICENSE_AS_BRAND","","Disney","LOW","REQUIRES_VENDOR_ATTENTION"
"f22f8593-4220-4310-b739-ef00decfaa0f","Monster High Merlina","","","MISSING_BRAND","","","LOW","REQUIRES_VENDOR_ATTENTION"
"ece91025-0bbc-4c82-be8f-c411303cd9ad","Flareon Pokemon Moncolle Ex Takara Tomy Emc_24","b2d190fa-057b-44b8-868e-ced887d9e55a","TakaraTomy","VALID_BRAND","","","LOW","KEEP"
"fffeb42c-392a-48e3-ad60-cfa9b0efa2ae","Zoroark Pokemon Moncolle Ex Takara Tomy Ms 18","b2d190fa-057b-44b8-868e-ced887d9e55a","TakaraTomy","VALID_BRAND","","","LOW","KEEP"
"192b0090-75d6-4d2c-b181-7ad9fdbab06a","Mega Charizard X Pokemon Moncolle Ex Takara Tomy Ms-51","b2d190fa-057b-44b8-868e-ced887d9e55a","TakaraTomy","VALID_BRAND","","","LOW","KEEP"
"123cc033-14fe-489f-b247-a1b5b84e5e80","Articuno Pokemon Select Series 1 Jazwares","b2d190fa-057b-44b8-868e-ced887d9e55a","TakaraTomy","VALID_BRAND","","","LOW","KEEP"
"134fd597-219f-40e3-99a8-87f7d03f15e7","Lapras Pokemon Moncolle Ex Takara Tomy Ms-30","b2d190fa-057b-44b8-868e-ced887d9e55a","TakaraTomy","VALID_BRAND","","","LOW","KEEP"
"dfa732e8-bf73-446e-a45f-4a154c99bd8f","Ponyta Galarian Form Pokemon Moncolle Ex Takara Tomy Ms 42","b2d190fa-057b-44b8-868e-ced887d9e55a","TakaraTomy","VALID_BRAND","","","LOW","KEEP"
"3bb0672c-ad84-4a73-876a-1e2b2fd80d95","Rillaboom Pokemon Moncolle Ex Takara Tomy Ms 36","b2d190fa-057b-44b8-868e-ced887d9e55a","TakaraTomy","VALID_BRAND","","","LOW","KEEP"
"e1e9bf6b-df7f-438e-982c-399e40a0d5e8","Chimchar Pokemon Moncolle Ex Takara Tomy Pcc_35","b2d190fa-057b-44b8-868e-ced887d9e55a","TakaraTomy","VALID_BRAND","","","LOW","KEEP"
"b04280f6-b866-4683-afc1-ecd4830a5a7f","Dk-3 Breaker Transformers Generations Legacy Deluxe Hasbro","0df4aeab-c5e9-4d35-8a9b-e63f391d5a57","Hasbro","VALID_BRAND","","","LOW","KEEP"
"323f4d3b-c23d-4bef-a4f7-7682b3c49db4","Xerneas Pokemon Center Peluche 48cm","b2d190fa-057b-44b8-868e-ced887d9e55a","TakaraTomy","VALID_BRAND","","","LOW","KEEP"
"9bc26186-d9fb-423e-873a-011b071671e7","Scraphook Transformers Legacy Evolution Hasbro","0df4aeab-c5e9-4d35-8a9b-e63f391d5a57","Hasbro","VALID_BRAND","","","LOW","KEEP"
"dacc907d-0035-4dcb-8093-21cb39ee456c","Charmeleon Pokémon Peluche Grande Naranja Claro","b2d190fa-057b-44b8-868e-ced887d9e55a","TakaraTomy","VALID_BRAND","","","LOW","KEEP"
"2537ee74-0a26-4c17-a72c-fb282aaec050","Optimus Prime Transformers Legacy Core Class Hasbro","0df4aeab-c5e9-4d35-8a9b-e63f391d5a57","Hasbro","VALID_BRAND","","","LOW","KEEP"
"81865ef1-269c-4eb6-8ace-ad282e3fb409","Scorbunny Pokemon Peluche Blanco","b2d190fa-057b-44b8-868e-ced887d9e55a","TakaraTomy","VALID_BRAND","","","LOW","KEEP"
"20e51f37-b3ca-4234-95e8-8385b41e1b10","Peter Parker Spiderman Across Spider Verse Marvel Legends","0df4aeab-c5e9-4d35-8a9b-e63f391d5a57","Hasbro","VALID_BRAND","","","LOW","KEEP"
"224968d2-8f3b-48f7-89f9-cc2b27a27ddd","Peter B. Parker Spiderman Across Spider-verse Marvel Legends","0df4aeab-c5e9-4d35-8a9b-e63f391d5a57","Hasbro","VALID_BRAND","","","LOW","KEEP"
"d97de93c-ab26-47d0-a9e4-ffb0ef86bab3","Batmobile Batman The Animated Series 5 Points Mezco Batmobile","","","MISSING_BRAND","Mezco","","HIGH","AUTO_ASSIGN_BRAND"
"e2cf41e7-aff1-4fbe-821b-847823df4827","Black Superman The Animated Series Dc Multiverse Mcfarlane","c2451c65-4354-4955-8afd-ad4bffecd26c","Mcfarlane","VALID_BRAND","","","LOW","KEEP"
"ae85424e-0d76-47bc-9982-70c94b247fa7","Transformers Lcd Video Game Tiger Electronics Hasbro","0df4aeab-c5e9-4d35-8a9b-e63f391d5a57","Hasbro","VALID_BRAND","","","LOW","KEEP"
"37eeab70-0608-4957-a7be-c0008798e866","Cut Man Mega Man Jada Toys","","","MISSING_BRAND","Jada Toys","","HIGH","AUTO_ASSIGN_BRAND"
"718f690e-f566-460c-b8f5-67b4a1ee3864","Red Hulk Avengers Vengadores Muñeco Figura","fac762b8-889d-4f6d-bf1c-da9f06dab0d7","Genérica","GENERIC_BRAND","","","LOW","REQUIRES_VENDOR_ATTENTION"
"39cd65c2-4ec5-4c07-a768-2986ec931f2d","Demon Slayer Set 6 Figuras Muñecos","fac762b8-889d-4f6d-bf1c-da9f06dab0d7","Genérica","GENERIC_BRAND","","","LOW","REQUIRES_VENDOR_ATTENTION"