url,type,name,http_status,is_self_canonical,canonical_found,is_index_allowed,is_server_rendered,title,has_desc,schema_valid,overall_status
https://collectibles.uy/,STATIC,"Home",200,YES,https://collectibles.uy,YES,YES,"Juguetes Retro Uruguay & Coleccionables | Collectibles Store",YES,YES,PASS
https://collectibles.uy/licencias,STATIC,"Licencias",200,YES,https://collectibles.uy/licencias,YES,YES,"Licencias Oficiales de Coleccionables | Collectibles Uruguay",YES,YES,PASS
https://collectibles.uy/categoria/funko-pop-anime,CATEGORY,"Funko Pop! Anime",200,YES,https://collectibles.uy/categoria/funko-pop-anime,YES,YES,"Funko Pop! Anime en Uruguay | Collectibles",YES,YES,PASS
https://collectibles.uy/categoria/funko-pop-dc-comics,CATEGORY,"Funko Pop! DC Comics",200,YES,https://collectibles.uy/categoria/funko-pop-dc-comics,YES,YES,"Funko Pop! DC Comics en Uruguay | Collectibles",YES,YES,PASS
https://collectibles.uy/categoria/funko-pop-television,CATEGORY,"Funko Pop! Television",200,YES,https://collectibles.uy/categoria/funko-pop-television,YES,YES,"Funko Pop! Television en Uruguay | Collectibles",YES,YES,PASS
https://collectibles.uy/page/condiciones-de-compra,STATIC,"Condiciones de Compra",200,YES,https://collectibles.uy/page/condiciones-de-compra,YES,YES,"Condiciones de Compra | Collectibles",YES,YES,PASS
https://collectibles.uy/page/terminos,STATIC,"Términos",200,YES,https://collectibles.uy/page/terminos,YES,YES,"Términos y Condiciones | Collectibles",YES,YES,PASS
https://collectibles.uy/page/pol-ticas-de-privacidad,STATIC,"Políticas de Privacidad",200,YES,https://collectibles.uy/page/pol-ticas-de-privacidad,YES,YES,"Políticas de Privacidad | Collectibles",YES,YES,PASS
https://collectibles.uy/categoria/esculturas,CATEGORY,"Esculturas y Estatuas",200,YES,https://collectibles.uy/categoria/esculturas,YES,YES,"Esculturas y Estatuas en Uruguay | Collectibles",YES,YES,PASS
https://collectibles.uy/page/nosotros,STATIC,"Nosotros",200,YES,https://collectibles.uy/page/nosotros,YES,YES,"Nosotros | Collectibles",YES,YES,PASS
https://collectibles.uy/contact,STATIC,"Contacto",200,YES,https://collectibles.uy/contact,YES,YES,"Contacto | Collectibles",YES,YES,PASS
https://collectibles.uy/page/envios-devoluciones,STATIC,"Envíos y Devoluciones",200,YES,https://collectibles.uy/page/envios-devoluciones,YES,YES,"Envíos y Devoluciones | Collectibles",YES,YES,PASS
https://collectibles.uy/categoria/peluches,CATEGORY,"Peluches",200,YES,https://collectibles.uy/categoria/peluches,YES,YES,"Peluches en Uruguay | Collectibles",YES,YES,PASS
https://collectibles.uy/themes,STATIC,"Temas",200,YES,https://collectibles.uy/themes,YES,YES,"Universos y Temas Geek | Collectibles Uruguay",YES,YES,PASS
https://collectibles.uy/categoria/funko-pop-retro-toys,CATEGORY,"Funko Pop! Retro Toys",200,YES,https://collectibles.uy/categoria/funko-pop-retro-toys,YES,YES,"Funko Pop! Retro Toys en Uruguay | Collectibles",YES,YES,PASS
https://collectibles.uy/shop,STATIC,"Catálogo",200,YES,https://collectibles.uy/shop,YES,YES,"Catálogo de Coleccionables en Uruguay | Collectibles",YES,YES,PASS
https://collectibles.uy/categoria/funko-pop-movies,CATEGORY,"Funko Pop! Movies",200,YES,https://collectibles.uy/categoria/funko-pop-movies,YES,YES,"Funko Pop! Movies en Uruguay | Collectibles",YES,YES,PASS
https://collectibles.uy/categoria/funko-pop-ad-icons,CATEGORY,"Funko Pop! Ad Icons",200,YES,https://collectibles.uy/categoria/funko-pop-ad-icons,YES,YES,"Funko Pop! Ad Icons en Uruguay | Collectibles",YES,YES,PASS
https://collectibles.uy/categoria/cromos-figuritas,CATEGORY,"Cromos / Figuritas",200,YES,https://collectibles.uy/categoria/cromos-figuritas,YES,YES,"Cromos / Figuritas en Uruguay | Collectibles",YES,YES,PASS
https://collectibles.uy/categoria/tcg,CATEGORY,"TCG & Boardgames",200,YES,https://collectibles.uy/categoria/tcg,YES,YES,"TCG &amp; Boardgames en Uruguay | Collectibles",YES,YES,PASS
https://collectibles.uy/categoria/funko-pop-comic-covers,CATEGORY,"Funko Pop! Comic Covers",200,YES,https://collectibles.uy/categoria/funko-pop-comic-covers,YES,YES,"Funko Pop! Comic Covers en Uruguay | Collectibles",YES,YES,PASS
https://collectibles.uy/categoria/funko-pop-pokemon,CATEGORY,"Funko Pop! Pokémon",200,YES,https://collectibles.uy/categoria/funko-pop-pokemon,YES,YES,"Funko Pop! Pokémon en Uruguay | Collectibles",YES,YES,PASS
https://collectibles.uy/categoria/funko-pop-games,CATEGORY,"Funko Pop! Games",200,YES,https://collectibles.uy/categoria/funko-pop-games,YES,YES,"Funko Pop! Games en Uruguay | Collectibles",YES,YES,PASS
https://collectibles.uy/categoria/llaveros,CATEGORY,"Llaveros",200,YES,https://collectibles.uy/categoria/llaveros,YES,YES,"Llaveros en Uruguay | Collectibles",YES,YES,PASS
https://collectibles.uy/categoria/juguetes,CATEGORY,"Juegos y Juguetes",200,YES,https://collectibles.uy/categoria/juguetes,YES,YES,"Juegos y Juguetes en Uruguay | Collectibles",YES,YES,PASS
https://collectibles.uy/categoria/funko-pop-horror,CATEGORY,"Funko Pop! Horror",200,YES,https://collectibles.uy/categoria/funko-pop-horror,YES,YES,"Funko Pop! Horror en Uruguay | Collectibles",YES,YES,PASS
https://collectibles.uy/categoria/vehiculos-a-escala,CATEGORY,"Vehículos a Escala",200,YES,https://collectibles.uy/categoria/vehiculos-a-escala,YES,YES,"Vehículos a Escala en Uruguay | Collectibles",YES,YES,PASS
https://collectibles.uy/categoria/papeleria,CATEGORY,"Papelería",200,YES,https://collectibles.uy/categoria/papeleria,YES,YES,"Papelería en Uruguay | Collectibles",YES,YES,PASS
https://collectibles.uy/categoria/funko-pop-star-wars,CATEGORY,"Funko Pop! Star Wars",200,YES,https://collectibles.uy/categoria/funko-pop-star-wars,YES,YES,"Funko Pop! Star Wars en Uruguay | Collectibles",YES,YES,PASS
https://collectibles.uy/categoria/figuras,CATEGORY,"Figuras de Acción",200,YES,https://collectibles.uy/categoria/figuras,YES,YES,"Figuras de Acción en Uruguay | Collectibles",YES,YES,PASS
https://collectibles.uy/categoria/ropa,CATEGORY,"Ropa & Accesorios",200,YES,https://collectibles.uy/categoria/ropa,YES,YES,"Ropa &amp; Accesorios en Uruguay | Collectibles",YES,YES,PASS
https://collectibles.uy/categoria/funko-pop-sports,CATEGORY,"Funko Pop! Sports",200,YES,https://collectibles.uy/categoria/funko-pop-sports,YES,YES,"Funko Pop! Sports en Uruguay | Collectibles",YES,YES,PASS
https://collectibles.uy/categoria/home-and-decor,CATEGORY,"Home & Decor",200,YES,https://collectibles.uy/categoria/home-and-decor,YES,YES,"Home &amp; Decor en Uruguay | Collectibles",YES,YES,PASS
https://collectibles.uy/categoria/funko-pop-marvel,CATEGORY,"Funko Pop! Marvel",200,YES,https://collectibles.uy/categoria/funko-pop-marvel,YES,YES,"Funko Pop! Marvel en Uruguay | Collectibles",YES,YES,PASS
https://collectibles.uy/categoria/funko-pop-harry-potter,CATEGORY,"Funko Pop! Harry Potter",200,YES,https://collectibles.uy/categoria/funko-pop-harry-potter,YES,YES,"Funko Pop! Harry Potter en Uruguay | Collectibles",YES,YES,PASS
https://collectibles.uy/categoria/funko-pop-pixar,CATEGORY,"Funko Pop! Pixar",200,YES,https://collectibles.uy/categoria/funko-pop-pixar,YES,YES,"Funko Pop! Pixar en Uruguay | Collectibles",YES,YES,PASS
https://collectibles.uy/categoria/funko-pop-animation,CATEGORY,"Funko Pop! Animation",200,YES,https://collectibles.uy/categoria/funko-pop-animation,YES,YES,"Funko Pop! Animation en Uruguay | Collectibles",YES,YES,PASS
https://collectibles.uy/categoria/funko-pop-rocks,CATEGORY,"Funko Pop! Rocks",200,YES,https://collectibles.uy/categoria/funko-pop-rocks,YES,YES,"Funko Pop! Rocks en Uruguay | Collectibles",YES,YES,PASS
https://collectibles.uy/categoria/funko-pop,CATEGORY,"Funko POP",200,YES,https://collectibles.uy/categoria/funko-pop,YES,YES,"Funko POP en Uruguay | Collectibles",YES,YES,PASS
https://collectibles.uy/categoria/funko-pop-disney,CATEGORY,"Funko Pop! Disney",200,YES,https://collectibles.uy/categoria/funko-pop-disney,YES,YES,"Funko Pop! Disney en Uruguay | Collectibles",YES,YES,PASS
https://collectibles.uy/categoria/board-games,CATEGORY,"BOARD GAMES",200,YES,https://collectibles.uy/categoria/board-games,YES,YES,"BOARD GAMES en Uruguay | Collectibles",YES,YES,PASS
https://collectibles.uy/categoria/dc-comics-cards,CATEGORY,"DC Comics",200,YES,https://collectibles.uy/categoria/dc-comics-cards,YES,YES,"DC Comics en Uruguay | Collectibles",YES,YES,PASS
https://collectibles.uy/categoria/futbol-cards,CATEGORY,"Fútbol",200,YES,https://collectibles.uy/categoria/futbol-cards,YES,YES,"Fútbol en Uruguay | Collectibles",YES,YES,PASS
https://collectibles.uy/marca/funko,BRAND,"Funko",200,YES,https://collectibles.uy/marca/funko,YES,YES,"Funko en Uruguay | Collectibles",YES,YES,PASS
https://collectibles.uy/categoria/tcg-cards,CATEGORY,"TCG",200,YES,https://collectibles.uy/categoria/tcg-cards,YES,YES,"TCG en Uruguay | Collectibles",YES,YES,PASS
https://collectibles.uy/categoria/funko-pop-rides,CATEGORY,"Funko Pop! Rides",200,YES,https://collectibles.uy/categoria/funko-pop-rides,YES,YES,"Funko Pop! Rides en Uruguay | Collectibles",YES,YES,PASS
https://collectibles.uy/categoria/funko-pop-town,CATEGORY,"Funko Pop! Town",200,YES,https://collectibles.uy/categoria/funko-pop-town,YES,YES,"Funko Pop! Town en Uruguay | Collectibles",YES,YES,PASS
https://collectibles.uy/marca/hasbro,BRAND,"Hasbro",200,YES,https://collectibles.uy/marca/hasbro,YES,YES,"Hasbro en Uruguay | Collectibles",YES,YES,PASS
https://collectibles.uy/marca/neca,BRAND,"NECA",200,YES,https://collectibles.uy/marca/neca,YES,YES,"NECA en Uruguay | Collectibles",YES,YES,PASS
https://collectibles.uy/categoria/star-wars-cards,CATEGORY,"Star Wars",200,YES,https://collectibles.uy/categoria/star-wars-cards,YES,YES,"Star Wars en Uruguay | Collectibles",YES,YES,PASS
https://collectibles.uy/categoria/wrestling-cards,CATEGORY,"Wrestling",200,YES,https://collectibles.uy/categoria/wrestling-cards,YES,YES,"Wrestling en Uruguay | Collectibles",YES,YES,PASS
https://collectibles.uy/categoria/formula-1-cards,CATEGORY,"Fórmula 1",200,YES,https://collectibles.uy/categoria/formula-1-cards,YES,YES,"Fórmula 1 en Uruguay | Collectibles",YES,YES,PASS
https://collectibles.uy/categoria/yu-gi-oh-tcg,CATEGORY,"Yu-Gi-Oh!",200,YES,https://collectibles.uy/categoria/yu-gi-oh-tcg,YES,YES,"Yu-Gi-Oh! en Uruguay | Collectibles",YES,YES,PASS
https://collectibles.uy/categoria/funko-pop-albums,CATEGORY,"Funko Pop! Albums",200,YES,https://collectibles.uy/categoria/funko-pop-albums,YES,YES,"Funko Pop! Albums en Uruguay | Collectibles",YES,YES,PASS
https://collectibles.uy/categoria/funko-pop-deluxe,CATEGORY,"Funko Pop! Deluxe",200,YES,https://collectibles.uy/categoria/funko-pop-deluxe,YES,YES,"Funko Pop! Deluxe en Uruguay | Collectibles",YES,YES,PASS
https://collectibles.uy/categoria/baseball-mlb-cards,CATEGORY,"Baseball / MLB",200,YES,https://collectibles.uy/categoria/baseball-mlb-cards,YES,YES,"Baseball / MLB en Uruguay | Collectibles",YES,YES,PASS
https://collectibles.uy/categoria/pokemon-tcg,CATEGORY,"Pokémon",200,YES,https://collectibles.uy/categoria/pokemon-tcg,YES,YES,"Pokémon en Uruguay | Collectibles",YES,YES,PASS
https://collectibles.uy/categoria/one-piece-tcg,CATEGORY,"One Piece Card Game",200,YES,https://collectibles.uy/categoria/one-piece-tcg,YES,YES,"One Piece Card Game en Uruguay | Collectibles",YES,YES,PASS
https://collectibles.uy/categoria/funko-pop-moments,CATEGORY,"Funko Pop! Moments",200,YES,https://collectibles.uy/categoria/funko-pop-moments,YES,YES,"Funko Pop! Moments en Uruguay | Collectibles",YES,YES,PASS
https://collectibles.uy/categoria/funko-pop-art-series,CATEGORY,"Funko Pop! Art Series",200,YES,https://collectibles.uy/categoria/funko-pop-art-series,YES,YES,"Funko Pop! Art Series en Uruguay | Collectibles",YES,YES,PASS
https://collectibles.uy/categoria/otros-comics-cards,CATEGORY,"Otros",200,YES,https://collectibles.uy/categoria/otros-comics-cards,YES,YES,"Otros en Uruguay | Collectibles",YES,YES,PASS
https://collectibles.uy/categoria/movies-tv-cards,CATEGORY,"Movies & TV",200,YES,https://collectibles.uy/categoria/movies-tv-cards,YES,YES,"Movies &amp; TV en Uruguay | Collectibles",YES,YES,PASS
https://collectibles.uy/marca/super7,BRAND,"Super7",200,YES,https://collectibles.uy/marca/super7,YES,YES,"Super7 en Uruguay | Collectibles",YES,YES,PASS
https://collectibles.uy/marca/medicos-entertainment,BRAND,"Medicos Entertainment",200,YES,https://collectibles.uy/marca/medicos-entertainment,YES,YES,"Medicos Entertainment en Uruguay | Collectibles",YES,YES,PASS
https://collectibles.uy/categoria/basketball-nba-cards,CATEGORY,"Basketball / NBA",200,YES,https://collectibles.uy/categoria/basketball-nba-cards,YES,YES,"Basketball / NBA en Uruguay | Collectibles",YES,YES,PASS
https://collectibles.uy/categoria/otros-tcg,CATEGORY,"Otros TCG",200,YES,https://collectibles.uy/categoria/otros-tcg,YES,YES,"Otros TCG en Uruguay | Collectibles",YES,YES,PASS
https://collectibles.uy/categoria/dragon-ball-tcg,CATEGORY,"Dragon Ball",200,YES,https://collectibles.uy/categoria/dragon-ball-tcg,YES,YES,"Dragon Ball en Uruguay | Collectibles",YES,YES,PASS
https://collectibles.uy/categoria/american-football-nfl-cards,CATEGORY,"American Football / NFL",200,YES,https://collectibles.uy/categoria/american-football-nfl-cards,YES,YES,"American Football / NFL en Uruguay | Collectibles",YES,YES,PASS
https://collectibles.uy/categoria/magic-the-gathering-tcg,CATEGORY,"Magic: The Gathering",200,YES,https://collectibles.uy/categoria/magic-the-gathering-tcg,YES,YES,"Magic: The Gathering en Uruguay | Collectibles",YES,YES,PASS
https://collectibles.uy/categoria/otros-sports-cards,CATEGORY,"Otros Sports Cards",200,YES,https://collectibles.uy/categoria/otros-sports-cards,YES,YES,"Otros Sports Cards en Uruguay | Collectibles",YES,YES,PASS
https://collectibles.uy/categoria/funko-pop-mega-18,CATEGORY,"Funko Pop! Mega (18"")",200,YES,https://collectibles.uy/categoria/funko-pop-mega-18,YES,YES,"Funko Pop! Mega (18&quot;) en Uruguay | Collectibles",YES,YES,PASS
https://collectibles.uy/categoria/disney-lorcana-tcg,CATEGORY,"Disney Lorcana",200,YES,https://collectibles.uy/categoria/disney-lorcana-tcg,YES,YES,"Disney Lorcana en Uruguay | Collectibles",YES,YES,PASS
https://collectibles.uy/categoria/funko-pop-movie-posters,CATEGORY,"Funko Pop! Movie Posters",200,YES,https://collectibles.uy/categoria/funko-pop-movie-posters,YES,YES,"Funko Pop! Movie Posters en Uruguay | Collectibles",YES,YES,PASS
https://collectibles.uy/categoria/trading-cards-sports-cards,CATEGORY,"TRADING CARDS / SPORTS CARDS",200,YES,https://collectibles.uy/categoria/trading-cards-sports-cards,YES,YES,"TRADING CARDS / SPORTS CARDS en Uruguay | Collectibles",YES,YES,PASS
https://collectibles.uy/marca/mattel,BRAND,"Mattel",200,YES,https://collectibles.uy/marca/mattel,YES,YES,"Mattel en Uruguay | Collectibles",YES,YES,PASS
https://collectibles.uy/categoria/comics-entertainment-cards,CATEGORY,"Comics & Entertainment",200,YES,https://collectibles.uy/categoria/comics-entertainment-cards,YES,YES,"Comics &amp; Entertainment en Uruguay | Collectibles",YES,YES,PASS
https://collectibles.uy/categoria/funko-pop-holiday,CATEGORY,"Funko Pop! Holiday",200,YES,https://collectibles.uy/categoria/funko-pop-holiday,YES,YES,"Funko Pop! Holiday en Uruguay | Collectibles",YES,YES,PASS
https://collectibles.uy/categoria/funko-pop-jumbo-10,CATEGORY,"Funko Pop! Jumbo (10"")",200,YES,https://collectibles.uy/categoria/funko-pop-jumbo-10,YES,YES,"Funko Pop! Jumbo (10&quot;) en Uruguay | Collectibles",YES,YES,PASS
https://collectibles.uy/marca/mcfarlane,BRAND,"Mcfarlane",200,YES,https://collectibles.uy/marca/mcfarlane,YES,YES,"Mcfarlane en Uruguay | Collectibles",YES,YES,PASS
https://collectibles.uy/categoria/marvel-cards,CATEGORY,"Marvel",200,YES,https://collectibles.uy/categoria/marvel-cards,YES,YES,"Marvel en Uruguay | Collectibles",YES,YES,PASS
https://collectibles.uy/marca/square-enix,BRAND,"Square Enix",200,YES,https://collectibles.uy/marca/square-enix,YES,YES,"Square Enix en Uruguay | Collectibles",YES,YES,PASS
https://collectibles.uy/marca/banpresto,BRAND,"Banpresto",200,YES,https://collectibles.uy/marca/banpresto,YES,YES,"Banpresto en Uruguay | Collectibles",YES,YES,PASS
https://collectibles.uy/marca/takaratomy,BRAND,"TakaraTomy",200,YES,https://collectibles.uy/marca/takaratomy,YES,YES,"TakaraTomy en Uruguay | Collectibles",YES,YES,PASS
https://collectibles.uy/marca/cinereplicas,BRAND,"Cinereplicas",200,YES,https://collectibles.uy/marca/cinereplicas,YES,YES,"Cinereplicas en Uruguay | Collectibles",YES,YES,PASS
https://collectibles.uy/marca/heroclix,BRAND,"Heroclix",200,YES,https://collectibles.uy/marca/heroclix,YES,YES,"Heroclix en Uruguay | Collectibles",YES,YES,PASS
https://collectibles.uy/marca/playmates-toys,BRAND,"Playmates Toys",200,YES,https://collectibles.uy/marca/playmates-toys,YES,YES,"Playmates Toys en Uruguay | Collectibles",YES,YES,PASS
https://collectibles.uy/marca/kenner,BRAND,"Kenner",200,YES,https://collectibles.uy/marca/kenner,YES,YES,"Kenner en Uruguay | Collectibles",YES,YES,PASS
https://collectibles.uy/marca/hot-toys,BRAND,"Hot Toys",200,YES,https://collectibles.uy/marca/hot-toys,YES,YES,"Hot Toys en Uruguay | Collectibles",YES,YES,PASS
https://collectibles.uy/producto/the-creep-ultimate-creepshow-40th-anniversary-neca-2688,PRODUCT,"The Creep Ultimate Creepshow 40th Anniversary Neca",200,YES,https://collectibles.uy/producto/the-creep-ultimate-creepshow-40th-anniversary-neca-2688,YES,YES,"The Creep Ultimate Creepshow 40th Anniversary Neca | Collectibles Urug",YES,YES,PASS
https://collectibles.uy/marca/jazwares,BRAND,"Jazwares",200,YES,https://collectibles.uy/marca/jazwares,YES,YES,"Jazwares en Uruguay | Collectibles",YES,YES,PASS
https://collectibles.uy/marca/majorette,BRAND,"Majorette",200,YES,https://collectibles.uy/marca/majorette,YES,YES,"Majorette en Uruguay | Collectibles",YES,YES,PASS
https://collectibles.uy/marca/iron-studios,BRAND,"Iron Studios",200,YES,https://collectibles.uy/marca/iron-studios,YES,YES,"Iron Studios en Uruguay | Collectibles",YES,YES,PASS
https://collectibles.uy/producto/figura-de-acci-n-glamrock-fred-security-breach-47490-de-funko-4336,PRODUCT,"Figura De Acción Glamrock Fred Security Breach 47490 De Funko",200,YES,https://collectibles.uy/producto/figura-de-acci-n-glamrock-fred-security-breach-47490-de-funko-4336,YES,YES,"Figura De Acción Glamrock Fred Security Breach 47490 De Funko | Collec",YES,YES,PASS
https://collectibles.uy/producto/laurie-strode-ultimate-halloween--2018--neca-2383,PRODUCT,"Laurie Strode Ultimate Halloween (2018) Neca",200,YES,https://collectibles.uy/producto/laurie-strode-ultimate-halloween--2018--neca-2383,YES,YES,"Laurie Strode Ultimate Halloween (2018) Neca | Collectibles Uruguay",YES,YES,PASS
https://collectibles.uy/marca/dc-collectibles,BRAND,"DC Collectibles",200,YES,https://collectibles.uy/marca/dc-collectibles,YES,YES,"DC Collectibles en Uruguay | Collectibles",YES,YES,PASS
https://collectibles.uy/marca/jakks-pacific,BRAND,"Jakks Pacific",200,YES,https://collectibles.uy/marca/jakks-pacific,YES,YES,"Jakks Pacific en Uruguay | Collectibles",YES,YES,PASS
https://collectibles.uy/marca/boss-fight-studio,BRAND,"Boss Fight Studio",200,YES,https://collectibles.uy/marca/boss-fight-studio,YES,YES,"Boss Fight Studio en Uruguay | Collectibles",YES,YES,PASS
https://collectibles.uy/marca/mezco-toyz,BRAND,"Mezco Toyz",200,YES,https://collectibles.uy/marca/mezco-toyz,YES,YES,"Mezco Toyz en Uruguay | Collectibles",YES,YES,PASS
https://collectibles.uy/marca/dasin-model,BRAND,"Dasin Model",200,YES,https://collectibles.uy/marca/dasin-model,YES,YES,"Dasin Model en Uruguay | Collectibles",YES,YES,PASS
https://collectibles.uy/producto/peluche-gashouse-pat-ootie-coral-claro,PRODUCT,"Gas House Gang Plush - Pat-ootie",200,YES,https://collectibles.uy/producto/peluche-gashouse-pat-ootie-coral-claro,YES,YES,"Funko Pop Pat-ootie | Collectibles | Collectibles Uruguay",YES,YES,PASS
https://collectibles.uy/producto/figura-neca-ultimate---chucky-tv-series-3029,PRODUCT,"Figura Neca Ultimate - Chucky Tv Series",200,YES,https://collectibles.uy/producto/figura-neca-ultimate---chucky-tv-series-3029,YES,YES,"Figura Neca Ultimate - Chucky Tv Series | Collectibles Uruguay",YES,YES,PASS
https://collectibles.uy/marca/bandai,BRAND,"Bandai",200,YES,https://collectibles.uy/marca/bandai,YES,YES,"Bandai en Uruguay | Collectibles",YES,YES,PASS
https://collectibles.uy/marca/panini,BRAND,"Panini",200,YES,https://collectibles.uy/marca/panini,YES,YES,"Panini en Uruguay | Collectibles",YES,YES,PASS
https://collectibles.uy/producto/eclipse-five-nights-freddy-s-security-breach-ruin-funko-4691,PRODUCT,"Eclipse Five Nights Freddy´s Security Breach Ruin Funko",200,YES,https://collectibles.uy/producto/eclipse-five-nights-freddy-s-security-breach-ruin-funko-4691,YES,YES,"Eclipse Five Nights Freddy´s Security Breach Ruin Funko | Collectibles",YES,YES,PASS
https://collectibles.uy/marca/figgyz,BRAND,"Figgyz",200,YES,https://collectibles.uy/marca/figgyz,YES,YES,"Figgyz en Uruguay | Collectibles",YES,YES,PASS
https://collectibles.uy/producto/chucky-tv-series-ultimate-neca-4996,PRODUCT,"Chucky Tv Series Ultimate Neca",200,YES,https://collectibles.uy/producto/chucky-tv-series-ultimate-neca-4996,YES,YES,"Chucky Tv Series Ultimate Neca | Collectibles Uruguay",YES,YES,PASS
https://collectibles.uy/producto/funko-pop-marvel-eternals-gilgamesh,PRODUCT,"Funko Pop Marvel: Eternals - Gilgamesh",200,YES,https://collectibles.uy/producto/funko-pop-marvel-eternals-gilgamesh,YES,YES,"Funko Pop Gilgamesh | Eternals | Collectibles | Collectibles Uruguay",YES,YES,PASS
https://collectibles.uy/producto/ahab-ultimate-predator-depredador-neca-4759,PRODUCT,"Ahab Ultimate Predator Depredador Neca",200,YES,https://collectibles.uy/producto/ahab-ultimate-predator-depredador-neca-4759,YES,YES,"Ahab Ultimate Predator Depredador Neca | Collectibles Uruguay",YES,YES,PASS
https://collectibles.uy/producto/tyrant-resident-evil-10th-a-nniversary-player-select-neca-2380,PRODUCT,"Tyrant Resident Evil 10th A Nniversary Player Select Neca",200,YES,https://collectibles.uy/producto/tyrant-resident-evil-10th-a-nniversary-player-select-neca-2380,YES,YES,"Tyrant Resident Evil 10th A Nniversary Player Select Neca | Collectibl",YES,YES,PASS
https://collectibles.uy/marca/rongdafreng,BRAND,"Rongdafreng",200,YES,https://collectibles.uy/marca/rongdafreng,YES,YES,"Rongdafreng en Uruguay | Collectibles",YES,YES,PASS
https://collectibles.uy/producto/funko-pop-street-sharks-ripster,PRODUCT,"Funko Pop! Street Sharks Ripster",200,YES,https://collectibles.uy/producto/funko-pop-street-sharks-ripster,YES,YES,"Funko Pop Street Sharks Ripster | Collectibles | Collectibles Uruguay",YES,YES,PASS
https://collectibles.uy/producto/funko-pop-kpop-demon-hunters-rumi,PRODUCT,"Funko Pop! Kpop Demon Hunters - Rumi",200,YES,https://collectibles.uy/producto/funko-pop-kpop-demon-hunters-rumi,YES,YES,"Funko Pop Rumi | KPop Demon Hunters | Collectibles | Collectibles Urug",YES,YES,PASS
https://collectibles.uy/marca/figma,BRAND,"Figma",200,YES,https://collectibles.uy/marca/figma,YES,YES,"Figma en Uruguay | Collectibles",YES,YES,PASS
https://collectibles.uy/marca/funrise,BRAND,"Funrise",200,YES,https://collectibles.uy/marca/funrise,YES,YES,"Funrise en Uruguay | Collectibles",YES,YES,PASS
https://collectibles.uy/producto/figura-chucky---tiffany-pack-doble-bride-of-chucky-neca-6773,PRODUCT,"Figura Chucky & Tiffany Pack Doble Bride Of Chucky Neca",200,YES,https://collectibles.uy/producto/figura-chucky---tiffany-pack-doble-bride-of-chucky-neca-6773,YES,YES,"Figura Chucky &amp; Tiffany Pack Doble Bride Of Chucky Neca | Collecti",YES,YES,PASS
https://collectibles.uy/producto/fifa-world-cup-2026-mascota-de-ee-uu-clutch-25cm,PRODUCT,"Fifa World Cup 2026! Mascota de EE.UU - Clutch 25cm",200,YES,https://collectibles.uy/producto/fifa-world-cup-2026-mascota-de-ee-uu-clutch-25cm,YES,YES,"Clutch | Collectibles | Collectibles Uruguay",YES,YES,PASS
https://collectibles.uy/producto/boar-ultimate-predator-2-depredador-neca-7057,PRODUCT,"Boar Ultimate Predator 2 Depredador Neca",200,YES,https://collectibles.uy/producto/boar-ultimate-predator-2-depredador-neca-7057,YES,YES,"Boar Ultimate Predator 2 Depredador Neca | Collectibles Uruguay",YES,YES,PASS
https://collectibles.uy/producto/funko-pop-spiderman-symbiote-suite,PRODUCT,"Funko Pop! Spiderman Symbiote Suite ",200,YES,https://collectibles.uy/producto/funko-pop-spiderman-symbiote-suite,YES,YES,"Funko Pop Spider Man Simbionte | Spiderman | Collectibles | Collectibl",YES,YES,PASS
https://collectibles.uy/producto/feral-ultimate-predator-depredador-prey-neca-dmg-box-5406,PRODUCT,"Feral Ultimate Predator Depredador Prey Neca Dmg Box",200,YES,https://collectibles.uy/producto/feral-ultimate-predator-depredador-prey-neca-dmg-box-5406,YES,YES,"Feral Ultimate Predator Depredador Prey Neca Dmg Box | Collectibles Ur",YES,YES,PASS
https://collectibles.uy/producto/high-score-chica-five-nights-freddy-s-special-delivery-funko-8346,PRODUCT,"High Score Chica Five Nights Freddy´s Special Delivery Funko",200,YES,https://collectibles.uy/producto/high-score-chica-five-nights-freddy-s-special-delivery-funko-8346,YES,YES,"High Score Chica Five Nights Freddy´s Special Delivery Funko | Collect",YES,YES,PASS
https://collectibles.uy/producto/marvel-legends-hawkeye-kate-bishop,PRODUCT,"Marvel Legends! Hawkeye - Kate Bishop",200,YES,https://collectibles.uy/producto/marvel-legends-hawkeye-kate-bishop,YES,YES,"Marvel Legends Kate Bishop | Marvel | Collectibles | Collectibles Urug",YES,YES,PASS
https://collectibles.uy/producto/kit-de-50-sobres-de-panini-super-mario-it-s-a-me-mario-super-mario,PRODUCT,"Kit De 50 Sobres De Panini Super Mario (it's A Me, Mario) Super Mario",200,YES,https://collectibles.uy/producto/kit-de-50-sobres-de-panini-super-mario-it-s-a-me-mario-super-mario,YES,YES,"SUPER MARIO | Collectibles | Collectibles Uruguay",YES,YES,PASS
https://collectibles.uy/producto/shadow-sonic-the-hedgehog-great-eastern-peluche-30cm-5486,PRODUCT,"Shadow Sonic The Hedgehog Great Eastern Peluche 30cm",200,YES,https://collectibles.uy/producto/shadow-sonic-the-hedgehog-great-eastern-peluche-30cm-5486,YES,YES,"Shadow Sonic The Hedgehog Great Eastern Peluche 30cm | Collectibles Ur",YES,YES,PASS
https://collectibles.uy/producto/frazada-1-plaza-my-hero-academia-deku-3,PRODUCT,"FRAZADA 1 PLAZA MY HERO ACADEMIA - DEKU",200,YES,https://collectibles.uy/producto/frazada-1-plaza-my-hero-academia-deku-3,YES,YES,"FRAZADA 1 PLAZA MY HERO ACADEMIA - DEKU | Collectibles Uruguay",YES,YES,PASS
https://collectibles.uy/producto/tortugas-ninja-in-time-baxter-stockman-7-action-figure,PRODUCT,"Tortugas Ninja! In Time Baxter Stockman 7 Action Figure",200,YES,https://collectibles.uy/producto/tortugas-ninja-in-time-baxter-stockman-7-action-figure,YES,YES,"NECA BAXTER | Tortugas Ninja | Collectibles | Collectibles Uruguay",YES,YES,PASS
https://collectibles.uy/producto/ballora-five-nights-at-freddy-s-sister-location-funko-1709,PRODUCT,"Ballora Five Nights At Freddy´s Sister Location Funko",200,YES,https://collectibles.uy/producto/ballora-five-nights-at-freddy-s-sister-location-funko-1709,YES,YES,"Ballora Five Nights At Freddy´s Sister Location Funko | Collectibles U",YES,YES,PASS
https://collectibles.uy/producto/funko-pop-movies-us-adelaide-wilson,PRODUCT,"Funko Pop! Movies Us Adelaide Wilson",200,YES,https://collectibles.uy/producto/funko-pop-movies-us-adelaide-wilson,YES,YES,"Funko Pop Adelaide Wilson | Us | Collectibles | Collectibles Uruguay",YES,YES,PASS
https://collectibles.uy/producto/leonardo-tortugas-ninja-movie-star-playmates-4886,PRODUCT,"Leonardo Tortugas Ninja Movie Star Playmates",200,YES,https://collectibles.uy/producto/leonardo-tortugas-ninja-movie-star-playmates-4886,YES,YES,"Leonardo Tortugas Ninja Movie Star Playmates | Collectibles Uruguay",YES,YES,PASS
https://collectibles.uy/producto/funko-pop-squid-game-gi-hun-456,PRODUCT,"Funko Pop! Squid Game - Gi-hun 456",200,YES,https://collectibles.uy/producto/funko-pop-squid-game-gi-hun-456,YES,YES,"Funko Pop GI-HUN 456 | Juego Calamar | Collectibles | Collectibles Uru",YES,YES,PASS
https://collectibles.uy/producto/funko-pop-what-if-queen-general-ramonda,PRODUCT,"Funko Pop! What If...? - Queen General Ramonda",200,YES,https://collectibles.uy/producto/funko-pop-what-if-queen-general-ramonda,YES,YES,"Funko Pop QUEEN GENERAL RAMONDA 971 | What If...? | Collectibles | Col",YES,YES,PASS
https://collectibles.uy/producto/my-melody-kuromi-hello-kitty-sanrio-gorro-7441,PRODUCT,"My Melody Kuromi Hello Kitty Sanrio Gorro",200,YES,https://collectibles.uy/producto/my-melody-kuromi-hello-kitty-sanrio-gorro-7441,YES,YES,"My Melody Kuromi Hello Kitty Sanrio Gorro | Collectibles Uruguay",YES,YES,PASS
https://collectibles.uy/producto/splinter-tortugas-ninja-turtles-ultimates-wave1-super7-1636,PRODUCT,"Splinter Tortugas Ninja Turtles Ultimates Wave1 Super7",200,YES,https://collectibles.uy/producto/splinter-tortugas-ninja-turtles-ultimates-wave1-super7-1636,YES,YES,"Splinter Tortugas Ninja Turtles Ultimates Wave1 Super7 | Collectibles ",YES,YES,PASS
https://collectibles.uy/producto/neca-the-boys-ultimate-starlight-action-figure,PRODUCT,"Neca! The Boys Ultimate Starlight Action Figure",200,YES,https://collectibles.uy/producto/neca-the-boys-ultimate-starlight-action-figure,YES,YES,"NECA Starlight | The Boys | Collectibles | Collectibles Uruguay",YES,YES,PASS
https://collectibles.uy/producto/funko-pop-squid-game-kang-sae-byeok-067,PRODUCT,"Funko Pop! Squid Game - Kang Sae-Byeok 067",200,YES,https://collectibles.uy/producto/funko-pop-squid-game-kang-sae-byeok-067,YES,YES,"Funko Pop Kang Sae-Byeok | Squid Game | Collectibles | Collectibles Ur",YES,YES,PASS
https://collectibles.uy/producto/figura-de-accion-birdperson-de-rick-and-morty-funko,PRODUCT,"Figura De Acción Birdperson De Rick And Morty Funko",200,YES,https://collectibles.uy/producto/figura-de-accion-birdperson-de-rick-and-morty-funko,YES,YES,"Funko Pop Birdperson | Rick and Morty | Collectibles | Collectibles Ur",YES,YES,PASS
https://collectibles.uy/producto/funko-pop-doctor-strange-in-the-multiverse-rintrah,PRODUCT,"Funko Pop! Doctor Strange In The Multiverse- Rintrah",200,YES,https://collectibles.uy/producto/funko-pop-doctor-strange-in-the-multiverse-rintrah,YES,YES,"Funko Pop RINTRAH | Marvel | Collectibles | Collectibles Uruguay",YES,YES,PASS
https://collectibles.uy/producto/bonnie-five-nights-at-freddy-s-funko-1054,PRODUCT,"Bonnie Five Nights At Freddy´s Funko",200,YES,https://collectibles.uy/producto/bonnie-five-nights-at-freddy-s-funko-1054,YES,YES,"Bonnie Five Nights At Freddy´s Funko | Collectibles Uruguay",YES,YES,PASS
https://collectibles.uy/producto/michelangelo-tortugas-ninja-turtles-shellraiser-playmates-6827,PRODUCT,"Michelangelo Tortugas Ninja Turtles Shellraiser Playmates",200,YES,https://collectibles.uy/producto/michelangelo-tortugas-ninja-turtles-shellraiser-playmates-6827,YES,YES,"Michelangelo Tortugas Ninja Turtles Shellraiser Playmates | Collectibl",YES,YES,PASS
https://collectibles.uy/producto/grimm-foxy-five-nights-at-freddy-s-curse-of-dreadbear-funko-8137,PRODUCT,"Grimm Foxy Five Nights At Freddy´s Curse Of Dreadbear Funko",200,YES,https://collectibles.uy/producto/grimm-foxy-five-nights-at-freddy-s-curse-of-dreadbear-funko-8137,YES,YES,"Grimm Foxy Five Nights At Freddy´s Curse Of Dreadbear Funko | Collecti",YES,YES,PASS
https://collectibles.uy/producto/freddy-five-nights-at-freddy-s-funko-9920,PRODUCT,"Freddy Five Nights At Freddy´s Funko",200,YES,https://collectibles.uy/producto/freddy-five-nights-at-freddy-s-funko-9920,YES,YES,"Freddy Five Nights At Freddy´s Funko | Collectibles Uruguay",YES,YES,PASS
https://collectibles.uy/producto/vanny-five-nights-freddy-s-security-breach-funko-6566,PRODUCT,"Vanny Five Nights Freddy´s Security Breach Funko",200,YES,https://collectibles.uy/producto/vanny-five-nights-freddy-s-security-breach-funko-6566,YES,YES,"Vanny Five Nights Freddy´s Security Breach Funko | Collectibles Urugua",YES,YES,PASS
https://collectibles.uy/producto/4-pack-tortugas-ninja-turtles-2-secret-of-the-ooze-neca-8004,PRODUCT,"4 Pack Tortugas Ninja Turtles 2 Secret Of The Ooze Neca",200,YES,https://collectibles.uy/producto/4-pack-tortugas-ninja-turtles-2-secret-of-the-ooze-neca-8004,YES,YES,"4 Pack Tortugas Ninja Turtles 2 Secret Of The Ooze Neca | Collectibles",YES,YES,PASS
https://collectibles.uy/producto/tyrannosaurus-rex-thrash--n-devour-jurassic-world-dominion-6580,PRODUCT,"Tyrannosaurus Rex Thrash 'n Devour Jurassic World Dominion",200,YES,https://collectibles.uy/producto/tyrannosaurus-rex-thrash--n-devour-jurassic-world-dominion-6580,YES,YES,"Tyrannosaurus Rex Thrash &#039;n Devour Jurassic World Dominion | Coll",YES,YES,PASS
https://collectibles.uy/producto/super-shredder-tortugas-ninja-movie-star-playmates-8045,PRODUCT,"Super Shredder Tortugas Ninja Movie Star Playmates",200,YES,https://collectibles.uy/producto/super-shredder-tortugas-ninja-movie-star-playmates-8045,YES,YES,"Super Shredder Tortugas Ninja Movie Star Playmates | Collectibles Urug",YES,YES,PASS
https://collectibles.uy/producto/bebop-rocksteady-tortugas-ninja-turtles-neca-2139,PRODUCT,"Bebop Rocksteady Tortugas Ninja Turtles Neca",200,YES,https://collectibles.uy/producto/bebop-rocksteady-tortugas-ninja-turtles-neca-2139,YES,YES,"Bebop Rocksteady Tortugas Ninja Turtles Neca | Collectibles Uruguay",YES,YES,PASS
https://collectibles.uy/producto/funko-pop-the-eternals-ajak,PRODUCT,"Funko Pop! The Eternals - Ajak",200,YES,https://collectibles.uy/producto/funko-pop-the-eternals-ajak,YES,YES,"Funko Pop Ajak | Eternals | Collectibles | Collectibles Uruguay",YES,YES,PASS
https://collectibles.uy/producto/figura-de-accion-donatello-vs-johnny-lawrence-tmnt-vs-cobra-kai-de-playmates-toys-16-cm,PRODUCT,"Figura De Acción Donatello Vs Johnny Lawrence Tmnt Vs Cobra Kai De Playmates Toys 16 Cm",200,YES,https://collectibles.uy/producto/figura-de-accion-donatello-vs-johnny-lawrence-tmnt-vs-cobra-kai-de-playmates-toys-16-cm,YES,YES,"Donatello vs Johnny Lawrence | Turtles Ninja | Collectibles | Collecti",YES,YES,PASS
https://collectibles.uy/producto/funko-pop-eternals-sprite,PRODUCT,"Funko Pop! Eternals - Sprite",200,YES,https://collectibles.uy/producto/funko-pop-eternals-sprite,YES,YES,"Funko Pop Sprite | Eternals | Collectibles | Collectibles Uruguay",YES,YES,PASS
https://collectibles.uy/producto/needler-halo-nerf-hasbro--violeta-9934,PRODUCT,"Needler Halo Nerf Hasbro  Violeta",200,YES,https://collectibles.uy/producto/needler-halo-nerf-hasbro--violeta-9934,YES,YES,"Needler Halo Nerf Hasbro  Violeta | Collectibles Uruguay",YES,YES,PASS
https://collectibles.uy/producto/ghostbusters-1985-plasma-series-gozer,PRODUCT,"Ghostbusters 1985 Plasma Series - Gozer ",200,YES,https://collectibles.uy/producto/ghostbusters-1985-plasma-series-gozer,YES,YES,"Gozer Ghostbusters | Hasbro | Collectibles | Collectibles Uruguay",YES,YES,PASS
https://collectibles.uy/producto/chica-with-mr--cupcake-five-nights-at-freddy-s-funko-2527,PRODUCT,"Chica With Mr. Cupcake Five Nights At Freddy´s Funko",200,YES,https://collectibles.uy/producto/chica-with-mr--cupcake-five-nights-at-freddy-s-funko-2527,YES,YES,"Chica With Mr. Cupcake Five Nights At Freddy´s Funko | Collectibles Ur",YES,YES,PASS
https://collectibles.uy/producto/funko-pop-eternals-dave-whitman,PRODUCT,"Funko Pop! Eternals - Dave Whitman",200,YES,https://collectibles.uy/producto/funko-pop-eternals-dave-whitman,YES,YES,"Funko Pop Dave Whitman 738 | Marvel | Collectibles | Collectibles Urug",YES,YES,PASS
https://collectibles.uy/producto/chocolate-chica-five-nights-freddy-s-special-delivery-funko-8101,PRODUCT,"Chocolate Chica Five Nights Freddy´s Special Delivery Funko",200,YES,https://collectibles.uy/producto/chocolate-chica-five-nights-freddy-s-special-delivery-funko-8101,YES,YES,"Chocolate Chica Five Nights Freddy´s Special Delivery Funko | Collecti",YES,YES,PASS
https://collectibles.uy/producto/figuras-hasbro-dungeons-and-dragons-golden-archive-holga,PRODUCT,"Figuras Hasbro Dungeons And Dragons Golden Archive- Holga",200,YES,https://collectibles.uy/producto/figuras-hasbro-dungeons-and-dragons-golden-archive-holga,YES,YES,"Holga Dungeons &amp; Dragons | Hasbro | Collectibles | Collectibles Ur",YES,YES,PASS
https://collectibles.uy/producto/the-last-ronin-rogue-derelict-tortugas-ninja-turtles-neca-2951,PRODUCT,"The Last Ronin Rogue Derelict Tortugas Ninja Turtles Neca",200,YES,https://collectibles.uy/producto/the-last-ronin-rogue-derelict-tortugas-ninja-turtles-neca-2951,YES,YES,"The Last Ronin Rogue Derelict Tortugas Ninja Turtles Neca | Collectibl",YES,YES,PASS
https://collectibles.uy/producto/muckman---joe-tortugas-ninja-turtles-ultimates-wave4-super7-1625,PRODUCT,"Muckman & Joe Tortugas Ninja Turtles Ultimates Wave4 Super7",200,YES,https://collectibles.uy/producto/muckman---joe-tortugas-ninja-turtles-ultimates-wave4-super7-1625,YES,YES,"Muckman &amp; Joe Tortugas Ninja Turtles Ultimates Wave4 Super7 | Coll",YES,YES,PASS
https://collectibles.uy/producto/five-nights-at-freddy-s-jack-obonnie-dread-bear-funko-replay-9721,PRODUCT,"Five Nights At Freddy's Jack Obonnie Dread Bear Funko Replay",200,YES,https://collectibles.uy/producto/five-nights-at-freddy-s-jack-obonnie-dread-bear-funko-replay-9721,YES,YES,"Five Nights At Freddy&#039;s Jack Obonnie Dread Bear Funko Replay | Co",YES,YES,PASS
https://collectibles.uy/producto/casey-jones-tortugas-ninja-turtles-ultimates-wave4-super7-6905,PRODUCT,"Casey Jones Tortugas Ninja Turtles Ultimates Wave4 Super7",200,YES,https://collectibles.uy/producto/casey-jones-tortugas-ninja-turtles-ultimates-wave4-super7-6905,YES,YES,"Casey Jones Tortugas Ninja Turtles Ultimates Wave4 Super7 | Collectibl",YES,YES,PASS
https://collectibles.uy/producto/bonnie-five-nights-at-freddy-s-snaps-funko-1984,PRODUCT,"Bonnie Five Nights At Freddy´s Snaps Funko",200,YES,https://collectibles.uy/producto/bonnie-five-nights-at-freddy-s-snaps-funko-1984,YES,YES,"Bonnie Five Nights At Freddy´s Snaps Funko | Collectibles Uruguay",YES,YES,PASS
https://collectibles.uy/producto/pigpatch-five-nights-at-freddy-s-glow-in-the-dark-funko-2897,PRODUCT,"Pigpatch Five Nights At Freddy´s Glow In The Dark Funko",200,YES,https://collectibles.uy/producto/pigpatch-five-nights-at-freddy-s-glow-in-the-dark-funko-2897,YES,YES,"Pigpatch Five Nights At Freddy´s Glow In The Dark Funko | Collectibles",YES,YES,PASS
https://collectibles.uy/producto/peluche-unicornio-pixie-de-tokidoki-aurora-hipoalergenico,PRODUCT,"Peluche Unicornio Pixie De Tokidoki Aurora Hipoalergénico",200,YES,https://collectibles.uy/producto/peluche-unicornio-pixie-de-tokidoki-aurora-hipoalergenico,YES,YES,"Pixie Tokidoki | Aurora | Collectibles | Collectibles Uruguay",YES,YES,PASS
https://collectibles.uy/producto/meteor-mega-man-rockman-66-action-dash-vol-2-bandai-3271,PRODUCT,"Meteor Mega Man Rockman 66 Action Dash Vol.2 Bandai",200,YES,https://collectibles.uy/producto/meteor-mega-man-rockman-66-action-dash-vol-2-bandai-3271,YES,YES,"Meteor Mega Man Rockman 66 Action Dash Vol.2 Bandai | Collectibles Uru",YES,YES,PASS
https://collectibles.uy/producto/funko-pop-the-eternals-kingo,PRODUCT,"Funko Pop! The Eternals - Kingo",200,YES,https://collectibles.uy/producto/funko-pop-the-eternals-kingo,YES,YES,"Funko Pop Kingo 731 | Eternals | Collectibles | Collectibles Uruguay",YES,YES,PASS
https://collectibles.uy/producto/yu-gi-oh-pack-the-crimson-king-,PRODUCT,"Yu-Gi-Oh! Pack The Crimson King ",200,YES,https://collectibles.uy/producto/yu-gi-oh-pack-the-crimson-king-,YES,YES,"Yu-Gi-Oh! Pack The Crimson King  | Collectibles Uruguay",YES,YES,PASS
https://collectibles.uy/producto/figura-de-acci-n-neca-g-rgolas-thailog-articulada-coleccionable-de-19-cm-3147,PRODUCT,"Figura De Acción Neca Gárgolas Thailog Articulada Coleccionable De 19 Cm",200,YES,https://collectibles.uy/producto/figura-de-acci-n-neca-g-rgolas-thailog-articulada-coleccionable-de-19-cm-3147,YES,YES,"Figura De Acción Neca Gárgolas Thailog Articulada Coleccionable De 19 ",YES,YES,PASS
https://collectibles.uy/producto/black-zero-mega-man-rockman-x-d-arts-bandai-9179,PRODUCT,"Black Zero Mega Man Rockman X D-arts Bandai",200,YES,https://collectibles.uy/producto/black-zero-mega-man-rockman-x-d-arts-bandai-9179,YES,YES,"Black Zero Mega Man Rockman X D-arts Bandai | Collectibles Uruguay",YES,YES,PASS
https://collectibles.uy/producto/steel-clan-robot-ultimate-gargoyles-disney-neca-4735,PRODUCT,"Steel Clan Robot Ultimate Gargoyles Disney Neca",200,YES,https://collectibles.uy/producto/steel-clan-robot-ultimate-gargoyles-disney-neca-4735,YES,YES,"Steel Clan Robot Ultimate Gargoyles Disney Neca | Collectibles Uruguay",YES,YES,PASS
https://collectibles.uy/producto/land-dichi-marine-ushio-saint-cloth-myth-bandai-4455,PRODUCT,"Land Dichi Marine Ushio Saint Cloth Myth Bandai",200,YES,https://collectibles.uy/producto/land-dichi-marine-ushio-saint-cloth-myth-bandai-4455,YES,YES,"Land Dichi Marine Ushio Saint Cloth Myth Bandai | Collectibles Uruguay",YES,YES,PASS
https://collectibles.uy/producto/once-eleven-with-eggo-stranger-things-421-funko-pop-8407,PRODUCT,"Once Eleven With Eggo Stranger Things 421 Funko Pop",200,YES,https://collectibles.uy/producto/once-eleven-with-eggo-stranger-things-421-funko-pop-8407,YES,YES,"Once Eleven With Eggo Stranger Things 421 Funko Pop | Collectibles Uru",YES,YES,PASS
https://collectibles.uy/producto/funko-pop-mortal-kombat-sub-zero-,PRODUCT,"Funko Pop! Mortal Kombat - Sub-zero",200,YES,https://collectibles.uy/producto/funko-pop-mortal-kombat-sub-zero-,YES,YES,"Funko Pop! Mortal Kombat - Sub-zero | Collectibles Uruguay",YES,YES,PASS
https://collectibles.uy/producto/jocasta-marvel-legends-joe-fixit-baf-hasbro-4537,PRODUCT,"Jocasta Marvel Legends Joe Fixit Baf Hasbro",200,YES,https://collectibles.uy/producto/jocasta-marvel-legends-joe-fixit-baf-hasbro-4537,YES,YES,"Jocasta Marvel Legends Joe Fixit Baf Hasbro | Collectibles Uruguay",YES,YES,PASS
https://collectibles.uy/producto/marvel-heroclix-avenger-fantastic-four-empyre-booster-brick,PRODUCT,"Marvel Heroclix: Avenger Fantastic Four Empyre Booster Brick",200,YES,https://collectibles.uy/producto/marvel-heroclix-avenger-fantastic-four-empyre-booster-brick,YES,YES,"4 Fantasticos HeroClix! | Heroclix | Collectibles | Collectibles Urugu",YES,YES,PASS
https://collectibles.uy/producto/pandora-box-vol-4-saint-cloth-myth-appendix-bandai-1147,PRODUCT,"Pandora Box Vol.4 Saint Cloth Myth Appendix Bandai",200,YES,https://collectibles.uy/producto/pandora-box-vol-4-saint-cloth-myth-appendix-bandai-1147,YES,YES,"Pandora Box Vol.4 Saint Cloth Myth Appendix Bandai | Collectibles Urug",YES,YES,PASS
https://collectibles.uy/producto/figgyz-pop-magnet-street-fighter-zangief,PRODUCT,"Figgyz Pop! Magnet Street Fighter - Zangief",200,YES,https://collectibles.uy/producto/figgyz-pop-magnet-street-fighter-zangief,YES,YES,"Zangief Street Fighter | Figgyz | Collectibles | Collectibles Uruguay",YES,YES,PASS
https://collectibles.uy/producto/sky-sho-saint-cloth-myth-bandai-5563,PRODUCT,"Sky Sho Saint Cloth Myth Bandai",200,YES,https://collectibles.uy/producto/sky-sho-saint-cloth-myth-bandai-5563,YES,YES,"Sky Sho Saint Cloth Myth Bandai | Collectibles Uruguay",YES,YES,PASS
https://collectibles.uy/producto/darkstar-marvel-legends-ursa-major-baf-hasbro-on70a,PRODUCT,"Darkstar Marvel Legends Ursa Major Baf Hasbro",200,YES,https://collectibles.uy/producto/darkstar-marvel-legends-ursa-major-baf-hasbro-on70a,YES,YES,"Darkstar Marvel Legends Ursa Major Baf Hasbro | Collectibles Uruguay",YES,YES,PASS
https://collectibles.uy/producto/super-skrull-avengers-marvel-legends-hasbro-loose-7767,PRODUCT,"Super Skrull Avengers Marvel Legends Hasbro Loose",200,YES,https://collectibles.uy/producto/super-skrull-avengers-marvel-legends-hasbro-loose-7767,YES,YES,"Super Skrull Avengers Marvel Legends Hasbro Loose | Collectibles Urugu",YES,YES,PASS
https://collectibles.uy/producto/sorceress-he-man-motu-club-grayskull-filmation-super7-mu-eco-5308,PRODUCT,"Sorceress He-man Motu Club Grayskull Filmation Super7 Muñeco",200,YES,https://collectibles.uy/producto/sorceress-he-man-motu-club-grayskull-filmation-super7-mu-eco-5308,YES,YES,"Sorceress He-man Motu Club Grayskull Filmation Super7 Muñeco | Collect",YES,YES,PASS
https://collectibles.uy/producto/funko-pop-saint-seiya-cygnus-hyoga,PRODUCT,"Funko Pop! Saint Seiya Cygnus Hyoga",200,YES,https://collectibles.uy/producto/funko-pop-saint-seiya-cygnus-hyoga,YES,YES,"Funko Pop Cygnus Hyoga | Saint Seiya | Collectibles | Collectibles Uru",YES,YES,PASS
https://collectibles.uy/producto/sigma-mega-man-rockman-figuarts-zero-bandai-8084,PRODUCT,"Sigma Mega Man Rockman Figuarts Zero Bandai",200,YES,https://collectibles.uy/producto/sigma-mega-man-rockman-figuarts-zero-bandai-8084,YES,YES,"Sigma Mega Man Rockman Figuarts Zero Bandai | Collectibles Uruguay",YES,YES,PASS
https://collectibles.uy/producto/spiderman-spinneret-renew-your-vows-marvel-legends-hasbro-dtod6,PRODUCT,"Spiderman Spinneret Renew Your Vows Marvel Legends Hasbro",200,YES,https://collectibles.uy/producto/spiderman-spinneret-renew-your-vows-marvel-legends-hasbro-dtod6,YES,YES,"Spiderman Spinneret Renew Your Vows Marvel Legends Hasbro | Collectibl",YES,YES,PASS
https://collectibles.uy/producto/tortugas-ninja-vs-cobra-kai-leonardo-vs-johnny-lawrence,PRODUCT,"Tortugas Ninja Vs Cobra Kai: Leonardo Vs Johnny Lawrence",200,YES,https://collectibles.uy/producto/tortugas-ninja-vs-cobra-kai-leonardo-vs-johnny-lawrence,YES,YES,"Donatello vs Johnny Lawrence | Turtles Ninja | Collectibles | Collecti",YES,YES,PASS
https://collectibles.uy/producto/michiru-kaio-neptune-sailor-moon-figuarts-bandai-3945,PRODUCT,"Michiru Kaio Neptune Sailor Moon Figuarts Bandai",200,YES,https://collectibles.uy/producto/michiru-kaio-neptune-sailor-moon-figuarts-bandai-3945,YES,YES,"Michiru Kaio Neptune Sailor Moon Figuarts Bandai | Collectibles Urugua",YES,YES,PASS
https://collectibles.uy/producto/splinter-tortugas-ninja-movie-star-playmates-6339,PRODUCT,"Splinter Tortugas Ninja Movie Star Playmates",200,YES,https://collectibles.uy/producto/splinter-tortugas-ninja-movie-star-playmates-6339,YES,YES,"Splinter Tortugas Ninja Movie Star Playmates | Collectibles Uruguay",YES,YES,PASS
https://collectibles.uy/producto/promo-mascota-llaveros-del-mundial-2026-maple--copia-8972-copia-5940,PRODUCT,"Promo Mascota + LLaveros del Mundial 2026 - Zayu",200,YES,https://collectibles.uy/producto/promo-mascota-llaveros-del-mundial-2026-maple--copia-8972-copia-5940,YES,YES,"Promo Mascota + LLaveros del Mundial 2026 - Zayu | Collectibles Urugua",YES,YES,PASS
https://collectibles.uy/producto/angela-ultimate-gargoyles-disney-neca-1080,PRODUCT,"Angela Ultimate Gargoyles Disney Neca",200,YES,https://collectibles.uy/producto/angela-ultimate-gargoyles-disney-neca-1080,YES,YES,"Angela Ultimate Gargoyles Disney Neca | Collectibles Uruguay",YES,YES,PASS
https://collectibles.uy/producto/mantenna-he-man-motu-club-grayskull-filmation-super7-mu-eco-2222,PRODUCT,"Mantenna He-man Motu Club Grayskull Filmation Super7 Muñeco",200,YES,https://collectibles.uy/producto/mantenna-he-man-motu-club-grayskull-filmation-super7-mu-eco-2222,YES,YES,"Mantenna He-man Motu Club Grayskull Filmation Super7 Muñeco | Collecti",YES,YES,PASS
https://collectibles.uy/producto/sailor-mercury-sailor-moon-por-s-h-figuarts-5665,PRODUCT,"Sailor Mercury Sailor Moon Por S.h Figuarts",200,YES,https://collectibles.uy/producto/sailor-mercury-sailor-moon-por-s-h-figuarts-5665,YES,YES,"Sailor Mercury Sailor Moon Por S.h Figuarts | Collectibles Uruguay",YES,YES,PASS
https://collectibles.uy/producto/funko-pop-marvel-the-eternals-sersi,PRODUCT,"Funko Pop! Marvel: The Eternals - Sersi",200,YES,https://collectibles.uy/producto/funko-pop-marvel-the-eternals-sersi,YES,YES,"Funko Pop Sersi | Marvel | Collectibles | Collectibles Uruguay",YES,YES,PASS
https://collectibles.uy/producto/raphael-tortugas-ninja-turtles-classic-playmates-3042,PRODUCT,"Raphael Tortugas Ninja Turtles Classic Playmates",200,YES,https://collectibles.uy/producto/raphael-tortugas-ninja-turtles-classic-playmates-3042,YES,YES,"Raphael Tortugas Ninja Turtles Classic Playmates | Collectibles Urugua",YES,YES,PASS
https://collectibles.uy/producto/figura-articulada-hudson-17-78cm-neca-g-rgolas-coleccionable-2477,PRODUCT,"Figura Articulada Hudson 17.78cm Neca Gárgolas Coleccionable",200,YES,https://collectibles.uy/producto/figura-articulada-hudson-17-78cm-neca-g-rgolas-coleccionable-2477,YES,YES,"Figura Articulada Hudson 17.78cm Neca Gárgolas Coleccionable | Collect",YES,YES,PASS
https://collectibles.uy/producto/mega-man-rockman-x-full-armor-d-arts-bandai-4539,PRODUCT,"Mega Man Rockman X Full Armor D-arts Bandai",200,YES,https://collectibles.uy/producto/mega-man-rockman-x-full-armor-d-arts-bandai-4539,YES,YES,"Mega Man Rockman X Full Armor D-arts Bandai | Collectibles Uruguay",YES,YES,PASS
https://collectibles.uy/producto/hordak-he-man-motu-club-grayskull-filmation-super7-mu-eco-8982,PRODUCT,"Hordak He-man Motu Club Grayskull Filmation Super7 Muñeco",200,YES,https://collectibles.uy/producto/hordak-he-man-motu-club-grayskull-filmation-super7-mu-eco-8982,YES,YES,"Hordak He-man Motu Club Grayskull Filmation Super7 Muñeco | Collectibl",YES,YES,PASS
https://collectibles.uy/producto/obsidian-silver-surfer-marvel-legends-hasbro-8383,PRODUCT,"Obsidian Silver Surfer Marvel Legends Hasbro",200,YES,https://collectibles.uy/producto/obsidian-silver-surfer-marvel-legends-hasbro-8383,YES,YES,"Obsidian Silver Surfer Marvel Legends Hasbro | Collectibles Uruguay",YES,YES,PASS
https://collectibles.uy/producto/funko-pop-the-eternals-ikaris,PRODUCT,"Funko Pop! The Eternals - Ikaris",200,YES,https://collectibles.uy/producto/funko-pop-the-eternals-ikaris,YES,YES,"Funko Pop Ikaris | Eternals | Collectibles | Collectibles Uruguay",YES,YES,PASS
https://collectibles.uy/producto/moira-mactagger-x-men-marvel-legends-tri-sentinel-baf-hasbro-3415,PRODUCT,"Moira Mactagger X-men Marvel Legends Tri-sentinel Baf Hasbro",200,YES,https://collectibles.uy/producto/moira-mactagger-x-men-marvel-legends-tri-sentinel-baf-hasbro-3415,YES,YES,"Moira Mactagger X-men Marvel Legends Tri-sentinel Baf Hasbro | Collect",YES,YES,PASS
https://collectibles.uy/producto/raphael-tortugas-ninja-movie-star-playmates-6732,PRODUCT,"Raphael Tortugas Ninja Movie Star Playmates",200,YES,https://collectibles.uy/producto/raphael-tortugas-ninja-movie-star-playmates-6732,YES,YES,"Raphael Tortugas Ninja Movie Star Playmates | Collectibles Uruguay",YES,YES,PASS
https://collectibles.uy/producto/marvel-legends-thor-love-and-thunder-groot,PRODUCT,"Marvel Legends! Thor Love And Thunder - Groot",200,YES,https://collectibles.uy/producto/marvel-legends-thor-love-and-thunder-groot,YES,YES,"Marvel Legends Groot | Marvel | Collectibles | Collectibles Uruguay",YES,YES,PASS
https://collectibles.uy/producto/setsuna-meio-pluto-sailor-moon-figuarts-bandai-3220,PRODUCT,"Setsuna Meio Pluto Sailor Moon Figuarts Bandai",200,YES,https://collectibles.uy/producto/setsuna-meio-pluto-sailor-moon-figuarts-bandai-3220,YES,YES,"Setsuna Meio Pluto Sailor Moon Figuarts Bandai | Collectibles Uruguay",YES,YES,PASS
https://collectibles.uy/producto/storm-thunderbird-x-men-marvel-legends-hasbro-1462,PRODUCT,"Storm Thunderbird X-men Marvel Legends Hasbro",200,YES,https://collectibles.uy/producto/storm-thunderbird-x-men-marvel-legends-hasbro-1462,YES,YES,"Storm Thunderbird X-men Marvel Legends Hasbro | Collectibles Uruguay",YES,YES,PASS
https://collectibles.uy/producto/figura-de-accion-iron-man-pop-de-funko-pop-marvel,PRODUCT,"Funko Pop! Deluxe Marvel: Hall of Armor - Iron Man Model 1",200,YES,https://collectibles.uy/producto/figura-de-accion-iron-man-pop-de-funko-pop-marvel,YES,YES,"Funko Pop Iron Man | Marvel | Collectibles | Collectibles Uruguay",YES,YES,PASS
https://collectibles.uy/producto/minecraft-llavero-ghast-2-5-monjang-studio,PRODUCT,"MINECRAFT! LLAVERO GHAST 2.5 MONJANG STUDIO",200,YES,https://collectibles.uy/producto/minecraft-llavero-ghast-2-5-monjang-studio,YES,YES,"MINECRAFT! LLAVERO GHAST 2.5 MONJANG STUDIO | Collectibles Uruguay",YES,YES,PASS
https://collectibles.uy/producto/figgyz-pop-magnet-street-fighter-ryu,PRODUCT,"Figgyz Pop! Magnet Street Fighter -ryu",200,YES,https://collectibles.uy/producto/figgyz-pop-magnet-street-fighter-ryu,YES,YES,"Ken Street Fighter | Figgyz | Collectibles | Collectibles Uruguay",YES,YES,PASS
https://collectibles.uy/producto/super-mario-6cm-wave-22-nintendo-jakks-7009,PRODUCT,"Super Mario 6cm Wave 22 Nintendo Jakks",200,YES,https://collectibles.uy/producto/super-mario-6cm-wave-22-nintendo-jakks-7009,YES,YES,"Super Mario 6cm Wave 22 Nintendo Jakks | Collectibles Uruguay",YES,YES,PASS
https://collectibles.uy/producto/marvel-legends-guardians-of-the-galaxy-vol-3-star-lord,PRODUCT,"Marvel Legends! Guardians Of The Galaxy Vol.3 Star-Lord ",200,YES,https://collectibles.uy/producto/marvel-legends-guardians-of-the-galaxy-vol-3-star-lord,YES,YES,"Marvel Legends Star-Lord | Marvel | Collectibles | Collectibles Urugua",YES,YES,PASS
https://collectibles.uy/producto/mjolnir-thor-love-and-thunder-marvel-legends-hasbro-7baba,PRODUCT,"Mjolnir Thor Love And Thunder Marvel Legends Hasbro",200,YES,https://collectibles.uy/producto/mjolnir-thor-love-and-thunder-marvel-legends-hasbro-7baba,YES,YES,"Mjolnir Thor Love And Thunder Marvel Legends Hasbro | Collectibles Uru",YES,YES,PASS
https://collectibles.uy/producto/warlord-professor-x-x-men-marvel-legends-hasbro-tugyw,PRODUCT,"Warlord Professor X X-men Marvel Legends Hasbro",200,YES,https://collectibles.uy/producto/warlord-professor-x-x-men-marvel-legends-hasbro-tugyw,YES,YES,"Warlord Professor X X-men Marvel Legends Hasbro | Collectibles Uruguay",YES,YES,PASS
https://collectibles.uy/producto/pichu-the-pokemon-company-peluche-28cm-7933,PRODUCT,"Pichu The Pokemon Company Peluche 28cm",200,YES,https://collectibles.uy/producto/pichu-the-pokemon-company-peluche-28cm-7933,YES,YES,"Pichu The Pokemon Company Peluche 28cm | Collectibles Uruguay",YES,YES,PASS
https://collectibles.uy/producto/man-at-arms-he-man-motu-club-grayskull-filmation-super7-3806,PRODUCT,"Man At Arms He-man Motu Club Grayskull Filmation Super7",200,YES,https://collectibles.uy/producto/man-at-arms-he-man-motu-club-grayskull-filmation-super7-3806,YES,YES,"Man At Arms He-man Motu Club Grayskull Filmation Super7 | Collectibles",YES,YES,PASS
https://collectibles.uy/producto/age-of-apocalypse-marvel-legends-hasbro-8818,PRODUCT,"Age Of Apocalypse Marvel Legends Hasbro",200,YES,https://collectibles.uy/producto/age-of-apocalypse-marvel-legends-hasbro-8818,YES,YES,"Age Of Apocalypse Marvel Legends Hasbro | Collectibles Uruguay",YES,YES,PASS
https://collectibles.uy/producto/masters-of-the-universe-origins-figura-de-acci-n-200x-principe-adam--copia-6812,PRODUCT,"Masters of the Universe Origins - Skeletor 200x",200,YES,https://collectibles.uy/producto/masters-of-the-universe-origins-figura-de-acci-n-200x-principe-adam--copia-6812,YES,YES,"Masters of the Universe Origins - Skeletor 200x | Collectibles Uruguay",YES,YES,PASS
https://collectibles.uy/producto/alex-street-fighter-v-storm-collectibles-8918,PRODUCT,"Alex Street Fighter V Storm Collectibles",200,YES,https://collectibles.uy/producto/alex-street-fighter-v-storm-collectibles-8918,YES,YES,"Alex Street Fighter V Storm Collectibles | Collectibles Uruguay",YES,YES,PASS
https://collectibles.uy/producto/saint-seiya-petit-chara-land-vol-1-megahouse-9188,PRODUCT,"Saint Seiya Petit Chara Land Vol.1 Megahouse",200,YES,https://collectibles.uy/producto/saint-seiya-petit-chara-land-vol-1-megahouse-9188,YES,YES,"Saint Seiya Petit Chara Land Vol.1 Megahouse | Collectibles Uruguay",YES,YES,PASS
https://collectibles.uy/producto/figura-coleccionable-articulada-sombria-super-7-motu-masters-of-the-universe-3800,PRODUCT,"Figura Coleccionable Articulada Sombria Super 7 Motu Masters Of The Universe",200,YES,https://collectibles.uy/producto/figura-coleccionable-articulada-sombria-super-7-motu-masters-of-the-universe-3800,YES,YES,"Figura Coleccionable Articulada Sombria Super 7 Motu Masters Of The Un",YES,YES,PASS
https://collectibles.uy/producto/marvel-xmen-tas-93-rouge-,PRODUCT,"MARVEL XMEN TAS´94 - ROUGE",200,YES,https://collectibles.uy/producto/marvel-xmen-tas-93-rouge-,YES,YES,"MARVEL XMEN TAS´94 - ROUGE | Toy Biz | Collectibles | Collectibles Uru",YES,YES,PASS
https://collectibles.uy/producto/sonic-the-hedgehog-colgante,PRODUCT,"SONIC THE HEDGEHOG - COLGANTE",200,YES,https://collectibles.uy/producto/sonic-the-hedgehog-colgante,YES,YES,"SONIC THE HEDGEHOG - COLGANTE | Collectibles Uruguay",YES,YES,PASS
https://collectibles.uy/producto/prime-universe-arcee-transformers-generations-legacy-deluxe-6766,PRODUCT,"Prime Universe Arcee Transformers Generations Legacy Deluxe",200,YES,https://collectibles.uy/producto/prime-universe-arcee-transformers-generations-legacy-deluxe-6766,YES,YES,"Prime Universe Arcee Transformers Generations Legacy Deluxe | Collecti",YES,YES,PASS
https://collectibles.uy/producto/figgyz-pop-magnet-street-fighter-ken,PRODUCT,"Figgyz Pop! Magnet Street Fighter - Ken",200,YES,https://collectibles.uy/producto/figgyz-pop-magnet-street-fighter-ken,YES,YES,"Ken Street Fighter | Figgyz | Collectibles | Collectibles Uruguay",YES,YES,PASS
https://collectibles.uy/producto/masters-of-the-universe-origins-webstor-,PRODUCT,"Masters Of The Universe Origins - Webstor",200,YES,https://collectibles.uy/producto/masters-of-the-universe-origins-webstor-,YES,YES,"Masters Of The Universe Origins - Webstor | Collectibles Uruguay",YES,YES,PASS
https://collectibles.uy/producto/bowser-super-mario-world-of-nintendo-jakks-mu-eco-figura-6551,PRODUCT,"Bowser Super Mario World Of Nintendo Jakks Muñeco Figura",200,YES,https://collectibles.uy/producto/bowser-super-mario-world-of-nintendo-jakks-mu-eco-figura-6551,YES,YES,"Bowser Super Mario World Of Nintendo Jakks Muñeco Figura | Collectible",YES,YES,PASS
https://collectibles.uy/producto/super-mario-red-mushrom-10cm-wave-19-nintendo-jakks-mu-eco-7660,PRODUCT,"Super Mario Red Mushrom 10cm Wave 19 Nintendo Jakks Muñeco",200,YES,https://collectibles.uy/producto/super-mario-red-mushrom-10cm-wave-19-nintendo-jakks-mu-eco-7660,YES,YES,"Super Mario Red Mushrom 10cm Wave 19 Nintendo Jakks Muñeco | Collectib",YES,YES,PASS
https://collectibles.uy/producto/kingpin-spiderman-marvel-legends-hasbro-2228,PRODUCT,"Kingpin Spiderman Marvel Legends Hasbro",200,YES,https://collectibles.uy/producto/kingpin-spiderman-marvel-legends-hasbro-2228,YES,YES,"Kingpin Spiderman Marvel Legends Hasbro | Collectibles Uruguay",YES,YES,PASS
https://collectibles.uy/producto/bowser-super-mario-figuarts-bandai-mu-eco-figura-juguete-1874,PRODUCT,"Bowser Super Mario Figuarts Bandai Muñeco Figura Juguete",200,YES,https://collectibles.uy/producto/bowser-super-mario-figuarts-bandai-mu-eco-figura-juguete-1874,YES,YES,"Bowser Super Mario Figuarts Bandai Muñeco Figura Juguete | Collectible",YES,YES,PASS
https://collectibles.uy/producto/velocity-suit-spiderman-marvel-legends-demogoblin-baf-hasbro-6669,PRODUCT,"Velocity Suit Spiderman Marvel Legends Demogoblin Baf Hasbro",200,YES,https://collectibles.uy/producto/velocity-suit-spiderman-marvel-legends-demogoblin-baf-hasbro-6669,YES,YES,"Velocity Suit Spiderman Marvel Legends Demogoblin Baf Hasbro | Collect",YES,YES,PASS
https://collectibles.uy/producto/j--jonah-jameson-spiderman-marvel-legends-hasbro-9200,PRODUCT,"J. Jonah Jameson Spiderman Marvel Legends Hasbro",200,YES,https://collectibles.uy/producto/j--jonah-jameson-spiderman-marvel-legends-hasbro-9200,YES,YES,"J. Jonah Jameson Spiderman Marvel Legends Hasbro | Collectibles Urugua",YES,YES,PASS
https://collectibles.uy/producto/cyborg-spiderman-marvel-legends-hasbro-5410,PRODUCT,"Cyborg Spiderman Marvel Legends Hasbro",200,YES,https://collectibles.uy/producto/cyborg-spiderman-marvel-legends-hasbro-5410,YES,YES,"Cyborg Spiderman Marvel Legends Hasbro | Collectibles Uruguay",YES,YES,PASS
https://collectibles.uy/producto/carnage-symbiote-spiderman-90-s-animated-marvel-legends-koxop,PRODUCT,"Carnage Symbiote Spiderman 90's Animated Marvel Legends",200,YES,https://collectibles.uy/producto/carnage-symbiote-spiderman-90-s-animated-marvel-legends-koxop,YES,YES,"Carnage Symbiote Spiderman 90&#039;s Animated Marvel Legends | Collect",YES,YES,PASS
https://collectibles.uy/producto/luigi-super-mario-movie-peluche-poseable-jakks-mu-eco-figura-4758,PRODUCT,"Luigi Super Mario Movie Peluche Poseable Jakks Muñeco Figura",200,YES,https://collectibles.uy/producto/luigi-super-mario-movie-peluche-poseable-jakks-mu-eco-figura-4758,YES,YES,"Luigi Super Mario Movie Peluche Poseable Jakks Muñeco Figura | Collect",YES,YES,PASS
https://collectibles.uy/producto/spiderman-no-way-home-tobey-maguire-marvel-legends-hasbro-3nq77,PRODUCT," Spiderman No Way Home Tobey Maguire Marvel Legends Hasbro",200,YES,https://collectibles.uy/producto/spiderman-no-way-home-tobey-maguire-marvel-legends-hasbro-3nq77,YES,YES,"Spiderman No Way Home Tobey Maguire Marvel Legends Hasbro | Collectibl",YES,YES,PASS
https://collectibles.uy/producto/peter-parker-spiderman-marvel-legends-hasbro-4022,PRODUCT,"Peter Parker Spiderman Marvel Legends Hasbro",200,YES,https://collectibles.uy/producto/peter-parker-spiderman-marvel-legends-hasbro-4022,YES,YES,"Peter Parker Spiderman Marvel Legends Hasbro | Collectibles Uruguay",YES,YES,PASS
https://collectibles.uy/producto/ken-street-fighter-v-storm-collectibles-toys--r--us-edition-8980,PRODUCT,"Ken Street Fighter V Storm Collectibles Toys  R  Us Edition",200,YES,https://collectibles.uy/producto/ken-street-fighter-v-storm-collectibles-toys--r--us-edition-8980,YES,YES,"Ken Street Fighter V Storm Collectibles Toys  R  Us Edition | Collecti",YES,YES,PASS
https://collectibles.uy/producto/yoshi-super-mario-figuarts-bandai-mu-eco-figura-6229,PRODUCT,"Yoshi Super Mario Figuarts Bandai Muñeco Figura",200,YES,https://collectibles.uy/producto/yoshi-super-mario-figuarts-bandai-mu-eco-figura-6229,YES,YES,"Yoshi Super Mario Figuarts Bandai Muñeco Figura | Collectibles Uruguay",YES,YES,PASS
https://collectibles.uy/producto/minecraft-llavero-lobo-2-5-monjang-studio,PRODUCT,"MINECRAFT! LLAVERO LOBO 2.5 MONJANG STUDIO",200,YES,https://collectibles.uy/producto/minecraft-llavero-lobo-2-5-monjang-studio,YES,YES,"MINECRAFT! LLAVERO LOBO 2.5 MONJANG STUDIO | Collectibles Uruguay",YES,YES,PASS
https://collectibles.uy/producto/negative-zone-pizza-spiderman-marvel-legends-6877,PRODUCT,"Negative Zone Pizza Spiderman Marvel Legends",200,YES,https://collectibles.uy/producto/negative-zone-pizza-spiderman-marvel-legends-6877,YES,YES,"Negative Zone Pizza Spiderman Marvel Legends | Collectibles Uruguay",YES,YES,PASS
https://collectibles.uy/producto/chun-li-super-street-fighter-4-rah-medicom-toy-657-3692,PRODUCT,"Chun-li Super Street Fighter 4 Rah Medicom Toy 657",200,YES,https://collectibles.uy/producto/chun-li-super-street-fighter-4-rah-medicom-toy-657-3692,YES,YES,"Chun-li Super Street Fighter 4 Rah Medicom Toy 657 | Collectibles Urug",YES,YES,PASS
https://collectibles.uy/producto/marvel-legends-the-falcon-and-winter-soldier-sharon-carter,PRODUCT,"Marvel Legends! The Falcon And Winter Soldier- Sharon Carter",200,YES,https://collectibles.uy/producto/marvel-legends-the-falcon-and-winter-soldier-sharon-carter,YES,YES,"Marvel Legends Sharon Carter | Marvel | Collectibles | Collectibles Ur",YES,YES,PASS
https://collectibles.uy/producto/wolverine-x-men-97-marvel-legends-hasbro-pzmxn,PRODUCT,"Wolverine X-men 97 Marvel Legends Hasbro",200,YES,https://collectibles.uy/producto/wolverine-x-men-97-marvel-legends-hasbro-pzmxn,YES,YES,"Wolverine X-men 97 Marvel Legends Hasbro | Collectibles Uruguay",YES,YES,PASS
https://collectibles.uy/producto/kraven-spiderman-marvel-legends-hasbro-gdyx2,PRODUCT,"Kraven Spiderman Marvel Legends Hasbro",200,YES,https://collectibles.uy/producto/kraven-spiderman-marvel-legends-hasbro-gdyx2,YES,YES,"Kraven Spiderman Marvel Legends Hasbro | Collectibles Uruguay",YES,YES,PASS
https://collectibles.uy/producto/luigi-red-mushrom-super-mario-10cm-wave-25-nintendo-mu-eco-4254,PRODUCT,"Luigi Red Mushrom Super Mario 10cm Wave 25 Nintendo Muñeco",200,YES,https://collectibles.uy/producto/luigi-red-mushrom-super-mario-10cm-wave-25-nintendo-mu-eco-4254,YES,YES,"Luigi Red Mushrom Super Mario 10cm Wave 25 Nintendo Muñeco | Collectib",YES,YES,PASS
https://collectibles.uy/producto/human-torch-fantastic-four-marvel-legends-hasbro-mdvde,PRODUCT,"Human Torch Fantastic Four Marvel Legends Hasbro",200,YES,https://collectibles.uy/producto/human-torch-fantastic-four-marvel-legends-hasbro-mdvde,YES,YES,"Human Torch Fantastic Four Marvel Legends Hasbro | Collectibles Urugua",YES,YES,PASS
https://collectibles.uy/producto/superman-justice-league-animated-dc-collectibles-2038,PRODUCT,"Superman Justice League Animated Dc Collectibles",200,YES,https://collectibles.uy/producto/superman-justice-league-animated-dc-collectibles-2038,YES,YES,"Superman Justice League Animated Dc Collectibles | Collectibles Urugua",YES,YES,PASS
https://collectibles.uy/producto/super-armor-batman-the-adventures-continue-dc-collectibles-1748,PRODUCT,"Super Armor Batman The Adventures Continue Dc Collectibles",200,YES,https://collectibles.uy/producto/super-armor-batman-the-adventures-continue-dc-collectibles-1748,YES,YES,"Super Armor Batman The Adventures Continue Dc Collectibles | Collectib",YES,YES,PASS
https://collectibles.uy/producto/the-joker-deluxe-edition-dc-mezco-one-12-exclusive-3949,PRODUCT,"The Joker Deluxe Edition Dc Mezco One:12 Exclusive",200,YES,https://collectibles.uy/producto/the-joker-deluxe-edition-dc-mezco-one-12-exclusive-3949,YES,YES,"The Joker Deluxe Edition Dc Mezco One:12 Exclusive | Collectibles Urug",YES,YES,PASS
https://collectibles.uy/producto/five-nights-at-freddy-s-lentes-de-sol-uv400-sun-statches-freddyfazbear-gris-negro-8797,PRODUCT,"Five Nights At Freddy´s Lentes De Sol Uv400 Sun Statches Freddyfazbear Gris Negro",200,YES,https://collectibles.uy/producto/five-nights-at-freddy-s-lentes-de-sol-uv400-sun-statches-freddyfazbear-gris-negro-8797,YES,YES,"Five Nights At Freddy´s Lentes De Sol Uv400 Sun Statches Freddyfazbear",YES,YES,PASS
https://collectibles.uy/producto/magneto-x-men-marvel-legends-tri-sentinel-baf-hasbro-7772,PRODUCT,"Magneto X-men Marvel Legends Tri-sentinel Baf Hasbro",200,YES,https://collectibles.uy/producto/magneto-x-men-marvel-legends-tri-sentinel-baf-hasbro-7772,YES,YES,"Magneto X-men Marvel Legends Tri-sentinel Baf Hasbro | Collectibles Ur",YES,YES,PASS
https://collectibles.uy/producto/gwen-stacy-spiderman-marvel-legends-hasbro-6211,PRODUCT,"Gwen Stacy Spiderman Marvel Legends Hasbro",200,YES,https://collectibles.uy/producto/gwen-stacy-spiderman-marvel-legends-hasbro-6211,YES,YES,"Gwen Stacy Spiderman Marvel Legends Hasbro | Collectibles Uruguay",YES,YES,PASS
https://collectibles.uy/producto/star-lord-guardians-of-the-galaxy-marvel-legends-hasbro-sx905,PRODUCT,"Star Lord Guardians Of The Galaxy Marvel Legends Hasbro",200,YES,https://collectibles.uy/producto/star-lord-guardians-of-the-galaxy-marvel-legends-hasbro-sx905,YES,YES,"Star Lord Guardians Of The Galaxy Marvel Legends Hasbro | Collectibles",YES,YES,PASS
https://collectibles.uy/producto/quasar-marvel-legends-hasbro-apdec,PRODUCT,"Quasar Marvel Legends Hasbro",200,YES,https://collectibles.uy/producto/quasar-marvel-legends-hasbro-apdec,YES,YES,"Quasar Marvel Legends Hasbro | Collectibles Uruguay",YES,YES,PASS
https://collectibles.uy/producto/batcycle-batman-the-animated-series-dc-collectibles--2215,PRODUCT,"Batcycle Batman The Animated Series Dc Collectibles ",200,YES,https://collectibles.uy/producto/batcycle-batman-the-animated-series-dc-collectibles--2215,YES,YES,"Batcycle Batman The Animated Series Dc Collectibles  | Collectibles Ur",YES,YES,PASS
https://collectibles.uy/producto/michelangelo-alfred-batman-vs-tmnt-dc-collectibles-2226,PRODUCT,"Michelangelo Alfred Batman Vs Tmnt Dc Collectibles",200,YES,https://collectibles.uy/producto/michelangelo-alfred-batman-vs-tmnt-dc-collectibles-2226,YES,YES,"Michelangelo Alfred Batman Vs Tmnt Dc Collectibles | Collectibles Urug",YES,YES,PASS
https://collectibles.uy/producto/marvel-legends-deluxe-mojo-6-,PRODUCT,"MARVEL LEGENDS DELUXE - MOJO 6""",200,YES,https://collectibles.uy/producto/marvel-legends-deluxe-mojo-6-,YES,YES,"MARVEL LEGENDS DELUXE - MOJO 6&quot; | Collectibles Uruguay",YES,YES,PASS
https://collectibles.uy/producto/jigsaw-super-villains-marvel-legends-hasbro-sig4r,PRODUCT,"Jigsaw Super Villains Marvel Legends Hasbro",200,YES,https://collectibles.uy/producto/jigsaw-super-villains-marvel-legends-hasbro-sig4r,YES,YES,"Jigsaw Super Villains Marvel Legends Hasbro | Collectibles Uruguay",YES,YES,PASS
https://collectibles.uy/producto/glamrock-freddy-five-nights-freddy-s-security-breach-funko-5974,PRODUCT,"Glamrock Freddy Five Nights Freddy´s Security Breach Funko",200,YES,https://collectibles.uy/producto/glamrock-freddy-five-nights-freddy-s-security-breach-funko-5974,YES,YES,"Glamrock Freddy Five Nights Freddy´s Security Breach Funko | Collectib",YES,YES,PASS
https://collectibles.uy/producto/magneto-x-men-97-wave-2-marvel-legends-hasbro-ot0xf,PRODUCT,"Magneto X-men 97 Wave 2 Marvel Legends Hasbro ",200,YES,https://collectibles.uy/producto/magneto-x-men-97-wave-2-marvel-legends-hasbro-ot0xf,YES,YES,"Magneto X-men 97 Wave 2 Marvel Legends Hasbro  | Collectibles Uruguay",YES,YES,PASS
https://collectibles.uy/producto/captain-america-secret-empire-marvel-legends-hasbro-z8yxs,PRODUCT,"Captain America Secret Empire Marvel Legends Hasbro ",200,YES,https://collectibles.uy/producto/captain-america-secret-empire-marvel-legends-hasbro-z8yxs,YES,YES,"Captain America Secret Empire Marvel Legends Hasbro  | Collectibles Ur",YES,YES,PASS
https://collectibles.uy/producto/binary-marvel-legends-hasbro-25590,PRODUCT,"Binary Marvel Legends Hasbro",200,YES,https://collectibles.uy/producto/binary-marvel-legends-hasbro-25590,YES,YES,"Binary Marvel Legends Hasbro | Collectibles Uruguay",YES,YES,PASS
https://collectibles.uy/producto/black-gold-spiderman-no-way-home-marvel-legends-hasbro-r1gm2,PRODUCT,"Black Gold Spiderman No Way Home Marvel Legends Hasbro",200,YES,https://collectibles.uy/producto/black-gold-spiderman-no-way-home-marvel-legends-hasbro-r1gm2,YES,YES,"Black Gold Spiderman No Way Home Marvel Legends Hasbro | Collectibles ",YES,YES,PASS
https://collectibles.uy/producto/wonder-woman-with-helmet-of-faith-dc-multiverse-mcfarlane-4491,PRODUCT,"Wonder Woman With Helmet Of Faith Dc Multiverse Mcfarlane",200,YES,https://collectibles.uy/producto/wonder-woman-with-helmet-of-faith-dc-multiverse-mcfarlane-4491,YES,YES,"Wonder Woman With Helmet Of Faith Dc Multiverse Mcfarlane | Collectibl",YES,YES,PASS
https://collectibles.uy/producto/raphael-tortugas-ninja-turtles-out-shadows-disfraz-musculoso-raphael-m-3952,PRODUCT,"Raphael Tortugas Ninja Turtles Out Shadows Disfraz Musculoso Raphael M",200,YES,https://collectibles.uy/producto/raphael-tortugas-ninja-turtles-out-shadows-disfraz-musculoso-raphael-m-3952,YES,YES,"Raphael Tortugas Ninja Turtles Out Shadows Disfraz Musculoso Raphael M",YES,YES,PASS
https://collectibles.uy/producto/beast-x-men-marvel-legends-hasbro-37wy1,PRODUCT,"Beast X-men Marvel Legends Hasbro",200,YES,https://collectibles.uy/producto/beast-x-men-marvel-legends-hasbro-37wy1,YES,YES,"Beast X-men Marvel Legends Hasbro | Collectibles Uruguay",YES,YES,PASS
https://collectibles.uy/producto/speed-force-flash-justice-league-2021-dc-mcfarlane-9405,PRODUCT,"Speed Force Flash Justice League 2021 Dc Mcfarlane",200,YES,https://collectibles.uy/producto/speed-force-flash-justice-league-2021-dc-mcfarlane-9405,YES,YES,"Speed Force Flash Justice League 2021 Dc Mcfarlane | Collectibles Urug",YES,YES,PASS
https://collectibles.uy/producto/minico-the-batman-batman-unmasked-version,PRODUCT,"Minico! The Batman - Batman Unmasked Version",200,YES,https://collectibles.uy/producto/minico-the-batman-batman-unmasked-version,YES,YES,"Batman DC Comics | Iron Studios | Collectibles | Collectibles Uruguay",YES,YES,PASS
https://collectibles.uy/producto/captain-foxy-five-nights-at-freddy-s-curse-dreadbear-funko-8598,PRODUCT,"Captain Foxy Five Nights At Freddy´s Curse Dreadbear Funko",200,YES,https://collectibles.uy/producto/captain-foxy-five-nights-at-freddy-s-curse-dreadbear-funko-8598,YES,YES,"Captain Foxy Five Nights At Freddy´s Curse Dreadbear Funko | Collectib",YES,YES,PASS
https://collectibles.uy/producto/joe-fixit-incredible-hulk-marvel-legends-hasbro-biobz,PRODUCT,"Joe Fixit Incredible Hulk Marvel Legends Hasbro",200,YES,https://collectibles.uy/producto/joe-fixit-incredible-hulk-marvel-legends-hasbro-biobz,YES,YES,"Joe Fixit Incredible Hulk Marvel Legends Hasbro | Collectibles Uruguay",YES,YES,PASS
https://collectibles.uy/producto/prowler-spiderman-90-s-marvel-legends-hasbro-1g51f,PRODUCT,"Prowler Spiderman 90's Marvel Legends Hasbro",200,YES,https://collectibles.uy/producto/prowler-spiderman-90-s-marvel-legends-hasbro-1g51f,YES,YES,"Prowler Spiderman 90&#039;s Marvel Legends Hasbro | Collectibles Urugu",YES,YES,PASS
https://collectibles.uy/producto/charles-xavier-x-men-marvel-legends-tri-sentinel-baf-hasbro-3539,PRODUCT,"Charles Xavier X-men Marvel Legends Tri-sentinel Baf Hasbro",200,YES,https://collectibles.uy/producto/charles-xavier-x-men-marvel-legends-tri-sentinel-baf-hasbro-3539,YES,YES,"Charles Xavier X-men Marvel Legends Tri-sentinel Baf Hasbro | Collecti",YES,YES,PASS
https://collectibles.uy/producto/harvey-bullock-batman-the-animated-series-dc-collectibles-31-8044,PRODUCT,"Harvey Bullock Batman The Animated Series Dc Collectibles 31",200,YES,https://collectibles.uy/producto/harvey-bullock-batman-the-animated-series-dc-collectibles-31-8044,YES,YES,"Harvey Bullock Batman The Animated Series Dc Collectibles 31 | Collect",YES,YES,PASS
https://collectibles.uy/producto/sonic-the-hedgehog-figuras-en-capsula-3,PRODUCT,"SONIC THE HEDGEHOG - FIGURAS EN CAPSULA 3""",200,YES,https://collectibles.uy/producto/sonic-the-hedgehog-figuras-en-capsula-3,YES,YES,"SONIC THE HEDGEHOG - FIGURAS EN CAPSULA 3&quot; | Collectibles Uruguay",YES,YES,PASS
https://collectibles.uy/producto/aquaman-justice-league-animated-dc-collectibles-4092,PRODUCT,"Aquaman Justice League Animated Dc Collectibles",200,YES,https://collectibles.uy/producto/aquaman-justice-league-animated-dc-collectibles-4092,YES,YES,"Aquaman Justice League Animated Dc Collectibles | Collectibles Uruguay",YES,YES,PASS
https://collectibles.uy/producto/funko-pop-wednesday-merlina-addams-,PRODUCT,"Funko Pop! Wednesday - Merlina Addams",200,YES,https://collectibles.uy/producto/funko-pop-wednesday-merlina-addams-,YES,YES,"Funko Pop! Wednesday - Merlina Addams | Collectibles Uruguay",YES,YES,PASS
https://collectibles.uy/producto/rose-spiderman-marvel-legends-hasbro-ogjfe,PRODUCT,"Rose Spiderman Marvel Legends Hasbro",200,YES,https://collectibles.uy/producto/rose-spiderman-marvel-legends-hasbro-ogjfe,YES,YES,"Rose Spiderman Marvel Legends Hasbro | Collectibles Uruguay",YES,YES,PASS
https://collectibles.uy/producto/two-face-batman-the-animated-series-dc-collectibles-45-6598,PRODUCT,"Two-face Batman The Animated Series Dc Collectibles 45",200,YES,https://collectibles.uy/producto/two-face-batman-the-animated-series-dc-collectibles-45-6598,YES,YES,"Two-face Batman The Animated Series Dc Collectibles 45 | Collectibles ",YES,YES,PASS
https://collectibles.uy/producto/the-catwoman-from-channel-6-tortugas-ninja-turtles-neca-9349,PRODUCT,"The Catwoman From Channel 6 Tortugas Ninja Turtles Neca",200,YES,https://collectibles.uy/producto/the-catwoman-from-channel-6-tortugas-ninja-turtles-neca-9349,YES,YES,"The Catwoman From Channel 6 Tortugas Ninja Turtles Neca | Collectibles",YES,YES,PASS
https://collectibles.uy/producto/lady-deathstrike-marvel-legends-xenmu-baf-hasbro-u8vn6,PRODUCT,"Lady Deathstrike Marvel Legends Xenmu Baf Hasbro",200,YES,https://collectibles.uy/producto/lady-deathstrike-marvel-legends-xenmu-baf-hasbro-u8vn6,YES,YES,"Lady Deathstrike Marvel Legends Xenmu Baf Hasbro | Collectibles Urugua",YES,YES,PASS
https://collectibles.uy/producto/jean-grey-phoenix-force-x-men-marvel-legends-hasbro-sjdjg,PRODUCT,"Jean Grey Phoenix Force X-men Marvel Legends Hasbro",200,YES,https://collectibles.uy/producto/jean-grey-phoenix-force-x-men-marvel-legends-hasbro-sjdjg,YES,YES,"Jean Grey Phoenix Force X-men Marvel Legends Hasbro | Collectibles Uru",YES,YES,PASS
https://collectibles.uy/producto/deadpool-corps-scooter-marvel-legends-vehicles-qv8u9,PRODUCT,"Deadpool Corps Scooter Marvel Legends Vehicles",200,YES,https://collectibles.uy/producto/deadpool-corps-scooter-marvel-legends-vehicles-qv8u9,YES,YES,"Deadpool Corps Scooter Marvel Legends Vehicles | Collectibles Uruguay",YES,YES,PASS
https://collectibles.uy/producto/marvel-legends-thor-love-and-thunder-groot-2,PRODUCT,"Marvel Legends! Thor: Love And Thunder  - Groot",200,YES,https://collectibles.uy/producto/marvel-legends-thor-love-and-thunder-groot-2,YES,YES,"Marvel Legends Groot | Marvel | Collectibles | Collectibles Uruguay",YES,YES,PASS
https://collectibles.uy/producto/catwoman-batman-the-animated-series-dc-collectibles-04-2240,PRODUCT,"Catwoman Batman The Animated Series Dc Collectibles 04",200,YES,https://collectibles.uy/producto/catwoman-batman-the-animated-series-dc-collectibles-04-2240,YES,YES,"Catwoman Batman The Animated Series Dc Collectibles 04 | Collectibles ",YES,YES,PASS
https://collectibles.uy/producto/sabretooth-x-men-marvel-legends-colossus-baf-hasbro-p5ljq,PRODUCT,"Sabretooth X-men Marvel Legends Colossus Baf Hasbro",200,YES,https://collectibles.uy/producto/sabretooth-x-men-marvel-legends-colossus-baf-hasbro-p5ljq,YES,YES,"Sabretooth X-men Marvel Legends Colossus Baf Hasbro | Collectibles Uru",YES,YES,PASS
https://collectibles.uy/producto/lapras-the-pokemon-company-peluche-25cm-5551,PRODUCT,"Lapras The Pokemon Company Peluche 25cm",200,YES,https://collectibles.uy/producto/lapras-the-pokemon-company-peluche-25cm-5551,YES,YES,"Lapras The Pokemon Company Peluche 25cm | Collectibles Uruguay",YES,YES,PASS
https://collectibles.uy/producto/book-of-boba-fett-tython-star-wars-black-series-hasbro-1784,PRODUCT,"Book Of Boba Fett Tython Star Wars Black Series Hasbro",200,YES,https://collectibles.uy/producto/book-of-boba-fett-tython-star-wars-black-series-hasbro-1784,YES,YES,"Book Of Boba Fett Tython Star Wars Black Series Hasbro | Collectibles ",YES,YES,PASS
https://collectibles.uy/producto/professor-x-with-hover-chair-x-men-marvel-legends-hasbro-2088,PRODUCT,"Professor X With Hover Chair X-men Marvel Legends Hasbro",200,YES,https://collectibles.uy/producto/professor-x-with-hover-chair-x-men-marvel-legends-hasbro-2088,YES,YES,"Professor X With Hover Chair X-men Marvel Legends Hasbro | Collectible",YES,YES,PASS
https://collectibles.uy/producto/black-panther-captain-america-civil-war-marvel-figuarts-2586,PRODUCT,"Black Panther Captain America Civil War Marvel Figuarts",200,YES,https://collectibles.uy/producto/black-panther-captain-america-civil-war-marvel-figuarts-2586,YES,YES,"Black Panther Captain America Civil War Marvel Figuarts | Collectibles",YES,YES,PASS
https://collectibles.uy/producto/funko-plushies-avenger-infinity-war-hulkbuster,PRODUCT,"Funko Plushies! Avenger Infinity War - Hulkbuster",200,YES,https://collectibles.uy/producto/funko-plushies-avenger-infinity-war-hulkbuster,YES,YES,"Funko Plush Iron Man | Collectibles | Collectibles Uruguay",YES,YES,PASS
https://collectibles.uy/producto/carol-danvers-the-avengers-marvel-legends-10cm-hasbro-xirj2,PRODUCT,"Carol Danvers The Avengers Marvel Legends 10cm Hasbro",200,YES,https://collectibles.uy/producto/carol-danvers-the-avengers-marvel-legends-10cm-hasbro-xirj2,YES,YES,"Carol Danvers The Avengers Marvel Legends 10cm Hasbro | Collectibles U",YES,YES,PASS
https://collectibles.uy/producto/figura-articulada-broadway-colecci-n-g-rgolas-neca-ultimate-pvc-17cm-5273,PRODUCT,"Figura Articulada Broadway Colección Gárgolas Neca Ultimate Pvc 17cm",200,YES,https://collectibles.uy/producto/figura-articulada-broadway-colecci-n-g-rgolas-neca-ultimate-pvc-17cm-5273,YES,YES,"Figura Articulada Broadway Colección Gárgolas Neca Ultimate Pvc 17cm |",YES,YES,PASS
https://collectibles.uy/producto/hellfire-club-marvel-legends-hasbro-6381,PRODUCT,"Hellfire Club Marvel Legends Hasbro",200,YES,https://collectibles.uy/producto/hellfire-club-marvel-legends-hasbro-6381,YES,YES,"Hellfire Club Marvel Legends Hasbro | Collectibles Uruguay",YES,YES,PASS
https://collectibles.uy/producto/robin-batman-the-adventures-continue-dc-collectibles-8968,PRODUCT,"Robin Batman The Adventures Continue Dc Collectibles",200,YES,https://collectibles.uy/producto/robin-batman-the-adventures-continue-dc-collectibles-8968,YES,YES,"Robin Batman The Adventures Continue Dc Collectibles | Collectibles Ur",YES,YES,PASS
https://collectibles.uy/producto/storm-black-costume-x-men-marvel-legends-hasbro-7118,PRODUCT,"Storm Black Costume X-men Marvel Legends Hasbro",200,YES,https://collectibles.uy/producto/storm-black-costume-x-men-marvel-legends-hasbro-7118,YES,YES,"Storm Black Costume X-men Marvel Legends Hasbro | Collectibles Uruguay",YES,YES,PASS
https://collectibles.uy/producto/-spiderman-no-way-home-tobey-maguire-marvel-legends-hasbro-9799,PRODUCT," Spiderman No Way Home Tobey Maguire Marvel Legends Hasbro",200,YES,https://collectibles.uy/producto/-spiderman-no-way-home-tobey-maguire-marvel-legends-hasbro-9799,YES,YES,"Spiderman No Way Home Tobey Maguire Marvel Legends Hasbro | Collectibl",YES,YES,PASS
https://collectibles.uy/producto/angel-x-men-marvel-legends-hasbro-suvsd,PRODUCT,"Angel X-men Marvel Legends Hasbro",200,YES,https://collectibles.uy/producto/angel-x-men-marvel-legends-hasbro-suvsd,YES,YES,"Angel X-men Marvel Legends Hasbro | Collectibles Uruguay",YES,YES,PASS
https://collectibles.uy/producto/batman-justice-league-animated-dc-collectibles-2705,PRODUCT,"Batman Justice League Animated Dc Collectibles",200,YES,https://collectibles.uy/producto/batman-justice-league-animated-dc-collectibles-2705,YES,YES,"Batman Justice League Animated Dc Collectibles | Collectibles Uruguay",YES,YES,PASS
https://collectibles.uy/producto/the-spot-spiderman-across-spider-verse-marvel-legends-tgc9x,PRODUCT,"The Spot Spiderman Across Spider-verse Marvel Legends",200,YES,https://collectibles.uy/producto/the-spot-spiderman-across-spider-verse-marvel-legends-tgc9x,YES,YES,"The Spot Spiderman Across Spider-verse Marvel Legends | Collectibles U",YES,YES,PASS
https://collectibles.uy/producto/sudadera-thor-para-bebes-y-ninos,PRODUCT,"Sudadera Thor Para Bebés Y Niños",200,YES,https://collectibles.uy/producto/sudadera-thor-para-bebes-y-ninos,YES,YES,"Sudadera Thor Para Bebés Y Niños | CROSSOVER | Collectibles | Collecti",YES,YES,PASS
https://collectibles.uy/producto/funko-peluche-de-lucha-libre-la-estrella-cosmica-amarillo,PRODUCT,"Funko! Peluche De Lucha Libre La Estrella Cosmica Amarillo",200,YES,https://collectibles.uy/producto/funko-peluche-de-lucha-libre-la-estrella-cosmica-amarillo,YES,YES,"Funko Pop Lucha Libre | Collectibles | Collectibles Uruguay",YES,YES,PASS
https://collectibles.uy/producto/mystique-x-men-marvel-legends-hasbro-4321,PRODUCT,"Mystique X-men Marvel Legends Hasbro",200,YES,https://collectibles.uy/producto/mystique-x-men-marvel-legends-hasbro-4321,YES,YES,"Mystique X-men Marvel Legends Hasbro | Collectibles Uruguay",YES,YES,PASS
https://collectibles.uy/producto/starscream-transformers-legacy-core-class-hasbro-1776,PRODUCT,"Starscream Transformers Legacy Core Class Hasbro",200,YES,https://collectibles.uy/producto/starscream-transformers-legacy-core-class-hasbro-1776,YES,YES,"Starscream Transformers Legacy Core Class Hasbro | Collectibles Urugua",YES,YES,PASS
https://collectibles.uy/producto/funko-pop-biker-mars-from-mice-vinnie,PRODUCT,"Funko Pop! Biker Mars From Mice - Vinnie ",200,YES,https://collectibles.uy/producto/funko-pop-biker-mars-from-mice-vinnie,YES,YES,"Funko Pop Vinnie | Biker Mice from Mars | Collectibles | Collectibles ",YES,YES,PASS
https://collectibles.uy/producto/silver-falcon-broadway-ultimate-gargoyles-disney-neca-9899,PRODUCT,"Silver Falcon Broadway Ultimate Gargoyles Disney Neca",200,YES,https://collectibles.uy/producto/silver-falcon-broadway-ultimate-gargoyles-disney-neca-9899,YES,YES,"Silver Falcon Broadway Ultimate Gargoyles Disney Neca | Collectibles U",YES,YES,PASS
https://collectibles.uy/producto/dragon-ball-colossal-warriors-super-saiyan-goku-40cm-2781g,PRODUCT,"Dragon Ball Colossal Warriors - Super Saiyan Goku 40cm",200,YES,https://collectibles.uy/producto/dragon-ball-colossal-warriors-super-saiyan-goku-40cm-2781g,YES,YES,"Dragon Ball Colossal Warriors - Super Saiyan Goku 40cm | Collectibles ",YES,YES,PASS
https://collectibles.uy/producto/shellington-octonautas-peluche-20cm-2820,PRODUCT,"Shellington Octonautas Peluche 20cm",200,YES,https://collectibles.uy/producto/shellington-octonautas-peluche-20cm-2820,YES,YES,"Shellington Octonautas Peluche 20cm | Collectibles Uruguay",YES,YES,PASS
https://collectibles.uy/producto/los-simpsons---figura-vampiro-sr-burns-12-cm-4263,PRODUCT,"Los Simpsons - Figura Vampiro Sr Burns 12 Cm",200,YES,https://collectibles.uy/producto/los-simpsons---figura-vampiro-sr-burns-12-cm-4263,YES,YES,"Los Simpsons - Figura Vampiro Sr Burns 12 Cm | Collectibles Uruguay",YES,YES,PASS
https://collectibles.uy/producto/batman-justice-league-animated-dc-collectibles-3855,PRODUCT,"Batman Justice League Animated Dc Collectibles",200,YES,https://collectibles.uy/producto/batman-justice-league-animated-dc-collectibles-3855,YES,YES,"Batman Justice League Animated Dc Collectibles | Collectibles Uruguay",YES,YES,PASS
https://collectibles.uy/producto/nightcrawler-x-men-marvel-legends-wendigo-baf-hasbro-3182,PRODUCT,"Nightcrawler X-men Marvel Legends Wendigo Baf Hasbro",200,YES,https://collectibles.uy/producto/nightcrawler-x-men-marvel-legends-wendigo-baf-hasbro-3182,YES,YES,"Nightcrawler X-men Marvel Legends Wendigo Baf Hasbro | Collectibles Ur",YES,YES,PASS
https://collectibles.uy/producto/guard-hellfire-club-marvel-legends-hasbro-6641,PRODUCT,"Guard Hellfire Club Marvel Legends Hasbro",200,YES,https://collectibles.uy/producto/guard-hellfire-club-marvel-legends-hasbro-6641,YES,YES,"Guard Hellfire Club Marvel Legends Hasbro | Collectibles Uruguay",YES,YES,PASS
https://collectibles.uy/producto/city-hunter-ultimate-predator-2-depredador-neca-5852,PRODUCT,"City Hunter Ultimate Predator 2 Depredador Neca",200,YES,https://collectibles.uy/producto/city-hunter-ultimate-predator-2-depredador-neca-5852,YES,YES,"City Hunter Ultimate Predator 2 Depredador Neca | Collectibles Uruguay",YES,YES,PASS
https://collectibles.uy/producto/green-lantern-justice-league-animated-dc-collectibles-4413,PRODUCT,"Green Lantern Justice League Animated Dc Collectibles",200,YES,https://collectibles.uy/producto/green-lantern-justice-league-animated-dc-collectibles-4413,YES,YES,"Green Lantern Justice League Animated Dc Collectibles | Collectibles U",YES,YES,PASS
https://collectibles.uy/producto/hawkgirl-justice-league-animated-dc-collectibles-8883,PRODUCT,"Hawkgirl Justice League Animated Dc Collectibles",200,YES,https://collectibles.uy/producto/hawkgirl-justice-league-animated-dc-collectibles-8883,YES,YES,"Hawkgirl Justice League Animated Dc Collectibles | Collectibles Urugua",YES,YES,PASS
https://collectibles.uy/producto/the-joker-batman-the-adventures-continue-dc-collectibles-3391,PRODUCT,"The Joker Batman The Adventures Continue Dc Collectibles",200,YES,https://collectibles.uy/producto/the-joker-batman-the-adventures-continue-dc-collectibles-3391,YES,YES,"The Joker Batman The Adventures Continue Dc Collectibles | Collectible",YES,YES,PASS
https://collectibles.uy/producto/funko-pop-wandavision-monica-rambeau,PRODUCT,"Funko Pop! Wandavision Monica Rambeau ",200,YES,https://collectibles.uy/producto/funko-pop-wandavision-monica-rambeau,YES,YES,"Funko Pop Monica Rambeau | WandaVision | Collectibles | Collectibles U",YES,YES,PASS
https://collectibles.uy/producto/martian-manhunter-justice-league-animated-dc-collectibles-3325,PRODUCT,"Martian Manhunter Justice League Animated Dc Collectibles",200,YES,https://collectibles.uy/producto/martian-manhunter-justice-league-animated-dc-collectibles-3325,YES,YES,"Martian Manhunter Justice League Animated Dc Collectibles | Collectibl",YES,YES,PASS
https://collectibles.uy/producto/beyblade-x-flame-cerberus-w-5-80wb-cx-tipo-stamina-6gzz5,PRODUCT,"Beyblade X - Flame Cerberus W 5-80WB CX, Tipo Stamina",200,YES,https://collectibles.uy/producto/beyblade-x-flame-cerberus-w-5-80wb-cx-tipo-stamina-6gzz5,YES,YES,"Beyblade X - Flame Cerberus W 5-80WB CX, Tipo Stamina | Collectibles U",YES,YES,PASS
https://collectibles.uy/producto/mysterio-spiderman-marvel-legends-molten-man-baf-hasbro-6214,PRODUCT,"Mysterio Spiderman Marvel Legends Molten Man Baf Hasbro",200,YES,https://collectibles.uy/producto/mysterio-spiderman-marvel-legends-molten-man-baf-hasbro-6214,YES,YES,"Mysterio Spiderman Marvel Legends Molten Man Baf Hasbro | Collectibles",YES,YES,PASS
https://collectibles.uy/producto/book-of-boba-fett-tatooine-star-wars-vintage-deluxe-hasbro-9805,PRODUCT,"Book Of Boba Fett Tatooine Star Wars Vintage Deluxe Hasbro",200,YES,https://collectibles.uy/producto/book-of-boba-fett-tatooine-star-wars-vintage-deluxe-hasbro-9805,YES,YES,"Book Of Boba Fett Tatooine Star Wars Vintage Deluxe Hasbro | Collectib",YES,YES,PASS
https://collectibles.uy/producto/marvel-xmen-tas-93-storm-,PRODUCT,"MARVEL XMEN TAS´93 - STORM",200,YES,https://collectibles.uy/producto/marvel-xmen-tas-93-storm-,YES,YES,"MARVEL XMEN TAS´93 - STORM | Collectibles Uruguay",YES,YES,PASS
https://collectibles.uy/producto/michelangelo-tortugas-ninja-turtles-classic-playmates-9202,PRODUCT,"Michelangelo Tortugas Ninja Turtles Classic Playmates",200,YES,https://collectibles.uy/producto/michelangelo-tortugas-ninja-turtles-classic-playmates-9202,YES,YES,"Michelangelo Tortugas Ninja Turtles Classic Playmates | Collectibles U",YES,YES,PASS
https://collectibles.uy/producto/barris-offee-star-wars-clone-wars-vintage-hasbro-6246,PRODUCT,"Barris Offee Star Wars Clone Wars Vintage Hasbro",200,YES,https://collectibles.uy/producto/barris-offee-star-wars-clone-wars-vintage-hasbro-6246,YES,YES,"Barris Offee Star Wars Clone Wars Vintage Hasbro | Collectibles Urugua",YES,YES,PASS
https://collectibles.uy/producto/mace-windu-star-wars-attack-of-the-clones-vintage-hasbro--5603,PRODUCT,"Mace Windu Star Wars Attack Of The Clones Vintage Hasbro ",200,YES,https://collectibles.uy/producto/mace-windu-star-wars-attack-of-the-clones-vintage-hasbro--5603,YES,YES,"Mace Windu Star Wars Attack Of The Clones Vintage Hasbro  | Collectibl",YES,YES,PASS
https://collectibles.uy/producto/captain-america-stealth-marvel-legends-joe-fixit-baf-hasbro-2502,PRODUCT,"Captain America Stealth Marvel Legends Joe Fixit Baf Hasbro",200,YES,https://collectibles.uy/producto/captain-america-stealth-marvel-legends-joe-fixit-baf-hasbro-2502,YES,YES,"Captain America Stealth Marvel Legends Joe Fixit Baf Hasbro | Collecti",YES,YES,PASS
https://collectibles.uy/producto/funko-pop-megan,PRODUCT,"Funko Pop! Megan ",200,YES,https://collectibles.uy/producto/funko-pop-megan,YES,YES,"Funko Pop Megan | MEGAN | Collectibles | Collectibles Uruguay",YES,YES,PASS
https://collectibles.uy/producto/grogu-baby-yoda-child-animatronico-mandalorian-star-wars-4898,PRODUCT,"Grogu Baby Yoda Child Animatronico Mandalorian Star Wars",200,YES,https://collectibles.uy/producto/grogu-baby-yoda-child-animatronico-mandalorian-star-wars-4898,YES,YES,"Grogu Baby Yoda Child Animatronico Mandalorian Star Wars | Collectible",YES,YES,PASS
https://collectibles.uy/producto/thundercats-ultimates-captain-hammerhead-7-inch,PRODUCT,"Thundercats! Ultimates Captain Hammerhead 7  Inch",200,YES,https://collectibles.uy/producto/thundercats-ultimates-captain-hammerhead-7-inch,YES,YES,"Captain Hammerhead Thundercats | Super 7 | Collectibles | Collectibles",YES,YES,PASS
https://collectibles.uy/producto/figura-de-acci-n-star-wars-boba-fett-de-the-vintage-collection-hasbro-7690,PRODUCT,"Figura De Acción Star Wars Boba Fett De The Vintage Collection Hasbro",200,YES,https://collectibles.uy/producto/figura-de-acci-n-star-wars-boba-fett-de-the-vintage-collection-hasbro-7690,YES,YES,"Figura De Acción Star Wars Boba Fett De The Vintage Collection Hasbro ",YES,YES,PASS
https://collectibles.uy/producto/tom-y-jerry-peluche-32cm-hugkis-jerry-3872,PRODUCT,"Tom Y Jerry Peluche 32cm Hugkis Jerry",200,YES,https://collectibles.uy/producto/tom-y-jerry-peluche-32cm-hugkis-jerry-3872,YES,YES,"Tom Y Jerry Peluche 32cm Hugkis Jerry | Collectibles Uruguay",YES,YES,PASS
https://collectibles.uy/producto/ragnarok-thor-marvel-legends-hasbro-masxx,PRODUCT,"Ragnarok Thor Marvel Legends Hasbro",200,YES,https://collectibles.uy/producto/ragnarok-thor-marvel-legends-hasbro-masxx,YES,YES,"Ragnarok Thor Marvel Legends Hasbro | Collectibles Uruguay",YES,YES,PASS
https://collectibles.uy/producto/majorette-showroom-ford-mustang-dark-horse-deluxe-,PRODUCT,"Majorette! Showroom - Ford Mustang Dark Horse (Deluxe)",200,YES,https://collectibles.uy/producto/majorette-showroom-ford-mustang-dark-horse-deluxe-,YES,YES,"Majorette! Showroom - Ford Mustang Dark Horse (Deluxe) | Collectibles ",YES,YES,PASS
https://collectibles.uy/producto/funko-pop-kpop-demon-hunters-mira-,PRODUCT,"Funko Pop! Kpop Demon Hunters - Mira",200,YES,https://collectibles.uy/producto/funko-pop-kpop-demon-hunters-mira-,YES,YES,"Funko Pop! Kpop Demon Hunters - Mira | Collectibles Uruguay",YES,YES,PASS
https://collectibles.uy/producto/resident-evil-4-remake-standard-edition--f-sico--4398,PRODUCT,"Resident Evil 4 Remake Standard Edition (físico)",200,YES,https://collectibles.uy/producto/resident-evil-4-remake-standard-edition--f-sico--4398,YES,YES,"Resident Evil 4 Remake Standard Edition (físico) | Collectibles Urugua",YES,YES,PASS
https://collectibles.uy/producto/tom-y-jerry-peluche-45cm-hugkis-tom-4204,PRODUCT,"Tom Y Jerry Peluche 45cm Hugkis Tom",200,YES,https://collectibles.uy/producto/tom-y-jerry-peluche-45cm-hugkis-tom-4204,YES,YES,"Tom Y Jerry Peluche 45cm Hugkis Tom | Collectibles Uruguay",YES,YES,PASS
https://collectibles.uy/producto/freddy-five-nights-at-freddy-s-funko-34cm-1634,PRODUCT,"Freddy Five Nights At Freddy´s Funko 34cm",200,YES,https://collectibles.uy/producto/freddy-five-nights-at-freddy-s-funko-34cm-1634,YES,YES,"Freddy Five Nights At Freddy´s Funko 34cm | Collectibles Uruguay",YES,YES,PASS
https://collectibles.uy/producto/warrior-gamora-what-if-marvel-legends-hydra-stomper-baf-oaq9d,PRODUCT,"Warrior Gamora What If Marvel Legends Hydra Stomper Baf",200,YES,https://collectibles.uy/producto/warrior-gamora-what-if-marvel-legends-hydra-stomper-baf-oaq9d,YES,YES,"Warrior Gamora What If Marvel Legends Hydra Stomper Baf | Collectibles",YES,YES,PASS
https://collectibles.uy/producto/miles-morales-spiderman-hot-toys-vgm46-9116,PRODUCT,"Miles Morales Spiderman Hot Toys Vgm46",200,YES,https://collectibles.uy/producto/miles-morales-spiderman-hot-toys-vgm46-9116,YES,YES,"Miles Morales Spiderman Hot Toys Vgm46 | Collectibles Uruguay",YES,YES,PASS
https://collectibles.uy/producto/beyblade-x-reaper-rhino-c-4-55d-cx-tipo-defensa-ppxjc,PRODUCT,"Beyblade X - Reaper Rhino C 4-55D CX, Tipo Defensa",200,YES,https://collectibles.uy/producto/beyblade-x-reaper-rhino-c-4-55d-cx-tipo-defensa-ppxjc,YES,YES,"Beyblade X - Reaper Rhino C 4-55D CX, Tipo Defensa | Collectibles Urug",YES,YES,PASS
https://collectibles.uy/producto/princess-leia-organa-star-wars-black-series-archive-hasbro-4863,PRODUCT,"Princess Leia Organa Star Wars Black Series Archive Hasbro",200,YES,https://collectibles.uy/producto/princess-leia-organa-star-wars-black-series-archive-hasbro-4863,YES,YES,"Princess Leia Organa Star Wars Black Series Archive Hasbro | Collectib",YES,YES,PASS
https://collectibles.uy/producto/masters-of-the-universe-origins-figura-de-acci-n-200x-principe-adam--copia-6812-copia-4004,PRODUCT,"Masters of the Universe Origins - Zodak 200x ",200,YES,https://collectibles.uy/producto/masters-of-the-universe-origins-figura-de-acci-n-200x-principe-adam--copia-6812-copia-4004,YES,YES,"Masters of the Universe Origins - Zodak 200x  | Collectibles Uruguay",YES,YES,PASS
https://collectibles.uy/producto/solid-snake-metal-gear-solid-revoltech-revolmini-rm-001-2066,PRODUCT,"Solid Snake Metal Gear Solid Revoltech Revolmini Rm-001",200,YES,https://collectibles.uy/producto/solid-snake-metal-gear-solid-revoltech-revolmini-rm-001-2066,YES,YES,"Solid Snake Metal Gear Solid Revoltech Revolmini Rm-001 | Collectibles",YES,YES,PASS
https://collectibles.uy/producto/cars-florida-speedway-mega-garage-disney-pixar-mattel-disney-pixar-cars-3-florida-speedway-mega-garage-6507,PRODUCT,"Cars Florida Speedway Mega Garage Disney Pixar Mattel Disney Pixar Cars 3 Florida Speedway Mega Garage",200,YES,https://collectibles.uy/producto/cars-florida-speedway-mega-garage-disney-pixar-mattel-disney-pixar-cars-3-florida-speedway-mega-garage-6507,YES,YES,"Cars Florida Speedway Mega Garage Disney Pixar Mattel Disney Pixar Car",YES,YES,PASS
https://collectibles.uy/producto/doc-ock-aunt-may-spiderman-90-s-animated-marvel-legends-sf9mh,PRODUCT,"Doc Ock Aunt May Spiderman 90's Animated Marvel Legends",200,YES,https://collectibles.uy/producto/doc-ock-aunt-may-spiderman-90-s-animated-marvel-legends-sf9mh,YES,YES,"Doc Ock Aunt May Spiderman 90&#039;s Animated Marvel Legends | Collect",YES,YES,PASS
https://collectibles.uy/producto/peluche-bob-esponja-calamardo,PRODUCT,"Peluche Bob Esponja - Calamardo",200,YES,https://collectibles.uy/producto/peluche-bob-esponja-calamardo,YES,YES,"Peluche Bob Esponja - Calamardo | Funrise | Collectibles | Collectible",YES,YES,PASS
https://collectibles.uy/producto/neca-gremlins-ultimate-stripe-gremlin-action-figure,PRODUCT,"Neca! Gremlins - Ultimate Stripe Gremlin Action Figure",200,YES,https://collectibles.uy/producto/neca-gremlins-ultimate-stripe-gremlin-action-figure,YES,YES,"NECA Gremlin | Gremlins | Collectibles | Collectibles Uruguay",YES,YES,PASS
https://collectibles.uy/producto/bane-batman-the-animated-series-dc-collectibles-46-2008,PRODUCT,"Bane Batman The Animated Series Dc Collectibles 46",200,YES,https://collectibles.uy/producto/bane-batman-the-animated-series-dc-collectibles-46-2008,YES,YES,"Bane Batman The Animated Series Dc Collectibles 46 | Collectibles Urug",YES,YES,PASS
https://collectibles.uy/producto/jackalman-thundercats-ultimates-wave1-super7-9953,PRODUCT,"Jackalman Thundercats Ultimates Wave1 Super7",200,YES,https://collectibles.uy/producto/jackalman-thundercats-ultimates-wave1-super7-9953,YES,YES,"Jackalman Thundercats Ultimates Wave1 Super7 | Collectibles Uruguay",YES,YES,PASS
https://collectibles.uy/producto/funko-plushies-star-wars-luke,PRODUCT,"Funko Plushies! Star Wars Luke",200,YES,https://collectibles.uy/producto/funko-plushies-star-wars-luke,YES,YES,"Funko Plush Star Wars | Collectibles | Collectibles Uruguay",YES,YES,PASS
https://collectibles.uy/producto/two-face-the-new-batman-adventures-dc-collectibles-02-9616,PRODUCT,"Two-face The New Batman Adventures Dc Collectibles 02",200,YES,https://collectibles.uy/producto/two-face-the-new-batman-adventures-dc-collectibles-02-9616,YES,YES,"Two-face The New Batman Adventures Dc Collectibles 02 | Collectibles U",YES,YES,PASS
https://collectibles.uy/producto/vegimal-octonautas-peluche-30cm-7915,PRODUCT,"Vegimal Octonautas Peluche 30cm",200,YES,https://collectibles.uy/producto/vegimal-octonautas-peluche-30cm-7915,YES,YES,"Vegimal Octonautas Peluche 30cm | Collectibles Uruguay",YES,YES,PASS
https://collectibles.uy/producto/dragon-shiryu-saint-seiya-cosmo-memoir-bandai-banpresto-6602,PRODUCT,"Dragon Shiryu Saint Seiya Cosmo Memoir Bandai Banpresto",200,YES,https://collectibles.uy/producto/dragon-shiryu-saint-seiya-cosmo-memoir-bandai-banpresto-6602,YES,YES,"Dragon Shiryu Saint Seiya Cosmo Memoir Bandai Banpresto | Collectibles",YES,YES,PASS
https://collectibles.uy/producto/marty-mcfly---einstein-back-to-the-future-hot-toys-mms573-1264,PRODUCT,"Marty Mcfly & Einstein Back To The Future Hot Toys Mms573",200,YES,https://collectibles.uy/producto/marty-mcfly---einstein-back-to-the-future-hot-toys-mms573-1264,YES,YES,"Marty Mcfly &amp; Einstein Back To The Future Hot Toys Mms573 | Collec",YES,YES,PASS
https://collectibles.uy/producto/mjolnir-thor-love-and-thunder-marvel-legends-hasbro-9v94i,PRODUCT,"Mjolnir Thor Love And Thunder Marvel Legends Hasbro",200,YES,https://collectibles.uy/producto/mjolnir-thor-love-and-thunder-marvel-legends-hasbro-9v94i,YES,YES,"Mjolnir Thor Love And Thunder Marvel Legends Hasbro | Collectibles Uru",YES,YES,PASS
https://collectibles.uy/producto/peluche-gashouse-paul-luted-celeste,PRODUCT,"Peluche Gashouse Paul-luted Celeste",200,YES,https://collectibles.uy/producto/peluche-gashouse-paul-luted-celeste,YES,YES,"Funko Pop Butt-Crackula | Collectibles | Collectibles Uruguay",YES,YES,PASS
https://collectibles.uy/producto/ironhide-transformers-studio-series-86-17-hasbro-1606,PRODUCT,"Ironhide Transformers Studio Series 86-17 Hasbro",200,YES,https://collectibles.uy/producto/ironhide-transformers-studio-series-86-17-hasbro-1606,YES,YES,"Ironhide Transformers Studio Series 86-17 Hasbro | Collectibles Urugua",YES,YES,PASS
https://collectibles.uy/producto/robocop-ultimate-neca-9531,PRODUCT,"Robocop Ultimate Neca",200,YES,https://collectibles.uy/producto/robocop-ultimate-neca-9531,YES,YES,"Robocop Ultimate Neca | Collectibles Uruguay",YES,YES,PASS
https://collectibles.uy/producto/yu-gi-oh-valiant-smashers-sobre-de-cartas-,PRODUCT,"Yu-Gi-Oh! Valiant Smashers - Sobre de cartas",200,YES,https://collectibles.uy/producto/yu-gi-oh-valiant-smashers-sobre-de-cartas-,YES,YES,"Yu-Gi-Oh! Valiant Smashers - Sobre de cartas | Collectibles Uruguay",YES,YES,PASS
https://collectibles.uy/producto/thundercats-ultimates-bengali-7-inch,PRODUCT,"Thundercats! Ultimates Bengali 7-inch",200,YES,https://collectibles.uy/producto/thundercats-ultimates-bengali-7-inch,YES,YES,"Bangali Thundercats | Super 7 | Collectibles | Collectibles Uruguay",YES,YES,PASS
https://collectibles.uy/producto/ahsoka-tano-star-wars-rebels-black-series-hasbro-4922,PRODUCT,"Ahsoka Tano Star Wars Rebels Black Series Hasbro",200,YES,https://collectibles.uy/producto/ahsoka-tano-star-wars-rebels-black-series-hasbro-4922,YES,YES,"Ahsoka Tano Star Wars Rebels Black Series Hasbro | Collectibles Urugua",YES,YES,PASS
https://collectibles.uy/producto/two-face-2-0-batman-the-dark-knight-hot-toys-mms546-1360,PRODUCT,"Two-face 2.0 Batman The Dark Knight Hot Toys Mms546",200,YES,https://collectibles.uy/producto/two-face-2-0-batman-the-dark-knight-hot-toys-mms546-1360,YES,YES,"Two-face 2.0 Batman The Dark Knight Hot Toys Mms546 | Collectibles Uru",YES,YES,PASS
https://collectibles.uy/producto/ghostbuster-2021-after-life-series-dr-winston-zeddemore,PRODUCT,"Ghostbuster! 2021 After Life Series Dr. Winston Zeddemore",200,YES,https://collectibles.uy/producto/ghostbuster-2021-after-life-series-dr-winston-zeddemore,YES,YES,"Winston Zeddemore Ghostbusters | Hasbro | Collectibles | Collectibles ",YES,YES,PASS
https://collectibles.uy/producto/beyblade-x-clash-carry-beystadium-battle-arena-5crv1,PRODUCT,"Beyblade X Clash & Carry Beystadium Battle Arena",200,YES,https://collectibles.uy/producto/beyblade-x-clash-carry-beystadium-battle-arena-5crv1,YES,YES,"Beyblade X Clash &amp; Carry Beystadium Battle Arena | Collectibles Ur",YES,YES,PASS
https://collectibles.uy/producto/funko-pop-scream-ghost-face-1607,PRODUCT,"Funko Pop! Scream - Ghost Face #1607",200,YES,https://collectibles.uy/producto/funko-pop-scream-ghost-face-1607,YES,YES,"Funko Pop Ghostface | Scream | Collectibles | Collectibles Uruguay",YES,YES,PASS
https://collectibles.uy/producto/neca-the-boys-ultimate-black-noir-action-figure,PRODUCT,"NECA The Boys Ultimate Black Noir Action Figure",200,YES,https://collectibles.uy/producto/neca-the-boys-ultimate-black-noir-action-figure,YES,YES,"NECA Black Noir | The Boys | Collectibles | Collectibles Uruguay",YES,YES,PASS
https://collectibles.uy/producto/peluche-bob-esponja-22cm-varios-modelos,PRODUCT,"Peluche Bob Esponja 22cm (varios Modelos)",200,YES,https://collectibles.uy/producto/peluche-bob-esponja-22cm-varios-modelos,YES,YES,"Peluche Bob Esponja 22cm (varios Modelos) | Funrise | Collectibles | C",YES,YES,PASS
https://collectibles.uy/producto/princess-leia-bespin-star-wars-return-of-the-jedi-vintage-1837,PRODUCT,"Princess Leia Bespin Star Wars Return Of The Jedi Vintage",200,YES,https://collectibles.uy/producto/princess-leia-bespin-star-wars-return-of-the-jedi-vintage-1837,YES,YES,"Princess Leia Bespin Star Wars Return Of The Jedi Vintage | Collectibl",YES,YES,PASS
https://collectibles.uy/producto/morty-w-glorzo-rick-morty-funko-pop-animation-954,PRODUCT,"Morty W/ Glorzo - Rick & Morty Funko Pop Animation! #954",200,YES,https://collectibles.uy/producto/morty-w-glorzo-rick-morty-funko-pop-animation-954,YES,YES,"Funko Pop Morty | Rick and Morty | Collectibles | Collectibles Uruguay",YES,YES,PASS
https://collectibles.uy/producto/red-spring-super-sonic-the-hedgehog-jakks-pacific-3057,PRODUCT,"Red Spring Super Sonic The Hedgehog Jakks Pacific",200,YES,https://collectibles.uy/producto/red-spring-super-sonic-the-hedgehog-jakks-pacific-3057,YES,YES,"Red Spring Super Sonic The Hedgehog Jakks Pacific | Collectibles Urugu",YES,YES,PASS
https://collectibles.uy/producto/figura-articulada-neca-steel-clan-robot-g-rgolas-con-accesorios-19-cm-5714,PRODUCT,"Figura Articulada Neca Steel Clan Robot Gárgolas Con Accesorios 19 Cm",200,YES,https://collectibles.uy/producto/figura-articulada-neca-steel-clan-robot-g-rgolas-con-accesorios-19-cm-5714,YES,YES,"Figura Articulada Neca Steel Clan Robot Gárgolas Con Accesorios 19 Cm ",YES,YES,PASS
https://collectibles.uy/producto/neca-gremlins-ultimate-flasher-gremlin-action-figure,PRODUCT,"Neca! Gremlins Ultimate Flasher Gremlin Action Figure",200,YES,https://collectibles.uy/producto/neca-gremlins-ultimate-flasher-gremlin-action-figure,YES,YES,"Neca Gremlins Ultimate Flasher Gremlin A | Collectibles | Collectibles",YES,YES,PASS
https://collectibles.uy/producto/mega-charizard-y-pokemon-moncolle-ex-takara-tomy-4486,PRODUCT,"Mega Charizard Y Pokemon Moncolle Ex Takara Tomy",200,YES,https://collectibles.uy/producto/mega-charizard-y-pokemon-moncolle-ex-takara-tomy-4486,YES,YES,"Mega Charizard Y Pokemon Moncolle Ex Takara Tomy | Collectibles Urugua",YES,YES,PASS
https://collectibles.uy/producto/ghostbuster-2021-after-life-series-podscat-classmate,PRODUCT,"Ghostbuster 2021 After Life Series - Podscat Classmate",200,YES,https://collectibles.uy/producto/ghostbuster-2021-after-life-series-podscat-classmate,YES,YES,"podcast Ghostbusters | Hasbro | Collectibles | Collectibles Uruguay",YES,YES,PASS
https://collectibles.uy/producto/jedi-master-indara-the-acolyte-star-wars-black-series-hasbro-6093,PRODUCT,"Jedi Master Indara The Acolyte Star Wars Black Series Hasbro",200,YES,https://collectibles.uy/producto/jedi-master-indara-the-acolyte-star-wars-black-series-hasbro-6093,YES,YES,"Jedi Master Indara The Acolyte Star Wars Black Series Hasbro | Collect",YES,YES,PASS
https://collectibles.uy/producto/cyclops-x-men-97-wave-2-marvel-legends-hasbro-6046,PRODUCT,"Cyclops X-men 97 Wave 2 Marvel Legends Hasbro",200,YES,https://collectibles.uy/producto/cyclops-x-men-97-wave-2-marvel-legends-hasbro-6046,YES,YES,"Cyclops X-men 97 Wave 2 Marvel Legends Hasbro | Collectibles Uruguay",YES,YES,PASS
https://collectibles.uy/producto/creature-black-lagoon-black---white-universal-monsters-neca-2441,PRODUCT,"Creature Black Lagoon Black & White Universal Monsters Neca",200,YES,https://collectibles.uy/producto/creature-black-lagoon-black---white-universal-monsters-neca-2441,YES,YES,"Creature Black Lagoon Black &amp; White Universal Monsters Neca | Coll",YES,YES,PASS
https://collectibles.uy/producto/neca-universal-monsters-frankenstein-18-cm,PRODUCT,"NECA - Universal Monsters Frankenstein 18 Cm",200,YES,https://collectibles.uy/producto/neca-universal-monsters-frankenstein-18-cm,YES,YES,"NECA Frankenstein | FRANKENSTEIN | Collectibles | Collectibles Uruguay",YES,YES,PASS
https://collectibles.uy/producto/maleta-newt-scamander-replica-oficial-cinereplicas-marron-lisa,PRODUCT,"Maleta Newt Scamander - Replica Oficial Cinereplicas Marrón Lisa",200,YES,https://collectibles.uy/producto/maleta-newt-scamander-replica-oficial-cinereplicas-marron-lisa,YES,YES,"Maleta Newt Scamander - Replica Oficial | Collectibles | Collectibles ",YES,YES,PASS
https://collectibles.uy/producto/harry-potter-guantes-screentouch-gryffindor,PRODUCT,"Harry Potter! Guantes Screentouch - Gryffindor",200,YES,https://collectibles.uy/producto/harry-potter-guantes-screentouch-gryffindor,YES,YES,"Harry Potter Guantes Screentouch - Gryff | Collectibles | Collectibles",YES,YES,PASS
https://collectibles.uy/producto/dc-multiverse-figuras-mcfarlane-bloodsport,PRODUCT,"Dc Multiverse! Figuras Mcfarlane - Bloodsport",200,YES,https://collectibles.uy/producto/dc-multiverse-figuras-mcfarlane-bloodsport,YES,YES,"BLOODSPORT Collectibles | Mcfarlane | Collectibles | Collectibles Urug",YES,YES,PASS
https://collectibles.uy/producto/99-nights-in-the-forest-minifigures-blindbox-serie-1-incluye-codigos-dlc-canjeables-en-roblox,PRODUCT,"99 Nights in the Forest - Minifigures BlindBox - Serie 1 - Incluye códigos DLC canjeables en Roblox",200,YES,https://collectibles.uy/producto/99-nights-in-the-forest-minifigures-blindbox-serie-1-incluye-codigos-dlc-canjeables-en-roblox,YES,YES,"99 Nights in the Forest - Minifigures BlindBox - Serie 1 - Incluye cód",YES,YES,PASS
https://collectibles.uy/producto/funko-pop-ironman-golden-armor-deluxe,PRODUCT,"Funko Pop! Ironman- Golden Armor (deluxe)",200,YES,https://collectibles.uy/producto/funko-pop-ironman-golden-armor-deluxe,YES,YES,"Funko Pop Iron Man | Marvel | Collectibles | Collectibles Uruguay",YES,YES,PASS
https://collectibles.uy/producto/liquid-snake-metal-gear-solid-square-enix-play-arts-kai-9141,PRODUCT,"Liquid Snake Metal Gear Solid Square Enix Play Arts Kai",200,YES,https://collectibles.uy/producto/liquid-snake-metal-gear-solid-square-enix-play-arts-kai-9141,YES,YES,"Liquid Snake Metal Gear Solid Square Enix Play Arts Kai | Collectibles",YES,YES,PASS
https://collectibles.uy/producto/bernacles-octonautas-peluche-grande-30cm-4312,PRODUCT,"Bernacles Octonautas Peluche Grande 30cm",200,YES,https://collectibles.uy/producto/bernacles-octonautas-peluche-grande-30cm-4312,YES,YES,"Bernacles Octonautas Peluche Grande 30cm | Collectibles Uruguay",YES,YES,PASS
https://collectibles.uy/producto/jason-voorhees-freddy-vs-jason-ultimate-neca-4535,PRODUCT,"Jason Voorhees Freddy Vs Jason Ultimate Neca",200,YES,https://collectibles.uy/producto/jason-voorhees-freddy-vs-jason-ultimate-neca-4535,YES,YES,"Jason Voorhees Freddy Vs Jason Ultimate Neca | Collectibles Uruguay",YES,YES,PASS
https://collectibles.uy/producto/ki-adi-mundi-star-wars-black-series-hasbro-1657,PRODUCT,"Ki Adi Mundi Star Wars Black Series Hasbro",200,YES,https://collectibles.uy/producto/ki-adi-mundi-star-wars-black-series-hasbro-1657,YES,YES,"Ki Adi Mundi Star Wars Black Series Hasbro | Collectibles Uruguay",YES,YES,PASS
https://collectibles.uy/producto/indoraptor-track--n-attack-jurassic-world-dino-trackers-8526,PRODUCT,"Indoraptor Track 'n Attack Jurassic World Dino Trackers",200,YES,https://collectibles.uy/producto/indoraptor-track--n-attack-jurassic-world-dino-trackers-8526,YES,YES,"Indoraptor Track &#039;n Attack Jurassic World Dino Trackers | Collect",YES,YES,PASS
https://collectibles.uy/producto/plushies-toki-doki-corsica-medium,PRODUCT,"Plushies! Toki Doki- Corsica  (medium)",200,YES,https://collectibles.uy/producto/plushies-toki-doki-corsica-medium,YES,YES,"Pixie Tokidoki | Aurora | Collectibles | Collectibles Uruguay",YES,YES,PASS
https://collectibles.uy/producto/neca-gremlins-2-the-new-batch-ultimate-greta-action-figure,PRODUCT,"Neca! Gremlins 2 -the New Batch Ultimate Greta Action Figure",200,YES,https://collectibles.uy/producto/neca-gremlins-2-the-new-batch-ultimate-greta-action-figure,YES,YES,"NECA Greta | Gremlins 2: The New Batch | Collectibles | Collectibles U",YES,YES,PASS
https://collectibles.uy/producto/grogu-baby-yoda-parlante-mandalorian-star-wars-premium-plush-2390,PRODUCT,"Grogu Baby Yoda Parlante Mandalorian Star Wars Premium Plush",200,YES,https://collectibles.uy/producto/grogu-baby-yoda-parlante-mandalorian-star-wars-premium-plush-2390,YES,YES,"Grogu Baby Yoda Parlante Mandalorian Star Wars Premium Plush | Collect",YES,YES,PASS
https://collectibles.uy/producto/freddy-krueger-action-figure-8-scale-nightmare-part-3,PRODUCT,"Freddy Krueger Action Figure 8  Scale, Nightmare Part 3 ",200,YES,https://collectibles.uy/producto/freddy-krueger-action-figure-8-scale-nightmare-part-3,YES,YES,"NECA Freddy Krueger | A Nightmare on elm street 3 | Collectibles | Col",YES,YES,PASS
https://collectibles.uy/producto/99-nights-collectible-plush-toy-assorted-20-cm,PRODUCT,"99 Nights Collectible Plush Toy - Assorted -(20 cm)",200,YES,https://collectibles.uy/producto/99-nights-collectible-plush-toy-assorted-20-cm,YES,YES,"99 Nights Collectible Plush Toy - Assorted -(20 cm) | Collectibles Uru",YES,YES,PASS
https://collectibles.uy/producto/star-wars-the-black-series-rey-starkiller-base,PRODUCT,"Star Wars! The Black Series -  Rey ( Starkiller Base )",200,YES,https://collectibles.uy/producto/star-wars-the-black-series-rey-starkiller-base,YES,YES,"Rey THE BLACK SERIES | Hasbro | Collectibles | Collectibles Uruguay",YES,YES,PASS
https://collectibles.uy/producto/peluche-gashouse-but-crackula-violeta-oscuro,PRODUCT,"Gas House Gang Plush - But-crackula Violeta Oscuro",200,YES,https://collectibles.uy/producto/peluche-gashouse-but-crackula-violeta-oscuro,YES,YES,"Funko Pop Butt-Crackula | Collectibles | Collectibles Uruguay",YES,YES,PASS
https://collectibles.uy/producto/neca-gremlins-2-the-new-batch-ultimate-brain,PRODUCT,"NECA Gremlins 2 The New Batch Ultimate Brain ",200,YES,https://collectibles.uy/producto/neca-gremlins-2-the-new-batch-ultimate-brain,YES,YES,"NECA Brain | Gremlins 2 | Collectibles | Collectibles Uruguay",YES,YES,PASS
https://collectibles.uy/producto/robin-batman-forever-hot-toys-mms594-9112,PRODUCT,"Robin Batman Forever Hot Toys Mms594",200,YES,https://collectibles.uy/producto/robin-batman-forever-hot-toys-mms594-9112,YES,YES,"Robin Batman Forever Hot Toys Mms594 | Collectibles Uruguay",YES,YES,PASS
https://collectibles.uy/producto/the-boss-metal-gear-solid-3-snake-eater-hot-toys-vgm14-4685,PRODUCT,"The Boss Metal Gear Solid 3 Snake Eater Hot Toys Vgm14",200,YES,https://collectibles.uy/producto/the-boss-metal-gear-solid-3-snake-eater-hot-toys-vgm14-4685,YES,YES,"The Boss Metal Gear Solid 3 Snake Eater Hot Toys Vgm14 | Collectibles ",YES,YES,PASS
https://collectibles.uy/producto/neca-universal-monsters-frankenstein-s-black-white,PRODUCT,"Neca! Universal Monsters - Frankenstein's (black & White)",200,YES,https://collectibles.uy/producto/neca-universal-monsters-frankenstein-s-black-white,YES,YES,"NECA Frankenstein | Universal Monsters | Collectibles | Collectibles U",YES,YES,PASS
https://collectibles.uy/producto/funko-pop-halo-infinite-grunt-conscript-w-plasma-pistol,PRODUCT,"Funko Pop! Halo Infinite- Grunt Conscript W/plasma Pistol",200,YES,https://collectibles.uy/producto/funko-pop-halo-infinite-grunt-conscript-w-plasma-pistol,YES,YES,"Funko Pop Grunt | Halo | Collectibles | Collectibles Uruguay",YES,YES,PASS
https://collectibles.uy/producto/funko-pop-hawkeye-maya-lopez-2,PRODUCT,"Funko Pop! Hawkeye - Maya Lopez",200,YES,https://collectibles.uy/producto/funko-pop-hawkeye-maya-lopez-2,YES,YES,"Funko Pop Hawkeye | Hawkeye | Collectibles | Collectibles Uruguay",YES,YES,PASS
https://collectibles.uy/producto/promo-mascota-llaveros-del-mundial-2026-maple--copia-8972,PRODUCT,"Promo Mascota + LLaveros del Mundial 2026 - Clutch",200,YES,https://collectibles.uy/producto/promo-mascota-llaveros-del-mundial-2026-maple--copia-8972,YES,YES,"Promo Mascota + LLaveros del Mundial 2026 - Clutch | Collectibles Urug",YES,YES,PASS
https://collectibles.uy/producto/masters-of-the-universe-origins-beasts-panthor,PRODUCT,"Masters Of The Universe Origins Beasts - Panthor",200,YES,https://collectibles.uy/producto/masters-of-the-universe-origins-beasts-panthor,YES,YES,"Panthor Masters of the Universe | Mattel | Collectibles | Collectibles",YES,YES,PASS
https://collectibles.uy/producto/-bride-of-chucky-tiffany-clothed-neca-9551,PRODUCT," Bride Of Chucky Tiffany Clothed Neca",200,YES,https://collectibles.uy/producto/-bride-of-chucky-tiffany-clothed-neca-9551,YES,YES,"Bride Of Chucky Tiffany Clothed Neca | Collectibles Uruguay",YES,YES,PASS
https://collectibles.uy/producto/peluche-bob-esponja-pirata-holandes,PRODUCT,"Peluche Bob Esponja - Pirata Holandés",200,YES,https://collectibles.uy/producto/peluche-bob-esponja-pirata-holandes,YES,YES,"Peluche Bob Esponja - Pirata Holandés | Collectibles | Collectibles Ur",YES,YES,PASS
https://collectibles.uy/producto/figura-de-acci-n-hot-toys-bo-katan-kryze-1-6-scale-star-wars-coleccionable-9604,PRODUCT,"Figura De Acción Hot Toys Bo-katan Kryze 1/6 Scale Star Wars Coleccionable",200,YES,https://collectibles.uy/producto/figura-de-acci-n-hot-toys-bo-katan-kryze-1-6-scale-star-wars-coleccionable-9604,YES,YES,"Figura De Acción Hot Toys Bo-katan Kryze 1/6 Scale Star Wars Coleccion",YES,YES,PASS
https://collectibles.uy/producto/the-simpsons-plushies-10-5-homero-azul-acero,PRODUCT,"The Simpsons! Plushies 10.5  Homero Azul Acero",200,YES,https://collectibles.uy/producto/the-simpsons-plushies-10-5-homero-azul-acero,YES,YES,"Homero | Collectibles | Collectibles Uruguay",YES,YES,PASS
https://collectibles.uy/producto/shaman-ultimate-predator-2-depredador-neca-3389,PRODUCT,"Shaman Ultimate Predator 2 Depredador Neca",200,YES,https://collectibles.uy/producto/shaman-ultimate-predator-2-depredador-neca-3389,YES,YES,"Shaman Ultimate Predator 2 Depredador Neca | Collectibles Uruguay",YES,YES,PASS
https://collectibles.uy/producto/luminara-unduli-star-wars-clone-wars-vintage-hasbro-1283,PRODUCT,"Luminara Unduli Star Wars Clone Wars Vintage Hasbro",200,YES,https://collectibles.uy/producto/luminara-unduli-star-wars-clone-wars-vintage-hasbro-1283,YES,YES,"Luminara Unduli Star Wars Clone Wars Vintage Hasbro | Collectibles Uru",YES,YES,PASS
https://collectibles.uy/producto/funko-pop-the-simpsons-mr-sparkle,PRODUCT,"Funko Pop! The Simpsons - Mr. Sparkle",200,YES,https://collectibles.uy/producto/funko-pop-the-simpsons-mr-sparkle,YES,YES,"Funko Pop Mr. Sparkle | Los Simpsons | Collectibles | Collectibles Uru",YES,YES,PASS
https://collectibles.uy/producto/peluche-tokidoki-pixie-unicorno-pequeno-15cm-modelo-plushies,PRODUCT,"Peluche Tokidoki Pixie Unicorno Pequeño 15cm Modelo Plushies",200,YES,https://collectibles.uy/producto/peluche-tokidoki-pixie-unicorno-pequeno-15cm-modelo-plushies,YES,YES,"PIXIE UNICORNO | Collectibles | Collectibles Uruguay",YES,YES,PASS
https://collectibles.uy/producto/the-hood-marvel-legends-xenmu-baf-hasbro-h74u0,PRODUCT,"The Hood Marvel Legends Xenmu Baf Hasbro",200,YES,https://collectibles.uy/producto/the-hood-marvel-legends-xenmu-baf-hasbro-h74u0,YES,YES,"The Hood Marvel Legends Xenmu Baf Hasbro | Collectibles Uruguay",YES,YES,PASS
https://collectibles.uy/producto/majorette-the-originals-volkswagen-golf-deluxe-,PRODUCT,"Majorette! The Originals - Volkswagen Golf Deluxe",200,YES,https://collectibles.uy/producto/majorette-the-originals-volkswagen-golf-deluxe-,YES,YES,"Majorette! The Originals - Volkswagen Golf Deluxe | Collectibles Urugu",YES,YES,PASS
https://collectibles.uy/producto/star-wars-f7109-the-black-series-ahsoka-general-hera-syndulla-5097,PRODUCT,"Star Wars F7109 The Black Series Ahsoka General Hera Syndulla",200,YES,https://collectibles.uy/producto/star-wars-f7109-the-black-series-ahsoka-general-hera-syndulla-5097,YES,YES,"Star Wars F7109 The Black Series Ahsoka General Hera Syndulla | Collec",YES,YES,PASS
https://collectibles.uy/producto/thrilljoy-pix-batman-animated-series-batman-le-7-500-pcs,PRODUCT,"Thrilljoy Pix! Batman Animated Series - Batman Le 7,500 Pcs",200,YES,https://collectibles.uy/producto/thrilljoy-pix-batman-animated-series-batman-le-7-500-pcs,YES,YES,"Batman | Thrilljoy | Collectibles | Collectibles Uruguay",YES,YES,PASS
https://collectibles.uy/producto/star-wars-body-little-trooper-gris-negro-24-meses,PRODUCT,"Star Wars! Body Little Trooper Gris/negro 24 Meses",200,YES,https://collectibles.uy/producto/star-wars-body-little-trooper-gris-negro-24-meses,YES,YES,"Little Trooper | Collectibles | Collectibles Uruguay",YES,YES,PASS
https://collectibles.uy/producto/peluche-star-wars-darth-vader-con-sonidos-y-luz-negro,PRODUCT,"Peluche Star Wars Darth Vader Con Sonidos Y Luz Negro",200,YES,https://collectibles.uy/producto/peluche-star-wars-darth-vader-con-sonidos-y-luz-negro,YES,YES,"Darth Vader | Collectibles | Collectibles Uruguay",YES,YES,PASS
https://collectibles.uy/producto/figura-de-acci-n-shin-hati-star-wars-the-black-series-de-ahsoka--articulada-para-coleccionistas-9630,PRODUCT,"Figura De Acción Shin Hati Star Wars The Black Series De Ahsoka, Articulada Para Coleccionistas",200,YES,https://collectibles.uy/producto/figura-de-acci-n-shin-hati-star-wars-the-black-series-de-ahsoka--articulada-para-coleccionistas-9630,YES,YES,"Figura De Acción Shin Hati Star Wars The Black Series De Ahsoka, Artic",YES,YES,PASS
https://collectibles.uy/producto/peluche-corsica-mermicorn-tokidoki-grande,PRODUCT,"Peluche Corsica Mermicorn Tokidoki Grande",200,YES,https://collectibles.uy/producto/peluche-corsica-mermicorn-tokidoki-grande,YES,YES,"Corsica Mermicorn Tokidoki | Aurora | Collectibles | Collectibles Urug",YES,YES,PASS
https://collectibles.uy/producto/plushies-toki-doki-corsica-mermicorn-medium,PRODUCT,"Plushies! Toki Doki- Corsica Mermicorn (medium)",200,YES,https://collectibles.uy/producto/plushies-toki-doki-corsica-mermicorn-medium,YES,YES,"Corsica Mermicorn Tokidoki | Aurora | Collectibles | Collectibles Urug",YES,YES,PASS
https://collectibles.uy/producto/masters-of-the-universe-origins-figura-de-acci-n-200x-principe-adam--copia-6812-copia-4004-copia-4679,PRODUCT,"Masters of the Universe Origins - Espada de Poder 42,5cm",200,YES,https://collectibles.uy/producto/masters-of-the-universe-origins-figura-de-acci-n-200x-principe-adam--copia-6812-copia-4004-copia-4679,YES,YES,"Masters of the Universe Origins - Espada de Poder 42,5cm | Collectible",YES,YES,PASS
https://collectibles.uy/producto/integrated-suit-spiderman-no-way-home-marvel-legends-hasbro-k9z6f,PRODUCT,"Integrated Suit Spiderman No Way Home Marvel Legends Hasbro",200,YES,https://collectibles.uy/producto/integrated-suit-spiderman-no-way-home-marvel-legends-hasbro-k9z6f,YES,YES,"Integrated Suit Spiderman No Way Home Marvel Legends Hasbro | Collecti",YES,YES,PASS
https://collectibles.uy/producto/10-sobres-de-figuritas-mundial-2026--copia-6926-copia-8343-copia-2101-copia-7064,PRODUCT,"CAJA DE 104 SOBRES DE FIGURITAS MUNDIAL 2026",200,YES,https://collectibles.uy/producto/10-sobres-de-figuritas-mundial-2026--copia-6926-copia-8343-copia-2101-copia-7064,YES,YES,"CAJA DE 104 SOBRES DE FIGURITAS MUNDIAL 2026 | Collectibles Uruguay",YES,YES,PASS
https://collectibles.uy/producto/majorette-showroom-gmc-hummer-ev-deluxe-,PRODUCT,"Majorette! Showroom - GMC Hummer EV (Deluxe)",200,YES,https://collectibles.uy/producto/majorette-showroom-gmc-hummer-ev-deluxe-,YES,YES,"Majorette! Showroom - GMC Hummer EV (Deluxe) | Collectibles Uruguay",YES,YES,PASS
https://collectibles.uy/producto/bonnie-five-nights-at-freddy-s-funko-34cm-3534,PRODUCT,"Bonnie Five Nights At Freddy´s Funko 34cm",200,YES,https://collectibles.uy/producto/bonnie-five-nights-at-freddy-s-funko-34cm-3534,YES,YES,"Bonnie Five Nights At Freddy´s Funko 34cm | Collectibles Uruguay",YES,YES,PASS
https://collectibles.uy/producto/moon-five-nights-at-freddy-s-funko-peluche-30cm-moon-1233,PRODUCT,"Moon Five Nights At Freddy's Funko Peluche 30cm Moon",200,YES,https://collectibles.uy/producto/moon-five-nights-at-freddy-s-funko-peluche-30cm-moon-1233,YES,YES,"Moon Five Nights At Freddy&#039;s Funko Peluche 30cm Moon | Collectibl",YES,YES,PASS
https://collectibles.uy/producto/ezra-bridger-lothal-star-wars-the-black-series-hasbro-6275,PRODUCT,"Ezra Bridger Lothal Star Wars The Black Series Hasbro",200,YES,https://collectibles.uy/producto/ezra-bridger-lothal-star-wars-the-black-series-hasbro-6275,YES,YES,"Ezra Bridger Lothal Star Wars The Black Series Hasbro | Collectibles U",YES,YES,PASS
https://collectibles.uy/producto/banshee-gambit-psylocke-x-men-marvel-legends-hasbro-atw1r,PRODUCT,"Banshee Gambit Psylocke X-men Marvel Legends Hasbro",200,YES,https://collectibles.uy/producto/banshee-gambit-psylocke-x-men-marvel-legends-hasbro-atw1r,YES,YES,"Banshee Gambit Psylocke X-men Marvel Legends Hasbro | Collectibles Uru",YES,YES,PASS
https://collectibles.uy/producto/wolverine-secret-wars-marvel-legends-hasbro-pme2m,PRODUCT,"Wolverine Secret Wars Marvel Legends Hasbro",200,YES,https://collectibles.uy/producto/wolverine-secret-wars-marvel-legends-hasbro-pme2m,YES,YES,"Wolverine Secret Wars Marvel Legends Hasbro | Collectibles Uruguay",YES,YES,PASS
https://collectibles.uy/producto/figura-coleccionable-supergirl-pvc-17cm-warner-bros-dc-super-heroes,PRODUCT,"Figura Coleccionable Supergirl Pvc 17cm Warner Bros Dc Super Héroes",200,YES,https://collectibles.uy/producto/figura-coleccionable-supergirl-pvc-17cm-warner-bros-dc-super-heroes,YES,YES,"Supergirl Super Héroes | Warner Bros. | Collectibles | Collectibles Ur",YES,YES,PASS
https://collectibles.uy/producto/circus-chica-five-nights-freddy-s-funko-4850,PRODUCT,"Circus Chica Five Nights Freddy´s Funko",200,YES,https://collectibles.uy/producto/circus-chica-five-nights-freddy-s-funko-4850,YES,YES,"Circus Chica Five Nights Freddy´s Funko | Collectibles Uruguay",YES,YES,PASS
https://collectibles.uy/producto/minecraft-llavero-obeja-2-5-monjang-studio,PRODUCT,"MINECRAFT! LLAVERO OBEJA 2.5 MONJANG STUDIO",200,YES,https://collectibles.uy/producto/minecraft-llavero-obeja-2-5-monjang-studio,YES,YES,"MINECRAFT! LLAVERO OBEJA 2.5 MONJANG STUDIO | Collectibles Uruguay",YES,YES,PASS
https://collectibles.uy/producto/red-hood-batman-adventures-continue-page-punchers-mcfarlane-6129,PRODUCT,"Red Hood Batman Adventures Continue Page Punchers Mcfarlane",200,YES,https://collectibles.uy/producto/red-hood-batman-adventures-continue-page-punchers-mcfarlane-6129,YES,YES,"Red Hood Batman Adventures Continue Page Punchers Mcfarlane | Collecti",YES,YES,PASS
https://collectibles.uy/producto/fifa-world-cup-2026-llavero-peluche-mascota-de-ee-uu-clutch-10cm,PRODUCT,"Fifa World Cup 2026! Llavero Peluche mascota de EE.UU - Clutch 10cm",200,YES,https://collectibles.uy/producto/fifa-world-cup-2026-llavero-peluche-mascota-de-ee-uu-clutch-10cm,YES,YES,"Clutch | Collectibles | Collectibles Uruguay",YES,YES,PASS
https://collectibles.uy/producto/darth-maul-sith-speeder-star-wars-black-series-hasbro-6508,PRODUCT,"Darth Maul Sith Speeder Star Wars Black Series Hasbro",200,YES,https://collectibles.uy/producto/darth-maul-sith-speeder-star-wars-black-series-hasbro-6508,YES,YES,"Darth Maul Sith Speeder Star Wars Black Series Hasbro | Collectibles U",YES,YES,PASS
https://collectibles.uy/producto/minecraft-llavero-creeper-2-5-monjang-studio,PRODUCT,"MINECRAFT! LLAVERO CREEPER 2.5 MONJANG STUDIO",200,YES,https://collectibles.uy/producto/minecraft-llavero-creeper-2-5-monjang-studio,YES,YES,"MINECRAFT! LLAVERO CREEPER 2.5 MONJANG STUDIO | Collectibles Uruguay",YES,YES,PASS
https://collectibles.uy/producto/funko-pop-biker-mars-from-mice-throttle,PRODUCT,"Funko Pop! Biker Mars From Mice - Throttle ",200,YES,https://collectibles.uy/producto/funko-pop-biker-mars-from-mice-throttle,YES,YES,"Funko Pop Biker Mars | Biker Mars from Mice - Throttle | Collectibles ",YES,YES,PASS
https://collectibles.uy/producto/poison-ivy-the-new-batman-adventures-dc-collectibles-08-2564,PRODUCT,"Poison Ivy The New Batman Adventures Dc Collectibles 08",200,YES,https://collectibles.uy/producto/poison-ivy-the-new-batman-adventures-dc-collectibles-08-2564,YES,YES,"Poison Ivy The New Batman Adventures Dc Collectibles 08 | Collectibles",YES,YES,PASS
https://collectibles.uy/producto/harry-potter-set-de-accesorios-para-el-cabello-slytherin,PRODUCT,"Harry Potter! Set de Accesorios para el cabello Slytherin ",200,YES,https://collectibles.uy/producto/harry-potter-set-de-accesorios-para-el-cabello-slytherin,YES,YES,"Harry Potter Accesorios Para El Cabello Slytherin | Collectibles | Col",YES,YES,PASS
https://collectibles.uy/producto/funko-pop-dumb-and-dumber-lloyd-christmas-in-tux-1039,PRODUCT,"Funko Pop! Dumb And Dumber Lloyd Christmas In Tux 1039",200,YES,https://collectibles.uy/producto/funko-pop-dumb-and-dumber-lloyd-christmas-in-tux-1039,YES,YES,"Funko Pop LLOYD CHRISTMAS IN TUX | dumb and dumber | Collectibles | Co",YES,YES,PASS
https://collectibles.uy/producto/h-a-r-d-a-c--batman-the-animated-series-dc-collectibles-42-3143,PRODUCT,"H.a.r.d.a.c. Batman The Animated Series Dc Collectibles 42",200,YES,https://collectibles.uy/producto/h-a-r-d-a-c--batman-the-animated-series-dc-collectibles-42-3143,YES,YES,"H.a.r.d.a.c. Batman The Animated Series Dc Collectibles 42 | Collectib",YES,YES,PASS
https://collectibles.uy/producto/bo-katan-kryze-the-mandalorian-star-wars-hot-toys-tms035-4666,PRODUCT,"Bo-katan Kryze The Mandalorian Star Wars Hot Toys Tms035",200,YES,https://collectibles.uy/producto/bo-katan-kryze-the-mandalorian-star-wars-hot-toys-tms035-4666,YES,YES,"Bo-katan Kryze The Mandalorian Star Wars Hot Toys Tms035 | Collectible",YES,YES,PASS
https://collectibles.uy/producto/fifa-world-cup-2026-llavero-peluche-mascota-de-mexico-zayu-10cm,PRODUCT,"Fifa World Cup 2026! Llavero Peluche mascota de Mexico - Zayu 10cm",200,YES,https://collectibles.uy/producto/fifa-world-cup-2026-llavero-peluche-mascota-de-mexico-zayu-10cm,YES,YES,"Zayu | Collectibles | Collectibles Uruguay",YES,YES,PASS
https://collectibles.uy/producto/batwoman-dc-multiverse-clayface-collect---connect-mattel-7919,PRODUCT,"Batwoman Dc Multiverse Clayface Collect & Connect Mattel",200,YES,https://collectibles.uy/producto/batwoman-dc-multiverse-clayface-collect---connect-mattel-7919,YES,YES,"Batwoman Dc Multiverse Clayface Collect &amp; Connect Mattel | Collect",YES,YES,PASS
https://collectibles.uy/producto/banshee-gambit-psylocke-x-men-marvel-legends-hasbro-2497,PRODUCT,"Banshee Gambit Psylocke X-men Marvel Legends Hasbro",200,YES,https://collectibles.uy/producto/banshee-gambit-psylocke-x-men-marvel-legends-hasbro-2497,YES,YES,"Banshee Gambit Psylocke X-men Marvel Legends Hasbro | Collectibles Uru",YES,YES,PASS
https://collectibles.uy/producto/freddy-krueger-ultimate-nightmare-on-elm-street-2-neca-4915,PRODUCT,"Freddy Krueger Ultimate Nightmare On Elm Street 2 Neca",200,YES,https://collectibles.uy/producto/freddy-krueger-ultimate-nightmare-on-elm-street-2-neca-4915,YES,YES,"Freddy Krueger Ultimate Nightmare On Elm Street 2 Neca | Collectibles ",YES,YES,PASS
https://collectibles.uy/producto/funko-pop-chainsaw-man-denji,PRODUCT,"Funko Pop! Animation: Chainsaw Man - Denji",200,YES,https://collectibles.uy/producto/funko-pop-chainsaw-man-denji,YES,YES,"Funko Pop Denji | Chainsaw Man | Collectibles | Collectibles Uruguay",YES,YES,PASS
https://collectibles.uy/producto/tom-y-jerry-dasin-model-9774,PRODUCT,"Tom Y Jerry Dasin Model",200,YES,https://collectibles.uy/producto/tom-y-jerry-dasin-model-9774,YES,YES,"Tom Y Jerry Dasin Model | Collectibles Uruguay",YES,YES,PASS
https://collectibles.uy/producto/yondu-guardians-of-the-galaxy-marvel-legends-hasbro-i2cre,PRODUCT,"Yondu Guardians Of The Galaxy Marvel Legends Hasbro",200,YES,https://collectibles.uy/producto/yondu-guardians-of-the-galaxy-marvel-legends-hasbro-i2cre,YES,YES,"Yondu Guardians Of The Galaxy Marvel Legends Hasbro | Collectibles Uru",YES,YES,PASS
https://collectibles.uy/producto/funko-pop-hawkeye-maya-lopez,PRODUCT,"Funko Pop! Hawkeye - Maya Lopez",200,YES,https://collectibles.uy/producto/funko-pop-hawkeye-maya-lopez,YES,YES,"Funko Pop Ojo de halcón | Hawkeye | Collectibles | Collectibles Urugua",YES,YES,PASS
https://collectibles.uy/producto/funko-pop-beavis-butt-head-cornholio,PRODUCT,"Funko Pop - Beavis & Butt-head - Cornholio",200,YES,https://collectibles.uy/producto/funko-pop-beavis-butt-head-cornholio,YES,YES,"Funko Pop Cornholio | Beavis &amp; Butt-head | Collectibles | Collecti",YES,YES,PASS
https://collectibles.uy/producto/power-rangers-card-game-idioma-ingles-power-ranger,PRODUCT,"Power Rangers Card Game Idioma Inglés Power Ranger",200,YES,https://collectibles.uy/producto/power-rangers-card-game-idioma-ingles-power-ranger,YES,YES,"Power Rangers Card Game Idioma Inglés Power | Collectibles | Collectib",YES,YES,PASS
https://collectibles.uy/producto/havok-x-men-marvel-legends-bonebreaker-baf-hasbro-wfmvp,PRODUCT,"Havok X-men Marvel Legends Bonebreaker Baf Hasbro",200,YES,https://collectibles.uy/producto/havok-x-men-marvel-legends-bonebreaker-baf-hasbro-wfmvp,YES,YES,"Havok X-men Marvel Legends Bonebreaker Baf Hasbro | Collectibles Urugu",YES,YES,PASS
https://collectibles.uy/producto/dr-doom-marvel-legends-xenmu-baf-hasbro-a7x87,PRODUCT,"Dr. Doom Marvel Legends Xenmu Baf Hasbro",200,YES,https://collectibles.uy/producto/dr-doom-marvel-legends-xenmu-baf-hasbro-a7x87,YES,YES,"Dr. Doom Marvel Legends Xenmu Baf Hasbro | Collectibles Uruguay",YES,YES,PASS
https://collectibles.uy/producto/peter-b-parker-spiderman-across-spider-verse-marvel-legends-b8ssx,PRODUCT,"Peter B. Parker Spiderman Across Spider-verse Marvel Legends",200,YES,https://collectibles.uy/producto/peter-b-parker-spiderman-across-spider-verse-marvel-legends-b8ssx,YES,YES,"Peter B. Parker Spiderman Across Spider-verse Marvel Legends | Collect",YES,YES,PASS
https://collectibles.uy/producto/superman-red-son-dc-mezco-one-12-px-exclusive-5495,PRODUCT,"Superman Red Son Dc Mezco One:12 Px Exclusive",200,YES,https://collectibles.uy/producto/superman-red-son-dc-mezco-one-12-px-exclusive-5495,YES,YES,"Superman Red Son Dc Mezco One:12 Px Exclusive | Collectibles Uruguay",YES,YES,PASS
https://collectibles.uy/producto/bioworld-calcetines-casuales-para-adultos-five-nights-at-color-diseno-de-la-tela-talle,PRODUCT,"Bioworld Calcetines Casuales Para Adultos Five Nights At Color Diseño De La Tela Talle",200,YES,https://collectibles.uy/producto/bioworld-calcetines-casuales-para-adultos-five-nights-at-color-diseno-de-la-tela-talle,YES,YES,"Personaje | Collectibles | Collectibles Uruguay",YES,YES,PASS
https://collectibles.uy/producto/r2-d2-star-wars-a-new-hope-figuarts-bandai-1397,PRODUCT,"R2-d2 Star Wars A New Hope Figuarts Bandai",200,YES,https://collectibles.uy/producto/r2-d2-star-wars-a-new-hope-figuarts-bandai-1397,YES,YES,"R2-d2 Star Wars A New Hope Figuarts Bandai | Collectibles Uruguay",YES,YES,PASS
https://collectibles.uy/producto/figura-funko-pop-black-lightning-de-dc-comics-en-vinilo,PRODUCT,"Figura Funko Pop! Black Lightning De Dc Cómics En Vinilo",200,YES,https://collectibles.uy/producto/figura-funko-pop-black-lightning-de-dc-comics-en-vinilo,YES,YES,"Funko Pop Black Lightning | DC Black Lightning | Collectibles | Collec",YES,YES,PASS
https://collectibles.uy/producto/kuromi-juguetes-de-peluche-almohada-de-gato-de-peluche-color,PRODUCT,"Kuromi Juguetes De Peluche Almohada De Gato De Peluche Color",200,YES,https://collectibles.uy/producto/kuromi-juguetes-de-peluche-almohada-de-gato-de-peluche-color,YES,YES,"Personaje | Collectibles | Collectibles Uruguay",YES,YES,PASS
https://collectibles.uy/producto/jango-fett-star-wars-attack-of-the-clones-figuarts-bandai-1664,PRODUCT,"Jango Fett Star Wars Attack Of The Clones Figuarts Bandai",200,YES,https://collectibles.uy/producto/jango-fett-star-wars-attack-of-the-clones-figuarts-bandai-1664,YES,YES,"Jango Fett Star Wars Attack Of The Clones Figuarts Bandai | Collectibl",YES,YES,PASS
https://collectibles.uy/producto/funko-pop-fortnite-llavero-highrise-assault-trooper-verde,PRODUCT,"Funko Pop! Fortnite Llavero Highrise Assault Trooper Verde",200,YES,https://collectibles.uy/producto/funko-pop-fortnite-llavero-highrise-assault-trooper-verde,YES,YES,"Funko Pop Fortnite Llavero Highrise Assault | Collectibles | Collectib",YES,YES,PASS
https://collectibles.uy/producto/mer-man-he-man-motu-club-grayskull-filmation-super7-mu-eco-2516,PRODUCT,"Mer Man He-man Motu Club Grayskull Filmation Super7 Muñeco",200,YES,https://collectibles.uy/producto/mer-man-he-man-motu-club-grayskull-filmation-super7-mu-eco-2516,YES,YES,"Mer Man He-man Motu Club Grayskull Filmation Super7 Muñeco | Collectib",YES,YES,PASS
https://collectibles.uy/producto/hombre-ara-a-spiderman-disfraz-musculoso-reflectivo-jazwares-spiderman-m-9955,PRODUCT,"Hombre Araña Spiderman Disfraz Musculoso Reflectivo Jazwares Spiderman M",200,YES,https://collectibles.uy/producto/hombre-ara-a-spiderman-disfraz-musculoso-reflectivo-jazwares-spiderman-m-9955,YES,YES,"Hombre Araña Spiderman Disfraz Musculoso Reflectivo Jazwares Spiderman",YES,YES,PASS
https://collectibles.uy/producto/iron-studios-minico-the-lord-of-the-rings-gollum,PRODUCT,"Iron Studios! Minico The Lord Of The Rings Gollum",200,YES,https://collectibles.uy/producto/iron-studios-minico-the-lord-of-the-rings-gollum,YES,YES,"Batman DC Comics | Iron Studios | Collectibles | Collectibles Uruguay",YES,YES,PASS
https://collectibles.uy/producto/alajero-wonder-woman-dc-direct,PRODUCT,"Alajero Wonder Woman DC DIRECT",200,YES,https://collectibles.uy/producto/alajero-wonder-woman-dc-direct,YES,YES,"Alajero Wonder Woman DC DIRECT | Collectibles | Collectibles | Collect",YES,YES,PASS
https://collectibles.uy/producto/yoda-star-wars-revenge-of-the-sith-figuarts-bandai-4393,PRODUCT,"Yoda Star Wars Revenge Of The Sith Figuarts Bandai",200,YES,https://collectibles.uy/producto/yoda-star-wars-revenge-of-the-sith-figuarts-bandai-4393,YES,YES,"Yoda Star Wars Revenge Of The Sith Figuarts Bandai | Collectibles Urug",YES,YES,PASS
https://collectibles.uy/producto/the-spot-spiderman-across-spider-verse-marvel-legends-9jc68,PRODUCT,"The Spot Spiderman Across Spider-verse Marvel Legends",200,YES,https://collectibles.uy/producto/the-spot-spiderman-across-spider-verse-marvel-legends-9jc68,YES,YES,"The Spot Spiderman Across Spider-verse Marvel Legends | Collectibles U",YES,YES,PASS
https://collectibles.uy/producto/qui-gon-jinn-star-wars-the-phantom-menace-figuarts-2573,PRODUCT,"Qui-gon Jinn Star Wars The Phantom Menace Figuarts",200,YES,https://collectibles.uy/producto/qui-gon-jinn-star-wars-the-phantom-menace-figuarts-2573,YES,YES,"Qui-gon Jinn Star Wars The Phantom Menace Figuarts | Collectibles Urug",YES,YES,PASS
https://collectibles.uy/producto/peluche-bob-esponja-glow-pals-patricio,PRODUCT,"Peluche Bob Esponja Glow Pals - Patricio",200,YES,https://collectibles.uy/producto/peluche-bob-esponja-glow-pals-patricio,YES,YES,"Peluche Bob Esponja Glow Pals - Patricio | Collectibles | Collectibles",YES,YES,PASS
https://collectibles.uy/producto/mcfarlane-toys-mortal-kombat-liu-kang,PRODUCT,"Mcfarlane Toys! Mortal Kombat Liu Kang",200,YES,https://collectibles.uy/producto/mcfarlane-toys-mortal-kombat-liu-kang,YES,YES,"Liu Kang Mortal Kombat | Mcfarlane | Collectibles | Collectibles Urugu",YES,YES,PASS
https://collectibles.uy/producto/taro-misaki-teppei-kisugi-captain-tsubasa-dasin-model-9417,PRODUCT,"Taro Misaki Teppei Kisugi Captain Tsubasa Dasin Model",200,YES,https://collectibles.uy/producto/taro-misaki-teppei-kisugi-captain-tsubasa-dasin-model-9417,YES,YES,"Taro Misaki Teppei Kisugi Captain Tsubasa Dasin Model | Collectibles U",YES,YES,PASS
https://collectibles.uy/producto/darth-malak-star-wars-the-black-series-hasbro-7390,PRODUCT,"Darth Malak Star Wars The Black Series Hasbro",200,YES,https://collectibles.uy/producto/darth-malak-star-wars-the-black-series-hasbro-7390,YES,YES,"Darth Malak Star Wars The Black Series Hasbro | Collectibles Uruguay",YES,YES,PASS
https://collectibles.uy/producto/bushwacker-punisher-war-journal-marvel-legends-hasbro-nqz1x,PRODUCT,"Bushwacker Punisher War Journal Marvel Legends Hasbro",200,YES,https://collectibles.uy/producto/bushwacker-punisher-war-journal-marvel-legends-hasbro-nqz1x,YES,YES,"Bushwacker Punisher War Journal Marvel Legends Hasbro | Collectibles U",YES,YES,PASS
https://collectibles.uy/producto/electro-francine-frye-spiderman-series-marvel-legends-hasbro-h0znr,PRODUCT,"Electro Francine Frye Spiderman Series Marvel Legends Hasbro",200,YES,https://collectibles.uy/producto/electro-francine-frye-spiderman-series-marvel-legends-hasbro-h0znr,YES,YES,"Electro Francine Frye Spiderman Series Marvel Legends Hasbro | Collect",YES,YES,PASS
https://collectibles.uy/producto/peluche-gashouse-ran-sid-fucsia,PRODUCT,"Gas House Gang: Ran-Sid",200,YES,https://collectibles.uy/producto/peluche-gashouse-ran-sid-fucsia,YES,YES,"Funko Pop Gashouse | Collectibles | Collectibles Uruguay",YES,YES,PASS
https://collectibles.uy/producto/venom-let-there-be-carnage-marvel-legends-hasbro-alsyg,PRODUCT,"Venom Let There Be Carnage Marvel Legends Hasbro",200,YES,https://collectibles.uy/producto/venom-let-there-be-carnage-marvel-legends-hasbro-alsyg,YES,YES,"Venom Let There Be Carnage Marvel Legends Hasbro | Collectibles Urugua",YES,YES,PASS
https://collectibles.uy/producto/star-wars-camiseta-bebe-estampada-luke-skywalker,PRODUCT,"Star Wars! Camiseta Bebé Estampada Luke Skywalker",200,YES,https://collectibles.uy/producto/star-wars-camiseta-bebe-estampada-luke-skywalker,YES,YES,"Star Wars Camiseta Bebé Estampada Luke S | Collectibles | Collectibles",YES,YES,PASS
https://collectibles.uy/producto/figura-de-acci-n-darkseid-dc-multiverse-cl-sico-con-ultra-articulaci-n-y-accesorios-mcfarlane-toys-3532,PRODUCT,"Figura De Acción Darkseid Dc Multiverse Clásico Con Ultra Articulación Y Accesorios Mcfarlane Toys",200,YES,https://collectibles.uy/producto/figura-de-acci-n-darkseid-dc-multiverse-cl-sico-con-ultra-articulaci-n-y-accesorios-mcfarlane-toys-3532,YES,YES,"Figura De Acción Darkseid Dc Multiverse Clásico Con Ultra Articulación",YES,YES,PASS
https://collectibles.uy/producto/t-challa-star-lord-what-if-marvel-legends-watcher-baf-hasbro-8gmio,PRODUCT,"T'challa Star Lord What If Marvel Legends Watcher Baf Hasbro",200,YES,https://collectibles.uy/producto/t-challa-star-lord-what-if-marvel-legends-watcher-baf-hasbro-8gmio,YES,YES,"T&#039;challa Star Lord What If Marvel Legends Watcher Baf Hasbro | Co",YES,YES,PASS
https://collectibles.uy/producto/masters-of-the-universe-origins-clamp-champ,PRODUCT,"Masters Of The Universe Origins - Clamp Champ",200,YES,https://collectibles.uy/producto/masters-of-the-universe-origins-clamp-champ,YES,YES,"Clamp Champ Master of the Universe | Mattel | Collectibles | Collectib",YES,YES,PASS
https://collectibles.uy/producto/zombie-iron-man-what-if-marvel-legends-khonshu-baf-hasbro-cw4op,PRODUCT,"Zombie Iron Man What If Marvel Legends Khonshu Baf Hasbro",200,YES,https://collectibles.uy/producto/zombie-iron-man-what-if-marvel-legends-khonshu-baf-hasbro-cw4op,YES,YES,"Zombie Iron Man What If Marvel Legends Khonshu Baf Hasbro | Collectibl",YES,YES,PASS
https://collectibles.uy/producto/baylan-skoll-mercenary-star-wars-black-series-hasbro-9295,PRODUCT,"Baylan Skoll Mercenary Star Wars Black Series Hasbro",200,YES,https://collectibles.uy/producto/baylan-skoll-mercenary-star-wars-black-series-hasbro-9295,YES,YES,"Baylan Skoll Mercenary Star Wars Black Series Hasbro | Collectibles Ur",YES,YES,PASS
https://collectibles.uy/producto/harry-potter-cuaderno-ravenclaw,PRODUCT,"Harry Potter! Cuaderno - Ravenclaw ",200,YES,https://collectibles.uy/producto/harry-potter-cuaderno-ravenclaw,YES,YES,"Harry Potter Cuaderno - Ravenclaw Color Azul | Collectibles | Collecti",YES,YES,PASS
https://collectibles.uy/producto/funko-pop-frosted-flakes-tony-the-tiger,PRODUCT,"Funko Pop! Frosted Flakes - Tony The Tiger",200,YES,https://collectibles.uy/producto/funko-pop-frosted-flakes-tony-the-tiger,YES,YES,"Funko Pop Tony The tiger | Frosted Flakes | Collectibles | Collectible",YES,YES,PASS
https://collectibles.uy/producto/figura-supergirl-alajero,PRODUCT,"Figura Supergirl Alajero",200,YES,https://collectibles.uy/producto/figura-supergirl-alajero,YES,YES,"Supergirl Super Héroes | Warner Bros. | Collectibles | Collectibles Ur",YES,YES,PASS
https://collectibles.uy/producto/star-wars-body-logos,PRODUCT,"Star Wars! Body Logos",200,YES,https://collectibles.uy/producto/star-wars-body-logos,YES,YES,"Star Wars Body Logos | Star Wars | Collectibles | Collectibles Uruguay",YES,YES,PASS
https://collectibles.uy/producto/mondo-gecko-tortugas-ninja-turtles-ultimates-wave4-super7-3103,PRODUCT,"Mondo Gecko Tortugas Ninja Turtles Ultimates Wave4 Super7",200,YES,https://collectibles.uy/producto/mondo-gecko-tortugas-ninja-turtles-ultimates-wave4-super7-3103,YES,YES,"Mondo Gecko Tortugas Ninja Turtles Ultimates Wave4 Super7 | Collectibl",YES,YES,PASS
https://collectibles.uy/producto/tifa-final-fantasy-advent-children-square-enix-play-arts-kai-8606,PRODUCT,"Tifa Final Fantasy Advent Children Square Enix Play Arts Kai",200,YES,https://collectibles.uy/producto/tifa-final-fantasy-advent-children-square-enix-play-arts-kai-8606,YES,YES,"Tifa Final Fantasy Advent Children Square Enix Play Arts Kai | Collect",YES,YES,PASS
https://collectibles.uy/producto/funko-pop-squid-game-ali-199,PRODUCT,"Funko Pop! Squid Game - Ali 199",200,YES,https://collectibles.uy/producto/funko-pop-squid-game-ali-199,YES,YES,"Funko Pop Ali | JUEGO DEL CALAMAR | Collectibles | Collectibles Urugua",YES,YES,PASS
https://collectibles.uy/producto/kurosaki-ichigo-bleach-dasin-model-7701,PRODUCT,"Kurosaki Ichigo Bleach Dasin Model",200,YES,https://collectibles.uy/producto/kurosaki-ichigo-bleach-dasin-model-7701,YES,YES,"Kurosaki Ichigo Bleach Dasin Model | Collectibles Uruguay",YES,YES,PASS
https://collectibles.uy/producto/slash-tortugas-ninja-turtles-playmates-mutant-module-6185,PRODUCT,"Slash Tortugas Ninja Turtles Playmates Mutant Module",200,YES,https://collectibles.uy/producto/slash-tortugas-ninja-turtles-playmates-mutant-module-6185,YES,YES,"Slash Tortugas Ninja Turtles Playmates Mutant Module | Collectibles Ur",YES,YES,PASS
https://collectibles.uy/producto/majorette-auto-de-metal-exclusive-edition-seri,PRODUCT,"Majorette! Auto De Metal Exclusive Edition Seri",200,YES,https://collectibles.uy/producto/majorette-auto-de-metal-exclusive-edition-seri,YES,YES,"Majorette Auto De Metal Seri | Majorette | Collectibles | Collectibles",YES,YES,PASS
https://collectibles.uy/producto/superman-justice-league-2021-dc-multiverse-mcfarlane-8575,PRODUCT,"Superman Justice League 2021 Dc Multiverse Mcfarlane",200,YES,https://collectibles.uy/producto/superman-justice-league-2021-dc-multiverse-mcfarlane-8575,YES,YES,"Superman Justice League 2021 Dc Multiverse Mcfarlane | Collectibles Ur",YES,YES,PASS
https://collectibles.uy/producto/figura-de-acci-n-the-mandalorian-beskar-army-e9358-de-hasbro-the-black-series-3115,PRODUCT,"Figura De Acción The Mandalorian Beskar Army E9358 De Hasbro The Black Series",200,YES,https://collectibles.uy/producto/figura-de-acci-n-the-mandalorian-beskar-army-e9358-de-hasbro-the-black-series-3115,YES,YES,"Figura De Acción The Mandalorian Beskar Army E9358 De Hasbro The Black",YES,YES,PASS
https://collectibles.uy/producto/masters-of-the-universe-origins-beasts-land-shark,PRODUCT,"Masters Of The Universe Origins Beasts - Land Shark",200,YES,https://collectibles.uy/producto/masters-of-the-universe-origins-beasts-land-shark,YES,YES,"Tubaronk Masters of the Universe | Mattel | Collectibles | Collectible",YES,YES,PASS
https://collectibles.uy/producto/bombastic-bag-man-spiderman-marvel-legends-hasbro-pzzw0,PRODUCT,"Bombastic Bag-man Spiderman Marvel Legends Hasbro",200,YES,https://collectibles.uy/producto/bombastic-bag-man-spiderman-marvel-legends-hasbro-pzzw0,YES,YES,"Bombastic Bag-man Spiderman Marvel Legends Hasbro | Collectibles Urugu",YES,YES,PASS
https://collectibles.uy/producto/mega-man-rockman-x-d-arts-bandai-1971,PRODUCT,"Mega Man Rockman X D-arts Bandai",200,YES,https://collectibles.uy/producto/mega-man-rockman-x-d-arts-bandai-1971,YES,YES,"Mega Man Rockman X D-arts Bandai | Collectibles Uruguay",YES,YES,PASS
https://collectibles.uy/producto/robocop-ultimate-battle-damaged-with-chair-neca-4307,PRODUCT,"Robocop Ultimate Battle Damaged With Chair Neca",200,YES,https://collectibles.uy/producto/robocop-ultimate-battle-damaged-with-chair-neca-4307,YES,YES,"Robocop Ultimate Battle Damaged With Chair Neca | Collectibles Uruguay",YES,YES,PASS
https://collectibles.uy/producto/peluche-so-so-happy-lucky-blanco,PRODUCT,"Peluche So So Happy Lucky Blanco",200,YES,https://collectibles.uy/producto/peluche-so-so-happy-lucky-blanco,YES,YES,"Peluche So So Happy Lucky Blanco | Common Wealth | Collectibles | Coll",YES,YES,PASS
https://collectibles.uy/producto/luke-skywalker-bespin-star-wars-return-of-the-jedi-vintage-9766,PRODUCT,"Luke Skywalker Bespin Star Wars Return Of The Jedi Vintage",200,YES,https://collectibles.uy/producto/luke-skywalker-bespin-star-wars-return-of-the-jedi-vintage-9766,YES,YES,"Luke Skywalker Bespin Star Wars Return Of The Jedi Vintage | Collectib",YES,YES,PASS
https://collectibles.uy/producto/funko-pop-spy-x-family-yor-forger,PRODUCT,"Funko Pop! Spy X Family! Yor Forger",200,YES,https://collectibles.uy/producto/funko-pop-spy-x-family-yor-forger,YES,YES,"Funko Pop Spy X Family Yor Forger | Spy X Family | Collectibles | Coll",YES,YES,PASS
https://collectibles.uy/producto/figgyz-pop-magnet-street-fighter-guile,PRODUCT,"Figgyz Pop! Magnet Street Fighter - Guile",200,YES,https://collectibles.uy/producto/figgyz-pop-magnet-street-fighter-guile,YES,YES,"Guile Street Fighter | Figgyz | Collectibles | Collectibles Uruguay",YES,YES,PASS
https://collectibles.uy/producto/figgyz-pop-magnet-silent-hill-2-red-pyramid-thing,PRODUCT,"Figgyz Pop! Magnet Silent Hill 2 - Red Pyramid Thing",200,YES,https://collectibles.uy/producto/figgyz-pop-magnet-silent-hill-2-red-pyramid-thing,YES,YES,"RED PYRAMID THING Silent Hill 2 | Figgyz | Collectibles | Collectibles",YES,YES,PASS
https://collectibles.uy/producto/funko-pop-wandavision-monica-rambeu,PRODUCT,"Funko Pop! Wandavision - Monica Rambeu",200,YES,https://collectibles.uy/producto/funko-pop-wandavision-monica-rambeu,YES,YES,"Funko Pop Monica Rambeau | WandaVision | Collectibles | Collectibles U",YES,YES,PASS
https://collectibles.uy/producto/shao-kahn-mortal-kombat-11-mcfarlane-8410,PRODUCT,"Shao Kahn Mortal Kombat 11 Mcfarlane",200,YES,https://collectibles.uy/producto/shao-kahn-mortal-kombat-11-mcfarlane-8410,YES,YES,"Shao Kahn Mortal Kombat 11 Mcfarlane | Collectibles Uruguay",YES,YES,PASS
https://collectibles.uy/producto/robocop-2-mafex-medicom-no-074-9746,PRODUCT,"Robocop 2 Mafex Medicom No.074",200,YES,https://collectibles.uy/producto/robocop-2-mafex-medicom-no-074-9746,YES,YES,"Robocop 2 Mafex Medicom No.074 | Collectibles Uruguay",YES,YES,PASS
https://collectibles.uy/producto/plushies-toki-doki-pexie-unicorno-small,PRODUCT,"Plushies! Toki Doki Pexie Unicorno (small)",200,YES,https://collectibles.uy/producto/plushies-toki-doki-pexie-unicorno-small,YES,YES,"Plushies Toki Doki Pexie Unicorno (small) | Tokidoki | Collectibles | ",YES,YES,PASS
https://collectibles.uy/producto/crooked-man-ultimate-the-conjuring-universe-neca-7272,PRODUCT,"Crooked Man Ultimate The Conjuring Universe Neca",200,YES,https://collectibles.uy/producto/crooked-man-ultimate-the-conjuring-universe-neca-7272,YES,YES,"Crooked Man Ultimate The Conjuring Universe Neca | Collectibles Urugua",YES,YES,PASS
https://collectibles.uy/producto/kotal-kahn-mortal-kombat-11-mcfarlane-1795,PRODUCT,"Kotal Kahn Mortal Kombat 11 Mcfarlane",200,YES,https://collectibles.uy/producto/kotal-kahn-mortal-kombat-11-mcfarlane-1795,YES,YES,"Kotal Kahn Mortal Kombat 11 Mcfarlane | Collectibles Uruguay",YES,YES,PASS
https://collectibles.uy/producto/faun-pan-s-labirinth-signature-collection-neca-3184,PRODUCT,"Faun Pan´s Labirinth Signature Collection Neca",200,YES,https://collectibles.uy/producto/faun-pan-s-labirinth-signature-collection-neca-3184,YES,YES,"Faun Pan´s Labirinth Signature Collection Neca | Collectibles Uruguay",YES,YES,PASS
https://collectibles.uy/producto/funko-pop-alien-romulus-andy,PRODUCT,"Funko Pop! Alien Romulus - Andy ",200,YES,https://collectibles.uy/producto/funko-pop-alien-romulus-andy,YES,YES,"Funko Pop Andy | Alien Romulus | Collectibles | Collectibles Uruguay",YES,YES,PASS
https://collectibles.uy/producto/krang-tortugas-ninja-turtles-playmates-mutant-module-7547,PRODUCT,"Krang Tortugas Ninja Turtles Playmates Mutant Module",200,YES,https://collectibles.uy/producto/krang-tortugas-ninja-turtles-playmates-mutant-module-7547,YES,YES,"Krang Tortugas Ninja Turtles Playmates Mutant Module | Collectibles Ur",YES,YES,PASS
https://collectibles.uy/producto/kraken-isaac-saint-cloth-myth-ex-bandai-1135,PRODUCT,"Kraken Isaac Saint Cloth Myth Ex Bandai",200,YES,https://collectibles.uy/producto/kraken-isaac-saint-cloth-myth-ex-bandai-1135,YES,YES,"Kraken Isaac Saint Cloth Myth Ex Bandai | Collectibles Uruguay",YES,YES,PASS
https://collectibles.uy/producto/hades-saint-cloth-myth-ex-metal-bandai-1126,PRODUCT,"Hades Saint Cloth Myth Ex Metal Bandai",200,YES,https://collectibles.uy/producto/hades-saint-cloth-myth-ex-metal-bandai-1126,YES,YES,"Hades Saint Cloth Myth Ex Metal Bandai | Collectibles Uruguay",YES,YES,PASS
https://collectibles.uy/producto/eren-jaeger-shigeki-no-kyojin-rah-medicom-toy-668-1058,PRODUCT,"Eren Jaeger Shigeki No Kyojin Rah Medicom Toy 668",200,YES,https://collectibles.uy/producto/eren-jaeger-shigeki-no-kyojin-rah-medicom-toy-668-1058,YES,YES,"Eren Jaeger Shigeki No Kyojin Rah Medicom Toy 668 | Collectibles Urugu",YES,YES,PASS
https://collectibles.uy/producto/lightning-final-fantasy-13-square-enix-play-arts-kai-1043,PRODUCT,"Lightning Final Fantasy 13 Square Enix Play Arts Kai",200,YES,https://collectibles.uy/producto/lightning-final-fantasy-13-square-enix-play-arts-kai-1043,YES,YES,"Lightning Final Fantasy 13 Square Enix Play Arts Kai | Collectibles Ur",YES,YES,PASS
https://collectibles.uy/producto/masters-of-the-universe-origins-fisto,PRODUCT,"Masters Of The Universe Origins! Fisto",200,YES,https://collectibles.uy/producto/masters-of-the-universe-origins-fisto,YES,YES,"Fisto Masters of the Universe | Mattel | Collectibles | Collectibles U",YES,YES,PASS
https://collectibles.uy/producto/peluche-gashouse-infected,PRODUCT,"Peluche Gashouse Infected",200,YES,https://collectibles.uy/producto/peluche-gashouse-infected,YES,YES,"Peluche Gashouse Infected | Funko | Collectibles | Collectibles Urugua",YES,YES,PASS
https://collectibles.uy/producto/majorette-the-originals-volkswagen-deluxe,PRODUCT,"Majorette! The Originals - Volkswagen Deluxe",200,YES,https://collectibles.uy/producto/majorette-the-originals-volkswagen-deluxe,YES,YES,"Majorette The Originals - Volkswagen Deluxe | Majorette | Collectibles",YES,YES,PASS
https://collectibles.uy/producto/milu-living-dead-dolls-series-27-mezco-9905,PRODUCT,"Milu Living Dead Dolls Series 27 Mezco",200,YES,https://collectibles.uy/producto/milu-living-dead-dolls-series-27-mezco-9905,YES,YES,"Milu Living Dead Dolls Series 27 Mezco | Collectibles Uruguay",YES,YES,PASS
https://collectibles.uy/producto/ironhide-transformers-the-movie-core-class-hasbro-6533,PRODUCT,"Ironhide Transformers The Movie Core Class Hasbro",200,YES,https://collectibles.uy/producto/ironhide-transformers-the-movie-core-class-hasbro-6533,YES,YES,"Ironhide Transformers The Movie Core Class Hasbro | Collectibles Urugu",YES,YES,PASS
https://collectibles.uy/producto/guts-black-swordsman-ver--figma-120-1738,PRODUCT,"Guts Black Swordsman Ver. Figma 120",200,YES,https://collectibles.uy/producto/guts-black-swordsman-ver--figma-120-1738,YES,YES,"Guts Black Swordsman Ver. Figma 120 | Collectibles Uruguay",YES,YES,PASS
https://collectibles.uy/producto/funko-plush-marvel-luchadores-hulk-el-furioso,PRODUCT,"Funko Plush Marvel Luchadores Hulk El Furioso",200,YES,https://collectibles.uy/producto/funko-plush-marvel-luchadores-hulk-el-furioso,YES,YES,"Funko Plush Hulk | Collectibles | Collectibles Uruguay",YES,YES,PASS
https://collectibles.uy/producto/green-goblin-spiderman-no-way-home-marvel-legends-hasbro-nswvb,PRODUCT,"Green Goblin Spiderman No Way Home Marvel Legends Hasbro",200,YES,https://collectibles.uy/producto/green-goblin-spiderman-no-way-home-marvel-legends-hasbro-nswvb,YES,YES,"Green Goblin Spiderman No Way Home Marvel Legends Hasbro | Collectible",YES,YES,PASS
https://collectibles.uy/producto/body-oficios-bombero-rojo-y-amarillo-18-meses,PRODUCT,"Body Oficios Bombero Rojo Y Amarillo 18 Meses",200,YES,https://collectibles.uy/producto/body-oficios-bombero-rojo-y-amarillo-18-meses,YES,YES,"Body Oficios Bombero Rojo Y Amarillo 18 Meses | Benpres | Collectibles",YES,YES,PASS
https://collectibles.uy/producto/spawn-mortal-kombat-mcfarlane-7711,PRODUCT,"Spawn Mortal Kombat Mcfarlane",200,YES,https://collectibles.uy/producto/spawn-mortal-kombat-mcfarlane-7711,YES,YES,"Spawn Mortal Kombat Mcfarlane | Collectibles Uruguay",YES,YES,PASS
https://collectibles.uy/producto/bo-katan-kryze-the-mandalorian-star-wars-vintage-hasbro--7274,PRODUCT,"Bo-katan Kryze The Mandalorian Star Wars Vintage Hasbro ",200,YES,https://collectibles.uy/producto/bo-katan-kryze-the-mandalorian-star-wars-vintage-hasbro--7274,YES,YES,"Bo-katan Kryze The Mandalorian Star Wars Vintage Hasbro  | Collectible",YES,YES,PASS
https://collectibles.uy/producto/funko-pop-dumb-and-dumber-lloyd,PRODUCT,"Funko Pop Dumb And Dumber - Lloyd ",200,YES,https://collectibles.uy/producto/funko-pop-dumb-and-dumber-lloyd,YES,YES,"Funko Pop Lloyd | dumb and dumber | Collectibles | Collectibles Urugua",YES,YES,PASS
https://collectibles.uy/producto/medias-yummy-you-by-twinkie-chan-rosa-chicle-estampado-11,PRODUCT,"Medias Yummy You By Twinkie Chan Rosa Chicle Estampado 11",200,YES,https://collectibles.uy/producto/medias-yummy-you-by-twinkie-chan-rosa-chicle-estampado-11,YES,YES,"Yummy You by Twinkie Chan | Collectibles | Collectibles Uruguay",YES,YES,PASS
https://collectibles.uy/producto/marvel-legends-spiderman-across-the-spiderverse-jessica-drew,PRODUCT,"Marvel Legends! Spiderman: Across The Spiderverse - Jessica Drew",200,YES,https://collectibles.uy/producto/marvel-legends-spiderman-across-the-spiderverse-jessica-drew,YES,YES,"Marvel Legends Jessica Drew Spider-Woman | Marvel | Collectibles | Col",YES,YES,PASS
https://collectibles.uy/producto/sonic-2-the-movie-la-pel-cula-peluche-jakks-pacific-6232,PRODUCT,"Sonic 2 The Movie La Película Peluche Jakks Pacific",200,YES,https://collectibles.uy/producto/sonic-2-the-movie-la-pel-cula-peluche-jakks-pacific-6232,YES,YES,"Sonic 2 The Movie La Película Peluche Jakks Pacific | Collectibles Uru",YES,YES,PASS
https://collectibles.uy/producto/shadow-sonic-the-hedgehog-10cm-wave-8-jakks-pacific-9360,PRODUCT,"Shadow Sonic The Hedgehog 10cm Wave 8 Jakks Pacific",200,YES,https://collectibles.uy/producto/shadow-sonic-the-hedgehog-10cm-wave-8-jakks-pacific-9360,YES,YES,"Shadow Sonic The Hedgehog 10cm Wave 8 Jakks Pacific | Collectibles Uru",YES,YES,PASS
https://collectibles.uy/producto/din-djarin-mandalorian-star-wars-credit-collection-4366,PRODUCT,"Din Djarin Mandalorian Star Wars Credit Collection",200,YES,https://collectibles.uy/producto/din-djarin-mandalorian-star-wars-credit-collection-4366,YES,YES,"Din Djarin Mandalorian Star Wars Credit Collection | Collectibles Urug",YES,YES,PASS
https://collectibles.uy/producto/spiderman-marvel-legends-hasbro-3545,PRODUCT,"Spiderman Marvel Legends Hasbro",200,YES,https://collectibles.uy/producto/spiderman-marvel-legends-hasbro-3545,YES,YES,"Spiderman Marvel Legends Hasbro | Collectibles Uruguay",YES,YES,PASS
https://collectibles.uy/producto/miner-my-bloody-valentine-ultimate-neca-6871,PRODUCT,"Miner My Bloody Valentine Ultimate Neca",200,YES,https://collectibles.uy/producto/miner-my-bloody-valentine-ultimate-neca-6871,YES,YES,"Miner My Bloody Valentine Ultimate Neca | Collectibles Uruguay",YES,YES,PASS
https://collectibles.uy/producto/luke-skywalker-star-wars-the-last-jedi-bandai-7651,PRODUCT,"Luke Skywalker Star Wars The Last Jedi Bandai",200,YES,https://collectibles.uy/producto/luke-skywalker-star-wars-the-last-jedi-bandai-7651,YES,YES,"Luke Skywalker Star Wars The Last Jedi Bandai | Collectibles Uruguay",YES,YES,PASS
https://collectibles.uy/producto/mandalorian---grogu-maldo-kreis-star-wars-vintage-hasbro-8496,PRODUCT,"Mandalorian & Grogu Maldo Kreis Star Wars Vintage Hasbro",200,YES,https://collectibles.uy/producto/mandalorian---grogu-maldo-kreis-star-wars-vintage-hasbro-8496,YES,YES,"Mandalorian &amp; Grogu Maldo Kreis Star Wars Vintage Hasbro | Collect",YES,YES,PASS
https://collectibles.uy/producto/peluche-so-so-happy-fang-edicion-limitada-comic-con-rojo,PRODUCT,"Peluche So So Happy Fang (edición Limitada Comic Con) Rojo",200,YES,https://collectibles.uy/producto/peluche-so-so-happy-fang-edicion-limitada-comic-con-rojo,YES,YES,"Fang | Collectibles | Collectibles Uruguay",YES,YES,PASS
https://collectibles.uy/producto/padme-amidala-star-wars-attack-of-the-clones-figuarts-5132,PRODUCT,"Padme Amidala Star Wars Attack Of The Clones Figuarts",200,YES,https://collectibles.uy/producto/padme-amidala-star-wars-attack-of-the-clones-figuarts-5132,YES,YES,"Padme Amidala Star Wars Attack Of The Clones Figuarts | Collectibles U",YES,YES,PASS
https://collectibles.uy/producto/capricorn-saint-seiya-cloth-collection-vol-2--medicos-5753,PRODUCT,"Capricorn Saint Seiya Cloth Collection Vol.2  Medicos",200,YES,https://collectibles.uy/producto/capricorn-saint-seiya-cloth-collection-vol-2--medicos-5753,YES,YES,"Capricorn Saint Seiya Cloth Collection Vol.2  Medicos | Collectibles U",YES,YES,PASS
https://collectibles.uy/producto/indiana-jones-raiders-of-the-lost-ark-adventure-series-7875,PRODUCT,"Indiana Jones Raiders Of The Lost Ark Adventure Series",200,YES,https://collectibles.uy/producto/indiana-jones-raiders-of-the-lost-ark-adventure-series-7875,YES,YES,"Indiana Jones Raiders Of The Lost Ark Adventure Series | Collectibles ",YES,YES,PASS
https://collectibles.uy/producto/funko-pop-set-de-5-protectores-para-funko,PRODUCT,"Funko Pop! Set De 5 Protectores Para Funko",200,YES,https://collectibles.uy/producto/funko-pop-set-de-5-protectores-para-funko,YES,YES,"Funko Pop Cajas Protectoras | Funko | Collectibles | Collectibles Urug",YES,YES,PASS
https://collectibles.uy/producto/luminara-unduli-star-wars-clone-wars-vintage-hasbro-7456,PRODUCT,"Luminara Unduli Star Wars Clone Wars Vintage Hasbro",200,YES,https://collectibles.uy/producto/luminara-unduli-star-wars-clone-wars-vintage-hasbro-7456,YES,YES,"Luminara Unduli Star Wars Clone Wars Vintage Hasbro | Collectibles Uru",YES,YES,PASS
https://collectibles.uy/producto/accessory-pack-tortugas-ninja-turtles-2-secret-ooze-neca-8797,PRODUCT,"Accessory Pack Tortugas Ninja Turtles 2 Secret Ooze Neca",200,YES,https://collectibles.uy/producto/accessory-pack-tortugas-ninja-turtles-2-secret-ooze-neca-8797,YES,YES,"Accessory Pack Tortugas Ninja Turtles 2 Secret Ooze Neca | Collectible",YES,YES,PASS
https://collectibles.uy/producto/red-mighty-morphin-power-rangers-vhs-hasbro-1602,PRODUCT,"Red Mighty Morphin Power Rangers Vhs Hasbro",200,YES,https://collectibles.uy/producto/red-mighty-morphin-power-rangers-vhs-hasbro-1602,YES,YES,"Red Mighty Morphin Power Rangers Vhs Hasbro | Collectibles Uruguay",YES,YES,PASS
https://collectibles.uy/producto/koska-reeves-mandalorian-star-wars-black-series-hasbro-7307,PRODUCT,"Koska Reeves Mandalorian Star Wars Black Series Hasbro",200,YES,https://collectibles.uy/producto/koska-reeves-mandalorian-star-wars-black-series-hasbro-7307,YES,YES,"Koska Reeves Mandalorian Star Wars Black Series Hasbro | Collectibles ",YES,YES,PASS
https://collectibles.uy/producto/rey-star-wars-the-last-jedi-figuarts-bandai-1732,PRODUCT,"Rey Star Wars The Last Jedi Figuarts Bandai",200,YES,https://collectibles.uy/producto/rey-star-wars-the-last-jedi-figuarts-bandai-1732,YES,YES,"Rey Star Wars The Last Jedi Figuarts Bandai | Collectibles Uruguay",YES,YES,PASS
https://collectibles.uy/producto/din-djarin-beskar-armor-mandalorian-star-wars-black-series-7959,PRODUCT,"Din Djarin Beskar Armor Mandalorian Star Wars Black Series",200,YES,https://collectibles.uy/producto/din-djarin-beskar-armor-mandalorian-star-wars-black-series-7959,YES,YES,"Din Djarin Beskar Armor Mandalorian Star Wars Black Series | Collectib",YES,YES,PASS
https://collectibles.uy/producto/power-rangers-rise-of-heroes-card-game-idioma-ingles,PRODUCT,"Power Rangers Rise Of Heroes Card Game Idioma Inglés",200,YES,https://collectibles.uy/producto/power-rangers-rise-of-heroes-card-game-idioma-ingles,YES,YES,"Power Rangers Rise Of Heroes Card Game Idioma | Collectibles | Collect",YES,YES,PASS
https://collectibles.uy/producto/star-wars-black-series-archive-luke-skywalker,PRODUCT,"Star Wars Black Series Archive Luke Skywalker",200,YES,https://collectibles.uy/producto/star-wars-black-series-archive-luke-skywalker,YES,YES,"Luke Skywalker The Black Series | Hasbro | Collectibles | Collectibles",YES,YES,PASS
https://collectibles.uy/producto/tortugas-ninja-vs-cobra-kai-leonardo-vs-miguel-diaz,PRODUCT,"Tortugas Ninja Vs Cobra Kai: Leonardo Vs Miguel Diaz",200,YES,https://collectibles.uy/producto/tortugas-ninja-vs-cobra-kai-leonardo-vs-miguel-diaz,YES,YES,"Leonardo vs Miguel Diaz Cobra Kai | Playmates Toys | Collectibles | Co",YES,YES,PASS
https://collectibles.uy/producto/cancer-saint-seiya-cloth-collection-vol-2-medicos-4006,PRODUCT,"Cancer Saint Seiya Cloth Collection Vol.2 Medicos",200,YES,https://collectibles.uy/producto/cancer-saint-seiya-cloth-collection-vol-2-medicos-4006,YES,YES,"Cancer Saint Seiya Cloth Collection Vol.2 Medicos | Collectibles Urugu",YES,YES,PASS
https://collectibles.uy/producto/taurus-saint-seiya-cloth-collection-vol-2--medicos-3921,PRODUCT,"Taurus Saint Seiya Cloth Collection Vol.2  Medicos",200,YES,https://collectibles.uy/producto/taurus-saint-seiya-cloth-collection-vol-2--medicos-3921,YES,YES,"Taurus Saint Seiya Cloth Collection Vol.2  Medicos | Collectibles Urug",YES,YES,PASS
https://collectibles.uy/producto/figura-articulada-kotal-khan-mortal-kombat-mcfarlane-toys-pvc-coleccionable-9267,PRODUCT,"Figura Articulada Kotal Khan Mortal Kombat Mcfarlane Toys Pvc Coleccionable",200,YES,https://collectibles.uy/producto/figura-articulada-kotal-khan-mortal-kombat-mcfarlane-toys-pvc-coleccionable-9267,YES,YES,"Figura Articulada Kotal Khan Mortal Kombat Mcfarlane Toys Pvc Coleccio",YES,YES,PASS
https://collectibles.uy/producto/figura-super-sonic-amarillo-13cm-sonic-3-4643,PRODUCT,"Figura Super Sonic Amarillo 13cm Sonic 3",200,YES,https://collectibles.uy/producto/figura-super-sonic-amarillo-13cm-sonic-3-4643,YES,YES,"Figura Super Sonic Amarillo 13cm Sonic 3 | Collectibles Uruguay",YES,YES,PASS
https://collectibles.uy/producto/peluche-sonic-the-hedgehog-la-pelicula-2--33cm--1755,PRODUCT,"Peluche Sonic The Hedgehog La Pelicula 2 (33cm)",200,YES,https://collectibles.uy/producto/peluche-sonic-the-hedgehog-la-pelicula-2--33cm--1755,YES,YES,"Peluche Sonic The Hedgehog La Pelicula 2 (33cm) | Collectibles Uruguay",YES,YES,PASS
https://collectibles.uy/producto/funko-pop-alien-romulus-rain,PRODUCT,"Funko Pop! Alien Romulus - Rain",200,YES,https://collectibles.uy/producto/funko-pop-alien-romulus-rain,YES,YES,"Funko Pop Rain | Alien Romulus | Collectibles | Collectibles Uruguay",YES,YES,PASS
https://collectibles.uy/producto/funko-pop-dumb-and-dumber-lloyd-christmas-in-tux-chase,PRODUCT,"Funko Pop! Dumb And Dumber Lloyd Christmas In Tux Chase",200,YES,https://collectibles.uy/producto/funko-pop-dumb-and-dumber-lloyd-christmas-in-tux-chase,YES,YES,"Funko Pop LLOYD CHRISTMAS IN TUX | dumb and dumber | Collectibles | Co",YES,YES,PASS
https://collectibles.uy/producto/figura-de-acci-n-neca-ultimate-miner-de-my-bloody-valentine-articulada-y-coleccionable-1058,PRODUCT,"Figura De Acción Neca Ultimate Miner De My Bloody Valentine Articulada Y Coleccionable",200,YES,https://collectibles.uy/producto/figura-de-acci-n-neca-ultimate-miner-de-my-bloody-valentine-articulada-y-coleccionable-1058,YES,YES,"Figura De Acción Neca Ultimate Miner De My Bloody Valentine Articulada",YES,YES,PASS
https://collectibles.uy/producto/figgyz-pop-magnet-street-fighter-dhalsim,PRODUCT,"Figgyz Pop! Magnet Street Fighter - Dhalsim",200,YES,https://collectibles.uy/producto/figgyz-pop-magnet-street-fighter-dhalsim,YES,YES,"Dhalsim Street Fighter | Figgyz | Collectibles | Collectibles Uruguay",YES,YES,PASS
https://collectibles.uy/producto/zombi-caracubo-buckethead-plantas-vs-zombies-7183,PRODUCT,"Zombi Caracubo Buckethead Plantas Vs Zombies",200,YES,https://collectibles.uy/producto/zombi-caracubo-buckethead-plantas-vs-zombies-7183,YES,YES,"Zombi Caracubo Buckethead Plantas Vs Zombies | Collectibles Uruguay",YES,YES,PASS
https://collectibles.uy/producto/robocop-ultimate-battle-damaged-with-chair-neca-4418,PRODUCT,"Robocop Ultimate Battle Damaged With Chair Neca",200,YES,https://collectibles.uy/producto/robocop-ultimate-battle-damaged-with-chair-neca-4418,YES,YES,"Robocop Ultimate Battle Damaged With Chair Neca | Collectibles Uruguay",YES,YES,PASS
https://collectibles.uy/producto/nintendo-it-s-me-super-mario-parlante-jakks-mu-eco-figura-7435,PRODUCT,"Nintendo It's Me Super Mario Parlante Jakks Muñeco Figura",200,YES,https://collectibles.uy/producto/nintendo-it-s-me-super-mario-parlante-jakks-mu-eco-figura-7435,YES,YES,"Nintendo It&#039;s Me Super Mario Parlante Jakks Muñeco Figura | Colle",YES,YES,PASS
https://collectibles.uy/producto/funko-pop-heroes-black-lightning,PRODUCT,"Funko Pop! Heroes- Black Lightning",200,YES,https://collectibles.uy/producto/funko-pop-heroes-black-lightning,YES,YES,"Funko Pop Black Lightning | DC Black Lightning | Collectibles | Collec",YES,YES,PASS
https://collectibles.uy/producto/dr--eggman-sonic-the-hedgehog-10cm-wave-8-jakks-pacific-8535,PRODUCT,"Dr. Eggman Sonic The Hedgehog 10cm Wave 8 Jakks Pacific",200,YES,https://collectibles.uy/producto/dr--eggman-sonic-the-hedgehog-10cm-wave-8-jakks-pacific-8535,YES,YES,"Dr. Eggman Sonic The Hedgehog 10cm Wave 8 Jakks Pacific | Collectibles",YES,YES,PASS
https://collectibles.uy/producto/neca-body-knockers-solar-powered-the-incredible-hulk,PRODUCT,"Neca! Body Knockers Solar Powered The Incredible Hulk",200,YES,https://collectibles.uy/producto/neca-body-knockers-solar-powered-the-incredible-hulk,YES,YES,"NECA Hulk | Marvel | Collectibles | Collectibles Uruguay",YES,YES,PASS
https://collectibles.uy/producto/shadow-knuckles-buzz-drone-sonic-3-la-pel-cula-jakks-pacific-7494,PRODUCT,"Shadow Knuckles Buzz Drone Sonic 3 La Película Jakks Pacific",200,YES,https://collectibles.uy/producto/shadow-knuckles-buzz-drone-sonic-3-la-pel-cula-jakks-pacific-7494,YES,YES,"Shadow Knuckles Buzz Drone Sonic 3 La Película Jakks Pacific | Collect",YES,YES,PASS
https://collectibles.uy/producto/chao-sonic-the-hedgehog-30th-anniversary-6cm-jakks-pacific-9230,PRODUCT,"Chao Sonic The Hedgehog 30th Anniversary 6cm Jakks Pacific",200,YES,https://collectibles.uy/producto/chao-sonic-the-hedgehog-30th-anniversary-6cm-jakks-pacific-9230,YES,YES,"Chao Sonic The Hedgehog 30th Anniversary 6cm Jakks Pacific | Collectib",YES,YES,PASS
https://collectibles.uy/producto/thunderstrike-marvel-legends-joe-fixit-baf-hasbro-1879,PRODUCT,"Thunderstrike Marvel Legends Joe Fixit Baf Hasbro",200,YES,https://collectibles.uy/producto/thunderstrike-marvel-legends-joe-fixit-baf-hasbro-1879,YES,YES,"Thunderstrike Marvel Legends Joe Fixit Baf Hasbro | Collectibles Urugu",YES,YES,PASS
https://collectibles.uy/producto/zeddemore-the-real-ghostbusters-kenner-classics-hasbro-4678,PRODUCT,"Zeddemore The Real Ghostbusters Kenner Classics Hasbro",200,YES,https://collectibles.uy/producto/zeddemore-the-real-ghostbusters-kenner-classics-hasbro-4678,YES,YES,"Zeddemore The Real Ghostbusters Kenner Classics Hasbro | Collectibles ",YES,YES,PASS
https://collectibles.uy/producto/funko-pop-hawkeye-hawkeye,PRODUCT,"Funko Pop! Hawkeye - Hawkeye",200,YES,https://collectibles.uy/producto/funko-pop-hawkeye-hawkeye,YES,YES,"Funko Pop Ojo de halcón | Hawkeye | Collectibles | Collectibles Urugua",YES,YES,PASS
https://collectibles.uy/producto/ghost-rider-danny-ketch-marvel-legends-85-years-hasbro-2e6w6,PRODUCT,"Ghost Rider Danny Ketch Marvel Legends 85 Years Hasbro",200,YES,https://collectibles.uy/producto/ghost-rider-danny-ketch-marvel-legends-85-years-hasbro-2e6w6,YES,YES,"Ghost Rider Danny Ketch Marvel Legends 85 Years Hasbro | Collectibles ",YES,YES,PASS
https://collectibles.uy/producto/heihachi-mishima-tekken-7-storm-collectibles-3384,PRODUCT,"Heihachi Mishima Tekken 7 Storm Collectibles",200,YES,https://collectibles.uy/producto/heihachi-mishima-tekken-7-storm-collectibles-3384,YES,YES,"Heihachi Mishima Tekken 7 Storm Collectibles | Collectibles Uruguay",YES,YES,PASS
https://collectibles.uy/producto/dr--eggman-sonic-the-hedgehog-10cm-wave-5-jakks-pacific-5159,PRODUCT,"Dr. Eggman Sonic The Hedgehog 10cm Wave 5 Jakks Pacific",200,YES,https://collectibles.uy/producto/dr--eggman-sonic-the-hedgehog-10cm-wave-5-jakks-pacific-5159,YES,YES,"Dr. Eggman Sonic The Hedgehog 10cm Wave 5 Jakks Pacific | Collectibles",YES,YES,PASS
https://collectibles.uy/producto/fisto-he-man-motu-club-grayskull-filmation-super7-mu-eco-3608,PRODUCT,"Fisto He-man Motu Club Grayskull Filmation Super7 Muñeco",200,YES,https://collectibles.uy/producto/fisto-he-man-motu-club-grayskull-filmation-super7-mu-eco-3608,YES,YES,"Fisto He-man Motu Club Grayskull Filmation Super7 Muñeco | Collectible",YES,YES,PASS
https://collectibles.uy/producto/sonic-the-hedgehog-30th-anniversary-6cm-jakks-pacific-1889,PRODUCT,"Sonic The Hedgehog 30th Anniversary 6cm Jakks Pacific",200,YES,https://collectibles.uy/producto/sonic-the-hedgehog-30th-anniversary-6cm-jakks-pacific-1889,YES,YES,"Sonic The Hedgehog 30th Anniversary 6cm Jakks Pacific | Collectibles U",YES,YES,PASS
https://collectibles.uy/producto/funko-pop-beetlejuice,PRODUCT,"Funko Pop! Beetlejuice ",200,YES,https://collectibles.uy/producto/funko-pop-beetlejuice,YES,YES,"Funko Pop Beetlejuice | Beetlejuice | Collectibles | Collectibles Urug",YES,YES,PASS
https://collectibles.uy/producto/mutagen-man-tortugas-ninja-turtles-ultimates-wave2-super7-1589,PRODUCT,"Mutagen Man Tortugas Ninja Turtles Ultimates Wave2 Super7",200,YES,https://collectibles.uy/producto/mutagen-man-tortugas-ninja-turtles-ultimates-wave2-super7-1589,YES,YES,"Mutagen Man Tortugas Ninja Turtles Ultimates Wave2 Super7 | Collectibl",YES,YES,PASS
https://collectibles.uy/producto/lion-o-thundercats-ultimates-wave1-super7-6520,PRODUCT,"Lion-o Thundercats Ultimates Wave1 Super7",200,YES,https://collectibles.uy/producto/lion-o-thundercats-ultimates-wave1-super7-6520,YES,YES,"Lion-o Thundercats Ultimates Wave1 Super7 | Collectibles Uruguay",YES,YES,PASS
https://collectibles.uy/producto/darth-vader-star-wars-a-new-hope-black-series-hasbro-5653,PRODUCT,"Darth Vader Star Wars A New Hope Black Series Hasbro",200,YES,https://collectibles.uy/producto/darth-vader-star-wars-a-new-hope-black-series-hasbro-5653,YES,YES,"Darth Vader Star Wars A New Hope Black Series Hasbro | Collectibles Ur",YES,YES,PASS
https://collectibles.uy/producto/samus-aran-zero-suit-ver--metroid-other-m-figma-306-1398,PRODUCT,"Samus Aran Zero Suit Ver. Metroid Other M Figma 306",200,YES,https://collectibles.uy/producto/samus-aran-zero-suit-ver--metroid-other-m-figma-306-1398,YES,YES,"Samus Aran Zero Suit Ver. Metroid Other M Figma 306 | Collectibles Uru",YES,YES,PASS
https://collectibles.uy/producto/raphael-tortugas-ninja-turtles-ultimates-wave1-super7-4499,PRODUCT,"Raphael Tortugas Ninja Turtles Ultimates Wave1 Super7",200,YES,https://collectibles.uy/producto/raphael-tortugas-ninja-turtles-ultimates-wave1-super7-4499,YES,YES,"Raphael Tortugas Ninja Turtles Ultimates Wave1 Super7 | Collectibles U",YES,YES,PASS
https://collectibles.uy/producto/foxy-corn-maze-five-nights-at-freddy-s-mcfarlane-38pcs-2153,PRODUCT,"Foxy Corn Maze Five Nights At Freddy´s Mcfarlane 38pcs",200,YES,https://collectibles.uy/producto/foxy-corn-maze-five-nights-at-freddy-s-mcfarlane-38pcs-2153,YES,YES,"Foxy Corn Maze Five Nights At Freddy´s Mcfarlane 38pcs | Collectibles ",YES,YES,PASS
https://collectibles.uy/producto/raphael-tortugas-ninja-turtles-figuarts-bandai-7141,PRODUCT,"Raphael Tortugas Ninja Turtles Figuarts Bandai",200,YES,https://collectibles.uy/producto/raphael-tortugas-ninja-turtles-figuarts-bandai-7141,YES,YES,"Raphael Tortugas Ninja Turtles Figuarts Bandai | Collectibles Uruguay",YES,YES,PASS
https://collectibles.uy/producto/batwing-batman-the-animated-series-dc-collectibles-4682,PRODUCT,"Batwing Batman The Animated Series Dc Collectibles",200,YES,https://collectibles.uy/producto/batwing-batman-the-animated-series-dc-collectibles-4682,YES,YES,"Batwing Batman The Animated Series Dc Collectibles | Collectibles Urug",YES,YES,PASS
https://collectibles.uy/producto/ra-s-al-ghul-batman-the-animated-series-dc-collectibles-24-4159,PRODUCT,"Ra´s Al Ghul Batman The Animated Series Dc Collectibles 24",200,YES,https://collectibles.uy/producto/ra-s-al-ghul-batman-the-animated-series-dc-collectibles-24-4159,YES,YES,"Ra´s Al Ghul Batman The Animated Series Dc Collectibles 24 | Collectib",YES,YES,PASS
https://collectibles.uy/producto/scarecrow-batman-the-animated-series-dc-collectibles-44-5888,PRODUCT,"Scarecrow Batman The Animated Series Dc Collectibles 44",200,YES,https://collectibles.uy/producto/scarecrow-batman-the-animated-series-dc-collectibles-44-5888,YES,YES,"Scarecrow Batman The Animated Series Dc Collectibles 44 | Collectibles",YES,YES,PASS
https://collectibles.uy/producto/wonder-woman-justice-league-animated-dc-collectibles-8120,PRODUCT,"Wonder Woman Justice League Animated Dc Collectibles",200,YES,https://collectibles.uy/producto/wonder-woman-justice-league-animated-dc-collectibles-8120,YES,YES,"Wonder Woman Justice League Animated Dc Collectibles | Collectibles Ur",YES,YES,PASS
https://collectibles.uy/producto/moto-bug-sonic-the-hedgehog-30th-anniversary-6cm-jakks-6629,PRODUCT,"Moto Bug Sonic The Hedgehog 30th Anniversary 6cm Jakks",200,YES,https://collectibles.uy/producto/moto-bug-sonic-the-hedgehog-30th-anniversary-6cm-jakks-6629,YES,YES,"Moto Bug Sonic The Hedgehog 30th Anniversary 6cm Jakks | Collectibles ",YES,YES,PASS
https://collectibles.uy/producto/demona-ultimate-gargoyles-disney-neca-8224,PRODUCT,"Demona Ultimate Gargoyles Disney Neca",200,YES,https://collectibles.uy/producto/demona-ultimate-gargoyles-disney-neca-8224,YES,YES,"Demona Ultimate Gargoyles Disney Neca | Collectibles Uruguay",YES,YES,PASS
https://collectibles.uy/producto/sonic-the-hedgehog-x-dc-shadow-batman,PRODUCT,"Sonic The Hedgehog X Dc - Shadow Batman",200,YES,https://collectibles.uy/producto/sonic-the-hedgehog-x-dc-shadow-batman,YES,YES,"Shadow Batman Sonic | Jazwares | Collectibles | Collectibles Uruguay",YES,YES,PASS
https://collectibles.uy/producto/jean-grey-x-men-marvel-legends-sugar-man-baf-hasbro-3386,PRODUCT,"Jean Grey X-men Marvel Legends Sugar Man Baf Hasbro",200,YES,https://collectibles.uy/producto/jean-grey-x-men-marvel-legends-sugar-man-baf-hasbro-3386,YES,YES,"Jean Grey X-men Marvel Legends Sugar Man Baf Hasbro | Collectibles Uru",YES,YES,PASS
https://collectibles.uy/producto/figuras-de-acci-n-sonic-3-shadow-knuckles-tails-con-luz-7836,PRODUCT,"Figuras De Acción Sonic 3 Shadow Knuckles Tails Con Luz",200,YES,https://collectibles.uy/producto/figuras-de-acci-n-sonic-3-shadow-knuckles-tails-con-luz-7836,YES,YES,"Figuras De Acción Sonic 3 Shadow Knuckles Tails Con Luz | Collectibles",YES,YES,PASS
https://collectibles.uy/producto/sonic-the-hedgehog-6cm-wave-8-jakks-pacific-1284,PRODUCT,"Sonic The Hedgehog 6cm Wave 8 Jakks Pacific",200,YES,https://collectibles.uy/producto/sonic-the-hedgehog-6cm-wave-8-jakks-pacific-1284,YES,YES,"Sonic The Hedgehog 6cm Wave 8 Jakks Pacific | Collectibles Uruguay",YES,YES,PASS
https://collectibles.uy/producto/wild-child-x-men-marvel-legends-sugar-man-baf-hasbro-5050,PRODUCT,"Wild Child X-men Marvel Legends Sugar Man Baf Hasbro",200,YES,https://collectibles.uy/producto/wild-child-x-men-marvel-legends-sugar-man-baf-hasbro-5050,YES,YES,"Wild Child X-men Marvel Legends Sugar Man Baf Hasbro | Collectibles Ur",YES,YES,PASS
https://collectibles.uy/producto/moto-bug-sonic-the-hedgehog-6cm-wave-6-jakks-6978,PRODUCT,"Moto Bug Sonic The Hedgehog 6cm Wave 6 Jakks",200,YES,https://collectibles.uy/producto/moto-bug-sonic-the-hedgehog-6cm-wave-6-jakks-6978,YES,YES,"Moto Bug Sonic The Hedgehog 6cm Wave 6 Jakks | Collectibles Uruguay",YES,YES,PASS
https://collectibles.uy/producto/eggrobo-sonic-the-hedgehog-10cm-wave-9-jakks-pacific-9968,PRODUCT,"Eggrobo Sonic The Hedgehog 10cm Wave 9 Jakks Pacific",200,YES,https://collectibles.uy/producto/eggrobo-sonic-the-hedgehog-10cm-wave-9-jakks-pacific-9968,YES,YES,"Eggrobo Sonic The Hedgehog 10cm Wave 9 Jakks Pacific | Collectibles Ur",YES,YES,PASS
https://collectibles.uy/producto/figgyz-pop-magnet-street-fighter-edmond-honda,PRODUCT,"Figgyz Pop! Magnet Street Fighter - Edmond Honda",200,YES,https://collectibles.uy/producto/figgyz-pop-magnet-street-fighter-edmond-honda,YES,YES,"Ken Street Fighter | Figgyz | Collectibles | Collectibles Uruguay",YES,YES,PASS
https://collectibles.uy/producto/killer-croc-batman-the-animated-series-dc-collectibles-47-3545,PRODUCT,"Killer Croc Batman The Animated Series Dc Collectibles 47",200,YES,https://collectibles.uy/producto/killer-croc-batman-the-animated-series-dc-collectibles-47-3545,YES,YES,"Killer Croc Batman The Animated Series Dc Collectibles 47 | Collectibl",YES,YES,PASS
https://collectibles.uy/producto/darth-vader-star-wars-the-empire-strikes-back-black-series-3158,PRODUCT,"Darth Vader Star Wars The Empire Strikes Back Black Series",200,YES,https://collectibles.uy/producto/darth-vader-star-wars-the-empire-strikes-back-black-series-3158,YES,YES,"Darth Vader Star Wars The Empire Strikes Back Black Series | Collectib",YES,YES,PASS
https://collectibles.uy/producto/espio-sonic-the-hedgehog-10cm-wave-9-jakks-pacific-8527,PRODUCT,"Espio Sonic The Hedgehog 10cm Wave 9 Jakks Pacific",200,YES,https://collectibles.uy/producto/espio-sonic-the-hedgehog-10cm-wave-9-jakks-pacific-8527,YES,YES,"Espio Sonic The Hedgehog 10cm Wave 9 Jakks Pacific | Collectibles Urug",YES,YES,PASS
https://collectibles.uy/producto/figuras-sonic-3-super-sonic---super-shadow-con-luz-8181,PRODUCT,"Figuras Sonic 3 Super Sonic + Super Shadow Con Luz",200,YES,https://collectibles.uy/producto/figuras-sonic-3-super-sonic---super-shadow-con-luz-8181,YES,YES,"Figuras Sonic 3 Super Sonic + Super Shadow Con Luz | Collectibles Urug",YES,YES,PASS
https://collectibles.uy/producto/carnage-spiderman-marvel-legends-hasbro-target-exclusive-9216,PRODUCT,"Carnage Spiderman Marvel Legends Hasbro Target Exclusive",200,YES,https://collectibles.uy/producto/carnage-spiderman-marvel-legends-hasbro-target-exclusive-9216,YES,YES,"Carnage Spiderman Marvel Legends Hasbro Target Exclusive | Collectible",YES,YES,PASS
https://collectibles.uy/producto/alex-delarge-a-clockwork-orange-living-dead-dolls-mezco-6110,PRODUCT,"Alex Delarge A Clockwork Orange Living Dead Dolls Mezco",200,YES,https://collectibles.uy/producto/alex-delarge-a-clockwork-orange-living-dead-dolls-mezco-6110,YES,YES,"Alex Delarge A Clockwork Orange Living Dead Dolls Mezco | Collectibles",YES,YES,PASS
https://collectibles.uy/producto/sonic-the-hedgehog-10cm-wave-5-jakks-pacific-6180,PRODUCT,"Sonic The Hedgehog 10cm Wave 5 Jakks Pacific",200,YES,https://collectibles.uy/producto/sonic-the-hedgehog-10cm-wave-5-jakks-pacific-6180,YES,YES,"Sonic The Hedgehog 10cm Wave 5 Jakks Pacific | Collectibles Uruguay",YES,YES,PASS
https://collectibles.uy/producto/super-mario-lava-castle-diorama-set-nintendo-jakks-mu-eco-2586,PRODUCT,"Super Mario Lava Castle Diorama Set Nintendo Jakks Muñeco",200,YES,https://collectibles.uy/producto/super-mario-lava-castle-diorama-set-nintendo-jakks-mu-eco-2586,YES,YES,"Super Mario Lava Castle Diorama Set Nintendo Jakks Muñeco | Collectibl",YES,YES,PASS
https://collectibles.uy/producto/michelangelo-batman-vs-tmnt-dc-collectibles-sdcc2019-2845,PRODUCT,"Michelangelo Batman Vs Tmnt Dc Collectibles Sdcc2019",200,YES,https://collectibles.uy/producto/michelangelo-batman-vs-tmnt-dc-collectibles-sdcc2019-2845,YES,YES,"Michelangelo Batman Vs Tmnt Dc Collectibles Sdcc2019 | Collectibles Ur",YES,YES,PASS
https://collectibles.uy/producto/figura-accion-neca-turtles-in-time-pirate-rocksteady-bebop-articulada,PRODUCT,"Figura Acción Neca Turtles In Time Pirate Rocksteady Bebop Articulada",200,YES,https://collectibles.uy/producto/figura-accion-neca-turtles-in-time-pirate-rocksteady-bebop-articulada,YES,YES,"Pirate Rocksteady &amp; Pirate Bebop | Collectibles | Collectibles Uru",YES,YES,PASS
https://collectibles.uy/producto/btgirl-of-burnside-deluxe-icons-dc-collectibles-23-7883,PRODUCT,"Btgirl Of Burnside Deluxe Icons Dc Collectibles 23",200,YES,https://collectibles.uy/producto/btgirl-of-burnside-deluxe-icons-dc-collectibles-23-7883,YES,YES,"Btgirl Of Burnside Deluxe Icons Dc Collectibles 23 | Collectibles Urug",YES,YES,PASS
https://collectibles.uy/producto/pegasus-seiya-v3-genealogical-gold-saint-cloth-myth-bandai-4725,PRODUCT,"Pegasus Seiya V3 Genealogical Gold Saint Cloth Myth Bandai",200,YES,https://collectibles.uy/producto/pegasus-seiya-v3-genealogical-gold-saint-cloth-myth-bandai-4725,YES,YES,"Pegasus Seiya V3 Genealogical Gold Saint Cloth Myth Bandai | Collectib",YES,YES,PASS
https://collectibles.uy/producto/monster-venom-marvel-legends-hasbro-4s8sn,PRODUCT,"Monster Venom Marvel Legends Hasbro",200,YES,https://collectibles.uy/producto/monster-venom-marvel-legends-hasbro-4s8sn,YES,YES,"Monster Venom Marvel Legends Hasbro | Collectibles Uruguay",YES,YES,PASS
https://collectibles.uy/producto/dracula--open-mouth--castlevania-series1-player-select-neca-7145,PRODUCT,"Dracula (open Mouth) Castlevania Series1 Player Select Neca",200,YES,https://collectibles.uy/producto/dracula--open-mouth--castlevania-series1-player-select-neca-7145,YES,YES,"Dracula (open Mouth) Castlevania Series1 Player Select Neca | Collecti",YES,YES,PASS
https://collectibles.uy/producto/jean-grey-x-men-90-s-animated-series-marvel-legends-hasbro-axir9,PRODUCT,"Jean Grey X-men 90's Animated Series Marvel Legends Hasbro",200,YES,https://collectibles.uy/producto/jean-grey-x-men-90-s-animated-series-marvel-legends-hasbro-axir9,YES,YES,"Jean Grey X-men 90&#039;s Animated Series Marvel Legends Hasbro | Coll",YES,YES,PASS
https://collectibles.uy/producto/stitch-disney-lentes-de-sol-uv400-sun-statches-stitch-gris-celeste-3627,PRODUCT,"Stitch Disney Lentes De Sol Uv400 Sun Statches Stitch Gris Celeste",200,YES,https://collectibles.uy/producto/stitch-disney-lentes-de-sol-uv400-sun-statches-stitch-gris-celeste-3627,YES,YES,"Stitch Disney Lentes De Sol Uv400 Sun Statches Stitch Gris Celeste | C",YES,YES,PASS
https://collectibles.uy/producto/matoi-ryuko-kill-la-kill-figma-220-9627,PRODUCT,"Matoi Ryuko Kill La Kill Figma 220",200,YES,https://collectibles.uy/producto/matoi-ryuko-kill-la-kill-figma-220-9627,YES,YES,"Matoi Ryuko Kill La Kill Figma 220 | Collectibles Uruguay",YES,YES,PASS
https://collectibles.uy/producto/he-man-prince-adam-motu-origins-mattel-sdcc2019-6078,PRODUCT,"He-man Prince Adam Motu Origins Mattel Sdcc2019",200,YES,https://collectibles.uy/producto/he-man-prince-adam-motu-origins-mattel-sdcc2019-6078,YES,YES,"He-man Prince Adam Motu Origins Mattel Sdcc2019 | Collectibles Uruguay",YES,YES,PASS
https://collectibles.uy/producto/peter-venkman-the-real-ghostbusters-kenner-classics-hasbro-9805,PRODUCT,"Peter Venkman The Real Ghostbusters Kenner Classics Hasbro",200,YES,https://collectibles.uy/producto/peter-venkman-the-real-ghostbusters-kenner-classics-hasbro-9805,YES,YES,"Peter Venkman The Real Ghostbusters Kenner Classics Hasbro | Collectib",YES,YES,PASS
https://collectibles.uy/producto/hyuga-kojiro-captain-tsubasa-dasin-model-7981,PRODUCT,"Hyuga Kojiro Captain Tsubasa Dasin Model",200,YES,https://collectibles.uy/producto/hyuga-kojiro-captain-tsubasa-dasin-model-7981,YES,YES,"Hyuga Kojiro Captain Tsubasa Dasin Model | Collectibles Uruguay",YES,YES,PASS
https://collectibles.uy/producto/armin-arlert-shigeki-no-kyojin-rah-medicom-toy-676-5050,PRODUCT,"Armin Arlert Shigeki No Kyojin Rah Medicom Toy 676",200,YES,https://collectibles.uy/producto/armin-arlert-shigeki-no-kyojin-rah-medicom-toy-676-5050,YES,YES,"Armin Arlert Shigeki No Kyojin Rah Medicom Toy 676 | Collectibles Urug",YES,YES,PASS
https://collectibles.uy/producto/dr--eggman-sonic-the-hedgehog-10cm-wave-3-jakks-pacific-2863,PRODUCT,"Dr. Eggman Sonic The Hedgehog 10cm Wave 3 Jakks Pacific",200,YES,https://collectibles.uy/producto/dr--eggman-sonic-the-hedgehog-10cm-wave-3-jakks-pacific-2863,YES,YES,"Dr. Eggman Sonic The Hedgehog 10cm Wave 3 Jakks Pacific | Collectibles",YES,YES,PASS
https://collectibles.uy/producto/funko-pop-marvel-80-years-nick-fury-528,PRODUCT,"Funko Pop! Marvel 80 Years - Nick Fury #528",200,YES,https://collectibles.uy/producto/funko-pop-marvel-80-years-nick-fury-528,YES,YES,"Funko Pop Nick Fury | Marvel | Collectibles | Collectibles Uruguay",YES,YES,PASS
https://collectibles.uy/producto/levi-raveille-shigeki-no-kyojin-rah-medicom-toy-662-5990,PRODUCT,"Levi Raveille Shigeki No Kyojin Rah Medicom Toy 662",200,YES,https://collectibles.uy/producto/levi-raveille-shigeki-no-kyojin-rah-medicom-toy-662-5990,YES,YES,"Levi Raveille Shigeki No Kyojin Rah Medicom Toy 662 | Collectibles Uru",YES,YES,PASS
https://collectibles.uy/producto/cars-15-mini-vehiculos-metal-disney-pixar-mattel-15personajesset1-varios-4971,PRODUCT,"Cars 15 Mini Vehiculos Metal Disney Pixar Mattel 15personajesset1 Varios",200,YES,https://collectibles.uy/producto/cars-15-mini-vehiculos-metal-disney-pixar-mattel-15personajesset1-varios-4971,YES,YES,"Cars 15 Mini Vehiculos Metal Disney Pixar Mattel 15personajesset1 Vari",YES,YES,PASS
https://collectibles.uy/producto/michael-myers-halloween-living-dead-dolls-mezco-1519,PRODUCT,"Michael Myers Halloween Living Dead Dolls Mezco",200,YES,https://collectibles.uy/producto/michael-myers-halloween-living-dead-dolls-mezco-1519,YES,YES,"Michael Myers Halloween Living Dead Dolls Mezco | Collectibles Uruguay",YES,YES,PASS
https://collectibles.uy/producto/funko-pop-kpop-demon-hunters-zoey,PRODUCT,"Funko Pop! Kpop Demon Hunters - Zoey",200,YES,https://collectibles.uy/producto/funko-pop-kpop-demon-hunters-zoey,YES,YES,"Funko Pop Zoey | KPop Demon Hunters | Collectibles | Collectibles Urug",YES,YES,PASS
https://collectibles.uy/producto/funko-plushies-incribles-2-mr-increible,PRODUCT,"Funko Plushies! Incribles 2 - Mr. Increible",200,YES,https://collectibles.uy/producto/funko-plushies-incribles-2-mr-increible,YES,YES,"Funko Plush Sr. Increíble | Collectibles | Collectibles Uruguay",YES,YES,PASS
https://collectibles.uy/producto/funko-pop-spy-x-family-loid-forger,PRODUCT,"Funko Pop! Spy X Family - Loid Forger",200,YES,https://collectibles.uy/producto/funko-pop-spy-x-family-loid-forger,YES,YES,"Funko Pop Loid Forger | Spy X Family | Collectibles | Collectibles Uru",YES,YES,PASS
https://collectibles.uy/producto/femto-birth-of-the-hawk-of-darkness-ver--figma-sp-080-8579,PRODUCT,"Femto Birth Of The Hawk Of Darkness Ver. Figma Sp-080",200,YES,https://collectibles.uy/producto/femto-birth-of-the-hawk-of-darkness-ver--figma-sp-080-8579,YES,YES,"Femto Birth Of The Hawk Of Darkness Ver. Figma Sp-080 | Collectibles U",YES,YES,PASS
https://collectibles.uy/producto/miles-morales-spiderman-2-gamerverse-marvel-legends-hasbro-an6cs,PRODUCT,"Miles Morales Spiderman 2 Gamerverse Marvel Legends Hasbro",200,YES,https://collectibles.uy/producto/miles-morales-spiderman-2-gamerverse-marvel-legends-hasbro-an6cs,YES,YES,"Miles Morales Spiderman 2 Gamerverse Marvel Legends Hasbro | Collectib",YES,YES,PASS
https://collectibles.uy/producto/skeletor-ultimate-he-man-club-grayskull-filmation-super7-8159,PRODUCT,"Skeletor Ultimate He-man Club Grayskull Filmation Super7",200,YES,https://collectibles.uy/producto/skeletor-ultimate-he-man-club-grayskull-filmation-super7-8159,YES,YES,"Skeletor Ultimate He-man Club Grayskull Filmation Super7 | Collectible",YES,YES,PASS
https://collectibles.uy/producto/praetorian-guard-whip-staff-star-wars-the-last-jedi-bandai-5312,PRODUCT,"Praetorian Guard Whip Staff Star Wars The Last Jedi Bandai",200,YES,https://collectibles.uy/producto/praetorian-guard-whip-staff-star-wars-the-last-jedi-bandai-5312,YES,YES,"Praetorian Guard Whip Staff Star Wars The Last Jedi Bandai | Collectib",YES,YES,PASS
https://collectibles.uy/producto/funko-pop-what-if-infinity-killmonger,PRODUCT,"Funko Pop! What If...? Infinity Killmonger",200,YES,https://collectibles.uy/producto/funko-pop-what-if-infinity-killmonger,YES,YES,"Funko Pop Infinity Killmonger | What If? | Collectibles | Collectibles",YES,YES,PASS
https://collectibles.uy/producto/meryl-silverburgh-metal-gear-solid-square-enix-play-arts-kai-9687,PRODUCT,"Meryl Silverburgh Metal Gear Solid Square Enix Play Arts Kai",200,YES,https://collectibles.uy/producto/meryl-silverburgh-metal-gear-solid-square-enix-play-arts-kai-9687,YES,YES,"Meryl Silverburgh Metal Gear Solid Square Enix Play Arts Kai | Collect",YES,YES,PASS
https://collectibles.uy/producto/funko-pop-marvel-the-eternals-gilgamesh,PRODUCT,"Funko Pop! Marvel: The Eternals - Gilgamesh",200,YES,https://collectibles.uy/producto/funko-pop-marvel-the-eternals-gilgamesh,YES,YES,"Funko Pop Gilgamesh | Eternals | Collectibles | Collectibles Uruguay",YES,YES,PASS
https://collectibles.uy/producto/sonic-the-hedgehog-x-dc-tails-cyborg,PRODUCT,"Sonic The Hedgehog X Dc - Tails Cyborg",200,YES,https://collectibles.uy/producto/sonic-the-hedgehog-x-dc-tails-cyborg,YES,YES,"Tails Sonic | Jazwares | Collectibles | Collectibles Uruguay",YES,YES,PASS
https://collectibles.uy/producto/funko-pop-ironman-war-machine,PRODUCT,"Funko Pop! Ironman War Machine",200,YES,https://collectibles.uy/producto/funko-pop-ironman-war-machine,YES,YES,"Funko Pop Mercy | Overwatch | Collectibles | Collectibles Uruguay",YES,YES,PASS
https://collectibles.uy/producto/funko-pop-spiderman-green-goblin,PRODUCT,"Funko Pop! Spiderman Green Goblin ",200,YES,https://collectibles.uy/producto/funko-pop-spiderman-green-goblin,YES,YES,"Funko Pop Green Goblin | Marvel | Collectibles | Collectibles Uruguay",YES,YES,PASS
https://collectibles.uy/producto/gray-hulk-dr-bruce-banner-avengers-marvel-legends-hasbro-jjl76,PRODUCT,"Gray Hulk Dr. Bruce Banner Avengers Marvel Legends Hasbro",200,YES,https://collectibles.uy/producto/gray-hulk-dr-bruce-banner-avengers-marvel-legends-hasbro-jjl76,YES,YES,"Gray Hulk Dr. Bruce Banner Avengers Marvel Legends Hasbro | Collectibl",YES,YES,PASS
https://collectibles.uy/producto/hobgoblin-spiderman-marvel-legends-hasbro-ds7ui,PRODUCT,"Hobgoblin Spiderman Marvel Legends Hasbro",200,YES,https://collectibles.uy/producto/hobgoblin-spiderman-marvel-legends-hasbro-ds7ui,YES,YES,"Hobgoblin Spiderman Marvel Legends Hasbro | Collectibles Uruguay",YES,YES,PASS
https://collectibles.uy/producto/funko-pop-wednesday-addam,PRODUCT,"Funko Pop! Wednesday Addam",200,YES,https://collectibles.uy/producto/funko-pop-wednesday-addam,YES,YES,"Funko Pop Merlina Addams | Wednesday | Collectibles | Collectibles Uru",YES,YES,PASS
https://collectibles.uy/producto/siegfried-dubhe-alpha-saint-cloth-myth-ex-bandai-9397,PRODUCT,"Siegfried Dubhe Alpha Saint Cloth Myth Ex Bandai",200,YES,https://collectibles.uy/producto/siegfried-dubhe-alpha-saint-cloth-myth-ex-bandai-9397,YES,YES,"Siegfried Dubhe Alpha Saint Cloth Myth Ex Bandai | Collectibles Urugua",YES,YES,PASS
https://collectibles.uy/producto/neca-the-boys-set-of-2-figures-starlight-and-black-noir,PRODUCT,"Neca! The Boys! Set Of 2  Figures Starlight And Black Noir",200,YES,https://collectibles.uy/producto/neca-the-boys-set-of-2-figures-starlight-and-black-noir,YES,YES,"NECA Starlight and Black Noir | The Boys | Collectibles | Collectibles",YES,YES,PASS
https://collectibles.uy/producto/figura-de-acci-n-deadpool-marvel-legends-para-coleccionar-dzyoi,PRODUCT,"Figura De Acción Deadpool Marvel Legends Para Coleccionar",200,YES,https://collectibles.uy/producto/figura-de-acci-n-deadpool-marvel-legends-para-coleccionar-dzyoi,YES,YES,"Figura De Acción Deadpool Marvel Legends Para Coleccionar | Collectibl",YES,YES,PASS
https://collectibles.uy/producto/din-djarin-grogu-mandalorian-star-wars-black-series-hasbro-1771,PRODUCT,"Din Djarin Grogu Mandalorian Star Wars Black Series Hasbro",200,YES,https://collectibles.uy/producto/din-djarin-grogu-mandalorian-star-wars-black-series-hasbro-1771,YES,YES,"Din Djarin Grogu Mandalorian Star Wars Black Series Hasbro | Collectib",YES,YES,PASS
https://collectibles.uy/producto/metalhead-tortugas-ninja-turtles-ultimates-wave3-super7-9844,PRODUCT,"Metalhead Tortugas Ninja Turtles Ultimates Wave3 Super7",200,YES,https://collectibles.uy/producto/metalhead-tortugas-ninja-turtles-ultimates-wave3-super7-9844,YES,YES,"Metalhead Tortugas Ninja Turtles Ultimates Wave3 Super7 | Collectibles",YES,YES,PASS
https://collectibles.uy/producto/funko-pop-biker-mars-from-mice-modo,PRODUCT,"Funko Pop! Biker Mars From Mice - Modo",200,YES,https://collectibles.uy/producto/funko-pop-biker-mars-from-mice-modo,YES,YES,"Funko Pop Modo | BIKER MACE | Collectibles | Collectibles Uruguay",YES,YES,PASS
https://collectibles.uy/producto/ahsoka-tano-grogu-mandalorian-star-wars-vintage-deluxe-7789,PRODUCT,"Ahsoka Tano Grogu Mandalorian Star Wars Vintage Deluxe",200,YES,https://collectibles.uy/producto/ahsoka-tano-grogu-mandalorian-star-wars-vintage-deluxe-7789,YES,YES,"Ahsoka Tano Grogu Mandalorian Star Wars Vintage Deluxe | Collectibles ",YES,YES,PASS
https://collectibles.uy/producto/funko-pop-rick-morty-morty-w-glorzo-954,PRODUCT,"Funko Pop! Rick & Morty - Morty W/ Glorzo #954",200,YES,https://collectibles.uy/producto/funko-pop-rick-morty-morty-w-glorzo-954,YES,YES,"Funko Pop Morty | Rick and Morty | Collectibles | Collectibles Uruguay",YES,YES,PASS
https://collectibles.uy/producto/majorette-autos-de-metal-anniversary-60th-edition,PRODUCT,"Majorette! Autos De Metal Anniversary 60th Edition",200,YES,https://collectibles.uy/producto/majorette-autos-de-metal-anniversary-60th-edition,YES,YES,"Majorette Autos De Metal Anniversary 60th | Majorette | Collectibles |",YES,YES,PASS
https://collectibles.uy/producto/ariel-sparkling-look-sirenita-princesas-disney-mattel-1549,PRODUCT,"Ariel Sparkling Look Sirenita Princesas Disney Mattel",200,YES,https://collectibles.uy/producto/ariel-sparkling-look-sirenita-princesas-disney-mattel-1549,YES,YES,"Ariel Sparkling Look Sirenita Princesas Disney Mattel | Collectibles U",YES,YES,PASS
https://collectibles.uy/producto/venom-spiderman-marvel-legends-85-years-walmart-exclusive-il3jb,PRODUCT,"Venom Spiderman Marvel Legends 85 Years Walmart Exclusive",200,YES,https://collectibles.uy/producto/venom-spiderman-marvel-legends-85-years-walmart-exclusive-il3jb,YES,YES,"Venom Spiderman Marvel Legends 85 Years Walmart Exclusive | Collectibl",YES,YES,PASS
https://collectibles.uy/producto/ahsoka-tano-mandalore-star-wars-clone-wars-vintage-hasbro-5607,PRODUCT,"Ahsoka Tano Mandalore Star Wars Clone Wars Vintage Hasbro",200,YES,https://collectibles.uy/producto/ahsoka-tano-mandalore-star-wars-clone-wars-vintage-hasbro-5607,YES,YES,"Ahsoka Tano Mandalore Star Wars Clone Wars Vintage Hasbro | Collectibl",YES,YES,PASS
https://collectibles.uy/producto/warrior-ultimate-predator-2-depredador-neca-5851,PRODUCT,"Warrior Ultimate Predator 2 Depredador Neca",200,YES,https://collectibles.uy/producto/warrior-ultimate-predator-2-depredador-neca-5851,YES,YES,"Warrior Ultimate Predator 2 Depredador Neca | Collectibles Uruguay",YES,YES,PASS
https://collectibles.uy/producto/ghostbuster-2021-after-life-series-peter-venkman,PRODUCT,"Ghostbuster 2021 After Life Series - Peter Venkman",200,YES,https://collectibles.uy/producto/ghostbuster-2021-after-life-series-peter-venkman,YES,YES,"Peter Benkman Ghostbusters | Hasbro | Collectibles | Collectibles Urug",YES,YES,PASS
https://collectibles.uy/producto/cars-mini-racers-pista-launch---criss-cross-disney-mattel-launch-criss-cross-glow-in-the-dark-playset-4793,PRODUCT,"Cars Mini Racers Pista Launch & Criss Cross Disney Mattel Launch Criss-cross Glow In The Dark Playset",200,YES,https://collectibles.uy/producto/cars-mini-racers-pista-launch---criss-cross-disney-mattel-launch-criss-cross-glow-in-the-dark-playset-4793,YES,YES,"Cars Mini Racers Pista Launch &amp; Criss Cross Disney Mattel Launch C",YES,YES,PASS
https://collectibles.uy/producto/dracula-figura-universal-monsters-jada-toys,PRODUCT,"Dracula! Figura Universal Monsters Jada Toys",200,YES,https://collectibles.uy/producto/dracula-figura-universal-monsters-jada-toys,YES,YES,"Personaje Colección | Jada | Collectibles | Collectibles Uruguay",YES,YES,PASS
https://collectibles.uy/producto/cars-lightning-mcqueen-frank-escape-stunt-race-disney-mattel-frank-escape-stunt-race-playset-5461,PRODUCT,"Cars Lightning Mcqueen Frank Escape Stunt Race Disney Mattel Frank Escape Stunt Race Playset",200,YES,https://collectibles.uy/producto/cars-lightning-mcqueen-frank-escape-stunt-race-disney-mattel-frank-escape-stunt-race-playset-5461,YES,YES,"Cars Lightning Mcqueen Frank Escape Stunt Race Disney Mattel Frank Esc",YES,YES,PASS
https://collectibles.uy/producto/rogue-x-men-marvel-legends-colossus-baf-hasbro-vewrf,PRODUCT,"Rogue X-men Marvel Legends Colossus Baf Hasbro",200,YES,https://collectibles.uy/producto/rogue-x-men-marvel-legends-colossus-baf-hasbro-vewrf,YES,YES,"Rogue X-men Marvel Legends Colossus Baf Hasbro | Collectibles Uruguay",YES,YES,PASS
https://collectibles.uy/producto/cars-10-veh-culos-metal-disney-pixar-mattel-autos-7659,PRODUCT,"Cars 10 Vehículos Metal Disney Pixar Mattel Autos",200,YES,https://collectibles.uy/producto/cars-10-veh-culos-metal-disney-pixar-mattel-autos-7659,YES,YES,"Cars 10 Vehículos Metal Disney Pixar Mattel Autos | Collectibles Urugu",YES,YES,PASS
https://collectibles.uy/producto/asuka-langley-evangelion-3-0-rah-medicom-toy-640-1774,PRODUCT,"Asuka Langley Evangelion 3.0 Rah Medicom Toy 640",200,YES,https://collectibles.uy/producto/asuka-langley-evangelion-3-0-rah-medicom-toy-640-1774,YES,YES,"Asuka Langley Evangelion 3.0 Rah Medicom Toy 640 | Collectibles Urugua",YES,YES,PASS
https://collectibles.uy/producto/muro-de-nuez-wall-nut-plantas-vs-zombies-8216,PRODUCT,"Muro De Nuez Wall Nut Plantas Vs Zombies",200,YES,https://collectibles.uy/producto/muro-de-nuez-wall-nut-plantas-vs-zombies-8216,YES,YES,"Muro De Nuez Wall Nut Plantas Vs Zombies | Collectibles Uruguay",YES,YES,PASS
https://collectibles.uy/producto/spawn-mortal-kombat-11-sword-espada-mcfarlane-toys-8349,PRODUCT,"Spawn Mortal Kombat 11 Sword Espada Mcfarlane Toys",200,YES,https://collectibles.uy/producto/spawn-mortal-kombat-11-sword-espada-mcfarlane-toys-8349,YES,YES,"Spawn Mortal Kombat 11 Sword Espada Mcfarlane Toys | Collectibles Urug",YES,YES,PASS
https://collectibles.uy/producto/e-t--the-extra-terrestrial-ultimate-40th-anniversary-neca-6854,PRODUCT,"E.t. The Extra-terrestrial Ultimate 40th Anniversary Neca",200,YES,https://collectibles.uy/producto/e-t--the-extra-terrestrial-ultimate-40th-anniversary-neca-6854,YES,YES,"E.t. The Extra-terrestrial Ultimate 40th Anniversary Neca | Collectibl",YES,YES,PASS
https://collectibles.uy/producto/heist-nebula-what-if-marvel-legends-watcher-baf-hasbro-c385o,PRODUCT,"Heist Nebula What If Marvel Legends Watcher Baf Hasbro",200,YES,https://collectibles.uy/producto/heist-nebula-what-if-marvel-legends-watcher-baf-hasbro-c385o,YES,YES,"Heist Nebula What If Marvel Legends Watcher Baf Hasbro | Collectibles ",YES,YES,PASS
https://collectibles.uy/producto/funko-pop-street-sharks-big-slammu,PRODUCT,"Funko Pop! Street Sharks - Big Slammu ",200,YES,https://collectibles.uy/producto/funko-pop-street-sharks-big-slammu,YES,YES,"Funko Pop Big Slammu | Street Sharks | Collectibles | Collectibles Uru",YES,YES,PASS
https://collectibles.uy/producto/funko-pop-movies-us-abraham,PRODUCT,"Funko Pop! Movies Us Abraham ",200,YES,https://collectibles.uy/producto/funko-pop-movies-us-abraham,YES,YES,"Funko Pop Abraham | Us | Collectibles | Collectibles Uruguay",YES,YES,PASS
https://collectibles.uy/producto/book-of-boba-fett-throne-room-star-wars-black-series-hasbro-2760,PRODUCT,"Book Of Boba Fett Throne Room Star Wars Black Series Hasbro",200,YES,https://collectibles.uy/producto/book-of-boba-fett-throne-room-star-wars-black-series-hasbro-2760,YES,YES,"Book Of Boba Fett Throne Room Star Wars Black Series Hasbro | Collecti",YES,YES,PASS
https://collectibles.uy/producto/ruler-jeanne-d-arc-fate-grand-order-figma-366-6825,PRODUCT,"Ruler Jeanne D'arc Fate Grand Order Figma 366",200,YES,https://collectibles.uy/producto/ruler-jeanne-d-arc-fate-grand-order-figma-366-6825,YES,YES,"Ruler Jeanne D&#039;arc Fate Grand Order Figma 366 | Collectibles Urug",YES,YES,PASS
https://collectibles.uy/producto/funko-pop-player-001-oh-il-nam-1223-round-6,PRODUCT,"Funko Pop Player 001: Oh Il-nam 1223 Round 6",200,YES,https://collectibles.uy/producto/funko-pop-player-001-oh-il-nam-1223-round-6,YES,YES,"Funko Pop Oh Il-nam | Round 6 | Collectibles | Collectibles Uruguay",YES,YES,PASS
https://collectibles.uy/producto/grand-pope-saint-cloth-myth-bandai-3033,PRODUCT,"Grand Pope Saint Cloth Myth Bandai",200,YES,https://collectibles.uy/producto/grand-pope-saint-cloth-myth-bandai-3033,YES,YES,"Grand Pope Saint Cloth Myth Bandai | Collectibles Uruguay",YES,YES,PASS
https://collectibles.uy/producto/batman-beyond-5-pack-dc-multiverse-mcfarlane-8973,PRODUCT,"Batman Beyond 5 Pack Dc Multiverse Mcfarlane",200,YES,https://collectibles.uy/producto/batman-beyond-5-pack-dc-multiverse-mcfarlane-8973,YES,YES,"Batman Beyond 5 Pack Dc Multiverse Mcfarlane | Collectibles Uruguay",YES,YES,PASS
https://collectibles.uy/producto/disney-body-princess-blanca-nieve,PRODUCT,"Disney! Body Princess Blanca Nieve",200,YES,https://collectibles.uy/producto/disney-body-princess-blanca-nieve,YES,YES,"Disney Body Princess Blanca Nieve | Disney | Collectibles | Collectibl",YES,YES,PASS
https://collectibles.uy/producto/ghostbuster-2021-after-life-series-ray-stantz,PRODUCT,"Ghostbuster 2021 After Life Series - Ray Stantz",200,YES,https://collectibles.uy/producto/ghostbuster-2021-after-life-series-ray-stantz,YES,YES,"Stantz Ghostbusters | Hasbro | Collectibles | Collectibles Uruguay",YES,YES,PASS
https://collectibles.uy/producto/marvel-heroclix-wolverine-vs-cyclops-x-men-regenesis,PRODUCT,"Marvel Heroclix: Wolverine Vs. Cyclops X-men Regenesis",200,YES,https://collectibles.uy/producto/marvel-heroclix-wolverine-vs-cyclops-x-men-regenesis,YES,YES,"X-Men X-Men Regenesis | Marvel | Collectibles | Collectibles Uruguay",YES,YES,PASS
https://collectibles.uy/producto/figuras-hasbro-dungeons-and-dragons-golden-archive-simon,PRODUCT,"Figuras Hasbro Dungeons And Dragons Golden Archive - Simon",200,YES,https://collectibles.uy/producto/figuras-hasbro-dungeons-and-dragons-golden-archive-simon,YES,YES,"Simon Dungeons &amp; Dragons | Hasbro | Collectibles | Collectibles Ur",YES,YES,PASS
https://collectibles.uy/producto/goliath-ultimate-gargoyles-disney-neca-4741,PRODUCT,"Goliath Ultimate Gargoyles Disney Neca",200,YES,https://collectibles.uy/producto/goliath-ultimate-gargoyles-disney-neca-4741,YES,YES,"Goliath Ultimate Gargoyles Disney Neca | Collectibles Uruguay",YES,YES,PASS
https://collectibles.uy/producto/cyborg-ninja-metal-gear-solid-square-enix-play-arts-kai-7850,PRODUCT,"Cyborg Ninja Metal Gear Solid Square Enix Play Arts Kai",200,YES,https://collectibles.uy/producto/cyborg-ninja-metal-gear-solid-square-enix-play-arts-kai-7850,YES,YES,"Cyborg Ninja Metal Gear Solid Square Enix Play Arts Kai | Collectibles",YES,YES,PASS
https://collectibles.uy/producto/slash-tortugas-ninja-turtles-ultimates-wave5-super7-4957,PRODUCT,"Slash Tortugas Ninja Turtles Ultimates Wave5 Super7",200,YES,https://collectibles.uy/producto/slash-tortugas-ninja-turtles-ultimates-wave5-super7-4957,YES,YES,"Slash Tortugas Ninja Turtles Ultimates Wave5 Super7 | Collectibles Uru",YES,YES,PASS
https://collectibles.uy/producto/mjolnir-thor-love-and-thunder-marvel-legends-hasbro-4xami,PRODUCT,"Mjolnir Thor Love And Thunder Marvel Legends Hasbro",200,YES,https://collectibles.uy/producto/mjolnir-thor-love-and-thunder-marvel-legends-hasbro-4xami,YES,YES,"Mjolnir Thor Love And Thunder Marvel Legends Hasbro | Collectibles Uru",YES,YES,PASS
https://collectibles.uy/producto/ishizaki-ryo-taki-hajime-captain-tsubasa-dasin-model-2905,PRODUCT,"Ishizaki Ryo Taki Hajime Captain Tsubasa Dasin Model",200,YES,https://collectibles.uy/producto/ishizaki-ryo-taki-hajime-captain-tsubasa-dasin-model-2905,YES,YES,"Ishizaki Ryo Taki Hajime Captain Tsubasa Dasin Model | Collectibles Ur",YES,YES,PASS
https://collectibles.uy/producto/nite-owl-mandalorian-star-wars-black-series-hasbro-1476,PRODUCT,"Nite Owl Mandalorian Star Wars Black Series Hasbro",200,YES,https://collectibles.uy/producto/nite-owl-mandalorian-star-wars-black-series-hasbro-1476,YES,YES,"Nite Owl Mandalorian Star Wars Black Series Hasbro | Collectibles Urug",YES,YES,PASS
https://collectibles.uy/producto/funko-pop-squid-game-il-nam-001,PRODUCT,"Funko Pop! Squid Game - Il-nam 001",200,YES,https://collectibles.uy/producto/funko-pop-squid-game-il-nam-001,YES,YES,"Funko Pop Player 001: IL-NAM 001 | Juego Del Calamar | Collectibles | ",YES,YES,PASS
https://collectibles.uy/producto/hudson-ultimate-gargoyles-disney-neca-1457,PRODUCT,"Hudson Ultimate Gargoyles Disney Neca",200,YES,https://collectibles.uy/producto/hudson-ultimate-gargoyles-disney-neca-1457,YES,YES,"Hudson Ultimate Gargoyles Disney Neca | Collectibles Uruguay",YES,YES,PASS
https://collectibles.uy/producto/disney-body-princess-cenicienta,PRODUCT,"Disney! Body Princess Cenicienta",200,YES,https://collectibles.uy/producto/disney-body-princess-cenicienta,YES,YES,"Disney Body Princess Cenicienta | Disney | Collectibles | Collectibles",YES,YES,PASS
https://collectibles.uy/producto/pinocchio-disney-ultimates-wave1-super7-3809,PRODUCT,"Pinocchio Disney Ultimates Wave1 Super7",200,YES,https://collectibles.uy/producto/pinocchio-disney-ultimates-wave1-super7-3809,YES,YES,"Pinocchio Disney Ultimates Wave1 Super7 | Collectibles Uruguay",YES,YES,PASS
https://collectibles.uy/producto/venom-spiderman-marvel-legends-hasbro-pulse-exclusive-3znm0,PRODUCT,"Venom Spiderman Marvel Legends Hasbro Pulse Exclusive",200,YES,https://collectibles.uy/producto/venom-spiderman-marvel-legends-hasbro-pulse-exclusive-3znm0,YES,YES,"Venom Spiderman Marvel Legends Hasbro Pulse Exclusive | Collectibles U",YES,YES,PASS
https://collectibles.uy/producto/leonardo-tortugas-ninja-turtles-classic-playmates-8333,PRODUCT,"Leonardo Tortugas Ninja Turtles Classic Playmates",200,YES,https://collectibles.uy/producto/leonardo-tortugas-ninja-turtles-classic-playmates-8333,YES,YES,"Leonardo Tortugas Ninja Turtles Classic Playmates | Collectibles Urugu",YES,YES,PASS
https://collectibles.uy/producto/tails-sonic-the-hedgehog-10cm-wave-1-jakks-pacific-5880,PRODUCT,"Tails Sonic The Hedgehog 10cm Wave 1 Jakks Pacific",200,YES,https://collectibles.uy/producto/tails-sonic-the-hedgehog-10cm-wave-1-jakks-pacific-5880,YES,YES,"Tails Sonic The Hedgehog 10cm Wave 1 Jakks Pacific | Collectibles Urug",YES,YES,PASS
https://collectibles.uy/producto/harry-potter-guantes-screentouch-ravenclaw,PRODUCT,"Harry Potter! Guantes Screentouch - Ravenclaw",200,YES,https://collectibles.uy/producto/harry-potter-guantes-screentouch-ravenclaw,YES,YES,"Harry Potter Guantes Screentouch - Ravenclaw | Collectibles | Collecti",YES,YES,PASS
https://collectibles.uy/producto/harry-potter-eraser-gomee-c-u-varios-modelos,PRODUCT,"Harry Potter! Eraser Gomee (c/u) Varios Modelos",200,YES,https://collectibles.uy/producto/harry-potter-eraser-gomee-c-u-varios-modelos,YES,YES,"Harry Potter Eraser Gomee (c/u) Varios Modelos | Collectibles | Collec",YES,YES,PASS
https://collectibles.uy/producto/funko-pop-squid-game-cho-sang-woo-218,PRODUCT,"Funko Pop! Squid Game - Cho Sang-woo 218",200,YES,https://collectibles.uy/producto/funko-pop-squid-game-cho-sang-woo-218,YES,YES,"Funko Pop Cho Sang-Woo | Squid Game | Collectibles | Collectibles Urug",YES,YES,PASS
https://collectibles.uy/producto/harry-potter-body-hogwarts-logos-blanco-verde-azul-rojo-negro-12-meses,PRODUCT,"Harry Potter! Body Hogwarts Logos Blanco/verde/azul/rojo/ Negro 12  Meses",200,YES,https://collectibles.uy/producto/harry-potter-body-hogwarts-logos-blanco-verde-azul-rojo-negro-12-meses,YES,YES,"Hogwarts Logos | Collectibles | Collectibles Uruguay",YES,YES,PASS
https://collectibles.uy/producto/harry-potter-cuaderno-hufflepuff,PRODUCT,"Harry Potter! Cuaderno Hufflepuff",200,YES,https://collectibles.uy/producto/harry-potter-cuaderno-hufflepuff,YES,YES,"Harry Potter Cuaderno Hufflepuff Color Amarillo | Collectibles | Colle",YES,YES,PASS
https://collectibles.uy/producto/ursula-villains-princesas-disney-sirenita-disfraz-disguise-ursula-s-4254,PRODUCT,"Ursula Villains Princesas Disney Sirenita Disfraz Disguise Ursula S",200,YES,https://collectibles.uy/producto/ursula-villains-princesas-disney-sirenita-disfraz-disguise-ursula-s-4254,YES,YES,"Ursula Villains Princesas Disney Sirenita Disfraz Disguise Ursula S | ",YES,YES,PASS
https://collectibles.uy/producto/baloo-talespin-disney-afternoon-funko-2703,PRODUCT,"Baloo Talespin Disney Afternoon Funko",200,YES,https://collectibles.uy/producto/baloo-talespin-disney-afternoon-funko-2703,YES,YES,"Baloo Talespin Disney Afternoon Funko | Collectibles Uruguay",YES,YES,PASS
https://collectibles.uy/producto/black-heart-bonnie-five-nights-at-freddy-s-funko-6274,PRODUCT,"Black Heart Bonnie Five Nights At Freddy's Funko",200,YES,https://collectibles.uy/producto/black-heart-bonnie-five-nights-at-freddy-s-funko-6274,YES,YES,"Black Heart Bonnie Five Nights At Freddy&#039;s Funko | Collectibles U",YES,YES,PASS
https://collectibles.uy/producto/scarlet-witch-wandavision-marvel-legends-flight-gear-baf-lpd96,PRODUCT,"Scarlet Witch Wandavision Marvel Legends Flight Gear Baf",200,YES,https://collectibles.uy/producto/scarlet-witch-wandavision-marvel-legends-flight-gear-baf-lpd96,YES,YES,"Scarlet Witch Wandavision Marvel Legends Flight Gear Baf | Collectible",YES,YES,PASS
https://collectibles.uy/producto/cars-mack-haul-transporter-mini-racers-disney-pixar-mattel-mack-lightning-mcqueen-mini-racers-1438,PRODUCT,"Cars Mack Haul Transporter Mini Racers Disney Pixar Mattel Mack Lightning Mcqueen Mini Racers",200,YES,https://collectibles.uy/producto/cars-mack-haul-transporter-mini-racers-disney-pixar-mattel-mack-lightning-mcqueen-mini-racers-1438,YES,YES,"Cars Mack Haul Transporter Mini Racers Disney Pixar Mattel Mack Lightn",YES,YES,PASS
https://collectibles.uy/producto/figura-articulada-tortugas-ninja-vs-cobra-kai-leonardo-vs-miguel-diaz-15cm-playmates,PRODUCT,"Figura Articulada Tortugas Ninja Vs Cobra Kai Leonardo Vs Miguel Diaz 15cm Playmates",200,YES,https://collectibles.uy/producto/figura-articulada-tortugas-ninja-vs-cobra-kai-leonardo-vs-miguel-diaz-15cm-playmates,YES,YES,"Leonardo vs Miguel Diaz Cobra Kai | Playmates Toys | Collectibles | Co",YES,YES,PASS
https://collectibles.uy/producto/marvel-legends-series-house-of-x-cyclops-hasbro-r5ppy,PRODUCT,"Marvel Legends Series House Of X Cyclops Hasbro",200,YES,https://collectibles.uy/producto/marvel-legends-series-house-of-x-cyclops-hasbro-r5ppy,YES,YES,"Marvel Legends Series House Of X Cyclops Hasbro | Collectibles Uruguay",YES,YES,PASS
https://collectibles.uy/producto/matsuyama-hikaru-captain-tsubasa-dasin-model-4415,PRODUCT,"Matsuyama Hikaru Captain Tsubasa Dasin Model",200,YES,https://collectibles.uy/producto/matsuyama-hikaru-captain-tsubasa-dasin-model-4415,YES,YES,"Matsuyama Hikaru Captain Tsubasa Dasin Model | Collectibles Uruguay",YES,YES,PASS
https://collectibles.uy/producto/x-ray-skeleton-esqueleto-disfraz-halloween-hyde-and-eek--x-ray-skeleton-s-8058,PRODUCT,"X-ray Skeleton Esqueleto Disfraz Halloween Hyde And Eek! X-ray Skeleton S",200,YES,https://collectibles.uy/producto/x-ray-skeleton-esqueleto-disfraz-halloween-hyde-and-eek--x-ray-skeleton-s-8058,YES,YES,"X-ray Skeleton Esqueleto Disfraz Halloween Hyde And Eek! X-ray Skeleto",YES,YES,PASS
https://collectibles.uy/producto/figura-coleccionable-metal-dracula-universal-monsters-jada-neca,PRODUCT,"Figura de acción de Drácula de Universal Monsters de 6 Pulgadas",200,YES,https://collectibles.uy/producto/figura-coleccionable-metal-dracula-universal-monsters-jada-neca,YES,YES,"NECA Otro | 1 | Collectibles | Collectibles Uruguay",YES,YES,PASS
https://collectibles.uy/producto/michelangelo-tortugas-ninja-turtles-figuarts-bandai-4253,PRODUCT,"Michelangelo Tortugas Ninja Turtles Figuarts Bandai",200,YES,https://collectibles.uy/producto/michelangelo-tortugas-ninja-turtles-figuarts-bandai-4253,YES,YES,"Michelangelo Tortugas Ninja Turtles Figuarts Bandai | Collectibles Uru",YES,YES,PASS
https://collectibles.uy/producto/harry-potter-set-de-accesorios-para-el-cabello-slytherin-2,PRODUCT,"Harry Potter! Set de accesorios para el cabello - Slytherin ",200,YES,https://collectibles.uy/producto/harry-potter-set-de-accesorios-para-el-cabello-slytherin-2,YES,YES,"Harry Potter Set De Accesorios Para El Cabello | Collectibles | Collec",YES,YES,PASS
https://collectibles.uy/producto/master-chief-halo-disfraz-musculoso-reflectivo-disguise-9325,PRODUCT,"Master Chief Halo Disfraz Musculoso Reflectivo Disguise",200,YES,https://collectibles.uy/producto/master-chief-halo-disfraz-musculoso-reflectivo-disguise-9325,YES,YES,"Master Chief Halo Disfraz Musculoso Reflectivo Disguise | Collectibles",YES,YES,PASS
https://collectibles.uy/producto/gray-beast-x-men-marvel-legends-hasbro-4773,PRODUCT,"Gray Beast X-men Marvel Legends Hasbro",200,YES,https://collectibles.uy/producto/gray-beast-x-men-marvel-legends-hasbro-4773,YES,YES,"Gray Beast X-men Marvel Legends Hasbro | Collectibles Uruguay",YES,YES,PASS
https://collectibles.uy/producto/harry-potter-guantes-screentouch-hufflepuff,PRODUCT,"Harry Potter! Guantes Screentouch - Hufflepuff",200,YES,https://collectibles.uy/producto/harry-potter-guantes-screentouch-hufflepuff,YES,YES,"Harry Potter Guantes Screentouch - Hufflepuff | Collectibles | Collect",YES,YES,PASS
https://collectibles.uy/producto/thailog-ultimate-gargoyles-disney-neca-6963,PRODUCT,"Thailog Ultimate Gargoyles Disney Neca",200,YES,https://collectibles.uy/producto/thailog-ultimate-gargoyles-disney-neca-6963,YES,YES,"Thailog Ultimate Gargoyles Disney Neca | Collectibles Uruguay",YES,YES,PASS
https://collectibles.uy/producto/harry-potter-llaveros-plush-fleur-delacour,PRODUCT,"Harry Potter! Llaveros Plush - Fleur Delacour",200,YES,https://collectibles.uy/producto/harry-potter-llaveros-plush-fleur-delacour,YES,YES,"Harry Potter Llaveros Plush - Fleur Delacour | Collectibles | Collecti",YES,YES,PASS
https://collectibles.uy/producto/harry-potter-sombrero-escolar-ravenclaw-negro-y-plata,PRODUCT,"Harry Potter! Sombrero Escolar - Ravenclaw Negro Y Plata",200,YES,https://collectibles.uy/producto/harry-potter-sombrero-escolar-ravenclaw-negro-y-plata,YES,YES,"Bruja | Collectibles | Collectibles Uruguay",YES,YES,PASS
https://collectibles.uy/producto/harry-potter-tunica-de-quidditch-gryffindor-personalizada,PRODUCT,"Harry Potter! Túnica De Quidditch Gryffindor Personalizada",200,YES,https://collectibles.uy/producto/harry-potter-tunica-de-quidditch-gryffindor-personalizada,YES,YES,"Harry Potter Túnica De Quidditch Gryffindor | Collectibles | Collectib",YES,YES,PASS
https://collectibles.uy/producto/neca-body-knocker-solar-power-marvel-dr-strange,PRODUCT,"Neca Body Knocker Solar Power Marvel - Dr Strange",200,YES,https://collectibles.uy/producto/neca-body-knocker-solar-power-marvel-dr-strange,YES,YES,"NECA Dr. Strange | Body Knocker Cabezon Marvel | Collectibles | Collec",YES,YES,PASS
https://collectibles.uy/producto/sam-ultimate-trick-or-treat-neca-5382,PRODUCT,"Sam Ultimate Trick Or Treat Neca",200,YES,https://collectibles.uy/producto/sam-ultimate-trick-or-treat-neca-5382,YES,YES,"Sam Ultimate Trick Or Treat Neca | Collectibles Uruguay",YES,YES,PASS
https://collectibles.uy/producto/captain-america-avengers-infinity-saga-marvel-legends-hasbro-9izuv,PRODUCT,"Captain America Avengers Infinity Saga Marvel Legends Hasbro",200,YES,https://collectibles.uy/producto/captain-america-avengers-infinity-saga-marvel-legends-hasbro-9izuv,YES,YES,"Captain America Avengers Infinity Saga Marvel Legends Hasbro | Collect",YES,YES,PASS
https://collectibles.uy/producto/cherry-planet-terror-grindhouse-neca-6517,PRODUCT,"Cherry Planet Terror Grindhouse Neca",200,YES,https://collectibles.uy/producto/cherry-planet-terror-grindhouse-neca-6517,YES,YES,"Cherry Planet Terror Grindhouse Neca | Collectibles Uruguay",YES,YES,PASS
https://collectibles.uy/producto/ghostbuster-1985-plasma-series-dana-barrett,PRODUCT,"Ghostbuster 1985 Plasma Series - Dana Barrett ",200,YES,https://collectibles.uy/producto/ghostbuster-1985-plasma-series-dana-barrett,YES,YES,"Dana Barret Ghostbusters 1984 | Hasbro | Collectibles | Collectibles U",YES,YES,PASS
https://collectibles.uy/producto/hermione-granger-harry-potter-peluche-lego-1905,PRODUCT,"Hermione Granger Harry Potter Peluche Lego",200,YES,https://collectibles.uy/producto/hermione-granger-harry-potter-peluche-lego-1905,YES,YES,"Hermione Granger Harry Potter Peluche Lego | Collectibles Uruguay",YES,YES,PASS
https://collectibles.uy/producto/el-principito-the-little-prince-boss-fight-studio-4182,PRODUCT,"El Principito The Little Prince Boss Fight Studio",200,YES,https://collectibles.uy/producto/el-principito-the-little-prince-boss-fight-studio-4182,YES,YES,"El Principito The Little Prince Boss Fight Studio | Collectibles Urugu",YES,YES,PASS
https://collectibles.uy/producto/teela-he-man-motu-club-grayskull-filmation-super7-mu-eco-6279,PRODUCT,"Teela He-man Motu Club Grayskull Filmation Super7 Muñeco",200,YES,https://collectibles.uy/producto/teela-he-man-motu-club-grayskull-filmation-super7-mu-eco-6279,YES,YES,"Teela He-man Motu Club Grayskull Filmation Super7 Muñeco | Collectible",YES,YES,PASS
https://collectibles.uy/producto/dormammu-marvel-legends-xenmu-baf-hasbro-1mvth,PRODUCT,"Dormammu Marvel Legends Xenmu Baf Hasbro",200,YES,https://collectibles.uy/producto/dormammu-marvel-legends-xenmu-baf-hasbro-1mvth,YES,YES,"Dormammu Marvel Legends Xenmu Baf Hasbro | Collectibles Uruguay",YES,YES,PASS
https://collectibles.uy/producto/pelota-de-playa-multicolor-rojo-arcoiris,PRODUCT,"Pelota De Playa Multicolor Rojo Arcoíris",200,YES,https://collectibles.uy/producto/pelota-de-playa-multicolor-rojo-arcoiris,YES,YES,"Pelota De Playa Multicolor Rojo Arcoíris | Bestway | Collectibles | Co",YES,YES,PASS
https://collectibles.uy/producto/tweak-octonautas-peluche-grande-30cm-4607,PRODUCT,"Tweak Octonautas Peluche Grande 30cm",200,YES,https://collectibles.uy/producto/tweak-octonautas-peluche-grande-30cm-4607,YES,YES,"Tweak Octonautas Peluche Grande 30cm | Collectibles Uruguay",YES,YES,PASS
https://collectibles.uy/producto/raziel--material-plane--legacy-of-kain-soul-reaver-neca-8978,PRODUCT,"Raziel (material Plane) Legacy Of Kain Soul Reaver Neca",200,YES,https://collectibles.uy/producto/raziel--material-plane--legacy-of-kain-soul-reaver-neca-8978,YES,YES,"Raziel (material Plane) Legacy Of Kain Soul Reaver Neca | Collectibles",YES,YES,PASS
https://collectibles.uy/producto/wolverine-x-men-90-s-animated-series-marvel-legends-hasbro-q60gy,PRODUCT,"Wolverine X-men 90's Animated Series Marvel Legends Hasbro",200,YES,https://collectibles.uy/producto/wolverine-x-men-90-s-animated-series-marvel-legends-hasbro-q60gy,YES,YES,"Wolverine X-men 90&#039;s Animated Series Marvel Legends Hasbro | Coll",YES,YES,PASS
https://collectibles.uy/producto/harry-potter-gomee-display-10pcs-cedric-triwizard,PRODUCT,"Harry Potter! Gomee Display 10pcs - Cedric Triwizard",200,YES,https://collectibles.uy/producto/harry-potter-gomee-display-10pcs-cedric-triwizard,YES,YES,"Harry Potter Gomee Display 10pcs - Cedric | Collectibles | Collectible",YES,YES,PASS
https://collectibles.uy/producto/harry-potter-gomee-voldemort-display-10pcs,PRODUCT,"Harry Potter! Gomee Voldemort Display 10pcs",200,YES,https://collectibles.uy/producto/harry-potter-gomee-voldemort-display-10pcs,YES,YES,"Harry Potter Gomee Voldemort Display 10pcs | Collectibles | Collectibl",YES,YES,PASS
https://collectibles.uy/producto/sylveon-eevee-pokemon-center-peluche-20cm-1752,PRODUCT,"Sylveon Eevee Pokemon Center Peluche 20cm",200,YES,https://collectibles.uy/producto/sylveon-eevee-pokemon-center-peluche-20cm-1752,YES,YES,"Sylveon Eevee Pokemon Center Peluche 20cm | Collectibles Uruguay",YES,YES,PASS
https://collectibles.uy/producto/captain-marvel-avengers-endgame-marvel-figuarts-bandai-7694,PRODUCT,"Captain Marvel Avengers Endgame Marvel Figuarts Bandai",200,YES,https://collectibles.uy/producto/captain-marvel-avengers-endgame-marvel-figuarts-bandai-7694,YES,YES,"Captain Marvel Avengers Endgame Marvel Figuarts Bandai | Collectibles ",YES,YES,PASS
https://collectibles.uy/producto/ironheart-marvel-legends-ursa-major-baf-hasbro-73xac,PRODUCT,"Ironheart Marvel Legends Ursa Major Baf Hasbro",200,YES,https://collectibles.uy/producto/ironheart-marvel-legends-ursa-major-baf-hasbro-73xac,YES,YES,"Ironheart Marvel Legends Ursa Major Baf Hasbro | Collectibles Uruguay",YES,YES,PASS
https://collectibles.uy/producto/glamrock-chica-five-nights-freddy-s-security-breach-funko-2397,PRODUCT,"Glamrock Chica Five Nights Freddy´s Security Breach Funko",200,YES,https://collectibles.uy/producto/glamrock-chica-five-nights-freddy-s-security-breach-funko-2397,YES,YES,"Glamrock Chica Five Nights Freddy´s Security Breach Funko | Collectibl",YES,YES,PASS
https://collectibles.uy/producto/kyo-kusanagi-the-king-of-fighters-98-storm-collectibles-5505,PRODUCT,"Kyo Kusanagi The King Of Fighters 98 Storm Collectibles",200,YES,https://collectibles.uy/producto/kyo-kusanagi-the-king-of-fighters-98-storm-collectibles-5505,YES,YES,"Kyo Kusanagi The King Of Fighters 98 Storm Collectibles | Collectibles",YES,YES,PASS
https://collectibles.uy/producto/iron-studios-harry-potter-voldemort-bds-art-scale-1-10,PRODUCT,"Iron Studios! Harry Potter - Voldemort Bds Art Scale 1/10",200,YES,https://collectibles.uy/producto/iron-studios-harry-potter-voldemort-bds-art-scale-1-10,YES,YES,"Voldemort IRON STUDIO | Iron Studios | Collectibles | Collectibles Uru",YES,YES,PASS
https://collectibles.uy/producto/squirtle-pokemon-moncolle-ex-takara-tomy-emc-17-8847,PRODUCT,"Squirtle Pokemon Moncolle-ex Takara Tomy Emc_17",200,YES,https://collectibles.uy/producto/squirtle-pokemon-moncolle-ex-takara-tomy-emc-17-8847,YES,YES,"Squirtle Pokemon Moncolle-ex Takara Tomy Emc_17 | Collectibles Uruguay",YES,YES,PASS
https://collectibles.uy/producto/dragon-shiryu-saint-seiya-cosmo-memoir-bandai-banpresto-3158,PRODUCT,"Dragon Shiryu Saint Seiya Cosmo Memoir Bandai Banpresto",200,YES,https://collectibles.uy/producto/dragon-shiryu-saint-seiya-cosmo-memoir-bandai-banpresto-3158,YES,YES,"Dragon Shiryu Saint Seiya Cosmo Memoir Bandai Banpresto | Collectibles",YES,YES,PASS
https://collectibles.uy/producto/dragon-ball-super-dragon-stars-series-super-sayain-4-goku-daima-17cm-sy2p1,PRODUCT,"Dragon Ball Super - Dragon Stars Series - Super Sayain 4 Goku Daima 17cm",200,YES,https://collectibles.uy/producto/dragon-ball-super-dragon-stars-series-super-sayain-4-goku-daima-17cm-sy2p1,YES,YES,"Dragon Ball Super - Dragon Stars Series - Super Sayain 4 Goku Daima 17",YES,YES,PASS
https://collectibles.uy/producto/warrior-gamora-what-if-marvel-legends-hydra-stomper-baf-sk7rz,PRODUCT,"Warrior Gamora What If Marvel Legends Hydra Stomper Baf",200,YES,https://collectibles.uy/producto/warrior-gamora-what-if-marvel-legends-hydra-stomper-baf-sk7rz,YES,YES,"Warrior Gamora What If Marvel Legends Hydra Stomper Baf | Collectibles",YES,YES,PASS
https://collectibles.uy/producto/captain-hammerhead-thundercats-ultimates-super-7-wave-5,PRODUCT,"Captain Hammerhead Thundercats Ultimates Super 7 Wave 5",200,YES,https://collectibles.uy/producto/captain-hammerhead-thundercats-ultimates-super-7-wave-5,YES,YES,"Captain Hammerhead Thundercats | Super 7 | Collectibles | Collectibles",YES,YES,PASS
https://collectibles.uy/producto/peluche-charlie-brown-amarillo,PRODUCT,"Peluche Charlie Brown Amarillo",200,YES,https://collectibles.uy/producto/peluche-charlie-brown-amarillo,YES,YES,"Peluche Charlie Brown Amarillo | Kohls Cares | Collectibles | Collecti",YES,YES,PASS
https://collectibles.uy/producto/shiny-greninja-pokemon-peluche-30cm-shiny-greninja-9906,PRODUCT,"Shiny Greninja Pokemon Peluche 30cm Shiny Greninja",200,YES,https://collectibles.uy/producto/shiny-greninja-pokemon-peluche-30cm-shiny-greninja-9906,YES,YES,"Shiny Greninja Pokemon Peluche 30cm Shiny Greninja | Collectibles Urug",YES,YES,PASS
https://collectibles.uy/producto/rayquaza-pokemon-center-peluche-75cm-rayquaza-5067,PRODUCT,"Rayquaza Pokemon Center Peluche 75cm Rayquaza",200,YES,https://collectibles.uy/producto/rayquaza-pokemon-center-peluche-75cm-rayquaza-5067,YES,YES,"Rayquaza Pokemon Center Peluche 75cm Rayquaza | Collectibles Uruguay",YES,YES,PASS
https://collectibles.uy/producto/eevee-the-pokemon-company-peluche-25cm-6687,PRODUCT,"Eevee The Pokemon Company Peluche 25cm",200,YES,https://collectibles.uy/producto/eevee-the-pokemon-company-peluche-25cm-6687,YES,YES,"Eevee The Pokemon Company Peluche 25cm | Collectibles Uruguay",YES,YES,PASS
https://collectibles.uy/producto/shadow-sonic-3-la-pel-cula-wave-1-jakks-pacific-4338,PRODUCT,"Shadow Sonic 3 La Película Wave 1 Jakks Pacific",200,YES,https://collectibles.uy/producto/shadow-sonic-3-la-pel-cula-wave-1-jakks-pacific-4338,YES,YES,"Shadow Sonic 3 La Película Wave 1 Jakks Pacific | Collectibles Uruguay",YES,YES,PASS
https://collectibles.uy/producto/amy-sonic-the-hedgehog-6cm-wave-7-jakks-pacific-4083,PRODUCT,"Amy Sonic The Hedgehog 6cm Wave 7 Jakks Pacific",200,YES,https://collectibles.uy/producto/amy-sonic-the-hedgehog-6cm-wave-7-jakks-pacific-4083,YES,YES,"Amy Sonic The Hedgehog 6cm Wave 7 Jakks Pacific | Collectibles Uruguay",YES,YES,PASS
https://collectibles.uy/producto/flareon-eevee-pokemon-center-peluche-20cm-4221,PRODUCT,"Flareon Eevee Pokemon Center Peluche 20cm",200,YES,https://collectibles.uy/producto/flareon-eevee-pokemon-center-peluche-20cm-4221,YES,YES,"Flareon Eevee Pokemon Center Peluche 20cm | Collectibles Uruguay",YES,YES,PASS
https://collectibles.uy/producto/gray-hulk-dr-bruce-banner-avengers-marvel-legends-hasbro-myovt,PRODUCT,"Gray Hulk Dr. Bruce Banner Avengers Marvel Legends Hasbro",200,YES,https://collectibles.uy/producto/gray-hulk-dr-bruce-banner-avengers-marvel-legends-hasbro-myovt,YES,YES,"Gray Hulk Dr. Bruce Banner Avengers Marvel Legends Hasbro | Collectibl",YES,YES,PASS
https://collectibles.uy/producto/figura-articulada-thailog-de-g-rgolas-neca-coleccionable-pl-stico-20cm-6888,PRODUCT,"Figura Articulada Thailog De Gárgolas Neca Coleccionable Plástico 20cm",200,YES,https://collectibles.uy/producto/figura-articulada-thailog-de-g-rgolas-neca-coleccionable-pl-stico-20cm-6888,YES,YES,"Figura Articulada Thailog De Gárgolas Neca Coleccionable Plástico 20cm",YES,YES,PASS
https://collectibles.uy/producto/wow-stuff-harry-potter-capa-de-invisibilidad-version-clasic-verde-oscuro-azul-gris,PRODUCT,"Wow Stuff! Harry Potter Capa De Invisibilidad Versión Clasic Verde Oscuro/azul/gris",200,YES,https://collectibles.uy/producto/wow-stuff-harry-potter-capa-de-invisibilidad-version-clasic-verde-oscuro-azul-gris,YES,YES,"Harry Potter | Collectibles | Collectibles Uruguay",YES,YES,PASS
https://collectibles.uy/producto/funko-five-nights-at-freddy-s-articulado-golden-freddy-figur-6988,PRODUCT,"Funko Five Nights At Freddy's Articulado Golden Freddy Figur",200,YES,https://collectibles.uy/producto/funko-five-nights-at-freddy-s-articulado-golden-freddy-figur-6988,YES,YES,"Funko Five Nights At Freddy&#039;s Articulado Golden Freddy Figur | Co",YES,YES,PASS
https://collectibles.uy/producto/leafon-eevee-pokemon-center-peluche-20cm-8928,PRODUCT,"Leafon Eevee Pokemon Center Peluche 20cm",200,YES,https://collectibles.uy/producto/leafon-eevee-pokemon-center-peluche-20cm-8928,YES,YES,"Leafon Eevee Pokemon Center Peluche 20cm | Collectibles Uruguay",YES,YES,PASS
https://collectibles.uy/producto/lucario-pokemon-center-peluche-30cm-4752,PRODUCT,"Lucario Pokemon Center Peluche 30cm",200,YES,https://collectibles.uy/producto/lucario-pokemon-center-peluche-30cm-4752,YES,YES,"Lucario Pokemon Center Peluche 30cm | Collectibles Uruguay",YES,YES,PASS
https://collectibles.uy/producto/foxy-five-nights-at-freddy-s-funko-8012,PRODUCT,"Foxy Five Nights At Freddy´s Funko",200,YES,https://collectibles.uy/producto/foxy-five-nights-at-freddy-s-funko-8012,YES,YES,"Foxy Five Nights At Freddy´s Funko | Collectibles Uruguay",YES,YES,PASS
https://collectibles.uy/producto/eevee-pokemon-center-peluche-15cm-2356,PRODUCT,"Eevee Pokemon Center Peluche 15cm",200,YES,https://collectibles.uy/producto/eevee-pokemon-center-peluche-15cm-2356,YES,YES,"Eevee Pokemon Center Peluche 15cm | Collectibles Uruguay",YES,YES,PASS
https://collectibles.uy/producto/charmander-pokemon-takara-tomy-peluche-20cm-9146,PRODUCT,"Charmander Pokemon Takara Tomy Peluche 20cm",200,YES,https://collectibles.uy/producto/charmander-pokemon-takara-tomy-peluche-20cm-9146,YES,YES,"Charmander Pokemon Takara Tomy Peluche 20cm | Collectibles Uruguay",YES,YES,PASS
https://collectibles.uy/producto/golden-freddy-five-nights-at-freddy-s-funko-7569,PRODUCT,"Golden Freddy Five Nights At Freddy´s Funko",200,YES,https://collectibles.uy/producto/golden-freddy-five-nights-at-freddy-s-funko-7569,YES,YES,"Golden Freddy Five Nights At Freddy´s Funko | Collectibles Uruguay",YES,YES,PASS
https://collectibles.uy/producto/harry-potter-set-escolar-hogwarts-houses,PRODUCT,"Harry Potter! Set Escolar Hogwarts Houses",200,YES,https://collectibles.uy/producto/harry-potter-set-escolar-hogwarts-houses,YES,YES,"Harry Potter Set Escolar Hogwarts Houses | Cinereplicas | Collectibles",YES,YES,PASS
https://collectibles.uy/producto/jolteon-eevee-pokemon-center-peluche-20cm-6929,PRODUCT,"Jolteon Eevee Pokemon Center Peluche 20cm",200,YES,https://collectibles.uy/producto/jolteon-eevee-pokemon-center-peluche-20cm-6929,YES,YES,"Jolteon Eevee Pokemon Center Peluche 20cm | Collectibles Uruguay",YES,YES,PASS
https://collectibles.uy/producto/warbird-dark-avengers-marvel-legends-hasbro-vvpb7,PRODUCT,"Warbird Dark Avengers Marvel Legends Hasbro",200,YES,https://collectibles.uy/producto/warbird-dark-avengers-marvel-legends-hasbro-vvpb7,YES,YES,"Warbird Dark Avengers Marvel Legends Hasbro | Collectibles Uruguay",YES,YES,PASS
https://collectibles.uy/producto/magikarp-the-pokemon-company-peluche-30cm-5069,PRODUCT,"Magikarp The Pokemon Company Peluche 30cm",200,YES,https://collectibles.uy/producto/magikarp-the-pokemon-company-peluche-30cm-5069,YES,YES,"Magikarp The Pokemon Company Peluche 30cm | Collectibles Uruguay",YES,YES,PASS
https://collectibles.uy/producto/emma-frost-x-men-marvel-legends-hasbro-walrgeens-exclusive-1937,PRODUCT,"Emma Frost X-men Marvel Legends Hasbro Walrgeens Exclusive",200,YES,https://collectibles.uy/producto/emma-frost-x-men-marvel-legends-hasbro-walrgeens-exclusive-1937,YES,YES,"Emma Frost X-men Marvel Legends Hasbro Walrgeens Exclusive | Collectib",YES,YES,PASS
https://collectibles.uy/producto/zeraora-pokemon-center-peluche-25cm-2837,PRODUCT,"Zeraora Pokemon Center Peluche 25cm",200,YES,https://collectibles.uy/producto/zeraora-pokemon-center-peluche-25cm-2837,YES,YES,"Zeraora Pokemon Center Peluche 25cm | Collectibles Uruguay",YES,YES,PASS
https://collectibles.uy/producto/jolteon-eevee-pokemon-center-peluche-28cm-5553,PRODUCT,"Jolteon Eevee Pokemon Center Peluche 28cm",200,YES,https://collectibles.uy/producto/jolteon-eevee-pokemon-center-peluche-28cm-5553,YES,YES,"Jolteon Eevee Pokemon Center Peluche 28cm | Collectibles Uruguay",YES,YES,PASS
https://collectibles.uy/producto/super-mario-bros-galaxy-mario-with-star-mini-figura-1-5-,PRODUCT,"Super Mario Bros Galaxy Mario With Star Mini Figura 1.5",200,YES,https://collectibles.uy/producto/super-mario-bros-galaxy-mario-with-star-mini-figura-1-5-,YES,YES,"Super Mario Bros Galaxy Mario With Star Mini Figura 1.5 | Collectibles",YES,YES,PASS
https://collectibles.uy/producto/venom-agony-riot-marvel-legends-hasbro-63zrv,PRODUCT,"Venom Agony Riot Marvel Legends Hasbro",200,YES,https://collectibles.uy/producto/venom-agony-riot-marvel-legends-hasbro-63zrv,YES,YES,"Venom Agony Riot Marvel Legends Hasbro | Collectibles Uruguay",YES,YES,PASS
https://collectibles.uy/producto/harry-potter-set-escolar-artes-oscuras,PRODUCT,"Harry Potter! Set Escolar Artes Oscuras",200,YES,https://collectibles.uy/producto/harry-potter-set-escolar-artes-oscuras,YES,YES,"Harry Potter Set Escolar Artes Oscuras | Cinereplicas | Collectibles |",YES,YES,PASS
https://collectibles.uy/producto/umbreon-eevee-pokemon-center-peluche-20cm-9093,PRODUCT,"Umbreon Eevee Pokemon Center Peluche 20cm",200,YES,https://collectibles.uy/producto/umbreon-eevee-pokemon-center-peluche-20cm-9093,YES,YES,"Umbreon Eevee Pokemon Center Peluche 20cm | Collectibles Uruguay",YES,YES,PASS
https://collectibles.uy/producto/vaporeon-eevee-pokemon-takara-tomy-peluche-30cm-4457,PRODUCT,"Vaporeon Eevee Pokemon Takara Tomy Peluche 30cm",200,YES,https://collectibles.uy/producto/vaporeon-eevee-pokemon-takara-tomy-peluche-30cm-4457,YES,YES,"Vaporeon Eevee Pokemon Takara Tomy Peluche 30cm | Collectibles Uruguay",YES,YES,PASS
https://collectibles.uy/producto/iron-studios-it-chapter-two-pennywise-delux-art-scale-1-10,PRODUCT,"Iron Studios! It Chapter Two Pennywise Delux Art Scale  1/10",200,YES,https://collectibles.uy/producto/iron-studios-it-chapter-two-pennywise-delux-art-scale-1-10,YES,YES,"Pennywise Iron Studios | Iron Studios | Collectibles | Collectibles Ur",YES,YES,PASS
https://collectibles.uy/producto/heroclix-booster-marvel-x-men-rise-and-fall,PRODUCT,"Heroclix! Booster Marvel - X Men Rise And Fall",200,YES,https://collectibles.uy/producto/heroclix-booster-marvel-x-men-rise-and-fall,YES,YES,"X-Men Rise and Fall | Heroclix | Collectibles | Collectibles Uruguay",YES,YES,PASS
https://collectibles.uy/producto/funko-pop-tokyo-ghoul-re-ginshi-shirazu,PRODUCT,"Funko Pop! Tokyo Ghoul: Re- Ginshi Shirazu",200,YES,https://collectibles.uy/producto/funko-pop-tokyo-ghoul-re-ginshi-shirazu,YES,YES,"Funko Pop Mercy | Overwatch | Collectibles | Collectibles Uruguay",YES,YES,PASS
https://collectibles.uy/producto/terminator-2-judgment-day-ultimate-t-1000-figure,PRODUCT,"Terminator 2! Judgment Day Ultimate T-1000 Figure",200,YES,https://collectibles.uy/producto/terminator-2-judgment-day-ultimate-t-1000-figure,YES,YES,"T-1000 Terminator 2: Judgment Day | Terminator | Collectibles | Collec",YES,YES,PASS
https://collectibles.uy/producto/venusaur-pokemon-moncolle-ex-takara-tomy-ms-14-1449,PRODUCT,"Venusaur Pokemon Moncolle Ex Takara Tomy Ms 14",200,YES,https://collectibles.uy/producto/venusaur-pokemon-moncolle-ex-takara-tomy-ms-14-1449,YES,YES,"Venusaur Pokemon Moncolle Ex Takara Tomy Ms 14 | Collectibles Uruguay",YES,YES,PASS
https://collectibles.uy/producto/neca-gremlins-2-the-new-batch-demolition-gremlins-two-pack,PRODUCT,"NECA Gremlins 2 The New Batch Demolition Gremlins Two-pack",200,YES,https://collectibles.uy/producto/neca-gremlins-2-the-new-batch-demolition-gremlins-two-pack,YES,YES,"NECA DEMOLITION | Gremlins | Collectibles | Collectibles Uruguay",YES,YES,PASS
https://collectibles.uy/producto/miles-morales-spiderman-into-spider-verse-hot-toys-mms567-1297,PRODUCT,"Miles Morales Spiderman Into Spider-verse Hot Toys Mms567",200,YES,https://collectibles.uy/producto/miles-morales-spiderman-into-spider-verse-hot-toys-mms567-1297,YES,YES,"Miles Morales Spiderman Into Spider-verse Hot Toys Mms567 | Collectibl",YES,YES,PASS
https://collectibles.uy/producto/tyranitar-pokemon-moncolle-ex-takara-tomy-ms-19-5968,PRODUCT,"Tyranitar Pokemon Moncolle Ex Takara Tomy Ms 19",200,YES,https://collectibles.uy/producto/tyranitar-pokemon-moncolle-ex-takara-tomy-ms-19-5968,YES,YES,"Tyranitar Pokemon Moncolle Ex Takara Tomy Ms 19 | Collectibles Uruguay",YES,YES,PASS
https://collectibles.uy/producto/kwazii-octonautas-peluche-grande-30cm-2313,PRODUCT,"Kwazii Octonautas Peluche Grande 30cm",200,YES,https://collectibles.uy/producto/kwazii-octonautas-peluche-grande-30cm-2313,YES,YES,"Kwazii Octonautas Peluche Grande 30cm | Collectibles Uruguay",YES,YES,PASS
https://collectibles.uy/producto/latios-pokemon-center-peluche-4538,PRODUCT,"Latios Pokemon Center Peluche",200,YES,https://collectibles.uy/producto/latios-pokemon-center-peluche-4538,YES,YES,"Latios Pokemon Center Peluche | Collectibles Uruguay",YES,YES,PASS
https://collectibles.uy/producto/iron-studios-minico-thundercats-panthro,PRODUCT,"Iron Studios! Minico Thundercats - Panthro",200,YES,https://collectibles.uy/producto/iron-studios-minico-thundercats-panthro,YES,YES,"Panthro Thundercats | Iron Studios | Collectibles | Collectibles Urugu",YES,YES,PASS
https://collectibles.uy/producto/peluche-funko-infec-ted,PRODUCT,"Peluche Funko Infec-ted",200,YES,https://collectibles.uy/producto/peluche-funko-infec-ted,YES,YES,"Funko Pop Infec-ted | Collectibles | Collectibles Uruguay",YES,YES,PASS
https://collectibles.uy/producto/piplup-the-pokemon-company-peluche-25cm-6579,PRODUCT,"Piplup The Pokemon Company Peluche 25cm",200,YES,https://collectibles.uy/producto/piplup-the-pokemon-company-peluche-25cm-6579,YES,YES,"Piplup The Pokemon Company Peluche 25cm | Collectibles Uruguay",YES,YES,PASS
https://collectibles.uy/producto/mortal-kombat-pack-deluxe-scorpion-vs-raiden,PRODUCT,"Mortal Kombat Pack Deluxe Scorpion Vs Raiden",200,YES,https://collectibles.uy/producto/mortal-kombat-pack-deluxe-scorpion-vs-raiden,YES,YES,"Scorpion vs Raiden Mortal Kombat | Mcfarlane | Collectibles | Collecti",YES,YES,PASS
https://collectibles.uy/producto/neca-back-to-the-future-ultimate-doc-brown,PRODUCT,"NECA Back To The Future Ultimate Doc Brown ",200,YES,https://collectibles.uy/producto/neca-back-to-the-future-ultimate-doc-brown,YES,YES,"NECA Doc Brown | Back to the Future | Collectibles | Collectibles Urug",YES,YES,PASS
https://collectibles.uy/producto/zombie-pigman-minecraft-disfraz-disguise-zombie-pigman-s-7337,PRODUCT,"Zombie Pigman Minecraft Disfraz Disguise Zombie Pigman S",200,YES,https://collectibles.uy/producto/zombie-pigman-minecraft-disfraz-disguise-zombie-pigman-s-7337,YES,YES,"Zombie Pigman Minecraft Disfraz Disguise Zombie Pigman S | Collectible",YES,YES,PASS
https://collectibles.uy/producto/albus-dumbledore-harry-potter-peluche-lego-2876,PRODUCT,"Albus Dumbledore Harry Potter Peluche Lego",200,YES,https://collectibles.uy/producto/albus-dumbledore-harry-potter-peluche-lego-2876,YES,YES,"Albus Dumbledore Harry Potter Peluche Lego | Collectibles Uruguay",YES,YES,PASS
https://collectibles.uy/producto/super-mario-bros-galaxy-mario-with-star-mini-figura-1-5--copia-8239,PRODUCT,"Super Mario Bros Galaxy Luigi With Star Mini Figura 1.5 ",200,YES,https://collectibles.uy/producto/super-mario-bros-galaxy-mario-with-star-mini-figura-1-5--copia-8239,YES,YES,"Super Mario Bros Galaxy Luigi With Star Mini Figura 1.5  | Collectible",YES,YES,PASS
https://collectibles.uy/producto/armored-assassin-ultimate-predator-depredador-neca-deluxe-1111,PRODUCT,"Armored Assassin Ultimate Predator Depredador Neca Deluxe",200,YES,https://collectibles.uy/producto/armored-assassin-ultimate-predator-depredador-neca-deluxe-1111,YES,YES,"Armored Assassin Ultimate Predator Depredador Neca Deluxe | Collectibl",YES,YES,PASS
https://collectibles.uy/producto/masters-of-the-universe-origins-figura-de-acci-n-200x-principe-adam-,PRODUCT,"Masters of the Universe Origins Figura de acción 200X Principe Adam",200,YES,https://collectibles.uy/producto/masters-of-the-universe-origins-figura-de-acci-n-200x-principe-adam-,YES,YES,"Masters of the Universe Origins Figura de acción 200X Principe Adam | ",YES,YES,PASS
https://collectibles.uy/producto/alola-vulpix-pokemon-center-peluche-20cm-9810,PRODUCT,"Alola Vulpix Pokemon Center Peluche 20cm",200,YES,https://collectibles.uy/producto/alola-vulpix-pokemon-center-peluche-20cm-9810,YES,YES,"Alola Vulpix Pokemon Center Peluche 20cm | Collectibles Uruguay",YES,YES,PASS
https://collectibles.uy/producto/gunther-funhouse-mascara-trick-or-treat-studios-gunther-5678,PRODUCT,"Gunther Funhouse Mascara Trick Or Treat Studios Gunther",200,YES,https://collectibles.uy/producto/gunther-funhouse-mascara-trick-or-treat-studios-gunther-5678,YES,YES,"Gunther Funhouse Mascara Trick Or Treat Studios Gunther | Collectibles",YES,YES,PASS
https://collectibles.uy/producto/marvel-heroclix-avengers-war-of-the-realms-booster,PRODUCT,"Marvel Heroclix: Avengers War Of The Realms Booster",200,YES,https://collectibles.uy/producto/marvel-heroclix-avengers-war-of-the-realms-booster,YES,YES,"Avengers HeroClix! | Heroclix | Collectibles | Collectibles Uruguay",YES,YES,PASS
https://collectibles.uy/producto/pikazard-pikachu-mega-charizard-pokemon-center-peluche-pikazard-3110,PRODUCT,"Pikazard Pikachu Mega Charizard Pokemon Center Peluche Pikazard",200,YES,https://collectibles.uy/producto/pikazard-pikachu-mega-charizard-pokemon-center-peluche-pikazard-3110,YES,YES,"Pikazard Pikachu Mega Charizard Pokemon Center Peluche Pikazard | Coll",YES,YES,PASS
https://collectibles.uy/producto/five-nights-at-freddy-s---captain-foxy---curse-of-dread-bear-6010,PRODUCT,"Five Nights At Freddy's - Captain Foxy - Curse Of Dread Bear",200,YES,https://collectibles.uy/producto/five-nights-at-freddy-s---captain-foxy---curse-of-dread-bear-6010,YES,YES,"Five Nights At Freddy&#039;s - Captain Foxy - Curse Of Dread Bear | Co",YES,YES,PASS
https://collectibles.uy/producto/inkling-octonautas-peluche-25cm-3475,PRODUCT,"Inkling Octonautas Peluche 25cm",200,YES,https://collectibles.uy/producto/inkling-octonautas-peluche-25cm-3475,YES,YES,"Inkling Octonautas Peluche 25cm | Collectibles Uruguay",YES,YES,PASS
https://collectibles.uy/producto/iron-spiderman-no-way-home-disfraz-musculoso-con-luz-8754,PRODUCT,"Iron Spiderman No Way Home Disfraz Musculoso Con Luz",200,YES,https://collectibles.uy/producto/iron-spiderman-no-way-home-disfraz-musculoso-con-luz-8754,YES,YES,"Iron Spiderman No Way Home Disfraz Musculoso Con Luz | Collectibles Ur",YES,YES,PASS
https://collectibles.uy/producto/captain-america-falcon-avengers-disfraz-musculoso-jazwares-captain-america-l-5553,PRODUCT,"Captain America Falcon Avengers Disfraz Musculoso Jazwares Captain America L",200,YES,https://collectibles.uy/producto/captain-america-falcon-avengers-disfraz-musculoso-jazwares-captain-america-l-5553,YES,YES,"Captain America Falcon Avengers Disfraz Musculoso Jazwares Captain Ame",YES,YES,PASS
https://collectibles.uy/producto/riolu-pokemon-jazwares-peluche-25cm-riolu-6507,PRODUCT,"Riolu Pokemon Jazwares Peluche 25cm Riolu",200,YES,https://collectibles.uy/producto/riolu-pokemon-jazwares-peluche-25cm-riolu-6507,YES,YES,"Riolu Pokemon Jazwares Peluche 25cm Riolu | Collectibles Uruguay",YES,YES,PASS
https://collectibles.uy/producto/cinderance-evoluci-n-scorbunny-pok-mon-peluche-9058,PRODUCT,"Cinderance Evolución Scorbunny Pokémon Peluche",200,YES,https://collectibles.uy/producto/cinderance-evoluci-n-scorbunny-pok-mon-peluche-9058,YES,YES,"Cinderance Evolución Scorbunny Pokémon Peluche | Collectibles Uruguay",YES,YES,PASS
https://collectibles.uy/producto/marvel-heroclix-avenger-fantastic-four-empyre-booster,PRODUCT,"Marvel Heroclix: Avenger Fantastic Four Empyre Booster",200,YES,https://collectibles.uy/producto/marvel-heroclix-avenger-fantastic-four-empyre-booster,YES,YES,"Fantastic Four HeroClix! | Heroclix | Collectibles | Collectibles Urug",YES,YES,PASS
https://collectibles.uy/producto/diana-acrobata-dungeons-dragons-cartoon-series-wave-1,PRODUCT,"Diana Acróbata Dungeons & Dragons Cartoon Series Wave 1",200,YES,https://collectibles.uy/producto/diana-acrobata-dungeons-dragons-cartoon-series-wave-1,YES,YES,"Bullseye Dungeons &amp; Dragons Cartoon Series | Hasbro | Collectibles",YES,YES,PASS
https://collectibles.uy/producto/shellington-octonautas-peluche-30cm-1178,PRODUCT,"Shellington Octonautas Peluche 30cm",200,YES,https://collectibles.uy/producto/shellington-octonautas-peluche-30cm-1178,YES,YES,"Shellington Octonautas Peluche 30cm | Collectibles Uruguay",YES,YES,PASS
https://collectibles.uy/producto/x-men-marvel-lcd-video-game-tiger-electronics-hasbro-8636,PRODUCT,"X-men Marvel Lcd Video Game Tiger Electronics Hasbro",200,YES,https://collectibles.uy/producto/x-men-marvel-lcd-video-game-tiger-electronics-hasbro-8636,YES,YES,"X-men Marvel Lcd Video Game Tiger Electronics Hasbro | Collectibles Ur",YES,YES,PASS
https://collectibles.uy/producto/funko-pop-fantastic-four-galactus-with-silver-surfer,PRODUCT,"Funko Pop! Fantastic Four Galactus With Silver Surfer",200,YES,https://collectibles.uy/producto/funko-pop-fantastic-four-galactus-with-silver-surfer,YES,YES,"Funko Pop Galactus with Silver Surfer | Fantastic Four | Collectibles ",YES,YES,PASS
https://collectibles.uy/producto/funko-plush-mopeez-civil-war-negro,PRODUCT,"Funko Plush! Mopeez Civil War Negro",200,YES,https://collectibles.uy/producto/funko-plush-mopeez-civil-war-negro,YES,YES,"Funko Plush CIVIL WAR | Collectibles | Collectibles Uruguay",YES,YES,PASS
https://collectibles.uy/producto/terminator-2-judgement-day-ultimate-t-1000-motorcycle-cop,PRODUCT,"Terminator 2: Judgement Day Ultimate T-1000 (motorcycle Cop)",200,YES,https://collectibles.uy/producto/terminator-2-judgement-day-ultimate-t-1000-motorcycle-cop,YES,YES,"T-1000 Terminator 2 | Terminator | Collectibles | Collectibles Uruguay",YES,YES,PASS
https://collectibles.uy/producto/sudadera-capitan-america-para-bebes-y-ninos-24-meses-azul-blanco-rojo,PRODUCT,"Sudadera Capitán América Para Bebés Y Niños 24 Meses Azul Blanco Rojo",200,YES,https://collectibles.uy/producto/sudadera-capitan-america-para-bebes-y-ninos-24-meses-azul-blanco-rojo,YES,YES,"Sudadera Capitán América Para Bebés Y Niños 24 | Collectibles | Collec",YES,YES,PASS
https://collectibles.uy/producto/umbreon-eevee-pokemon-center-peluche-28cm-9778,PRODUCT,"Umbreon Eevee Pokemon Center Peluche 28cm",200,YES,https://collectibles.uy/producto/umbreon-eevee-pokemon-center-peluche-28cm-9778,YES,YES,"Umbreon Eevee Pokemon Center Peluche 28cm | Collectibles Uruguay",YES,YES,PASS
https://collectibles.uy/producto/harry-potter-gryffindor-hufflepuff-capa-tunica-disguise-amarillo-negro-m--talle--nico--6270,PRODUCT,"Harry Potter Gryffindor Hufflepuff Capa Tunica Disguise Amarillo/negro M (talle Único)",200,YES,https://collectibles.uy/producto/harry-potter-gryffindor-hufflepuff-capa-tunica-disguise-amarillo-negro-m--talle--nico--6270,YES,YES,"Harry Potter Gryffindor Hufflepuff Capa Tunica Disguise Amarillo/negro",YES,YES,PASS
https://collectibles.uy/producto/charizard-the-pokemon-company-peluche-28cm-1042,PRODUCT,"Charizard The Pokemon Company Peluche 28cm",200,YES,https://collectibles.uy/producto/charizard-the-pokemon-company-peluche-28cm-1042,YES,YES,"Charizard The Pokemon Company Peluche 28cm | Collectibles Uruguay",YES,YES,PASS
https://collectibles.uy/producto/knull-venom-king-in-black-marvel-legends-hasbro-2703,PRODUCT,"Knull Venom King In Black Marvel Legends Hasbro",200,YES,https://collectibles.uy/producto/knull-venom-king-in-black-marvel-legends-hasbro-2703,YES,YES,"Knull Venom King In Black Marvel Legends Hasbro | Collectibles Uruguay",YES,YES,PASS
https://collectibles.uy/producto/man-bat-batman-the-animated-series-kenner-mu-eco-figura-8749,PRODUCT,"Man Bat Batman The Animated Series Kenner Muñeco Figura",200,YES,https://collectibles.uy/producto/man-bat-batman-the-animated-series-kenner-mu-eco-figura-8749,YES,YES,"Man Bat Batman The Animated Series Kenner Muñeco Figura | Collectibles",YES,YES,PASS
https://collectibles.uy/producto/body-de-bebes-liga-de-la-justicia-super-girls-rosa-24-meses-lisa,PRODUCT,"Body De Bebes Liga De La Justicia - Super Girls Rosa 24 Meses Lisa",200,YES,https://collectibles.uy/producto/body-de-bebes-liga-de-la-justicia-super-girls-rosa-24-meses-lisa,YES,YES,"Super Girls | Collectibles | Collectibles Uruguay",YES,YES,PASS
https://collectibles.uy/producto/spiderman-2-gamerverse-marvel-legends-hasbro-0sd7a,PRODUCT," Spiderman 2 Gamerverse Marvel Legends Hasbro",200,YES,https://collectibles.uy/producto/spiderman-2-gamerverse-marvel-legends-hasbro-0sd7a,YES,YES,"Spiderman 2 Gamerverse Marvel Legends Hasbro | Collectibles Uruguay",YES,YES,PASS
https://collectibles.uy/producto/dinosaurio-jurassic-world-renace-distortus-rex-mutante-8126,PRODUCT,"Dinosaurio Jurassic World Renace Distortus Rex Mutante",200,YES,https://collectibles.uy/producto/dinosaurio-jurassic-world-renace-distortus-rex-mutante-8126,YES,YES,"Dinosaurio Jurassic World Renace Distortus Rex Mutante | Collectibles ",YES,YES,PASS
https://collectibles.uy/producto/red-hood-batman-the-adventures-continue-dc-collectibles-4609,PRODUCT,"Red Hood Batman The Adventures Continue Dc Collectibles",200,YES,https://collectibles.uy/producto/red-hood-batman-the-adventures-continue-dc-collectibles-4609,YES,YES,"Red Hood Batman The Adventures Continue Dc Collectibles | Collectibles",YES,YES,PASS
https://collectibles.uy/producto/dragon-ball-super-dragon-stars-series-son-gohan-beast-17cm-s2o1k,PRODUCT,"Dragon Ball Super - Dragon Stars Series - Son Gohan Beast 17cm",200,YES,https://collectibles.uy/producto/dragon-ball-super-dragon-stars-series-son-gohan-beast-17cm-s2o1k,YES,YES,"Dragon Ball Super - Dragon Stars Series - Son Gohan Beast 17cm | Colle",YES,YES,PASS
https://collectibles.uy/producto/glaceon-eevee-pokemon-center-peluche-20cm-3208,PRODUCT,"Glaceon Eevee Pokemon Center Peluche 20cm",200,YES,https://collectibles.uy/producto/glaceon-eevee-pokemon-center-peluche-20cm-3208,YES,YES,"Glaceon Eevee Pokemon Center Peluche 20cm | Collectibles Uruguay",YES,YES,PASS
https://collectibles.uy/producto/funko-mortal-kombat-x-liu-kang-action-figure,PRODUCT,"Funko Mortal Kombat X Liu Kang Action Figure",200,YES,https://collectibles.uy/producto/funko-mortal-kombat-x-liu-kang-action-figure,YES,YES,"Funko Pop Liu Kang | Mortal Kombat X | Collectibles | Collectibles Uru",YES,YES,PASS
https://collectibles.uy/producto/sonic-the-hedgehog-10cm-wave-7-jakks-pacific-4555,PRODUCT,"Sonic The Hedgehog 10cm Wave 7 Jakks Pacific",200,YES,https://collectibles.uy/producto/sonic-the-hedgehog-10cm-wave-7-jakks-pacific-4555,YES,YES,"Sonic The Hedgehog 10cm Wave 7 Jakks Pacific | Collectibles Uruguay",YES,YES,PASS
https://collectibles.uy/producto/twisty-clown-american-horror-story-mascara-trick-or-treat-twisty-the-clown-4859,PRODUCT,"Twisty Clown American Horror Story Mascara Trick Or Treat Twisty The Clown",200,YES,https://collectibles.uy/producto/twisty-clown-american-horror-story-mascara-trick-or-treat-twisty-the-clown-4859,YES,YES,"Twisty Clown American Horror Story Mascara Trick Or Treat Twisty The C",YES,YES,PASS
https://collectibles.uy/producto/sandman-spiderman-marvel-legends-hasbro-i7si4,PRODUCT,"Sandman Spiderman Marvel Legends Hasbro",200,YES,https://collectibles.uy/producto/sandman-spiderman-marvel-legends-hasbro-i7si4,YES,YES,"Sandman Spiderman Marvel Legends Hasbro | Collectibles Uruguay",YES,YES,PASS
https://collectibles.uy/producto/pinhead-hellraiser-3-hell-on-earth-mascara-ghoulish-pinhead-6664,PRODUCT,"Pinhead Hellraiser 3 Hell On Earth Mascara Ghoulish Pinhead",200,YES,https://collectibles.uy/producto/pinhead-hellraiser-3-hell-on-earth-mascara-ghoulish-pinhead-6664,YES,YES,"Pinhead Hellraiser 3 Hell On Earth Mascara Ghoulish Pinhead | Collecti",YES,YES,PASS
https://collectibles.uy/producto/zeraora-pokemon-moncolle-ex-takara-tomy-ms-09-1602,PRODUCT,"Zeraora Pokemon Moncolle Ex Takara Tomy Ms 09",200,YES,https://collectibles.uy/producto/zeraora-pokemon-moncolle-ex-takara-tomy-ms-09-1602,YES,YES,"Zeraora Pokemon Moncolle Ex Takara Tomy Ms 09 | Collectibles Uruguay",YES,YES,PASS
https://collectibles.uy/producto/iron-fist-luke-cage-marvel-legends-85-years-hasbro-zif9x,PRODUCT,"Iron Fist Luke Cage Marvel Legends 85 Years Hasbro",200,YES,https://collectibles.uy/producto/iron-fist-luke-cage-marvel-legends-85-years-hasbro-zif9x,YES,YES,"Iron Fist Luke Cage Marvel Legends 85 Years Hasbro | Collectibles Urug",YES,YES,PASS
https://collectibles.uy/producto/funko-pop-dumb-and-dumber-lloyd-christmas,PRODUCT,"Funko Pop! Dumb And Dumber - Lloyd Christmas",200,YES,https://collectibles.uy/producto/funko-pop-dumb-and-dumber-lloyd-christmas,YES,YES,"Funko Pop Lloyd | dumb and dumber | Collectibles | Collectibles Urugua",YES,YES,PASS
https://collectibles.uy/producto/marvel-heroclix-wolverine-vs-cyclops-x-men-regenesis-2,PRODUCT,"Marvel Heroclix: Wolverine Vs. Cyclops X-men Regenesis ",200,YES,https://collectibles.uy/producto/marvel-heroclix-wolverine-vs-cyclops-x-men-regenesis-2,YES,YES,"X-Men X-Men Regenesis | Heroclix | Collectibles | Collectibles Uruguay",YES,YES,PASS
https://collectibles.uy/producto/carnage-spiderman-marvel-legends-hasbro-target-exclusive-kgh15,PRODUCT,"Carnage Spiderman Marvel Legends Hasbro Target Exclusive",200,YES,https://collectibles.uy/producto/carnage-spiderman-marvel-legends-hasbro-target-exclusive-kgh15,YES,YES,"Carnage Spiderman Marvel Legends Hasbro Target Exclusive | Collectible",YES,YES,PASS
https://collectibles.uy/producto/funko-pop-movies-us-umbrae,PRODUCT,"Funko Pop! Movies Us Umbrae",200,YES,https://collectibles.uy/producto/funko-pop-movies-us-umbrae,YES,YES,"Funko Pop Umbrae | Us | Collectibles | Collectibles Uruguay",YES,YES,PASS
https://collectibles.uy/producto/funko-plushies-lucha-libre-el-heroe-invicto-iroman,PRODUCT,"Funko Plushies! Lucha Libre - El Héroe Invicto (iroman)",200,YES,https://collectibles.uy/producto/funko-plushies-lucha-libre-el-heroe-invicto-iroman,YES,YES,"Funko Plush El Heroe Invicto | Marvel | Collectibles | Collectibles Ur",YES,YES,PASS
https://collectibles.uy/producto/fifa-world-cup-2026-mascota-de-mexico-zayu-25cm,PRODUCT,"Fifa World Cup 2026! Mascota de Mexico - Zayu 25cm",200,YES,https://collectibles.uy/producto/fifa-world-cup-2026-mascota-de-mexico-zayu-25cm,YES,YES,"Zayu | Collectibles | Collectibles Uruguay",YES,YES,PASS
https://collectibles.uy/producto/cinderace-pokemon-moncolle-ex-takara-tomy-ms-35-5638,PRODUCT,"Cinderace Pokemon Moncolle Ex Takara Tomy Ms 35",200,YES,https://collectibles.uy/producto/cinderace-pokemon-moncolle-ex-takara-tomy-ms-35-5638,YES,YES,"Cinderace Pokemon Moncolle Ex Takara Tomy Ms 35 | Collectibles Uruguay",YES,YES,PASS
https://collectibles.uy/producto/plushies-toki-doki-cerulean-mermicorno-small,PRODUCT,"Plushies! Toki Doki- Cerulean Mermicorno (small)",200,YES,https://collectibles.uy/producto/plushies-toki-doki-cerulean-mermicorno-small,YES,YES,"CERULEAN Tokidoki | Tokidoki | Collectibles | Collectibles Uruguay",YES,YES,PASS
https://collectibles.uy/producto/decidueye-pokemon-moncolle-ex-takara-tomy-ms-11-1241,PRODUCT,"Decidueye Pokemon Moncolle Ex Takara Tomy Ms 11",200,YES,https://collectibles.uy/producto/decidueye-pokemon-moncolle-ex-takara-tomy-ms-11-1241,YES,YES,"Decidueye Pokemon Moncolle Ex Takara Tomy Ms 11 | Collectibles Uruguay",YES,YES,PASS
https://collectibles.uy/producto/beyblade-x-courage-dran-s-6-60v-cx-tipo-de-ataque-z3yuj,PRODUCT,"Beyblade X - Courage Dran S 6-60V CX, Tipo de Ataque",200,YES,https://collectibles.uy/producto/beyblade-x-courage-dran-s-6-60v-cx-tipo-de-ataque-z3yuj,YES,YES,"Beyblade X - Courage Dran S 6-60V CX, Tipo de Ataque | Collectibles Ur",YES,YES,PASS
https://collectibles.uy/producto/neca-back-to-the-future-part-2-ultimate-doc-brown-2015,PRODUCT,"Neca - Back To The Future Part 2 Ultimate Doc Brown (2015)",200,YES,https://collectibles.uy/producto/neca-back-to-the-future-part-2-ultimate-doc-brown-2015,YES,YES,"NECA Doc Brown | Back to the Future | Collectibles | Collectibles Urug",YES,YES,PASS
https://collectibles.uy/producto/fantastic-beasts-llaveros-plush-newt-scamander,PRODUCT,"Fantastic Beasts! Llaveros Plush - Newt Scamander",200,YES,https://collectibles.uy/producto/fantastic-beasts-llaveros-plush-newt-scamander,YES,YES,"Fantastic Beasts Llaveros Plush - Newt Scamander | Collectibles | Coll",YES,YES,PASS
https://collectibles.uy/producto/funko-pop-hunchback-of-notre-dame-quasimodo-fool,PRODUCT,"Funko Pop! Hunchback Of Notre Dame - Quasimodo ( Fool )",200,YES,https://collectibles.uy/producto/funko-pop-hunchback-of-notre-dame-quasimodo-fool,YES,YES,"Funko Pop Quasimodo | Disney | Collectibles | Collectibles Uruguay",YES,YES,PASS
https://collectibles.uy/producto/eevee-pokemon-center-sp-edition-peluche-30cm-9574,PRODUCT,"Eevee Pokemon Center Sp Edition Peluche 30cm",200,YES,https://collectibles.uy/producto/eevee-pokemon-center-sp-edition-peluche-30cm-9574,YES,YES,"Eevee Pokemon Center Sp Edition Peluche 30cm | Collectibles Uruguay",YES,YES,PASS
https://collectibles.uy/producto/multiverse-suicide-squad-deadshot-9-action-figure,PRODUCT,"Multiverse Suicide Squad Deadshot 9  Action Figure",200,YES,https://collectibles.uy/producto/multiverse-suicide-squad-deadshot-9-action-figure,YES,YES,"Deadshot DC | DC Comics | Collectibles | Collectibles Uruguay",YES,YES,PASS
https://collectibles.uy/producto/beyblade-x-fang-leon-t-4-60u-cx-tipo-balance-3uptf,PRODUCT,"Beyblade X - Fang Leon T 4-60U CX, Tipo Balance",200,YES,https://collectibles.uy/producto/beyblade-x-fang-leon-t-4-60u-cx-tipo-balance-3uptf,YES,YES,"Beyblade X - Fang Leon T 4-60U CX, Tipo Balance | Collectibles Uruguay",YES,YES,PASS
https://collectibles.uy/producto/pikachu-pokemon-figuarts-bandai-3383,PRODUCT,"Pikachu Pokemon Figuarts Bandai",200,YES,https://collectibles.uy/producto/pikachu-pokemon-figuarts-bandai-3383,YES,YES,"Pikachu Pokemon Figuarts Bandai | Collectibles Uruguay",YES,YES,PASS
https://collectibles.uy/producto/funko-pop-mortal-kombat-scorpion-,PRODUCT,"Funko POP! Games: Mortal Kombat 11 - Scorpion",200,YES,https://collectibles.uy/producto/funko-pop-mortal-kombat-scorpion-,YES,YES,"Funko POP! Games: Mortal Kombat 11 - Scorpion | Collectibles Uruguay",YES,YES,PASS
https://collectibles.uy/producto/bulbasaur-the-pokemon-company-peluche-30x30cm-2220,PRODUCT,"Bulbasaur The Pokemon Company Peluche 30x30cm",200,YES,https://collectibles.uy/producto/bulbasaur-the-pokemon-company-peluche-30x30cm-2220,YES,YES,"Bulbasaur The Pokemon Company Peluche 30x30cm | Collectibles Uruguay",YES,YES,PASS
https://collectibles.uy/producto/wartortle-the-pokemon-company-peluche-22cm-1662,PRODUCT,"Wartortle The Pokemon Company Peluche 22cm",200,YES,https://collectibles.uy/producto/wartortle-the-pokemon-company-peluche-22cm-1662,YES,YES,"Wartortle The Pokemon Company Peluche 22cm | Collectibles Uruguay",YES,YES,PASS
https://collectibles.uy/producto/vulpix-the-pokemon-company-peluche-25cm-2186,PRODUCT,"Vulpix The Pokemon Company Peluche 25cm",200,YES,https://collectibles.uy/producto/vulpix-the-pokemon-company-peluche-25cm-2186,YES,YES,"Vulpix The Pokemon Company Peluche 25cm | Collectibles Uruguay",YES,YES,PASS
https://collectibles.uy/producto/freddy-krueger-a-nighmare-on-elm-street-mascara-doble-rubies-freddy-krueger-8284,PRODUCT,"Freddy Krueger A Nighmare On Elm Street Mascara Doble Rubies Freddy Krueger",200,YES,https://collectibles.uy/producto/freddy-krueger-a-nighmare-on-elm-street-mascara-doble-rubies-freddy-krueger-8284,YES,YES,"Freddy Krueger A Nighmare On Elm Street Mascara Doble Rubies Freddy Kr",YES,YES,PASS
https://collectibles.uy/producto/ultra-pro-9-pocket-silver-series-c-u,PRODUCT,"Ultra Pro 9-pocket Silver Series (c/u)",200,YES,https://collectibles.uy/producto/ultra-pro-9-pocket-silver-series-c-u,YES,YES,"Ultra Pro 9-pocket Silver Series (c/u) | Ultra Pro | Collectibles | Co",YES,YES,PASS
https://collectibles.uy/producto/ghostbuster-1985-plasma-series-ray-stantz,PRODUCT,"Ghostbuster 1985 Plasma Series - Ray Stantz ",200,YES,https://collectibles.uy/producto/ghostbuster-1985-plasma-series-ray-stantz,YES,YES,"Rey Stantz The Real Ghostbusters | Hasbro | Collectibles | Collectible",YES,YES,PASS
https://collectibles.uy/producto/articuno-pokemon-moncolle-ex-takara-tomy-ehp-03-3467,PRODUCT,"Articuno Pokemon Moncolle Ex Takara Tomy Ehp_03",200,YES,https://collectibles.uy/producto/articuno-pokemon-moncolle-ex-takara-tomy-ehp-03-3467,YES,YES,"Articuno Pokemon Moncolle Ex Takara Tomy Ehp_03 | Collectibles Uruguay",YES,YES,PASS
https://collectibles.uy/producto/mega-charizard-x-pokemon-moncolle-ex-takara-tomy-ms-51-4786,PRODUCT,"Mega Charizard X Pokemon Moncolle Ex Takara Tomy Ms-51",200,YES,https://collectibles.uy/producto/mega-charizard-x-pokemon-moncolle-ex-takara-tomy-ms-51-4786,YES,YES,"Mega Charizard X Pokemon Moncolle Ex Takara Tomy Ms-51 | Collectibles ",YES,YES,PASS
https://collectibles.uy/producto/funko-pop-freddy-25th-exclusive-de-funko,PRODUCT,"Funko POP! -  Freddy 25th Exclusive De Funko",200,YES,https://collectibles.uy/producto/funko-pop-freddy-25th-exclusive-de-funko,YES,YES,"Funko Pop Aniversario Freddy 25th Exclusivo | Funko | Collectibles | C",YES,YES,PASS
https://collectibles.uy/producto/gizmo-ultimate-gremlins-neca-5101,PRODUCT,"Gizmo Ultimate Gremlins Neca",200,YES,https://collectibles.uy/producto/gizmo-ultimate-gremlins-neca-5101,YES,YES,"Gizmo Ultimate Gremlins Neca | Collectibles Uruguay",YES,YES,PASS
https://collectibles.uy/producto/litten-pokemon-moncolle-ex-takara-tomy-emc-04-4798,PRODUCT,"Litten Pokemon Moncolle Ex Takara Tomy Emc_04",200,YES,https://collectibles.uy/producto/litten-pokemon-moncolle-ex-takara-tomy-emc-04-4798,YES,YES,"Litten Pokemon Moncolle Ex Takara Tomy Emc_04 | Collectibles Uruguay",YES,YES,PASS
https://collectibles.uy/producto/chocolate-bonnie-five-nights-freddy-s-special-delivery-funko-4192,PRODUCT,"Chocolate Bonnie Five Nights Freddy´s Special Delivery Funko",200,YES,https://collectibles.uy/producto/chocolate-bonnie-five-nights-freddy-s-special-delivery-funko-4192,YES,YES,"Chocolate Bonnie Five Nights Freddy´s Special Delivery Funko | Collect",YES,YES,PASS
https://collectibles.uy/producto/funko-pop-the-exorcist-regan,PRODUCT,"Funko Pop! The Exorcist Regan",200,YES,https://collectibles.uy/producto/funko-pop-the-exorcist-regan,YES,YES,"Funko Pop Regan | The Exorcist | Collectibles | Collectibles Uruguay",YES,YES,PASS
https://collectibles.uy/producto/figuras-hasbro-dungeons-and-dragons-golden-archive-forge,PRODUCT,"Figuras Hasbro Dungeons And Dragons Golden Archive - Forge",200,YES,https://collectibles.uy/producto/figuras-hasbro-dungeons-and-dragons-golden-archive-forge,YES,YES,"Figuras Hasbro Dungeons And Dragons Gold | Collectibles | Collectibles",YES,YES,PASS
https://collectibles.uy/producto/charmander-pokemon-moncolle-ex-takara-tomy-emc-16-2062,PRODUCT,"Charmander Pokemon Moncolle-ex Takara Tomy Emc_16",200,YES,https://collectibles.uy/producto/charmander-pokemon-moncolle-ex-takara-tomy-emc-16-2062,YES,YES,"Charmander Pokemon Moncolle-ex Takara Tomy Emc_16 | Collectibles Urugu",YES,YES,PASS
https://collectibles.uy/producto/ultra-pro-paginas-silver-9-bolsillos-para-cartas-coleccionables-pokemon,PRODUCT,"Ultra Pro Páginas Silver 9 Bolsillos Para Cartas Coleccionables Pókemon",200,YES,https://collectibles.uy/producto/ultra-pro-paginas-silver-9-bolsillos-para-cartas-coleccionables-pokemon,YES,YES,"Ultra Pro Páginas Silver 9 Bolsillos Para Cartas | Collectibles | Coll",YES,YES,PASS
https://collectibles.uy/producto/greninja-pokemon-jazwares-peluche-35cm-1183,PRODUCT,"Greninja Pokemon Jazwares Peluche 35cm",200,YES,https://collectibles.uy/producto/greninja-pokemon-jazwares-peluche-35cm-1183,YES,YES,"Greninja Pokemon Jazwares Peluche 35cm | Collectibles Uruguay",YES,YES,PASS
https://collectibles.uy/producto/lapras-pokemon-moncolle-ex-takara-tomy-ehp-06-6306,PRODUCT,"Lapras Pokemon Moncolle Ex Takara Tomy Ehp_06",200,YES,https://collectibles.uy/producto/lapras-pokemon-moncolle-ex-takara-tomy-ehp-06-6306,YES,YES,"Lapras Pokemon Moncolle Ex Takara Tomy Ehp_06 | Collectibles Uruguay",YES,YES,PASS
https://collectibles.uy/producto/blaziken-pokemon-moncolle-ex-takara-tomy-ms-38-3454,PRODUCT,"Blaziken Pokemon Moncolle Ex Takara Tomy Ms 38",200,YES,https://collectibles.uy/producto/blaziken-pokemon-moncolle-ex-takara-tomy-ms-38-3454,YES,YES,"Blaziken Pokemon Moncolle Ex Takara Tomy Ms 38 | Collectibles Uruguay",YES,YES,PASS
https://collectibles.uy/producto/bo-katan-kryze-mandalorian-star-wars-black-series-hasbro-1230,PRODUCT,"Bo-katan Kryze Mandalorian Star Wars Black Series Hasbro",200,YES,https://collectibles.uy/producto/bo-katan-kryze-mandalorian-star-wars-black-series-hasbro-1230,YES,YES,"Bo-katan Kryze Mandalorian Star Wars Black Series Hasbro | Collectible",YES,YES,PASS
https://collectibles.uy/producto/meowth-pokemon-moncolle-ex-takara-tomy-ms-48-1239,PRODUCT,"Meowth Pokemon Moncolle Ex Takara Tomy Ms_48",200,YES,https://collectibles.uy/producto/meowth-pokemon-moncolle-ex-takara-tomy-ms-48-1239,YES,YES,"Meowth Pokemon Moncolle Ex Takara Tomy Ms_48 | Collectibles Uruguay",YES,YES,PASS
https://collectibles.uy/producto/jolteon-pokemon-moncolle-ex-takara-tomy-emc-23-3843,PRODUCT,"Jolteon Pokemon Moncolle Ex Takara Tomy Emc_23",200,YES,https://collectibles.uy/producto/jolteon-pokemon-moncolle-ex-takara-tomy-emc-23-3843,YES,YES,"Jolteon Pokemon Moncolle Ex Takara Tomy Emc_23 | Collectibles Uruguay",YES,YES,PASS
https://collectibles.uy/producto/harry-potter-gomee-fleur-delacour-display-10pcs,PRODUCT,"Harry Potter! Gomee Fleur Delacour Display 10pcs",200,YES,https://collectibles.uy/producto/harry-potter-gomee-fleur-delacour-display-10pcs,YES,YES,"Harry Potter Gomee Fleur Delacour Display 10pcs | Collectibles | Colle",YES,YES,PASS
https://collectibles.uy/producto/gengar-durmiendo-pokemon-peluche-20cm-violeta-1920,PRODUCT,"Gengar Durmiendo Pokemon Peluche 20cm Violeta",200,YES,https://collectibles.uy/producto/gengar-durmiendo-pokemon-peluche-20cm-violeta-1920,YES,YES,"Gengar Durmiendo Pokemon Peluche 20cm Violeta | Collectibles Uruguay",YES,YES,PASS
https://collectibles.uy/producto/anime-heroes-one-piece-monkey-d-luffy-gear5-17-cm-tdrlt,PRODUCT,"Anime Heroes - One Piece - Monkey D. Luffy Gear5 17 cm",200,YES,https://collectibles.uy/producto/anime-heroes-one-piece-monkey-d-luffy-gear5-17-cm-tdrlt,YES,YES,"Anime Heroes - One Piece - Monkey D. Luffy Gear5 17 cm | Collectibles ",YES,YES,PASS
https://collectibles.uy/producto/thrilljoy-pix-terrifier-art-the-clown-9999-pcs-limited-edit,PRODUCT,"Thrilljoy Pix! Terrifier Art The Clown 9999 Pcs Limited Edit",200,YES,https://collectibles.uy/producto/thrilljoy-pix-terrifier-art-the-clown-9999-pcs-limited-edit,YES,YES,"Batman | Thrilljoy | Collectibles | Collectibles Uruguay",YES,YES,PASS
https://collectibles.uy/producto/funko-pop-sports-nba-harlem-globetrotters-99,PRODUCT,"Funko Pop! Sports Nba Harlem Globetrotters #99",200,YES,https://collectibles.uy/producto/funko-pop-sports-nba-harlem-globetrotters-99,YES,YES,"Funko Pop Harlem Blobetrotters | FUNKO POP | Collectibles | Collectibl",YES,YES,PASS
https://collectibles.uy/producto/captain-america-avengers-endgame-marvel-legends-fat-thor-baf-8084,PRODUCT,"Captain America Avengers Endgame Marvel Legends Fat Thor Baf",200,YES,https://collectibles.uy/producto/captain-america-avengers-endgame-marvel-legends-fat-thor-baf-8084,YES,YES,"Captain America Avengers Endgame Marvel Legends Fat Thor Baf | Collect",YES,YES,PASS
https://collectibles.uy/producto/doctor-strange-marvel-legends-hasbro-1vnha,PRODUCT,"Doctor Strange Marvel Legends Hasbro",200,YES,https://collectibles.uy/producto/doctor-strange-marvel-legends-hasbro-1vnha,YES,YES,"Doctor Strange Marvel Legends Hasbro | Collectibles Uruguay",YES,YES,PASS
https://collectibles.uy/producto/marvel-legends-comics-retro-iron-man-model-09,PRODUCT,"Marvel Legends Comics! Retro Iron Man Model 09",200,YES,https://collectibles.uy/producto/marvel-legends-comics-retro-iron-man-model-09,YES,YES,"Marvel Legends Iron Man | Marvel | Collectibles | Collectibles Uruguay",YES,YES,PASS
https://collectibles.uy/producto/anime-heroes-one-piece-crocodile-5crs3,PRODUCT,"Anime Heroes - One Piece - Crocodile",200,YES,https://collectibles.uy/producto/anime-heroes-one-piece-crocodile-5crs3,YES,YES,"Anime Heroes - One Piece - Crocodile | Collectibles Uruguay",YES,YES,PASS
https://collectibles.uy/producto/mewtwo-pokemon-d-arts-bandai-2386,PRODUCT,"Mewtwo Pokemon D-arts Bandai",200,YES,https://collectibles.uy/producto/mewtwo-pokemon-d-arts-bandai-2386,YES,YES,"Mewtwo Pokemon D-arts Bandai | Collectibles Uruguay",YES,YES,PASS
https://collectibles.uy/producto/rogue-x-men-97-marvel-legends-hasbro-aepb4,PRODUCT,"Rogue X-men 97 Marvel Legends Hasbro",200,YES,https://collectibles.uy/producto/rogue-x-men-97-marvel-legends-hasbro-aepb4,YES,YES,"Rogue X-men 97 Marvel Legends Hasbro | Collectibles Uruguay",YES,YES,PASS
https://collectibles.uy/producto/mega-lucario-pokemon-moncolle-ex-takara-tomy-ms-52-3118,PRODUCT,"Mega Lucario Pokemon Moncolle Ex Takara Tomy Ms-52",200,YES,https://collectibles.uy/producto/mega-lucario-pokemon-moncolle-ex-takara-tomy-ms-52-3118,YES,YES,"Mega Lucario Pokemon Moncolle Ex Takara Tomy Ms-52 | Collectibles Urug",YES,YES,PASS
https://collectibles.uy/producto/lycanroc-midnight-form-pokemon-center-peluche-28cm-7126,PRODUCT,"Lycanroc Midnight Form Pokemon Center Peluche 28cm",200,YES,https://collectibles.uy/producto/lycanroc-midnight-form-pokemon-center-peluche-28cm-7126,YES,YES,"Lycanroc Midnight Form Pokemon Center Peluche 28cm | Collectibles Urug",YES,YES,PASS
https://collectibles.uy/producto/ghostbuster-2021-after-life-plasma-series-phoebe-s-lucky,PRODUCT,"Ghostbuster 2021 After Life Plasma Series - Phoebe's Lucky.",200,YES,https://collectibles.uy/producto/ghostbuster-2021-after-life-plasma-series-phoebe-s-lucky,YES,YES,"Lucky Ghostbusters | Hasbro | Collectibles | Collectibles Uruguay",YES,YES,PASS
https://collectibles.uy/producto/groot-who-dances-body-knocker-solar-power-neca,PRODUCT,"Groot Who Dances Body Knocker - Solar Power - Neca",200,YES,https://collectibles.uy/producto/groot-who-dances-body-knocker-solar-power-neca,YES,YES,"NECA Groot | Marvel | Collectibles | Collectibles Uruguay",YES,YES,PASS
https://collectibles.uy/producto/ghostbusters-after-life-plasma-series-ecto-1,PRODUCT,"Ghostbusters After Life Plasma Series - Ecto 1",200,YES,https://collectibles.uy/producto/ghostbusters-after-life-plasma-series-ecto-1,YES,YES,"Ecto 1 Ghostbusters | Hasbro | Collectibles | Collectibles Uruguay",YES,YES,PASS
https://collectibles.uy/producto/eevee-peluche-compa-ero-para-dormir-pokemon-marr-n-claro-6206,PRODUCT,"Eevee Peluche Compañero Para Dormir Pokemon Marrón Claro",200,YES,https://collectibles.uy/producto/eevee-peluche-compa-ero-para-dormir-pokemon-marr-n-claro-6206,YES,YES,"Eevee Peluche Compañero Para Dormir Pokemon Marrón Claro | Collectible",YES,YES,PASS
https://collectibles.uy/producto/neca-universal-monsters-ultimate-the-wolf-man,PRODUCT,"NECA Universal Monsters Ultimate The Wolf Man",200,YES,https://collectibles.uy/producto/neca-universal-monsters-ultimate-the-wolf-man,YES,YES,"NECA Wolfman | wolf man | Collectibles | Collectibles Uruguay",YES,YES,PASS
https://collectibles.uy/producto/espeon-eevee-pokemon-center-peluche-20cm-9332,PRODUCT,"Espeon Eevee Pokemon Center Peluche 20cm",200,YES,https://collectibles.uy/producto/espeon-eevee-pokemon-center-peluche-20cm-9332,YES,YES,"Espeon Eevee Pokemon Center Peluche 20cm | Collectibles Uruguay",YES,YES,PASS
https://collectibles.uy/producto/knull-venom-king-in-black-marvel-legends-hasbro-bzwth,PRODUCT,"Knull Venom King In Black Marvel Legends Hasbro",200,YES,https://collectibles.uy/producto/knull-venom-king-in-black-marvel-legends-hasbro-bzwth,YES,YES,"Knull Venom King In Black Marvel Legends Hasbro | Collectibles Uruguay",YES,YES,PASS
https://collectibles.uy/producto/mewtwo-pokemon-peluche-30cm-1328,PRODUCT,"Mewtwo Pokemon Peluche 30cm",200,YES,https://collectibles.uy/producto/mewtwo-pokemon-peluche-30cm-1328,YES,YES,"Mewtwo Pokemon Peluche 30cm | Collectibles Uruguay",YES,YES,PASS
https://collectibles.uy/producto/articuno-pokemon-center-peluche-28cm-2008,PRODUCT,"Articuno Pokemon Center Peluche 28cm",200,YES,https://collectibles.uy/producto/articuno-pokemon-center-peluche-28cm-2008,YES,YES,"Articuno Pokemon Center Peluche 28cm | Collectibles Uruguay",YES,YES,PASS
https://collectibles.uy/producto/neca-body-knockers-solar-predador-figura-coleccionable-marvel-pvc-15cm,PRODUCT,"Neca Body Knockers Solar Predador Figura Coleccionable Marvel Pvc 15cm",200,YES,https://collectibles.uy/producto/neca-body-knockers-solar-predador-figura-coleccionable-marvel-pvc-15cm,YES,YES,"NECA Capitán América | Marvel | Collectibles | Collectibles Uruguay",YES,YES,PASS
https://collectibles.uy/producto/meowth-the-pokemon-company-peluche-30cm-8388,PRODUCT,"Meowth The Pokemon Company Peluche 30cm",200,YES,https://collectibles.uy/producto/meowth-the-pokemon-company-peluche-30cm-8388,YES,YES,"Meowth The Pokemon Company Peluche 30cm | Collectibles Uruguay",YES,YES,PASS
https://collectibles.uy/producto/pikachu-pokemon-center-peluche-20cm-2934,PRODUCT,"Pikachu Pokemon Center Peluche 20cm",200,YES,https://collectibles.uy/producto/pikachu-pokemon-center-peluche-20cm-2934,YES,YES,"Pikachu Pokemon Center Peluche 20cm | Collectibles Uruguay",YES,YES,PASS
https://collectibles.uy/producto/funko-pop-kool-aid-packet-82,PRODUCT,"Funko Pop! Kool Aid Packet #82",200,YES,https://collectibles.uy/producto/funko-pop-kool-aid-packet-82,YES,YES,"Funko Pop Ki-suco | Sobre de Kool-aid | Collectibles | Collectibles Ur",YES,YES,PASS
https://collectibles.uy/producto/harry-potter-set-escolar-harry-potter-friends,PRODUCT,"Harry Potter! Set Escolar Harry Potter & Friends",200,YES,https://collectibles.uy/producto/harry-potter-set-escolar-harry-potter-friends,YES,YES,"Harry Potter Set Escolar Harry Potter &amp; Friends | Collectibles | C",YES,YES,PASS
https://collectibles.uy/producto/funko-pop-beetlejuice-chase,PRODUCT,"Funko Pop! Beetlejuice Chase",200,YES,https://collectibles.uy/producto/funko-pop-beetlejuice-chase,YES,YES,"Funko Pop Beetlejuice | Beetlejuice | Collectibles | Collectibles Urug",YES,YES,PASS
https://collectibles.uy/producto/dragon-ball-super-dragon-stars-series-mystic-gohan-17cm-9zhei,PRODUCT,"Dragon Ball Super - Dragon Stars Series - Mystic Gohan 17cm",200,YES,https://collectibles.uy/producto/dragon-ball-super-dragon-stars-series-mystic-gohan-17cm-9zhei,YES,YES,"Dragon Ball Super - Dragon Stars Series - Mystic Gohan 17cm | Collecti",YES,YES,PASS
https://collectibles.uy/producto/growlithe-the-pokemon-company-peluche-25cm-7392,PRODUCT,"Growlithe The Pokemon Company Peluche 25cm",200,YES,https://collectibles.uy/producto/growlithe-the-pokemon-company-peluche-25cm-7392,YES,YES,"Growlithe The Pokemon Company Peluche 25cm | Collectibles Uruguay",YES,YES,PASS
https://collectibles.uy/producto/mega-charizard-x-pokemon-center-peluche-25cm-1311,PRODUCT,"Mega Charizard X Pokemon Center Peluche 25cm",200,YES,https://collectibles.uy/producto/mega-charizard-x-pokemon-center-peluche-25cm-1311,YES,YES,"Mega Charizard X Pokemon Center Peluche 25cm | Collectibles Uruguay",YES,YES,PASS
https://collectibles.uy/producto/marvel-legends-fantastic-four-psycho-man,PRODUCT,"Marvel Legends! Fantastic Four Psycho- Man",200,YES,https://collectibles.uy/producto/marvel-legends-fantastic-four-psycho-man,YES,YES,"Marvel Legends Psycho-Man | Marvel | Collectibles | Collectibles Urugu",YES,YES,PASS
https://collectibles.uy/producto/charizard-pokemon-d-arts-bandai-7389,PRODUCT,"Charizard Pokemon D-arts Bandai",200,YES,https://collectibles.uy/producto/charizard-pokemon-d-arts-bandai-7389,YES,YES,"Charizard Pokemon D-arts Bandai | Collectibles Uruguay",YES,YES,PASS
https://collectibles.uy/producto/storm-forge-jubilee-x-men-marvel-legends-hasbro-6155,PRODUCT,"Storm Forge Jubilee X-men Marvel Legends Hasbro",200,YES,https://collectibles.uy/producto/storm-forge-jubilee-x-men-marvel-legends-hasbro-6155,YES,YES,"Storm Forge Jubilee X-men Marvel Legends Hasbro | Collectibles Uruguay",YES,YES,PASS
https://collectibles.uy/producto/marill-the-pokemon-company-peluche-25cm-2322,PRODUCT,"Marill The Pokemon Company Peluche 25cm",200,YES,https://collectibles.uy/producto/marill-the-pokemon-company-peluche-25cm-2322,YES,YES,"Marill The Pokemon Company Peluche 25cm | Collectibles Uruguay",YES,YES,PASS
https://collectibles.uy/producto/palkia-origin-form-pokemon-banpresto-peluche-32cm-3779,PRODUCT,"Palkia Origin Form Pokemon Banpresto Peluche 32cm",200,YES,https://collectibles.uy/producto/palkia-origin-form-pokemon-banpresto-peluche-32cm-3779,YES,YES,"Palkia Origin Form Pokemon Banpresto Peluche 32cm | Collectibles Urugu",YES,YES,PASS
https://collectibles.uy/producto/tortugas-ninja-vs-cobra-kai-raphael-vs-john-kreese,PRODUCT,"Tortugas Ninja Vs Cobra Kai: Raphael Vs John Kreese",200,YES,https://collectibles.uy/producto/tortugas-ninja-vs-cobra-kai-raphael-vs-john-kreese,YES,YES,"Raphael vs John Kreese Cobra Kai | Playmates Toys | Collectibles | Col",YES,YES,PASS
https://collectibles.uy/producto/dragon-ball-super-dragon-stars-series-goku-17cm-9khti,PRODUCT,"Dragon Ball Super - Dragon Stars Series - Goku 17cm",200,YES,https://collectibles.uy/producto/dragon-ball-super-dragon-stars-series-goku-17cm-9khti,YES,YES,"Dragon Ball Super - Dragon Stars Series - Goku 17cm | Collectibles Uru",YES,YES,PASS
https://collectibles.uy/producto/funko-pop-masters-of-the-universe-he-man-106,PRODUCT,"Funko Pop! Masters Of The Universe - He-man #106",200,YES,https://collectibles.uy/producto/funko-pop-masters-of-the-universe-he-man-106,YES,YES,"He-Man 106 Sdcc 2022 | Masters of the Universe | Collectibles | Collec",YES,YES,PASS
https://collectibles.uy/producto/koraidon-pokemon-center-peluche-30cm-9590,PRODUCT,"Koraidon Pokemon Center Peluche 30cm",200,YES,https://collectibles.uy/producto/koraidon-pokemon-center-peluche-30cm-9590,YES,YES,"Koraidon Pokemon Center Peluche 30cm | Collectibles Uruguay",YES,YES,PASS
https://collectibles.uy/producto/charizard-gigantamax-pokemon-center-peluche-articulado-40cm-9484,PRODUCT,"Charizard Gigantamax Pokemon Center Peluche Articulado 40cm",200,YES,https://collectibles.uy/producto/charizard-gigantamax-pokemon-center-peluche-articulado-40cm-9484,YES,YES,"Charizard Gigantamax Pokemon Center Peluche Articulado 40cm | Collecti",YES,YES,PASS
https://collectibles.uy/producto/jigglypuff-the-pokemon-company-peluche-25cm-8354,PRODUCT,"Jigglypuff The Pokemon Company Peluche 25cm",200,YES,https://collectibles.uy/producto/jigglypuff-the-pokemon-company-peluche-25cm-8354,YES,YES,"Jigglypuff The Pokemon Company Peluche 25cm | Collectibles Uruguay",YES,YES,PASS
https://collectibles.uy/producto/harry-potter-llaveros-plush-cedric-diggory,PRODUCT,"Harry Potter! Llaveros Plush - Cedric Diggory",200,YES,https://collectibles.uy/producto/harry-potter-llaveros-plush-cedric-diggory,YES,YES,"Harry Potter Llaveros Plush - Cedric Dig | Collectibles | Collectibles",YES,YES,PASS
https://collectibles.uy/producto/rowlet-the-pokemon-company-peluche-25cm-3195,PRODUCT,"Rowlet The Pokemon Company Peluche 25cm",200,YES,https://collectibles.uy/producto/rowlet-the-pokemon-company-peluche-25cm-3195,YES,YES,"Rowlet The Pokemon Company Peluche 25cm | Collectibles Uruguay",YES,YES,PASS
https://collectibles.uy/producto/iron-studios-harry-potter-minico-ron-weasley,PRODUCT,"Iron Studios! Harry Potter Minico Ron Weasley",200,YES,https://collectibles.uy/producto/iron-studios-harry-potter-minico-ron-weasley,YES,YES,"Ron Weasley Harry Potter | Iron Studios | Collectibles | Collectibles ",YES,YES,PASS
https://collectibles.uy/producto/pikachu-pokemon-moncolle-ex-takara-tomy-mc-070-1124,PRODUCT,"Pikachu Pokemon Moncolle Ex Takara Tomy Mc.070",200,YES,https://collectibles.uy/producto/pikachu-pokemon-moncolle-ex-takara-tomy-mc-070-1124,YES,YES,"Pikachu Pokemon Moncolle Ex Takara Tomy Mc.070 | Collectibles Uruguay",YES,YES,PASS
https://collectibles.uy/producto/anime-heroes-one-piece-monkey-d-luffy-renewal-17-cm-5daf8,PRODUCT,"Anime Heroes - One Piece - Monkey D. Luffy Renewal 17 cm",200,YES,https://collectibles.uy/producto/anime-heroes-one-piece-monkey-d-luffy-renewal-17-cm-5daf8,YES,YES,"Anime Heroes - One Piece - Monkey D. Luffy Renewal 17 cm | Collectible",YES,YES,PASS
https://collectibles.uy/producto/clefairy-the-pokemon-company-peluche-20cm-9024,PRODUCT,"Clefairy The Pokemon Company Peluche 20cm",200,YES,https://collectibles.uy/producto/clefairy-the-pokemon-company-peluche-20cm-9024,YES,YES,"Clefairy The Pokemon Company Peluche 20cm | Collectibles Uruguay",YES,YES,PASS
https://collectibles.uy/producto/power-rangers-rise-of-heroes-card-game-power-rangers-ingles,PRODUCT,"Power Rangers Rise Of Heroes Card Game Power Rangers Inglés",200,YES,https://collectibles.uy/producto/power-rangers-rise-of-heroes-card-game-power-rangers-ingles,YES,YES,"Power Rangers Rise Of Heroes Card Game Power | Collectibles | Collecti",YES,YES,PASS
https://collectibles.uy/producto/mew-the-pokemon-company-peluche-25cm-7695,PRODUCT,"Mew The Pokemon Company Peluche 25cm",200,YES,https://collectibles.uy/producto/mew-the-pokemon-company-peluche-25cm-7695,YES,YES,"Mew The Pokemon Company Peluche 25cm | Collectibles Uruguay",YES,YES,PASS
https://collectibles.uy/producto/iron-studios-minico-harley-quinn-dc-comics,PRODUCT,"Iron Studios! Minico Harley Quinn Dc Comics",200,YES,https://collectibles.uy/producto/iron-studios-minico-harley-quinn-dc-comics,YES,YES,"Catwoman DC Comics | Iron Studios | Collectibles | Collectibles Urugua",YES,YES,PASS
https://collectibles.uy/producto/power-rangers-card-game-power-ranger-ingles,PRODUCT,"Power Rangers Card Game Power Ranger Inglés",200,YES,https://collectibles.uy/producto/power-rangers-card-game-power-ranger-ingles,YES,YES,"Power Rangers Card Game Power Ranger Inglés | Bandai | Collectibles | ",YES,YES,PASS
https://collectibles.uy/producto/tie-dye-springtrap-five-nights-at-freddy-s-funko-3039,PRODUCT,"Tie-dye Springtrap Five Nights At Freddy's Funko",200,YES,https://collectibles.uy/producto/tie-dye-springtrap-five-nights-at-freddy-s-funko-3039,YES,YES,"Tie-dye Springtrap Five Nights At Freddy&#039;s Funko | Collectibles U",YES,YES,PASS
https://collectibles.uy/producto/marvel-legends-x-men-age-of-apocalypse-marvel-s-shadowcat,PRODUCT,"Marvel Legends X-men Age Of Apocalypse - Marvel's Shadowcat",200,YES,https://collectibles.uy/producto/marvel-legends-x-men-age-of-apocalypse-marvel-s-shadowcat,YES,YES,"Marvel Legends Shadowcat | Marvel | Collectibles | Collectibles Urugua",YES,YES,PASS
https://collectibles.uy/producto/sonic-the-hedgehog-x-dc-knuckles-superman,PRODUCT,"Sonic The Hedgehog X Dc  -  Knuckles Superman",200,YES,https://collectibles.uy/producto/sonic-the-hedgehog-x-dc-knuckles-superman,YES,YES,"KNUCKLES SUPERMAN Sonic the Hedgehog X DC | Jazwares | Collectibles | ",YES,YES,PASS
https://collectibles.uy/producto/lapras-pikachu-pokemon-center-peluche-25cm-1780,PRODUCT,"Lapras Pikachu Pokemon Center Peluche 25cm",200,YES,https://collectibles.uy/producto/lapras-pikachu-pokemon-center-peluche-25cm-1780,YES,YES,"Lapras Pikachu Pokemon Center Peluche 25cm | Collectibles Uruguay",YES,YES,PASS
https://collectibles.uy/producto/vaporeon-eevee-pokemon-center-peluche-20cm-4209,PRODUCT,"Vaporeon Eevee Pokemon Center Peluche 20cm",200,YES,https://collectibles.uy/producto/vaporeon-eevee-pokemon-center-peluche-20cm-4209,YES,YES,"Vaporeon Eevee Pokemon Center Peluche 20cm | Collectibles Uruguay",YES,YES,PASS
https://collectibles.uy/producto/dragon-ball-super-dragon-stars-series-cell-final-form-17cm-z290u,PRODUCT,"Dragon Ball Super - Dragon Stars Series - Cell Final Form 17cm",200,YES,https://collectibles.uy/producto/dragon-ball-super-dragon-stars-series-cell-final-form-17cm-z290u,YES,YES,"Dragon Ball Super - Dragon Stars Series - Cell Final Form 17cm | Colle",YES,YES,PASS
https://collectibles.uy/producto/iron-studios-spiderman-no-way-home-amazing-spiderman-1-10,PRODUCT,"Iron Studios! Spiderman No Way Home Amazing Spiderman 1/10",200,YES,https://collectibles.uy/producto/iron-studios-spiderman-no-way-home-amazing-spiderman-1-10,YES,YES,"Asombroso Spider-man Spiderman | Iron Studios | Collectibles | Collect",YES,YES,PASS
https://collectibles.uy/producto/funko-pop-wednesday-enid-sinclair,PRODUCT,"Funko Pop! Wednesday - Enid Sinclair ",200,YES,https://collectibles.uy/producto/funko-pop-wednesday-enid-sinclair,YES,YES,"Funko Pop Enid Sinclair | Wednesday | Collectibles | Collectibles Urug",YES,YES,PASS
https://collectibles.uy/producto/gengar-the-pokemon-company-peluche-25cm-6544,PRODUCT,"Gengar The Pokemon Company Peluche 25cm",200,YES,https://collectibles.uy/producto/gengar-the-pokemon-company-peluche-25cm-6544,YES,YES,"Gengar The Pokemon Company Peluche 25cm | Collectibles Uruguay",YES,YES,PASS
https://collectibles.uy/producto/latias-pikachu-pokemon-center-peluche-28cm-7289,PRODUCT,"Latias Pikachu Pokemon Center Peluche 28cm",200,YES,https://collectibles.uy/producto/latias-pikachu-pokemon-center-peluche-28cm-7289,YES,YES,"Latias Pikachu Pokemon Center Peluche 28cm | Collectibles Uruguay",YES,YES,PASS
https://collectibles.uy/producto/masters-of-the-universe-origins-eternian-goddess-,PRODUCT,"Masters Of The Universe Origins - Eternian Goddess",200,YES,https://collectibles.uy/producto/masters-of-the-universe-origins-eternian-goddess-,YES,YES,"Masters Of The Universe Origins - Eternian Goddess | Collectibles Urug",YES,YES,PASS
https://collectibles.uy/producto/charizard-gigantamax-pokemon-peluche-25cm-8638,PRODUCT,"Charizard Gigantamax Pokemon Peluche 25cm",200,YES,https://collectibles.uy/producto/charizard-gigantamax-pokemon-peluche-25cm-8638,YES,YES,"Charizard Gigantamax Pokemon Peluche 25cm | Collectibles Uruguay",YES,YES,PASS
https://collectibles.uy/producto/harry-potter-cuaderno-marauder-s-map,PRODUCT,"Harry Potter! Cuaderno Marauder's Map",200,YES,https://collectibles.uy/producto/harry-potter-cuaderno-marauder-s-map,YES,YES,"Harry Potter Cuaderno Marauder&#039;s Map Color Marrón | Collectibles ",YES,YES,PASS
https://collectibles.uy/producto/beerus-dragon-ball-super-evolve-bandai-2099,PRODUCT,"Beerus Dragon Ball Super Evolve Bandai",200,YES,https://collectibles.uy/producto/beerus-dragon-ball-super-evolve-bandai-2099,YES,YES,"Beerus Dragon Ball Super Evolve Bandai | Collectibles Uruguay",YES,YES,PASS
https://collectibles.uy/producto/goku-ultra-instinto-plata-dragon-ball-super-evolve-bandai-7191,PRODUCT,"Goku Ultra Instinto Plata Dragon Ball Super Evolve Bandai",200,YES,https://collectibles.uy/producto/goku-ultra-instinto-plata-dragon-ball-super-evolve-bandai-7191,YES,YES,"Goku Ultra Instinto Plata Dragon Ball Super Evolve Bandai | Collectibl",YES,YES,PASS
https://collectibles.uy/producto/majin-boo-dragon-ball-figuarts-bandai-1841,PRODUCT,"Majin-boo Dragon Ball Figuarts Bandai",200,YES,https://collectibles.uy/producto/majin-boo-dragon-ball-figuarts-bandai-1841,YES,YES,"Majin-boo Dragon Ball Figuarts Bandai | Collectibles Uruguay",YES,YES,PASS
https://collectibles.uy/producto/poppolio-pokemon-moncolle-ex-takara-tomy-emc-03-1079,PRODUCT,"Poppolio Pokemon Moncolle Ex Takara Tomy Emc_03",200,YES,https://collectibles.uy/producto/poppolio-pokemon-moncolle-ex-takara-tomy-emc-03-1079,YES,YES,"Poppolio Pokemon Moncolle Ex Takara Tomy Emc_03 | Collectibles Uruguay",YES,YES,PASS
https://collectibles.uy/producto/chewbacca-star-wars-a-new-hope-figuarts-bandai-1522,PRODUCT,"Chewbacca Star Wars A New Hope Figuarts Bandai",200,YES,https://collectibles.uy/producto/chewbacca-star-wars-a-new-hope-figuarts-bandai-1522,YES,YES,"Chewbacca Star Wars A New Hope Figuarts Bandai | Collectibles Uruguay",YES,YES,PASS
https://collectibles.uy/producto/uzumaki-naruto-shippuden-jinchuuriki-entrusted-hope-figuarts-5659,PRODUCT,"Uzumaki Naruto Shippuden Jinchuuriki Entrusted Hope Figuarts",200,YES,https://collectibles.uy/producto/uzumaki-naruto-shippuden-jinchuuriki-entrusted-hope-figuarts-5659,YES,YES,"Uzumaki Naruto Shippuden Jinchuuriki Entrusted Hope Figuarts | Collect",YES,YES,PASS
https://collectibles.uy/producto/uzumaki-naruto-shippuden-playmobil-71096-7015,PRODUCT,"Uzumaki Naruto Shippuden Playmobil 71096",200,YES,https://collectibles.uy/producto/uzumaki-naruto-shippuden-playmobil-71096-7015,YES,YES,"Uzumaki Naruto Shippuden Playmobil 71096 | Collectibles Uruguay",YES,YES,PASS
https://collectibles.uy/producto/dragon-ball-super-limit-breaker-series-vegeta-30cm-3iaij,PRODUCT,"Dragon Ball Super - Limit Breaker Series - Vegeta 30cm",200,YES,https://collectibles.uy/producto/dragon-ball-super-limit-breaker-series-vegeta-30cm-3iaij,YES,YES,"Dragon Ball Super - Limit Breaker Series - Vegeta 30cm | Collectibles ",YES,YES,PASS
https://collectibles.uy/producto/dragon-ball-super-limit-breaker-series-gohan-30cm-cs1kc,PRODUCT,"Dragon Ball Super - Limit Breaker Series - Gohan 30cm",200,YES,https://collectibles.uy/producto/dragon-ball-super-limit-breaker-series-gohan-30cm-cs1kc,YES,YES,"Dragon Ball Super - Limit Breaker Series - Gohan 30cm | Collectibles U",YES,YES,PASS
https://collectibles.uy/producto/latias-pokemon-moncolle-ex-takara-tomy-ms-47-2717,PRODUCT,"Latias Pokemon Moncolle Ex Takara Tomy Ms 47",200,YES,https://collectibles.uy/producto/latias-pokemon-moncolle-ex-takara-tomy-ms-47-2717,YES,YES,"Latias Pokemon Moncolle Ex Takara Tomy Ms 47 | Collectibles Uruguay",YES,YES,PASS
https://collectibles.uy/producto/boba-fett-the-mandalorian-star-wars-credit-collection-hasbro-9086,PRODUCT,"Boba Fett The Mandalorian Star Wars Credit Collection Hasbro",200,YES,https://collectibles.uy/producto/boba-fett-the-mandalorian-star-wars-credit-collection-hasbro-9086,YES,YES,"Boba Fett The Mandalorian Star Wars Credit Collection Hasbro | Collect",YES,YES,PASS
https://collectibles.uy/producto/t-800-police-station-assault-ultimate-terminator-neca-7000,PRODUCT,"T-800 Police Station Assault Ultimate Terminator Neca",200,YES,https://collectibles.uy/producto/t-800-police-station-assault-ultimate-terminator-neca-7000,YES,YES,"T-800 Police Station Assault Ultimate Terminator Neca | Collectibles U",YES,YES,PASS
https://collectibles.uy/producto/anime-heroes-one-piece-trafalgar-law-17-cm-07a11,PRODUCT,"Anime Heroes - One Piece - Trafalgar Law 17 cm",200,YES,https://collectibles.uy/producto/anime-heroes-one-piece-trafalgar-law-17-cm-07a11,YES,YES,"Anime Heroes - One Piece - Trafalgar Law 17 cm | Collectibles Uruguay",YES,YES,PASS
https://collectibles.uy/producto/super-saiyan-god-ss-goku-dragon-ball-evolve-bandai-9977,PRODUCT,"Super Saiyan God Ss Goku Dragon Ball Evolve Bandai",200,YES,https://collectibles.uy/producto/super-saiyan-god-ss-goku-dragon-ball-evolve-bandai-9977,YES,YES,"Super Saiyan God Ss Goku Dragon Ball Evolve Bandai | Collectibles Urug",YES,YES,PASS
https://collectibles.uy/producto/coronation-starscream-transformers-studio-series-86-12-6710,PRODUCT,"Coronation Starscream Transformers Studio Series 86-12",200,YES,https://collectibles.uy/producto/coronation-starscream-transformers-studio-series-86-12-6710,YES,YES,"Coronation Starscream Transformers Studio Series 86-12 | Collectibles ",YES,YES,PASS
https://collectibles.uy/producto/ahsoka-tano-mandalorian-star-wars-credit-collection-8810,PRODUCT,"Ahsoka Tano Mandalorian Star Wars Credit Collection",200,YES,https://collectibles.uy/producto/ahsoka-tano-mandalorian-star-wars-credit-collection-8810,YES,YES,"Ahsoka Tano Mandalorian Star Wars Credit Collection | Collectibles Uru",YES,YES,PASS
https://collectibles.uy/producto/the-legend-of-zelda-a-link-between-worlds-figma-ex-032-1980,PRODUCT,"The Legend Of Zelda A Link Between Worlds Figma Ex-032",200,YES,https://collectibles.uy/producto/the-legend-of-zelda-a-link-between-worlds-figma-ex-032-1980,YES,YES,"The Legend Of Zelda A Link Between Worlds Figma Ex-032 | Collectibles ",YES,YES,PASS
https://collectibles.uy/producto/minecraft-capsula-con-llavero-2-16,PRODUCT,"MINECRAFT! CAPSULA CON LLAVERO 2.16""",200,YES,https://collectibles.uy/producto/minecraft-capsula-con-llavero-2-16,YES,YES,"MINECRAFT! CAPSULA CON LLAVERO 2.16&quot; | Collectibles Uruguay",YES,YES,PASS
https://collectibles.uy/producto/golden-frieza-dragon-ball-shodo-vol-2-bandai-8574,PRODUCT,"Golden Frieza Dragon Ball Shodo Vol.2 Bandai",200,YES,https://collectibles.uy/producto/golden-frieza-dragon-ball-shodo-vol-2-bandai-8574,YES,YES,"Golden Frieza Dragon Ball Shodo Vol.2 Bandai | Collectibles Uruguay",YES,YES,PASS
https://collectibles.uy/producto/hal-nameless-one-minecraft-dungeons-mattel-mu-eco-figura-5138,PRODUCT,"Hal Nameless One Minecraft Dungeons Mattel Muñeco Figura",200,YES,https://collectibles.uy/producto/hal-nameless-one-minecraft-dungeons-mattel-mu-eco-figura-5138,YES,YES,"Hal Nameless One Minecraft Dungeons Mattel Muñeco Figura | Collectible",YES,YES,PASS
https://collectibles.uy/producto/bulma-dragon-ball-figuarts-bandai-3198,PRODUCT,"Bulma Dragon Ball Figuarts Bandai",200,YES,https://collectibles.uy/producto/bulma-dragon-ball-figuarts-bandai-3198,YES,YES,"Bulma Dragon Ball Figuarts Bandai | Collectibles Uruguay",YES,YES,PASS
https://collectibles.uy/producto/dragon-ball-super-dragon-stars-series-vegeta-17cm-lrc3j,PRODUCT,"Dragon Ball Super - Dragon Stars Series - Vegeta 17cm",200,YES,https://collectibles.uy/producto/dragon-ball-super-dragon-stars-series-vegeta-17cm-lrc3j,YES,YES,"Dragon Ball Super - Dragon Stars Series - Vegeta 17cm | Collectibles U",YES,YES,PASS
https://collectibles.uy/producto/kakashi-naruto-shippuden-playmobil-71099-9356,PRODUCT,"Kakashi Naruto Shippuden Playmobil 71099",200,YES,https://collectibles.uy/producto/kakashi-naruto-shippuden-playmobil-71099-9356,YES,YES,"Kakashi Naruto Shippuden Playmobil 71099 | Collectibles Uruguay",YES,YES,PASS
https://collectibles.uy/producto/dragon-ball-super-dragon-stars-series-super-sayain-3-vegeta-daima-17cm-0hzaj,PRODUCT,"Dragon Ball Super - Dragon Stars Series - Super Sayain 3 Vegeta Daima 17cm",200,YES,https://collectibles.uy/producto/dragon-ball-super-dragon-stars-series-super-sayain-3-vegeta-daima-17cm-0hzaj,YES,YES,"Dragon Ball Super - Dragon Stars Series - Super Sayain 3 Vegeta Daima ",YES,YES,PASS
https://collectibles.uy/producto/super-saiyan-goku-full-power-dragon-ball-figuarts-bandai-4616,PRODUCT,"Super Saiyan Goku Full Power Dragon Ball Figuarts Bandai",200,YES,https://collectibles.uy/producto/super-saiyan-goku-full-power-dragon-ball-figuarts-bandai-4616,YES,YES,"Super Saiyan Goku Full Power Dragon Ball Figuarts Bandai | Collectible",YES,YES,PASS
https://collectibles.uy/producto/itachi-naruto-ultimate-legends-bandai-2544,PRODUCT,"Itachi Naruto Ultimate Legends Bandai",200,YES,https://collectibles.uy/producto/itachi-naruto-ultimate-legends-bandai-2544,YES,YES,"Itachi Naruto Ultimate Legends Bandai | Collectibles Uruguay",YES,YES,PASS
https://collectibles.uy/producto/pokemon-moncolle-ex-blaziken-takara-tomy-1614,PRODUCT,"Pokemon Moncolle Ex Blaziken Takara Tomy",200,YES,https://collectibles.uy/producto/pokemon-moncolle-ex-blaziken-takara-tomy-1614,YES,YES,"Pokemon Moncolle Ex Blaziken Takara Tomy | Collectibles Uruguay",YES,YES,PASS
https://collectibles.uy/producto/vegeta-dragon-ball-super-evolve-bandai-7210,PRODUCT,"Vegeta Dragon Ball Super Evolve Bandai",200,YES,https://collectibles.uy/producto/vegeta-dragon-ball-super-evolve-bandai-7210,YES,YES,"Vegeta Dragon Ball Super Evolve Bandai | Collectibles Uruguay",YES,YES,PASS
https://collectibles.uy/producto/liberty-chica-five-nights-freddy-s-special-delivery-funko-7603,PRODUCT,"Liberty Chica Five Nights Freddy´s Special Delivery Funko",200,YES,https://collectibles.uy/producto/liberty-chica-five-nights-freddy-s-special-delivery-funko-7603,YES,YES,"Liberty Chica Five Nights Freddy´s Special Delivery Funko | Collectibl",YES,YES,PASS
https://collectibles.uy/producto/catwoman-batman-returns-living-dead-dolls-mezco-5116,PRODUCT,"Catwoman Batman Returns Living Dead Dolls Mezco",200,YES,https://collectibles.uy/producto/catwoman-batman-returns-living-dead-dolls-mezco-5116,YES,YES,"Catwoman Batman Returns Living Dead Dolls Mezco | Collectibles Uruguay",YES,YES,PASS
https://collectibles.uy/producto/saint-seiya-petit-chara-land-vol-2-megahouse-7580,PRODUCT,"Saint Seiya Petit Chara Land Vol.2 Megahouse",200,YES,https://collectibles.uy/producto/saint-seiya-petit-chara-land-vol-2-megahouse-7580,YES,YES,"Saint Seiya Petit Chara Land Vol.2 Megahouse | Collectibles Uruguay",YES,YES,PASS
https://collectibles.uy/producto/figura-de-acci-n-charizard-ms-15-de-takara-tomy-monster-collection-ex-9361,PRODUCT,"Figura De Acción Charizard Ms-15 De Takara Tomy Monster Collection Ex",200,YES,https://collectibles.uy/producto/figura-de-acci-n-charizard-ms-15-de-takara-tomy-monster-collection-ex-9361,YES,YES,"Figura De Acción Charizard Ms-15 De Takara Tomy Monster Collection Ex ",YES,YES,PASS
https://collectibles.uy/producto/america-chavez-multiverse-of-darkness-marvel-legends-rintrah-40x2b,PRODUCT,"America Chavez Multiverse Of Darkness Marvel Legends Rintrah",200,YES,https://collectibles.uy/producto/america-chavez-multiverse-of-darkness-marvel-legends-rintrah-40x2b,YES,YES,"America Chavez Multiverse Of Darkness Marvel Legends Rintrah | Collect",YES,YES,PASS
https://collectibles.uy/producto/anime-heroes-mega-one-piece-monkey-d-luffy-30-cm-lgclh,PRODUCT,"Anime Heroes Mega - One Piece - Monkey D. Luffy 30 cm",200,YES,https://collectibles.uy/producto/anime-heroes-mega-one-piece-monkey-d-luffy-30-cm-lgclh,YES,YES,"Anime Heroes Mega - One Piece - Monkey D. Luffy 30 cm | Collectibles U",YES,YES,PASS
https://collectibles.uy/producto/dragon-ball-super-limit-breaker-series-cell-30cm-afsg1,PRODUCT,"Dragon Ball Super Limit Breaker Series - Cell 30cm",200,YES,https://collectibles.uy/producto/dragon-ball-super-limit-breaker-series-cell-30cm-afsg1,YES,YES,"Dragon Ball Super Limit Breaker Series - Cell 30cm | Collectibles Urug",YES,YES,PASS
https://collectibles.uy/producto/gaara-naruto-shippuden-figuarts-bandai-8823,PRODUCT,"Gaara Naruto Shippuden Figuarts Bandai",200,YES,https://collectibles.uy/producto/gaara-naruto-shippuden-figuarts-bandai-8823,YES,YES,"Gaara Naruto Shippuden Figuarts Bandai | Collectibles Uruguay",YES,YES,PASS
https://collectibles.uy/producto/black-widow-marvel-legends-hasbro-pg6do,PRODUCT,"Black Widow Marvel Legends Hasbro",200,YES,https://collectibles.uy/producto/black-widow-marvel-legends-hasbro-pg6do,YES,YES,"Black Widow Marvel Legends Hasbro | Collectibles Uruguay",YES,YES,PASS
https://collectibles.uy/producto/uzumaki-naruto-shippuden-best-selection-figuarts-bandai-1116,PRODUCT,"Uzumaki Naruto Shippuden Best Selection Figuarts Bandai",200,YES,https://collectibles.uy/producto/uzumaki-naruto-shippuden-best-selection-figuarts-bandai-1116,YES,YES,"Uzumaki Naruto Shippuden Best Selection Figuarts Bandai | Collectibles",YES,YES,PASS
https://collectibles.uy/producto/springtrap-freddy-five-nights-at-freddy-s-snaps-funko-1066,PRODUCT,"Springtrap Freddy Five Nights At Freddy´s Snaps Funko",200,YES,https://collectibles.uy/producto/springtrap-freddy-five-nights-at-freddy-s-snaps-funko-1066,YES,YES,"Springtrap Freddy Five Nights At Freddy´s Snaps Funko | Collectibles U",YES,YES,PASS
https://collectibles.uy/producto/cenicienta-princesas-disney-baby-bebe-disfraz-disguise-cenicienta-baby-6-12meses-3302,PRODUCT,"Cenicienta Princesas Disney Baby Bebe Disfraz Disguise Cenicienta Baby 6-12meses",200,YES,https://collectibles.uy/producto/cenicienta-princesas-disney-baby-bebe-disfraz-disguise-cenicienta-baby-6-12meses-3302,YES,YES,"Cenicienta Princesas Disney Baby Bebe Disfraz Disguise Cenicienta Baby",YES,YES,PASS
https://collectibles.uy/producto/peluche-chainsaw-man-29cm-play-by-play-naranja,PRODUCT,"Peluche Chainsaw Man  29cm Play By Play Naranja",200,YES,https://collectibles.uy/producto/peluche-chainsaw-man-29cm-play-by-play-naranja,YES,YES,"Chainsaw Man | Collectibles | Collectibles Uruguay",YES,YES,PASS
https://collectibles.uy/producto/ryu-street-fighter-v-figuarts-bandai-4404,PRODUCT,"Ryu Street Fighter V Figuarts Bandai",200,YES,https://collectibles.uy/producto/ryu-street-fighter-v-figuarts-bandai-4404,YES,YES,"Ryu Street Fighter V Figuarts Bandai | Collectibles Uruguay",YES,YES,PASS
https://collectibles.uy/producto/brooklyn-ultimate-gargoyles-disney-neca-1754,PRODUCT,"Brooklyn Ultimate Gargoyles Disney Neca",200,YES,https://collectibles.uy/producto/brooklyn-ultimate-gargoyles-disney-neca-1754,YES,YES,"Brooklyn Ultimate Gargoyles Disney Neca | Collectibles Uruguay",YES,YES,PASS
https://collectibles.uy/producto/party-wagon-tortugas-ninja-turtles-playmates-4513,PRODUCT,"Party Wagon Tortugas Ninja Turtles Playmates",200,YES,https://collectibles.uy/producto/party-wagon-tortugas-ninja-turtles-playmates-4513,YES,YES,"Party Wagon Tortugas Ninja Turtles Playmates | Collectibles Uruguay",YES,YES,PASS
https://collectibles.uy/producto/cyborg-spiderman-across-spider-verse-marvel-legends-qglku,PRODUCT,"Cyborg Spiderman Across Spider-verse Marvel Legends",200,YES,https://collectibles.uy/producto/cyborg-spiderman-across-spider-verse-marvel-legends-qglku,YES,YES,"Cyborg Spiderman Across Spider-verse Marvel Legends | Collectibles Uru",YES,YES,PASS
https://collectibles.uy/producto/piccolo-dragon-ball-super-evolve-bandai-8011,PRODUCT,"Piccolo Dragon Ball Super Evolve Bandai",200,YES,https://collectibles.uy/producto/piccolo-dragon-ball-super-evolve-bandai-8011,YES,YES,"Piccolo Dragon Ball Super Evolve Bandai | Collectibles Uruguay",YES,YES,PASS
https://collectibles.uy/producto/five-nights-at-freddy-s-curse-of-dreadbear-funko-4758,PRODUCT,"Five Nights At Freddy´s Curse Of Dreadbear Funko",200,YES,https://collectibles.uy/producto/five-nights-at-freddy-s-curse-of-dreadbear-funko-4758,YES,YES,"Five Nights At Freddy´s Curse Of Dreadbear Funko | Collectibles Urugua",YES,YES,PASS
https://collectibles.uy/producto/funko-snaps-five-nightsat-at-freddys-springtrap-and-freddy-7532,PRODUCT,"Funko Snaps Five Nightsat At Freddys Springtrap And Freddy",200,YES,https://collectibles.uy/producto/funko-snaps-five-nightsat-at-freddys-springtrap-and-freddy-7532,YES,YES,"Funko Snaps Five Nightsat At Freddys Springtrap And Freddy | Collectib",YES,YES,PASS
https://collectibles.uy/producto/panini-fifa-world-class-2024-sobre-figuritas-10-album-fifa-wold-class-estadio,PRODUCT,"Panini Fifa World Class 2024 Sobre Figuritas 10 + Album Fifa Wold Class Estadio",200,YES,https://collectibles.uy/producto/panini-fifa-world-class-2024-sobre-figuritas-10-album-fifa-wold-class-estadio,YES,YES,"FIFA WOLD CLASS | Collectibles | Collectibles Uruguay",YES,YES,PASS
https://collectibles.uy/producto/slash-tortugas-ninja-turtles-archie-comics-neca-3409,PRODUCT,"Slash Tortugas Ninja Turtles Archie Comics Neca",200,YES,https://collectibles.uy/producto/slash-tortugas-ninja-turtles-archie-comics-neca-3409,YES,YES,"Slash Tortugas Ninja Turtles Archie Comics Neca | Collectibles Uruguay",YES,YES,PASS
https://collectibles.uy/producto/red-skull-what-if-marvel-legends-khonshu-baf-ueitp,PRODUCT,"Red Skull What If Marvel Legends Khonshu Baf",200,YES,https://collectibles.uy/producto/red-skull-what-if-marvel-legends-khonshu-baf-ueitp,YES,YES,"Red Skull What If Marvel Legends Khonshu Baf | Collectibles Uruguay",YES,YES,PASS
https://collectibles.uy/producto/indominus-rex-camouflage-battle-jurassic-world-dino-trackers-7891,PRODUCT,"Indominus Rex Camouflage Battle Jurassic World Dino Trackers",200,YES,https://collectibles.uy/producto/indominus-rex-camouflage-battle-jurassic-world-dino-trackers-7891,YES,YES,"Indominus Rex Camouflage Battle Jurassic World Dino Trackers | Collect",YES,YES,PASS
https://collectibles.uy/producto/amazing-spiderman-no-way-home-andrew-garfield-marvel-legends-2215,PRODUCT,"Amazing Spiderman No Way Home Andrew Garfield Marvel Legends",200,YES,https://collectibles.uy/producto/amazing-spiderman-no-way-home-andrew-garfield-marvel-legends-2215,YES,YES,"Amazing Spiderman No Way Home Andrew Garfield Marvel Legends | Collect",YES,YES,PASS
https://collectibles.uy/producto/livewire-freddy-five-nights-freddy-s-special-delivery-funko-8458,PRODUCT,"Livewire Freddy Five Nights Freddy´s Special Delivery Funko",200,YES,https://collectibles.uy/producto/livewire-freddy-five-nights-freddy-s-special-delivery-funko-8458,YES,YES,"Livewire Freddy Five Nights Freddy´s Special Delivery Funko | Collecti",YES,YES,PASS
https://collectibles.uy/producto/harley-quinn-batman-the-adventures-continue-dc-collectibles-1292,PRODUCT,"Harley Quinn Batman The Adventures Continue Dc Collectibles",200,YES,https://collectibles.uy/producto/harley-quinn-batman-the-adventures-continue-dc-collectibles-1292,YES,YES,"Harley Quinn Batman The Adventures Continue Dc Collectibles | Collecti",YES,YES,PASS
https://collectibles.uy/producto/funko-pop-the-real-ghostbusters-egon-spengler,PRODUCT,"Funko Pop! The Real Ghostbusters Egon Spengler",200,YES,https://collectibles.uy/producto/funko-pop-the-real-ghostbusters-egon-spengler,YES,YES,"Funko Pop Egon Spengler | The Real Ghostbusters | Collectibles | Colle",YES,YES,PASS
https://collectibles.uy/producto/crabmeat-sonic-the-hedgehog-6cm-wave-6-jakks-1499,PRODUCT,"Crabmeat Sonic The Hedgehog 6cm Wave 6 Jakks",200,YES,https://collectibles.uy/producto/crabmeat-sonic-the-hedgehog-6cm-wave-6-jakks-1499,YES,YES,"Crabmeat Sonic The Hedgehog 6cm Wave 6 Jakks | Collectibles Uruguay",YES,YES,PASS
https://collectibles.uy/producto/funko-five-nights-at-freddys-tie-dye-springtrap-figura-origi-9365,PRODUCT,"Funko Five Nights At Freddys Tie Dye Springtrap Figura Origi",200,YES,https://collectibles.uy/producto/funko-five-nights-at-freddys-tie-dye-springtrap-figura-origi-9365,YES,YES,"Funko Five Nights At Freddys Tie Dye Springtrap Figura Origi | Collect",YES,YES,PASS
https://collectibles.uy/producto/jack-o-bonnie-five-nights-at-freddy-s-curse-dreadbear-funko-9791,PRODUCT,"Jack O Bonnie Five Nights At Freddy´s Curse Dreadbear Funko",200,YES,https://collectibles.uy/producto/jack-o-bonnie-five-nights-at-freddy-s-curse-dreadbear-funko-9791,YES,YES,"Jack O Bonnie Five Nights At Freddy´s Curse Dreadbear Funko | Collecti",YES,YES,PASS
https://collectibles.uy/producto/snake-ultimate-predator-2-depredador-neca-8511,PRODUCT,"Snake Ultimate Predator 2 Depredador Neca",200,YES,https://collectibles.uy/producto/snake-ultimate-predator-2-depredador-neca-8511,YES,YES,"Snake Ultimate Predator 2 Depredador Neca | Collectibles Uruguay",YES,YES,PASS
https://collectibles.uy/producto/nutcracker-foxy-five-nights-at-freddy-s-funko-1414,PRODUCT,"Nutcracker Foxy Five Nights At Freddy's Funko",200,YES,https://collectibles.uy/producto/nutcracker-foxy-five-nights-at-freddy-s-funko-1414,YES,YES,"Nutcracker Foxy Five Nights At Freddy&#039;s Funko | Collectibles Urug",YES,YES,PASS
https://collectibles.uy/producto/funko-pop-spider-man-across-the-spider-verse-spider-2099,PRODUCT,"Funko Pop! Spider-man Across The Spider-verse - Spider 2099",200,YES,https://collectibles.uy/producto/funko-pop-spider-man-across-the-spider-verse-spider-2099,YES,YES,"Funko Pop Spider-man 2099 | Marvel | Collectibles | Collectibles Urugu",YES,YES,PASS
https://collectibles.uy/producto/red-skull-what-if-marvel-legends-khonshu-baf-k4do5,PRODUCT,"Red Skull What If Marvel Legends Khonshu Baf",200,YES,https://collectibles.uy/producto/red-skull-what-if-marvel-legends-khonshu-baf-k4do5,YES,YES,"Red Skull What If Marvel Legends Khonshu Baf | Collectibles Uruguay",YES,YES,PASS
https://collectibles.uy/producto/gengar-pokemon-moncolle-ex-takara-tomy-ms-26-9049,PRODUCT,"Gengar Pokemon Moncolle Ex Takara Tomy Ms 26",200,YES,https://collectibles.uy/producto/gengar-pokemon-moncolle-ex-takara-tomy-ms-26-9049,YES,YES,"Gengar Pokemon Moncolle Ex Takara Tomy Ms 26 | Collectibles Uruguay",YES,YES,PASS
https://collectibles.uy/producto/cars-showtime-story-pack-disney-pixar-mattel-4-pack-showtime-story-pack-6248,PRODUCT,"Cars Showtime Story Pack Disney Pixar Mattel 4 Pack Showtime Story Pack",200,YES,https://collectibles.uy/producto/cars-showtime-story-pack-disney-pixar-mattel-4-pack-showtime-story-pack-6248,YES,YES,"Cars Showtime Story Pack Disney Pixar Mattel 4 Pack Showtime Story Pac",YES,YES,PASS
https://collectibles.uy/producto/super-sonic-the-hedgehog-knuckles-tails-10cm-jakks-pacific-6810,PRODUCT,"Super Sonic The Hedgehog Knuckles Tails 10cm Jakks Pacific",200,YES,https://collectibles.uy/producto/super-sonic-the-hedgehog-knuckles-tails-10cm-jakks-pacific-6810,YES,YES,"Super Sonic The Hedgehog Knuckles Tails 10cm Jakks Pacific | Collectib",YES,YES,PASS
https://collectibles.uy/producto/funko-pop-marvel-doctor-strange-in-the-multiverse-of-madness-sara,PRODUCT,"Funko Pop! Marvel Doctor Strange in the Multiverse Of Madness - Sara",200,YES,https://collectibles.uy/producto/funko-pop-marvel-doctor-strange-in-the-multiverse-of-madness-sara,YES,YES,"Funko Pop Sara | Marvel | Collectibles | Collectibles Uruguay",YES,YES,PASS
https://collectibles.uy/producto/mr--freeze-batman-the-animated-series-dc-collectibles-48-9341,PRODUCT,"Mr. Freeze Batman The Animated Series Dc Collectibles 48",200,YES,https://collectibles.uy/producto/mr--freeze-batman-the-animated-series-dc-collectibles-48-9341,YES,YES,"Mr. Freeze Batman The Animated Series Dc Collectibles 48 | Collectible",YES,YES,PASS
https://collectibles.uy/producto/funko-plush-marvel-ironman,PRODUCT,"Funko Plush: Marvel - Ironman",200,YES,https://collectibles.uy/producto/funko-plush-marvel-ironman,YES,YES,"Funko Plush Iron Man Zombie | Marvel | Collectibles | Collectibles Uru",YES,YES,PASS
https://collectibles.uy/producto/moon-five-nights-freddy-s-security-breach-funko-6744,PRODUCT,"Moon Five Nights Freddy´s Security Breach Funko",200,YES,https://collectibles.uy/producto/moon-five-nights-freddy-s-security-breach-funko-6744,YES,YES,"Moon Five Nights Freddy´s Security Breach Funko | Collectibles Uruguay",YES,YES,PASS
https://collectibles.uy/producto/peluche-so-so-happy-lulu-amarillo,PRODUCT,"Peluche So So Happy Lulu Amarillo",200,YES,https://collectibles.uy/producto/peluche-so-so-happy-lulu-amarillo,YES,YES,"Peluche So So Happy Lulu Amarillo | Commonwealth Toys | Collectibles |",YES,YES,PASS
https://collectibles.uy/producto/funko-pop-ironman-model-4-deluxe,PRODUCT,"Funko Pop! Ironman Model 4 (deluxe)",200,YES,https://collectibles.uy/producto/funko-pop-ironman-model-4-deluxe,YES,YES,"Funko Pop Iron Man Zombie | Marvel | Collectibles | Collectibles Urugu",YES,YES,PASS
https://collectibles.uy/producto/michelangelo-tortugas-ninja-movie-star-playmates-8820,PRODUCT,"Michelangelo Tortugas Ninja Movie Star Playmates",200,YES,https://collectibles.uy/producto/michelangelo-tortugas-ninja-movie-star-playmates-8820,YES,YES,"Michelangelo Tortugas Ninja Movie Star Playmates | Collectibles Urugua",YES,YES,PASS
https://collectibles.uy/producto/wonder-woman-84-golden-armor-hot-toys-mms578-deluxe-version-5749,PRODUCT,"Wonder Woman 84 Golden Armor Hot Toys Mms578 Deluxe Version",200,YES,https://collectibles.uy/producto/wonder-woman-84-golden-armor-hot-toys-mms578-deluxe-version-5749,YES,YES,"Wonder Woman 84 Golden Armor Hot Toys Mms578 Deluxe Version | Collecti",YES,YES,PASS
https://collectibles.uy/producto/peluche-so-so-happy-iribe-verde-lima,PRODUCT,"Peluche So So Happy Iribe Verde Lima",200,YES,https://collectibles.uy/producto/peluche-so-so-happy-iribe-verde-lima,YES,YES,"IRIBE | Collectibles | Collectibles Uruguay",YES,YES,PASS
https://collectibles.uy/producto/robin-wonder-boy-batman-forever-dc-hot-toys-5513,PRODUCT,"Robin Wonder Boy Batman Forever Dc Hot Toys",200,YES,https://collectibles.uy/producto/robin-wonder-boy-batman-forever-dc-hot-toys-5513,YES,YES,"Robin Wonder Boy Batman Forever Dc Hot Toys | Collectibles Uruguay",YES,YES,PASS
https://collectibles.uy/producto/shiny-umbreon-eevee-pokemon-center-peluche-20cm-shiny-umbreon-6428,PRODUCT,"Shiny Umbreon Eevee Pokemon Center Peluche 20cm Shiny Umbreon",200,YES,https://collectibles.uy/producto/shiny-umbreon-eevee-pokemon-center-peluche-20cm-shiny-umbreon-6428,YES,YES,"Shiny Umbreon Eevee Pokemon Center Peluche 20cm Shiny Umbreon | Collec",YES,YES,PASS
https://collectibles.uy/producto/funko-pop-albums-news-of-the-world-queen,PRODUCT,"Funko Pop Albums: News Of The World - Queen",200,YES,https://collectibles.uy/producto/funko-pop-albums-news-of-the-world-queen,YES,YES,"Funko Pop Queen | Queen | Collectibles | Collectibles Uruguay",YES,YES,PASS
https://collectibles.uy/producto/psylocke-nimrod-fantomex-x-men-marvel-legends-hasbro-6574,PRODUCT,"Psylocke Nimrod Fantomex X-men Marvel Legends Hasbro",200,YES,https://collectibles.uy/producto/psylocke-nimrod-fantomex-x-men-marvel-legends-hasbro-6574,YES,YES,"Psylocke Nimrod Fantomex X-men Marvel Legends Hasbro | Collectibles Ur",YES,YES,PASS
https://collectibles.uy/producto/marvel-legends-x-men-age-of-apocalypse-legion,PRODUCT,"Marvel Legends! X-men Age Of Apocalypse - Legion",200,YES,https://collectibles.uy/producto/marvel-legends-x-men-age-of-apocalypse-legion,YES,YES,"Marvel Legends Legion | Marvel | Collectibles | Collectibles Uruguay",YES,YES,PASS
https://collectibles.uy/producto/misugi-jun-captain-tsubasa-dasin-model-3434,PRODUCT,"Misugi Jun Captain Tsubasa Dasin Model",200,YES,https://collectibles.uy/producto/misugi-jun-captain-tsubasa-dasin-model-3434,YES,YES,"Misugi Jun Captain Tsubasa Dasin Model | Collectibles Uruguay",YES,YES,PASS
https://collectibles.uy/producto/upgraded-suit-spiderman-no-way-home-marvel-legends-hasbro-tf029,PRODUCT,"Upgraded Suit Spiderman No Way Home Marvel Legends Hasbro",200,YES,https://collectibles.uy/producto/upgraded-suit-spiderman-no-way-home-marvel-legends-hasbro-tf029,YES,YES,"Upgraded Suit Spiderman No Way Home Marvel Legends Hasbro | Collectibl",YES,YES,PASS
https://collectibles.uy/producto/sandman-spiderman-marvel-legends-hasbro-j0vy6,PRODUCT,"Sandman Spiderman Marvel Legends Hasbro",200,YES,https://collectibles.uy/producto/sandman-spiderman-marvel-legends-hasbro-j0vy6,YES,YES,"Sandman Spiderman Marvel Legends Hasbro | Collectibles Uruguay",YES,YES,PASS
https://collectibles.uy/producto/figuras-hasbro-dungeons-and-dragons-golden-archive-edgin,PRODUCT,"Figuras Hasbro Dungeons And Dragons Golden Archive - Edgin",200,YES,https://collectibles.uy/producto/figuras-hasbro-dungeons-and-dragons-golden-archive-edgin,YES,YES,"Edgin Dungeons &amp; Dragons | Hasbro | Collectibles | Collectibles Ur",YES,YES,PASS
https://collectibles.uy/producto/justice-league-body-aquaman-naranja-verde-0-3,PRODUCT,"Justice League! Body Aquaman Naranja/ Verde 0-3",200,YES,https://collectibles.uy/producto/justice-league-body-aquaman-naranja-verde-0-3,YES,YES,"Justice League Body Aquaman Naranja/ Verde 0-3 | Disney | Collectibles",YES,YES,PASS
https://collectibles.uy/producto/zombie-iron-man-what-if-marvel-legends-khonshu-baf-hasbro-iyrmn,PRODUCT,"Zombie Iron Man What If Marvel Legends Khonshu Baf Hasbro",200,YES,https://collectibles.uy/producto/zombie-iron-man-what-if-marvel-legends-khonshu-baf-hasbro-iyrmn,YES,YES,"Zombie Iron Man What If Marvel Legends Khonshu Baf Hasbro | Collectibl",YES,YES,PASS
https://collectibles.uy/producto/magneto-professor-x-x-men-marvel-legends-hasbro-4465,PRODUCT,"Magneto Professor X X-men Marvel Legends Hasbro",200,YES,https://collectibles.uy/producto/magneto-professor-x-x-men-marvel-legends-hasbro-4465,YES,YES,"Magneto Professor X X-men Marvel Legends Hasbro | Collectibles Uruguay",YES,YES,PASS
https://collectibles.uy/producto/funko-snaps-nightmare-bonnie-armable-five-nights-at-freddy-s-4979,PRODUCT,"Funko Snaps Nightmare Bonnie Armable Five Nights At Freddy's",200,YES,https://collectibles.uy/producto/funko-snaps-nightmare-bonnie-armable-five-nights-at-freddy-s-4979,YES,YES,"Funko Snaps Nightmare Bonnie Armable Five Nights At Freddy&#039;s | Co",YES,YES,PASS
https://collectibles.uy/producto/hex-full-metal-armor-battle-chest-minecraft-dungeons-mattel-2566,PRODUCT,"Hex Full Metal Armor Battle Chest Minecraft Dungeons Mattel",200,YES,https://collectibles.uy/producto/hex-full-metal-armor-battle-chest-minecraft-dungeons-mattel-2566,YES,YES,"Hex Full Metal Armor Battle Chest Minecraft Dungeons Mattel | Collecti",YES,YES,PASS
https://collectibles.uy/producto/ig-11--mandalorian-star-wars-credit-collection-7964,PRODUCT,"Ig-11  Mandalorian Star Wars Credit Collection",200,YES,https://collectibles.uy/producto/ig-11--mandalorian-star-wars-credit-collection-7964,YES,YES,"Ig-11  Mandalorian Star Wars Credit Collection | Collectibles Uruguay",YES,YES,PASS
https://collectibles.uy/producto/arctic-ballora-five-nights-freddy-s-special-delivery-funko-3485,PRODUCT,"Arctic Ballora Five Nights Freddy's Special Delivery Funko",200,YES,https://collectibles.uy/producto/arctic-ballora-five-nights-freddy-s-special-delivery-funko-3485,YES,YES,"Arctic Ballora Five Nights Freddy&#039;s Special Delivery Funko | Coll",YES,YES,PASS
https://collectibles.uy/producto/mandalorian-nite-owl-star-wars-black-series-5721,PRODUCT,"Mandalorian Nite Owl Star Wars Black Series",200,YES,https://collectibles.uy/producto/mandalorian-nite-owl-star-wars-black-series-5721,YES,YES,"Mandalorian Nite Owl Star Wars Black Series | Collectibles Uruguay",YES,YES,PASS
https://collectibles.uy/producto/headpool-logan-deadpool-wolverine-marvel-legends-hasbro-v4wwr,PRODUCT,"Headpool Logan Deadpool & Wolverine Marvel Legends Hasbro",200,YES,https://collectibles.uy/producto/headpool-logan-deadpool-wolverine-marvel-legends-hasbro-v4wwr,YES,YES,"Headpool Logan Deadpool &amp; Wolverine Marvel Legends Hasbro | Collec",YES,YES,PASS
https://collectibles.uy/producto/bonnie-five-nights-at-freddy-s-funko-34cm-5947,PRODUCT,"Bonnie Five Nights At Freddy´s Funko 34cm",200,YES,https://collectibles.uy/producto/bonnie-five-nights-at-freddy-s-funko-34cm-5947,YES,YES,"Bonnie Five Nights At Freddy´s Funko 34cm | Collectibles Uruguay",YES,YES,PASS
https://collectibles.uy/producto/yord-fandar-the-acolyte-star-wars-black-series-hasbro-3866,PRODUCT,"Yord Fandar The Acolyte Star Wars Black Series Hasbro",200,YES,https://collectibles.uy/producto/yord-fandar-the-acolyte-star-wars-black-series-hasbro-3866,YES,YES,"Yord Fandar The Acolyte Star Wars Black Series Hasbro | Collectibles U",YES,YES,PASS
https://collectibles.uy/producto/sun-five-nights-freddy-s-security-breach-funko-2147,PRODUCT,"Sun Five Nights Freddy´s Security Breach Funko",200,YES,https://collectibles.uy/producto/sun-five-nights-freddy-s-security-breach-funko-2147,YES,YES,"Sun Five Nights Freddy´s Security Breach Funko | Collectibles Uruguay",YES,YES,PASS
https://collectibles.uy/producto/iron-man-nano-guantelete-infinito-marvel-legends-hasbro-y0mwb,PRODUCT,"Iron Man Nano Guantelete Infinito Marvel Legends Hasbro",200,YES,https://collectibles.uy/producto/iron-man-nano-guantelete-infinito-marvel-legends-hasbro-y0mwb,YES,YES,"Iron Man Nano Guantelete Infinito Marvel Legends Hasbro | Collectibles",YES,YES,PASS
https://collectibles.uy/producto/super-saiyan-broly-dragon-ball-evolve-bandai-9120,PRODUCT,"Super Saiyan Broly Dragon Ball Evolve Bandai",200,YES,https://collectibles.uy/producto/super-saiyan-broly-dragon-ball-evolve-bandai-9120,YES,YES,"Super Saiyan Broly Dragon Ball Evolve Bandai | Collectibles Uruguay",YES,YES,PASS
https://collectibles.uy/producto/yondu-guardians-of-the-galaxy-marvel-legends-hasbro-vfwme,PRODUCT,"Yondu Guardians Of The Galaxy Marvel Legends Hasbro",200,YES,https://collectibles.uy/producto/yondu-guardians-of-the-galaxy-marvel-legends-hasbro-vfwme,YES,YES,"Yondu Guardians Of The Galaxy Marvel Legends Hasbro | Collectibles Uru",YES,YES,PASS
https://collectibles.uy/producto/spider-armor-mk1-spiderman-retro-marvel-legends-hasbro-esyo5,PRODUCT,"Spider-armor Mk1 Spiderman Retro Marvel Legends Hasbro",200,YES,https://collectibles.uy/producto/spider-armor-mk1-spiderman-retro-marvel-legends-hasbro-esyo5,YES,YES,"Spider-armor Mk1 Spiderman Retro Marvel Legends Hasbro | Collectibles ",YES,YES,PASS
https://collectibles.uy/producto/magneto-x-men-age-of-apocalypse-marvel-legends-hasbro-b9j0h,PRODUCT,"Magneto X-men Age Of Apocalypse Marvel Legends Hasbro",200,YES,https://collectibles.uy/producto/magneto-x-men-age-of-apocalypse-marvel-legends-hasbro-b9j0h,YES,YES,"Magneto X-men Age Of Apocalypse Marvel Legends Hasbro | Collectibles U",YES,YES,PASS
https://collectibles.uy/producto/kang-marvel-legends-joe-fixit-baf-hasbro-8957,PRODUCT,"Kang Marvel Legends Joe Fixit Baf Hasbro",200,YES,https://collectibles.uy/producto/kang-marvel-legends-joe-fixit-baf-hasbro-8957,YES,YES,"Kang Marvel Legends Joe Fixit Baf Hasbro | Collectibles Uruguay",YES,YES,PASS
https://collectibles.uy/producto/orville-five-nights-at-freddy-s-glow-in-the-dark-funko-5442,PRODUCT,"Orville Five Nights At Freddy´s Glow In The Dark Funko",200,YES,https://collectibles.uy/producto/orville-five-nights-at-freddy-s-glow-in-the-dark-funko-5442,YES,YES,"Orville Five Nights At Freddy´s Glow In The Dark Funko | Collectibles ",YES,YES,PASS
https://collectibles.uy/producto/cyborg-the-return-of-superman-mafex-medicom-no-164-4212,PRODUCT,"Cyborg The Return Of Superman Mafex Medicom No.164",200,YES,https://collectibles.uy/producto/cyborg-the-return-of-superman-mafex-medicom-no-164-4212,YES,YES,"Cyborg The Return Of Superman Mafex Medicom No.164 | Collectibles Urug",YES,YES,PASS
https://collectibles.uy/producto/funko-pop-marilyn-thornhill-wednesday,PRODUCT,"Funko Pop! TV: Wednesday - Marilyn Thornhill (#1580)",200,YES,https://collectibles.uy/producto/funko-pop-marilyn-thornhill-wednesday,YES,YES,"Funko Pop Marilyn Thornhill | Figuas De Vinil | Collectibles | Collect",YES,YES,PASS
https://collectibles.uy/producto/green-goblin-mj-spiderman-90-s-animated-marvel-legends-7nmeh,PRODUCT,"Green Goblin Mj Spiderman 90's Animated Marvel Legends",200,YES,https://collectibles.uy/producto/green-goblin-mj-spiderman-90-s-animated-marvel-legends-7nmeh,YES,YES,"Green Goblin Mj Spiderman 90&#039;s Animated Marvel Legends | Collecti",YES,YES,PASS
https://collectibles.uy/producto/vanny-freddy-five-nights-at-freddy-s-snaps-funko-6548,PRODUCT,"Vanny Freddy Five Nights At Freddy´s Snaps Funko",200,YES,https://collectibles.uy/producto/vanny-freddy-five-nights-at-freddy-s-snaps-funko-6548,YES,YES,"Vanny Freddy Five Nights At Freddy´s Snaps Funko | Collectibles Urugua",YES,YES,PASS
https://collectibles.uy/producto/armored-david-xanatos-ultimate-gargoyles-disney-neca-9245,PRODUCT,"Armored David Xanatos Ultimate Gargoyles Disney Neca",200,YES,https://collectibles.uy/producto/armored-david-xanatos-ultimate-gargoyles-disney-neca-9245,YES,YES,"Armored David Xanatos Ultimate Gargoyles Disney Neca | Collectibles Ur",YES,YES,PASS
https://collectibles.uy/producto/cyborg-spiderman-across-spider-verse-marvel-legends-bp7xm,PRODUCT,"Cyborg Spiderman Across Spider-verse Marvel Legends",200,YES,https://collectibles.uy/producto/cyborg-spiderman-across-spider-verse-marvel-legends-bp7xm,YES,YES,"Cyborg Spiderman Across Spider-verse Marvel Legends | Collectibles Uru",YES,YES,PASS
https://collectibles.uy/producto/star-wars-the-black-series-figura--boba-fett-hasbro-original-7993,PRODUCT,"Star Wars The Black Series Figura: Boba Fett Hasbro Original",200,YES,https://collectibles.uy/producto/star-wars-the-black-series-figura--boba-fett-hasbro-original-7993,YES,YES,"Star Wars The Black Series Figura: Boba Fett Hasbro Original | Collect",YES,YES,PASS
https://collectibles.uy/producto/figura-mafex-cyborg-superman-9689,PRODUCT,"Figura Mafex Cyborg Superman",200,YES,https://collectibles.uy/producto/figura-mafex-cyborg-superman-9689,YES,YES,"Figura Mafex Cyborg Superman | Collectibles Uruguay",YES,YES,PASS
https://collectibles.uy/producto/body-de-bebes-liga-de-la-justicia-super-girls-rosa-18-meses-lisa,PRODUCT,"Body De Bebes Liga De La Justicia - Super Girls Rosa 18 Meses Lisa",200,YES,https://collectibles.uy/producto/body-de-bebes-liga-de-la-justicia-super-girls-rosa-18-meses-lisa,YES,YES,"Super Girls | Collectibles | Collectibles Uruguay",YES,YES,PASS
https://collectibles.uy/producto/captain-carter-stealth-suit-what-if-marvel-legends-hasbro-iq855,PRODUCT,"Captain Carter Stealth Suit What If Marvel Legends Hasbro",200,YES,https://collectibles.uy/producto/captain-carter-stealth-suit-what-if-marvel-legends-hasbro-iq855,YES,YES,"Captain Carter Stealth Suit What If Marvel Legends Hasbro | Collectibl",YES,YES,PASS
https://collectibles.uy/producto/iron-man-proton-cannon-marvel-legends-hasbro-2z9eg,PRODUCT,"Iron Man Proton Cannon Marvel Legends Hasbro",200,YES,https://collectibles.uy/producto/iron-man-proton-cannon-marvel-legends-hasbro-2z9eg,YES,YES,"Iron Man Proton Cannon Marvel Legends Hasbro | Collectibles Uruguay",YES,YES,PASS
https://collectibles.uy/producto/pegasus-seiya-v3-saint-cloth-myth-bandai-9986,PRODUCT,"Pegasus Seiya V3 Saint Cloth Myth Bandai",200,YES,https://collectibles.uy/producto/pegasus-seiya-v3-saint-cloth-myth-bandai-9986,YES,YES,"Pegasus Seiya V3 Saint Cloth Myth Bandai | Collectibles Uruguay",YES,YES,PASS
https://collectibles.uy/producto/shiny-rayquaza-pokemon-center-peluche-75cm-shiny-rayquaza-2236,PRODUCT,"Shiny Rayquaza Pokemon Center Peluche 75cm Shiny Rayquaza",200,YES,https://collectibles.uy/producto/shiny-rayquaza-pokemon-center-peluche-75cm-shiny-rayquaza-2236,YES,YES,"Shiny Rayquaza Pokemon Center Peluche 75cm Shiny Rayquaza | Collectibl",YES,YES,PASS
https://collectibles.uy/producto/figura-plasma-series-stantz-ghostbusters-afterlife,PRODUCT,"Figura Plasma Series Stantz (ghostbusters Afterlife)",200,YES,https://collectibles.uy/producto/figura-plasma-series-stantz-ghostbusters-afterlife,YES,YES,"Stantz Cazafantasmas | Hasbro | Collectibles | Collectibles Uruguay",YES,YES,PASS
https://collectibles.uy/producto/super-saiyan-god-ss-vegito-vegetto-dragon-ball-evolve-bandai-9188,PRODUCT,"Super Saiyan God Ss Vegito Vegetto Dragon Ball Evolve Bandai",200,YES,https://collectibles.uy/producto/super-saiyan-god-ss-vegito-vegetto-dragon-ball-evolve-bandai-9188,YES,YES,"Super Saiyan God Ss Vegito Vegetto Dragon Ball Evolve Bandai | Collect",YES,YES,PASS
https://collectibles.uy/producto/the-last-ronin-unarmored-tortugas-ninja-turtles-neca-4331,PRODUCT,"The Last Ronin Unarmored Tortugas Ninja Turtles Neca",200,YES,https://collectibles.uy/producto/the-last-ronin-unarmored-tortugas-ninja-turtles-neca-4331,YES,YES,"The Last Ronin Unarmored Tortugas Ninja Turtles Neca | Collectibles Ur",YES,YES,PASS
https://collectibles.uy/producto/chao-mascot-tails-sonic-3-la-pel-cula-series-2-jakks-pacific-3934,PRODUCT,"Chao Mascot Tails Sonic 3 La Película Series 2 Jakks Pacific",200,YES,https://collectibles.uy/producto/chao-mascot-tails-sonic-3-la-pel-cula-series-2-jakks-pacific-3934,YES,YES,"Chao Mascot Tails Sonic 3 La Película Series 2 Jakks Pacific | Collect",YES,YES,PASS
https://collectibles.uy/producto/super-saiyan-trunks-dragon-ball-evolve-bandai-4395,PRODUCT,"Super Saiyan Trunks Dragon Ball Evolve Bandai",200,YES,https://collectibles.uy/producto/super-saiyan-trunks-dragon-ball-evolve-bandai-4395,YES,YES,"Super Saiyan Trunks Dragon Ball Evolve Bandai | Collectibles Uruguay",YES,YES,PASS
https://collectibles.uy/producto/mega-gengar-the-pokemon-company-peluche-20cm-9430,PRODUCT,"Mega Gengar The Pokemon Company Peluche 20cm",200,YES,https://collectibles.uy/producto/mega-gengar-the-pokemon-company-peluche-20cm-9430,YES,YES,"Mega Gengar The Pokemon Company Peluche 20cm | Collectibles Uruguay",YES,YES,PASS
https://collectibles.uy/producto/arcade-marvel-legends-xenmu-baf-hasbro-ban6q,PRODUCT,"Arcade Marvel Legends Xenmu Baf Hasbro",200,YES,https://collectibles.uy/producto/arcade-marvel-legends-xenmu-baf-hasbro-ban6q,YES,YES,"Arcade Marvel Legends Xenmu Baf Hasbro | Collectibles Uruguay",YES,YES,PASS
https://collectibles.uy/producto/figura-articulada-neca-freddy-krueger-nightmare-on-elm-street-ultimate-3804,PRODUCT,"Figura Articulada Neca Freddy Krueger Nightmare On Elm Street Ultimate",200,YES,https://collectibles.uy/producto/figura-articulada-neca-freddy-krueger-nightmare-on-elm-street-ultimate-3804,YES,YES,"Figura Articulada Neca Freddy Krueger Nightmare On Elm Street Ultimate",YES,YES,PASS
https://collectibles.uy/producto/harley-quinn-camiseta-bebe-estampada,PRODUCT,"Harley Quinn! Camiseta Bebé Estampada",200,YES,https://collectibles.uy/producto/harley-quinn-camiseta-bebe-estampada,YES,YES,"Harley Quinn Camiseta Bebé Estampada | CROSSOVER | Collectibles | Coll",YES,YES,PASS
https://collectibles.uy/producto/deadpool---wolverine-pel-cula-marvel-legends-hasbro-2458,PRODUCT,"Deadpool & Wolverine Película Marvel Legends Hasbro",200,YES,https://collectibles.uy/producto/deadpool---wolverine-pel-cula-marvel-legends-hasbro-2458,YES,YES,"Deadpool &amp; Wolverine Película Marvel Legends Hasbro | Collectibles",YES,YES,PASS
https://collectibles.uy/producto/michelangelo-mummy-universal-monsters-ninja-turtles-neca-3271,PRODUCT,"Michelangelo Mummy Universal Monsters Ninja Turtles Neca",200,YES,https://collectibles.uy/producto/michelangelo-mummy-universal-monsters-ninja-turtles-neca-3271,YES,YES,"Michelangelo Mummy Universal Monsters Ninja Turtles Neca | Collectible",YES,YES,PASS
https://collectibles.uy/producto/michael-myers-ultimate-halloween-kills-neca-2342,PRODUCT,"Michael Myers Ultimate Halloween Kills Neca",200,YES,https://collectibles.uy/producto/michael-myers-ultimate-halloween-kills-neca-2342,YES,YES,"Michael Myers Ultimate Halloween Kills Neca | Collectibles Uruguay",YES,YES,PASS
https://collectibles.uy/producto/dragon-ball-super-limit-breaker-series-super-sayain-blue-goku-30cm-s1vgx,PRODUCT,"Dragon Ball Super - Limit Breaker Series - Super Sayain Blue Goku 30cm",200,YES,https://collectibles.uy/producto/dragon-ball-super-limit-breaker-series-super-sayain-blue-goku-30cm-s1vgx,YES,YES,"Dragon Ball Super - Limit Breaker Series - Super Sayain Blue Goku 30cm",YES,YES,PASS
https://collectibles.uy/producto/wakabayashi-genzo-captain-tsubasa-dasin-model-9451,PRODUCT,"Wakabayashi Genzo Captain Tsubasa Dasin Model",200,YES,https://collectibles.uy/producto/wakabayashi-genzo-captain-tsubasa-dasin-model-9451,YES,YES,"Wakabayashi Genzo Captain Tsubasa Dasin Model | Collectibles Uruguay",YES,YES,PASS
https://collectibles.uy/producto/peluche-sonic-the-hedgehog-x-dc-shadow-batman,PRODUCT,"Peluche Sonic The Hedgehog X Dc - Shadow Batman",200,YES,https://collectibles.uy/producto/peluche-sonic-the-hedgehog-x-dc-shadow-batman,YES,YES,"Peluche Sonic The Hedgehog X Dc - Shadow Batman | Collectibles Uruguay",YES,YES,PASS
https://collectibles.uy/producto/cable-x-men-marvel-legends-zabu-baf-hasbro-dc00j,PRODUCT,"Cable X-men Marvel Legends Zabu Baf Hasbro",200,YES,https://collectibles.uy/producto/cable-x-men-marvel-legends-zabu-baf-hasbro-dc00j,YES,YES,"Cable X-men Marvel Legends Zabu Baf Hasbro | Collectibles Uruguay",YES,YES,PASS
https://collectibles.uy/producto/black-widow---effect-avengers-infinity-war-marvel-figuarts-1486,PRODUCT,"Black Widow & Effect Avengers Infinity War Marvel Figuarts",200,YES,https://collectibles.uy/producto/black-widow---effect-avengers-infinity-war-marvel-figuarts-1486,YES,YES,"Black Widow &amp; Effect Avengers Infinity War Marvel Figuarts | Colle",YES,YES,PASS
https://collectibles.uy/producto/batman-the-adventures-continue-dc-collectibles-1982,PRODUCT,"Batman The Adventures Continue Dc Collectibles",200,YES,https://collectibles.uy/producto/batman-the-adventures-continue-dc-collectibles-1982,YES,YES,"Batman The Adventures Continue Dc Collectibles | Collectibles Uruguay",YES,YES,PASS
https://collectibles.uy/producto/storm-forge-jubilee-x-men-marvel-legends-hasbro-kvac2,PRODUCT,"Storm Forge Jubilee X-men Marvel Legends Hasbro",200,YES,https://collectibles.uy/producto/storm-forge-jubilee-x-men-marvel-legends-hasbro-kvac2,YES,YES,"Storm Forge Jubilee X-men Marvel Legends Hasbro | Collectibles Uruguay",YES,YES,PASS
https://collectibles.uy/producto/jiren-dragon-ball-super-stars-series-5-bandai-5574,PRODUCT,"Jiren Dragon Ball Super Stars Series 5 Bandai",200,YES,https://collectibles.uy/producto/jiren-dragon-ball-super-stars-series-5-bandai-5574,YES,YES,"Jiren Dragon Ball Super Stars Series 5 Bandai | Collectibles Uruguay",YES,YES,PASS
https://collectibles.uy/producto/ekans-the-pokemon-company-peluche-100cm-4575,PRODUCT,"Ekans The Pokemon Company Peluche 100cm",200,YES,https://collectibles.uy/producto/ekans-the-pokemon-company-peluche-100cm-4575,YES,YES,"Ekans The Pokemon Company Peluche 100cm | Collectibles Uruguay",YES,YES,PASS
https://collectibles.uy/producto/figura-pokemon-moncolle-ms-30-lapras-9597,PRODUCT,"Figura Pokemon Moncolle Ms-30 Lapras",200,YES,https://collectibles.uy/producto/figura-pokemon-moncolle-ms-30-lapras-9597,YES,YES,"Figura Pokemon Moncolle Ms-30 Lapras | Collectibles Uruguay",YES,YES,PASS
https://collectibles.uy/producto/son-goku-ultra-instinct-sign-dragon-ball-super-evolve-bandai-2608,PRODUCT,"Son Goku Ultra Instinct Sign Dragon Ball Super Evolve Bandai",200,YES,https://collectibles.uy/producto/son-goku-ultra-instinct-sign-dragon-ball-super-evolve-bandai-2608,YES,YES,"Son Goku Ultra Instinct Sign Dragon Ball Super Evolve Bandai | Collect",YES,YES,PASS
https://collectibles.uy/producto/jean-grey-x-men-90-s-animated-series-marvel-legends-hasbro-tox16,PRODUCT,"Jean Grey X-men 90's Animated Series Marvel Legends Hasbro",200,YES,https://collectibles.uy/producto/jean-grey-x-men-90-s-animated-series-marvel-legends-hasbro-tox16,YES,YES,"Jean Grey X-men 90&#039;s Animated Series Marvel Legends Hasbro | Coll",YES,YES,PASS
https://collectibles.uy/producto/majorette-autos-s-o-s-cars,PRODUCT,"Majorette! Autos S.o.s Cars",200,YES,https://collectibles.uy/producto/majorette-autos-s-o-s-cars,YES,YES,"Majorette Autos S.o.s Cars | Majorette | Collectibles | Collectibles U",YES,YES,PASS
https://collectibles.uy/producto/wolverine-deadpool-wolverine-marvel-legends-hasbro-e3zg8,PRODUCT,"Wolverine Deadpool & Wolverine Marvel Legends Hasbro",200,YES,https://collectibles.uy/producto/wolverine-deadpool-wolverine-marvel-legends-hasbro-e3zg8,YES,YES,"Wolverine Deadpool &amp; Wolverine Marvel Legends Hasbro | Collectible",YES,YES,PASS
https://collectibles.uy/producto/mecha-sonic-the-hedgehog-dr--eggman-10cm-jakks-pacific-8834,PRODUCT,"Mecha Sonic The Hedgehog Dr. Eggman 10cm Jakks Pacific",200,YES,https://collectibles.uy/producto/mecha-sonic-the-hedgehog-dr--eggman-10cm-jakks-pacific-8834,YES,YES,"Mecha Sonic The Hedgehog Dr. Eggman 10cm Jakks Pacific | Collectibles ",YES,YES,PASS
https://collectibles.uy/producto/snackin--grogu-baby-yoda-animatronic-mandalorian-star-wars-1117,PRODUCT,"Snackin' Grogu Baby Yoda Animatronic Mandalorian Star Wars",200,YES,https://collectibles.uy/producto/snackin--grogu-baby-yoda-animatronic-mandalorian-star-wars-1117,YES,YES,"Snackin&#039; Grogu Baby Yoda Animatronic Mandalorian Star Wars | Coll",YES,YES,PASS
https://collectibles.uy/producto/hasbro-marvel-legends-series-retro-cyclops-c-clope-x-men-97-mtk5i,PRODUCT,"Hasbro Marvel Legends Series Retro Cyclops Cíclope X Men 97",200,YES,https://collectibles.uy/producto/hasbro-marvel-legends-series-retro-cyclops-c-clope-x-men-97-mtk5i,YES,YES,"Hasbro Marvel Legends Series Retro Cyclops Cíclope X Men 97 | Collecti",YES,YES,PASS
https://collectibles.uy/producto/majorette-volkswagen-1-64,PRODUCT,"Majorette! Volkswagen 1:64",200,YES,https://collectibles.uy/producto/majorette-volkswagen-1-64,YES,YES,"Majorette Volkswagen 1:64 | Majorette | Collectibles | Collectibles Ur",YES,YES,PASS
https://collectibles.uy/producto/stone-heart-predator-concrete-jungle-depredador-neca-deluxe-7121,PRODUCT,"Stone Heart Predator Concrete Jungle Depredador Neca Deluxe",200,YES,https://collectibles.uy/producto/stone-heart-predator-concrete-jungle-depredador-neca-deluxe-7121,YES,YES,"Stone Heart Predator Concrete Jungle Depredador Neca Deluxe | Collecti",YES,YES,PASS
https://collectibles.uy/producto/figura-de-acci-n-slash-neca-para-colecci-n-tortugas-ninja-mutantes--15-cm-articulada-1413,PRODUCT,"Figura De Acción Slash Neca Para Colección Tortugas Ninja Mutantes, 15 Cm Articulada",200,YES,https://collectibles.uy/producto/figura-de-acci-n-slash-neca-para-colecci-n-tortugas-ninja-mutantes--15-cm-articulada-1413,YES,YES,"Figura De Acción Slash Neca Para Colección Tortugas Ninja Mutantes, 15",YES,YES,PASS
https://collectibles.uy/producto/beyonder-secret-wars-marvel-legends-hasbro-pnswf,PRODUCT,"Beyonder Secret Wars Marvel Legends Hasbro",200,YES,https://collectibles.uy/producto/beyonder-secret-wars-marvel-legends-hasbro-pnswf,YES,YES,"Beyonder Secret Wars Marvel Legends Hasbro | Collectibles Uruguay",YES,YES,PASS
https://collectibles.uy/producto/figura-de-accion-de-neca-ultimate,PRODUCT,"Figura De Acción De Neca Ultimate",200,YES,https://collectibles.uy/producto/figura-de-accion-de-neca-ultimate,YES,YES,"NECA T-1000 | Terminator 2: Judgment Day | Collectibles | Collectibles",YES,YES,PASS
https://collectibles.uy/producto/super-saiyan-god-ss-gogeta-dragon-ball-evolve-bandai-2550,PRODUCT,"Super Saiyan God Ss Gogeta Dragon Ball Evolve Bandai",200,YES,https://collectibles.uy/producto/super-saiyan-god-ss-gogeta-dragon-ball-evolve-bandai-2550,YES,YES,"Super Saiyan God Ss Gogeta Dragon Ball Evolve Bandai | Collectibles Ur",YES,YES,PASS
https://collectibles.uy/producto/the-mandalorian---grogu-star-wars-hot-toys-tms052-deluxe-5201,PRODUCT,"The Mandalorian & Grogu Star Wars Hot Toys Tms052 Deluxe",200,YES,https://collectibles.uy/producto/the-mandalorian---grogu-star-wars-hot-toys-tms052-deluxe-5201,YES,YES,"The Mandalorian &amp; Grogu Star Wars Hot Toys Tms052 Deluxe | Collect",YES,YES,PASS
https://collectibles.uy/producto/dragon-ball-daima-limit-breaker-series-super-sayain-3-vegeta-30cm-59rhn,PRODUCT,"Dragon Ball Daima - Limit Breaker Series - Super Sayain 3 Vegeta 30cm",200,YES,https://collectibles.uy/producto/dragon-ball-daima-limit-breaker-series-super-sayain-3-vegeta-30cm-59rhn,YES,YES,"Dragon Ball Daima - Limit Breaker Series - Super Sayain 3 Vegeta 30cm ",YES,YES,PASS
https://collectibles.uy/producto/shadowcat-x-men-marvel-legends-colossus-baf-hasbro-xv7zp,PRODUCT,"Shadowcat X-men Marvel Legends Colossus Baf Hasbro",200,YES,https://collectibles.uy/producto/shadowcat-x-men-marvel-legends-colossus-baf-hasbro-xv7zp,YES,YES,"Shadowcat X-men Marvel Legends Colossus Baf Hasbro | Collectibles Urug",YES,YES,PASS
https://collectibles.uy/producto/road-rage-transformers-generations-war-for-cybertron-wfc-k41-8182,PRODUCT,"Road Rage Transformers Generations War For Cybertron Wfc-k41",200,YES,https://collectibles.uy/producto/road-rage-transformers-generations-war-for-cybertron-wfc-k41-8182,YES,YES,"Road Rage Transformers Generations War For Cybertron Wfc-k41 | Collect",YES,YES,PASS
https://collectibles.uy/producto/dragon-ball-super-limit-breaker-series-super-sayain-ros-goku-30cm-hfppj,PRODUCT,"Dragon Ball Super - Limit Breaker Series - Super Sayain Rosé Goku 30cm",200,YES,https://collectibles.uy/producto/dragon-ball-super-limit-breaker-series-super-sayain-ros-goku-30cm-hfppj,YES,YES,"Dragon Ball Super - Limit Breaker Series - Super Sayain Rosé Goku 30cm",YES,YES,PASS
https://collectibles.uy/producto/thomas-amigos-percy-diesel-kana-gordon-tren-fisher-price-thomas-percy-diesel-celeste-8147,PRODUCT,"Thomas Amigos Percy Diesel Kana Gordon Tren Fisher Price Thomas Percy Diesel Celeste",200,YES,https://collectibles.uy/producto/thomas-amigos-percy-diesel-kana-gordon-tren-fisher-price-thomas-percy-diesel-celeste-8147,YES,YES,"Thomas Amigos Percy Diesel Kana Gordon Tren Fisher Price Thomas Percy ",YES,YES,PASS
https://collectibles.uy/producto/figura-articulada-baxter-stockman-tortugas-ninja-neca-17-78cm-articulaciones,PRODUCT,"Figura Articulada Baxter Stockman Tortugas Ninja Neca 17.78cm Articulaciones",200,YES,https://collectibles.uy/producto/figura-articulada-baxter-stockman-tortugas-ninja-neca-17-78cm-articulaciones,YES,YES,"NECA BAXTER | Tortugas Ninja | Collectibles | Collectibles Uruguay",YES,YES,PASS
https://collectibles.uy/producto/the-sentry-marvel-legends-hasbro-5ax6l,PRODUCT,"The Sentry Marvel Legends Hasbro",200,YES,https://collectibles.uy/producto/the-sentry-marvel-legends-hasbro-5ax6l,YES,YES,"The Sentry Marvel Legends Hasbro | Collectibles Uruguay",YES,YES,PASS
https://collectibles.uy/producto/batman-v-superman-oferta-figures-lex-luthor,PRODUCT,"Batman V Superman Oferta Figures Lex Luthor",200,YES,https://collectibles.uy/producto/batman-v-superman-oferta-figures-lex-luthor,YES,YES,"Batman V Superman  Figures Lex Luthor | Collectibles | Collectibles Ur",YES,YES,PASS
https://collectibles.uy/producto/the-last-ronin-armored-tortugas-ninja-turtles-neca-4309,PRODUCT,"The Last Ronin Armored Tortugas Ninja Turtles Neca",200,YES,https://collectibles.uy/producto/the-last-ronin-armored-tortugas-ninja-turtles-neca-4309,YES,YES,"The Last Ronin Armored Tortugas Ninja Turtles Neca | Collectibles Urug",YES,YES,PASS
https://collectibles.uy/producto/princess-leia-organa-star-wars-black-series-hasbro-1254,PRODUCT,"Princess Leia Organa Star Wars Black Series Hasbro",200,YES,https://collectibles.uy/producto/princess-leia-organa-star-wars-black-series-hasbro-1254,YES,YES,"Princess Leia Organa Star Wars Black Series Hasbro | Collectibles Urug",YES,YES,PASS
https://collectibles.uy/producto/frozen-camiseta-bebe-estampada,PRODUCT,"Frozen! Camiseta Bebé Estampada ",200,YES,https://collectibles.uy/producto/frozen-camiseta-bebe-estampada,YES,YES,"Frozen Camiseta Bebé Estampada | CROSSOVER | Collectibles | Collectibl",YES,YES,PASS
https://collectibles.uy/producto/mack-2en1-cami-n-estaci-n-tune-up-cars-disney-pixar-mattel-mack-3214,PRODUCT,"Mack 2en1 Camión Estación Tune-up Cars Disney Pixar Mattel Mack",200,YES,https://collectibles.uy/producto/mack-2en1-cami-n-estaci-n-tune-up-cars-disney-pixar-mattel-mack-3214,YES,YES,"Mack 2en1 Camión Estación Tune-up Cars Disney Pixar Mattel Mack | Coll",YES,YES,PASS
https://collectibles.uy/producto/snorlax-the-pokemon-company-peluche-25cm-9576,PRODUCT,"Snorlax The Pokemon Company Peluche 25cm",200,YES,https://collectibles.uy/producto/snorlax-the-pokemon-company-peluche-25cm-9576,YES,YES,"Snorlax The Pokemon Company Peluche 25cm | Collectibles Uruguay",YES,YES,PASS
https://collectibles.uy/producto/pok-mon-24-mini-figuras-incluye-pikachu---1-sobre-de-cartas-3691,PRODUCT,"Pokémon 24 Mini Figuras Incluye Pikachu + 1 Sobre De Cartas",200,YES,https://collectibles.uy/producto/pok-mon-24-mini-figuras-incluye-pikachu---1-sobre-de-cartas-3691,YES,YES,"Pokémon 24 Mini Figuras Incluye Pikachu + 1 Sobre De Cartas | Collecti",YES,YES,PASS
https://collectibles.uy/producto/funko-pop-dragon-ball-z-goku-1922,PRODUCT,"Funko Pop! Dragon Ball Z - Goku #1922",200,YES,https://collectibles.uy/producto/funko-pop-dragon-ball-z-goku-1922,YES,YES,"Funko Pop Goku | Dragon Ball Z | Collectibles | Collectibles Uruguay",YES,YES,PASS
https://collectibles.uy/producto/snorlax-pokemon-center-peluche-20cm-9964,PRODUCT,"Snorlax Pokemon Center Peluche 20cm",200,YES,https://collectibles.uy/producto/snorlax-pokemon-center-peluche-20cm-9964,YES,YES,"Snorlax Pokemon Center Peluche 20cm | Collectibles Uruguay",YES,YES,PASS
https://collectibles.uy/producto/raichu-pokemon-jazwares-peluche-30cm-4207,PRODUCT,"Raichu Pokemon Jazwares Peluche 30cm",200,YES,https://collectibles.uy/producto/raichu-pokemon-jazwares-peluche-30cm-4207,YES,YES,"Raichu Pokemon Jazwares Peluche 30cm | Collectibles Uruguay",YES,YES,PASS
https://collectibles.uy/producto/don-t-talk-to-strangers-juego-de-mesa-cryptozoic-2275,PRODUCT,"Don't Talk To Strangers Juego De Mesa Cryptozoic",200,YES,https://collectibles.uy/producto/don-t-talk-to-strangers-juego-de-mesa-cryptozoic-2275,YES,YES,"Don&#039;t Talk To Strangers Juego De Mesa Cryptozoic | Collectibles U",YES,YES,PASS
https://collectibles.uy/producto/shadow-motocicleta-sonic-3-la-pel-cula-jakks-pacific-8919,PRODUCT,"Shadow Motocicleta Sonic 3 La Película Jakks Pacific",200,YES,https://collectibles.uy/producto/shadow-motocicleta-sonic-3-la-pel-cula-jakks-pacific-8919,YES,YES,"Shadow Motocicleta Sonic 3 La Película Jakks Pacific | Collectibles Ur",YES,YES,PASS
https://collectibles.uy/producto/poppolio-the-pokemon-company-peluche-30cm-2667,PRODUCT,"Poppolio The Pokemon Company Peluche 30cm",200,YES,https://collectibles.uy/producto/poppolio-the-pokemon-company-peluche-30cm-2667,YES,YES,"Poppolio The Pokemon Company Peluche 30cm | Collectibles Uruguay",YES,YES,PASS
https://collectibles.uy/producto/mystique-x-men-90-s-animated-series-marvel-legends-hasbro-yx785,PRODUCT,"Mystique X-men 90's Animated Series Marvel Legends Hasbro",200,YES,https://collectibles.uy/producto/mystique-x-men-90-s-animated-series-marvel-legends-hasbro-yx785,YES,YES,"Mystique X-men 90&#039;s Animated Series Marvel Legends Hasbro | Colle",YES,YES,PASS
https://collectibles.uy/producto/trunks-infinite-latent-super-power-dragon-ball-z-figuarts-4198,PRODUCT,"Trunks Infinite Latent Super Power Dragon Ball Z Figuarts",200,YES,https://collectibles.uy/producto/trunks-infinite-latent-super-power-dragon-ball-z-figuarts-4198,YES,YES,"Trunks Infinite Latent Super Power Dragon Ball Z Figuarts | Collectibl",YES,YES,PASS
https://collectibles.uy/producto/pikachu-the-pokemon-company-peluche-25cm-3275,PRODUCT,"Pikachu The Pokemon Company Peluche 25cm",200,YES,https://collectibles.uy/producto/pikachu-the-pokemon-company-peluche-25cm-3275,YES,YES,"Pikachu The Pokemon Company Peluche 25cm | Collectibles Uruguay",YES,YES,PASS
https://collectibles.uy/producto/sylveon-eevee-the-pokemon-company-peluche-30cm-sylveon-7788,PRODUCT,"Sylveon Eevee The Pokemon Company Peluche 30cm Sylveon",200,YES,https://collectibles.uy/producto/sylveon-eevee-the-pokemon-company-peluche-30cm-sylveon-7788,YES,YES,"Sylveon Eevee The Pokemon Company Peluche 30cm Sylveon | Collectibles ",YES,YES,PASS
https://collectibles.uy/producto/t-rex-grey-jurassic-world-lentes-de-sol-uv400-sun-statches-t-rex-grey-gris-2987,PRODUCT,"T-rex Grey Jurassic World Lentes De Sol Uv400 Sun Statches T-rex Grey Gris",200,YES,https://collectibles.uy/producto/t-rex-grey-jurassic-world-lentes-de-sol-uv400-sun-statches-t-rex-grey-gris-2987,YES,YES,"T-rex Grey Jurassic World Lentes De Sol Uv400 Sun Statches T-rex Grey ",YES,YES,PASS
https://collectibles.uy/producto/harry-potter-tunica-wizard-gryffindor-rojo-xl,PRODUCT,"Harry Potter! Tuníca Wizard Gryffindor Rojo Xl",200,YES,https://collectibles.uy/producto/harry-potter-tunica-wizard-gryffindor-rojo-xl,YES,YES,"Harry Potter Tuníca Wizard Gryffindor Rojo Xl | Collectibles | Collect",YES,YES,PASS
https://collectibles.uy/producto/super-sonic-3-la-pel-cula-series-2-jakks-pacific-5036,PRODUCT,"Super Sonic 3 La Película Series 2 Jakks Pacific",200,YES,https://collectibles.uy/producto/super-sonic-3-la-pel-cula-series-2-jakks-pacific-5036,YES,YES,"Super Sonic 3 La Película Series 2 Jakks Pacific | Collectibles Urugua",YES,YES,PASS
https://collectibles.uy/producto/evil-lyn-he-man-motu-club-grayskull-filmation-mattel-mu-eco-3513,PRODUCT,"Evil Lyn He-man Motu Club Grayskull Filmation Mattel Muñeco",200,YES,https://collectibles.uy/producto/evil-lyn-he-man-motu-club-grayskull-filmation-mattel-mu-eco-3513,YES,YES,"Evil Lyn He-man Motu Club Grayskull Filmation Mattel Muñeco | Collecti",YES,YES,PASS
https://collectibles.uy/producto/shiny-riolu-pokemon-jazwares-peluche-25cm-shiny-riolu-5510,PRODUCT,"Shiny Riolu Pokemon Jazwares Peluche 25cm Shiny Riolu",200,YES,https://collectibles.uy/producto/shiny-riolu-pokemon-jazwares-peluche-25cm-shiny-riolu-5510,YES,YES,"Shiny Riolu Pokemon Jazwares Peluche 25cm Shiny Riolu | Collectibles U",YES,YES,PASS
https://collectibles.uy/producto/jason-voorhees-freddy-vs-jason-ultimate-neca-7388,PRODUCT,"Jason Voorhees Freddy Vs Jason Ultimate Neca",200,YES,https://collectibles.uy/producto/jason-voorhees-freddy-vs-jason-ultimate-neca-7388,YES,YES,"Jason Voorhees Freddy Vs Jason Ultimate Neca | Collectibles Uruguay",YES,YES,PASS
https://collectibles.uy/producto/figura-de-acci-n-angela-neca-de-g-rgolas-articulada-18-cm-4337,PRODUCT,"Figura De Acción Angela Neca De Gárgolas Articulada 18 Cm",200,YES,https://collectibles.uy/producto/figura-de-acci-n-angela-neca-de-g-rgolas-articulada-18-cm-4337,YES,YES,"Figura De Acción Angela Neca De Gárgolas Articulada 18 Cm | Collectibl",YES,YES,PASS
https://collectibles.uy/producto/alf-alien-life-form-ultimate-neca-9225,PRODUCT,"Alf Alien Life Form Ultimate Neca",200,YES,https://collectibles.uy/producto/alf-alien-life-form-ultimate-neca-9225,YES,YES,"Alf Alien Life Form Ultimate Neca | Collectibles Uruguay",YES,YES,PASS
https://collectibles.uy/producto/cars-3-florida-500-piston-cup-race-disney-pixar-mattel-lightning-mcqueen--mater--cruz-ramirez--jackson-storm-mack-3954,PRODUCT,"Cars 3 Florida 500 Piston Cup Race Disney Pixar Mattel Lightning Mcqueen, Mater, Cruz Ramirez, Jackson Storm,mack",200,YES,https://collectibles.uy/producto/cars-3-florida-500-piston-cup-race-disney-pixar-mattel-lightning-mcqueen--mater--cruz-ramirez--jackson-storm-mack-3954,YES,YES,"Cars 3 Florida 500 Piston Cup Race Disney Pixar Mattel Lightning Mcque",YES,YES,PASS
https://collectibles.uy/producto/peso-octonautas-peluche-grande-25cm-1981,PRODUCT,"Peso Octonautas Peluche Grande 25cm",200,YES,https://collectibles.uy/producto/peso-octonautas-peluche-grande-25cm-1981,YES,YES,"Peso Octonautas Peluche Grande 25cm | Collectibles Uruguay",YES,YES,PASS
https://collectibles.uy/producto/eevee-pokemon-takara-tomy-peluche-20cm-7763,PRODUCT,"Eevee Pokemon Takara Tomy Peluche 20cm",200,YES,https://collectibles.uy/producto/eevee-pokemon-takara-tomy-peluche-20cm-7763,YES,YES,"Eevee Pokemon Takara Tomy Peluche 20cm | Collectibles Uruguay",YES,YES,PASS
https://collectibles.uy/producto/shiny-vaporeon-eevee-pokemon-center-peluche-20cm-8728,PRODUCT,"Shiny Vaporeon Eevee Pokemon Center Peluche 20cm",200,YES,https://collectibles.uy/producto/shiny-vaporeon-eevee-pokemon-center-peluche-20cm-8728,YES,YES,"Shiny Vaporeon Eevee Pokemon Center Peluche 20cm | Collectibles Urugua",YES,YES,PASS
https://collectibles.uy/producto/figura-de-acci-n-articulada-aayla-secura-de-star-wars-vintage-hasbro-2992,PRODUCT,"Figura De Acción Articulada Aayla Secura De Star Wars Vintage Hasbro",200,YES,https://collectibles.uy/producto/figura-de-acci-n-articulada-aayla-secura-de-star-wars-vintage-hasbro-2992,YES,YES,"Figura De Acción Articulada Aayla Secura De Star Wars Vintage Hasbro |",YES,YES,PASS
https://collectibles.uy/producto/shiny-dragonair-pokemon-center-peluche-68cm-2933,PRODUCT,"Shiny Dragonair Pokemon Center Peluche 68cm",200,YES,https://collectibles.uy/producto/shiny-dragonair-pokemon-center-peluche-68cm-2933,YES,YES,"Shiny Dragonair Pokemon Center Peluche 68cm | Collectibles Uruguay",YES,YES,PASS
https://collectibles.uy/producto/gyrados-pokemon-center-peluche-56cm-2980,PRODUCT,"Gyrados Pokemon Center Peluche 56cm",200,YES,https://collectibles.uy/producto/gyrados-pokemon-center-peluche-56cm-2980,YES,YES,"Gyrados Pokemon Center Peluche 56cm | Collectibles Uruguay",YES,YES,PASS
https://collectibles.uy/producto/voces-anonimas-el-libro-prohibido-edici-n-limitada-100-unidades-,PRODUCT,"Voces Anonimas El Libro Prohibido Edición Limitada 100 unidades",200,YES,https://collectibles.uy/producto/voces-anonimas-el-libro-prohibido-edici-n-limitada-100-unidades-,YES,YES,"Voces Anonimas El Libro Prohibido Edición Limitada 100 unidades | Coll",YES,YES,PASS
https://collectibles.uy/producto/miles-morales-spiderman-across-spider-verse-disfraz-jazwares-miles-morales-s-6083,PRODUCT,"Miles Morales Spiderman Across Spider-verse Disfraz Jazwares Miles Morales S",200,YES,https://collectibles.uy/producto/miles-morales-spiderman-across-spider-verse-disfraz-jazwares-miles-morales-s-6083,YES,YES,"Miles Morales Spiderman Across Spider-verse Disfraz Jazwares Miles Mor",YES,YES,PASS
https://collectibles.uy/producto/figura-de-acci-n-mcfarlane-toys--superman-traje-negro-de-dc-multiverse-1315,PRODUCT,"Figura De Acción Mcfarlane Toys: Superman Traje Negro De Dc Multiverse",200,YES,https://collectibles.uy/producto/figura-de-acci-n-mcfarlane-toys--superman-traje-negro-de-dc-multiverse-1315,YES,YES,"Figura De Acción Mcfarlane Toys: Superman Traje Negro De Dc Multiverse",YES,YES,PASS
https://collectibles.uy/producto/figura-articulada-raphael-vs-john-kreese-tortugas-ninja-cobra-kai-playmates,PRODUCT,"Figura Articulada Raphael Vs John Kreese Tortugas Ninja Cobra Kai Playmates",200,YES,https://collectibles.uy/producto/figura-articulada-raphael-vs-john-kreese-tortugas-ninja-cobra-kai-playmates,YES,YES,"Raphael vs John Kreese Cobra Kai | Playmates Toys | Collectibles | Col",YES,YES,PASS
https://collectibles.uy/producto/body-de-bebes-justicie-ligue-linterna-verde-verde-24-meses-lisa,PRODUCT,"Body De Bebes Justicie Ligue - Linterna Verde Verde 24 Meses Lisa",200,YES,https://collectibles.uy/producto/body-de-bebes-justicie-ligue-linterna-verde-verde-24-meses-lisa,YES,YES,"Linterna Verde | Collectibles | Collectibles Uruguay",YES,YES,PASS
https://collectibles.uy/producto/iron-man-proton-cannon-marvel-legends-hasbro-lld3w,PRODUCT,"Iron Man Proton Cannon Marvel Legends Hasbro",200,YES,https://collectibles.uy/producto/iron-man-proton-cannon-marvel-legends-hasbro-lld3w,YES,YES,"Iron Man Proton Cannon Marvel Legends Hasbro | Collectibles Uruguay",YES,YES,PASS
https://collectibles.uy/producto/psyduck-pokemon-wicked-cool-toys-peluche-30cm-9171,PRODUCT,"Psyduck Pokemon Wicked Cool Toys Peluche 30cm",200,YES,https://collectibles.uy/producto/psyduck-pokemon-wicked-cool-toys-peluche-30cm-9171,YES,YES,"Psyduck Pokemon Wicked Cool Toys Peluche 30cm | Collectibles Uruguay",YES,YES,PASS
https://collectibles.uy/producto/figura-de-acci-n-marvel-legends-venom-s7ntt,PRODUCT,"Figura De Acción Marvel Legends Venom",200,YES,https://collectibles.uy/producto/figura-de-acci-n-marvel-legends-venom-s7ntt,YES,YES,"Figura De Acción Marvel Legends Venom | Collectibles Uruguay",YES,YES,PASS
https://collectibles.uy/producto/miles-morales-spiderman-series-marvel-legends-hasbro-0nx4r,PRODUCT,"Miles Morales Spiderman Series Marvel Legends Hasbro",200,YES,https://collectibles.uy/producto/miles-morales-spiderman-series-marvel-legends-hasbro-0nx4r,YES,YES,"Miles Morales Spiderman Series Marvel Legends Hasbro | Collectibles Ur",YES,YES,PASS
https://collectibles.uy/producto/pj-masks-animal-power-carry-n--go-15pcs--hasbro--8400,PRODUCT,"Pj Masks Animal Power Carry N' Go 15pcs. Hasbro ",200,YES,https://collectibles.uy/producto/pj-masks-animal-power-carry-n--go-15pcs--hasbro--8400,YES,YES,"Pj Masks Animal Power Carry N&#039; Go 15pcs. Hasbro  | Collectibles U",YES,YES,PASS
https://collectibles.uy/producto/funko-pop-superman-557,PRODUCT,"Funko Pop! Superman #557",200,YES,https://collectibles.uy/producto/funko-pop-superman-557,YES,YES,"Funko Pop Superman | DC | Collectibles | Collectibles Uruguay",YES,YES,PASS
https://collectibles.uy/producto/funko-pop-mopeez-suicide-squad-katana-negro,PRODUCT,"Funko Pop! Mopeez Suicide Squad Katana Negro",200,YES,https://collectibles.uy/producto/funko-pop-mopeez-suicide-squad-katana-negro,YES,YES,"Funko Pop Katana | Collectibles | Collectibles Uruguay",YES,YES,PASS
https://collectibles.uy/producto/funko-pop-funkoville-fun-on-the-run-freddy-se,PRODUCT,"Funko Pop! Funkoville - Fun  On The Run Freddy #se",200,YES,https://collectibles.uy/producto/funko-pop-funkoville-fun-on-the-run-freddy-se,YES,YES,"Funko Pop Freddy | FunkoVille | Collectibles | Collectibles Uruguay",YES,YES,PASS
https://collectibles.uy/producto/funko-pop-doctor-strange-in-the-multiverse-america-chavez-2,PRODUCT,"Funko Pop! Doctor Strange In The Multiverse - America Chavez",200,YES,https://collectibles.uy/producto/funko-pop-doctor-strange-in-the-multiverse-america-chavez-2,YES,YES,"Funko Pop America Chavez | Marvel | Collectibles | Collectibles Urugua",YES,YES,PASS
https://collectibles.uy/producto/funko-marvel-collectors-corps-box-marvel-studios-10-theme,PRODUCT,"Funko Marvel Collectors Corps Box - Marvel Studios 10 Theme",200,YES,https://collectibles.uy/producto/funko-marvel-collectors-corps-box-marvel-studios-10-theme,YES,YES,"Funko Pop Iron Man | Marvel | Collectibles | Collectibles Uruguay",YES,YES,PASS
https://collectibles.uy/producto/suicide-squad-figure-boomerang,PRODUCT,"Suicide Squad! Figure Boomerang ",200,YES,https://collectibles.uy/producto/suicide-squad-figure-boomerang,YES,YES,"Boomerang Escuadrón Suicida | Mattel | Collectibles | Collectibles Uru",YES,YES,PASS
https://collectibles.uy/producto/hammerhead-spiderman-marvel-legends-hasbro-n986s,PRODUCT,"Hammerhead Spiderman Marvel Legends Hasbro",200,YES,https://collectibles.uy/producto/hammerhead-spiderman-marvel-legends-hasbro-n986s,YES,YES,"Hammerhead Spiderman Marvel Legends Hasbro | Collectibles Uruguay",YES,YES,PASS
https://collectibles.uy/producto/funko-pop-spiderman-across-the-spider-verse-spider-punk,PRODUCT,"Funko Pop! Spiderman Across The Spider-verse - Spider-punk",200,YES,https://collectibles.uy/producto/funko-pop-spiderman-across-the-spider-verse-spider-punk,YES,YES,"Funko Pop Spider-Punk | Across The Spider-Verse | Collectibles | Colle",YES,YES,PASS
https://collectibles.uy/producto/mutagen-man-tortugas-ninja-turtles-glow-in-the-dark-super7-9821,PRODUCT,"Mutagen Man Tortugas Ninja Turtles Glow In The Dark Super7",200,YES,https://collectibles.uy/producto/mutagen-man-tortugas-ninja-turtles-glow-in-the-dark-super7-9821,YES,YES,"Mutagen Man Tortugas Ninja Turtles Glow In The Dark Super7 | Collectib",YES,YES,PASS
https://collectibles.uy/producto/splinter--versi-n-2--tortugas-ninja-tmnt-ultimates-super-7-8862,PRODUCT,"Splinter (versión 2) Tortugas Ninja Tmnt Ultimates Super 7",200,YES,https://collectibles.uy/producto/splinter--versi-n-2--tortugas-ninja-tmnt-ultimates-super-7-8862,YES,YES,"Splinter (versión 2) Tortugas Ninja Tmnt Ultimates Super 7 | Collectib",YES,YES,PASS
https://collectibles.uy/producto/multiverse-suicide-squad-deadshot-9-action-figure-2,PRODUCT,"Multiverse Suicide Squad Deadshot 9 Action Figure",200,YES,https://collectibles.uy/producto/multiverse-suicide-squad-deadshot-9-action-figure-2,YES,YES,"Deadshot DC | DC Comics | Collectibles | Collectibles Uruguay",YES,YES,PASS
https://collectibles.uy/producto/mighty-thor-love-and-thunder-marvel-legends-korg-baf-hasbro-hu4w8,PRODUCT,"Mighty Thor Love And Thunder Marvel Legends Korg Baf Hasbro",200,YES,https://collectibles.uy/producto/mighty-thor-love-and-thunder-marvel-legends-korg-baf-hasbro-hu4w8,YES,YES,"Mighty Thor Love And Thunder Marvel Legends Korg Baf Hasbro | Collecti",YES,YES,PASS
https://collectibles.uy/producto/street-fighter-2-repli-cade-mini-arcade-new-wave-toys-1174,PRODUCT,"Street Fighter 2 Repli Cade Mini Arcade New Wave Toys",200,YES,https://collectibles.uy/producto/street-fighter-2-repli-cade-mini-arcade-new-wave-toys-1174,YES,YES,"Street Fighter 2 Repli Cade Mini Arcade New Wave Toys | Collectibles U",YES,YES,PASS
https://collectibles.uy/producto/mizuno-ami-mercury-sailor-moon-figuarts-bandai-4817,PRODUCT,"Mizuno Ami Mercury Sailor Moon Figuarts Bandai",200,YES,https://collectibles.uy/producto/mizuno-ami-mercury-sailor-moon-figuarts-bandai-4817,YES,YES,"Mizuno Ami Mercury Sailor Moon Figuarts Bandai | Collectibles Uruguay",YES,YES,PASS
https://collectibles.uy/producto/suicide-squad-figure-boomerang-2,PRODUCT,"Suicide Squad! Figure Boomerang",200,YES,https://collectibles.uy/producto/suicide-squad-figure-boomerang-2,YES,YES,"Boomerang Escuadrón Suicida | Mattel | Collectibles | Collectibles Uru",YES,YES,PASS
https://collectibles.uy/producto/plushies-toki-doki-cora-mermicorno-small,PRODUCT,"Plushies! Toki Doki- Cora Mermicorno (small)",200,YES,https://collectibles.uy/producto/plushies-toki-doki-cora-mermicorno-small,YES,YES,"Cora Mermicorno Tokidoki | Tokidoki | Collectibles | Collectibles Urug",YES,YES,PASS
https://collectibles.uy/producto/figgyz-pop-magnet-street-fighter-blanka,PRODUCT,"Figgyz Pop! Magnet Street Fighter - Blanka",200,YES,https://collectibles.uy/producto/figgyz-pop-magnet-street-fighter-blanka,YES,YES,"Blanka Street Fighter | Figgyz | Collectibles | Collectibles Uruguay",YES,YES,PASS
https://collectibles.uy/producto/april-o-neal-tortugas-ninja-turtles-ultimates-wave3-super7-6468,PRODUCT,"April O´neal Tortugas Ninja Turtles Ultimates Wave3 Super7",200,YES,https://collectibles.uy/producto/april-o-neal-tortugas-ninja-turtles-ultimates-wave3-super7-6468,YES,YES,"April O´neal Tortugas Ninja Turtles Ultimates Wave3 Super7 | Collectib",YES,YES,PASS
https://collectibles.uy/producto/rescue-avengers-endgame-hot-toys-mms538d32-2657,PRODUCT,"Rescue Avengers Endgame Hot Toys Mms538d32",200,YES,https://collectibles.uy/producto/rescue-avengers-endgame-hot-toys-mms538d32-2657,YES,YES,"Rescue Avengers Endgame Hot Toys Mms538d32 | Collectibles Uruguay",YES,YES,PASS
https://collectibles.uy/producto/web-man-spiderman-retro-marvel-legends-hasbro-03a89,PRODUCT,"Web Man Spiderman Retro Marvel Legends Hasbro",200,YES,https://collectibles.uy/producto/web-man-spiderman-retro-marvel-legends-hasbro-03a89,YES,YES,"Web Man Spiderman Retro Marvel Legends Hasbro | Collectibles Uruguay",YES,YES,PASS
https://collectibles.uy/producto/harley-quinn-sucide-squad--2016--dc-mezco-one-12-9485,PRODUCT,"Harley Quinn Sucide Squad (2016) Dc Mezco One:12",200,YES,https://collectibles.uy/producto/harley-quinn-sucide-squad--2016--dc-mezco-one-12-9485,YES,YES,"Harley Quinn Sucide Squad (2016) Dc Mezco One:12 | Collectibles Urugua",YES,YES,PASS
https://collectibles.uy/producto/funko-pop-the-eternals-phastos,PRODUCT,"Funko Pop! The Eternals -  Phastos",200,YES,https://collectibles.uy/producto/funko-pop-the-eternals-phastos,YES,YES,"Funko Pop [Figuras de acción] | Marvel | Collectibles | Collectibles U",YES,YES,PASS
https://collectibles.uy/producto/legion-x-men-marvel-legends-colossus-baf-hasbro-ukcf1,PRODUCT,"Legion X-men Marvel Legends Colossus Baf Hasbro",200,YES,https://collectibles.uy/producto/legion-x-men-marvel-legends-colossus-baf-hasbro-ukcf1,YES,YES,"Legion X-men Marvel Legends Colossus Baf Hasbro | Collectibles Uruguay",YES,YES,PASS
https://collectibles.uy/producto/spiderman-2099-retro-marvel-legends-hasbro-ei5fn,PRODUCT,"Spiderman 2099 Retro Marvel Legends Hasbro",200,YES,https://collectibles.uy/producto/spiderman-2099-retro-marvel-legends-hasbro-ei5fn,YES,YES,"Spiderman 2099 Retro Marvel Legends Hasbro | Collectibles Uruguay",YES,YES,PASS
https://collectibles.uy/producto/funko-pop1-skibidi-toilet-cameraman-1956,PRODUCT,"Funko Pop1 Skibidi Toilet - Cameraman #1956",200,YES,https://collectibles.uy/producto/funko-pop1-skibidi-toilet-cameraman-1956,YES,YES,"Funko Pop Cameraman | Skibidi toilet | Collectibles | Collectibles Uru",YES,YES,PASS
https://collectibles.uy/producto/peluche-demon-slayer-tanjiro-27-cm-verde-oscuro,PRODUCT,"Peluche Demon Slayer Tanjiro 27 Cm Verde Oscuro",200,YES,https://collectibles.uy/producto/peluche-demon-slayer-tanjiro-27-cm-verde-oscuro,YES,YES,"Tanjiro | Collectibles | Collectibles Uruguay",YES,YES,PASS
https://collectibles.uy/producto/funko-pop-chainsaw-man-power,PRODUCT,"Funko Pop! Chainsaw-man - Power",200,YES,https://collectibles.uy/producto/funko-pop-chainsaw-man-power,YES,YES,"Funko Pop Power | Chainsaw Man | Collectibles | Collectibles Uruguay",YES,YES,PASS
https://collectibles.uy/producto/10-sobres-de-figuritas-mundial-2026--copia-6926-copia-8343-copia-2101,PRODUCT,"50 SOBRES DE FIGURITAS MUNDIAL 2026",200,YES,https://collectibles.uy/producto/10-sobres-de-figuritas-mundial-2026--copia-6926-copia-8343-copia-2101,YES,YES,"50 SOBRES DE FIGURITAS MUNDIAL 2026 | Collectibles Uruguay",YES,YES,PASS
https://collectibles.uy/producto/bonnie-original-funko-five-nights-at-freddy-s-mu-eco-6575,PRODUCT,"Bonnie Original Funko Five Nights At Freddy's Muñeco",200,YES,https://collectibles.uy/producto/bonnie-original-funko-five-nights-at-freddy-s-mu-eco-6575,YES,YES,"Bonnie Original Funko Five Nights At Freddy&#039;s Muñeco | Collectibl",YES,YES,PASS
https://collectibles.uy/producto/rockin--robin-squawk-stranger-things-funko-pop-town-50-6563,PRODUCT,"Rockin' Robin Squawk Stranger Things Funko Pop Town 50",200,YES,https://collectibles.uy/producto/rockin--robin-squawk-stranger-things-funko-pop-town-50-6563,YES,YES,"Rockin&#039; Robin Squawk Stranger Things Funko Pop Town 50 | Collecti",YES,YES,PASS
https://collectibles.uy/producto/mumm-ra-the-ever-living-thundercats-ultimates-wave2-super7-5821,PRODUCT,"Mumm-ra The Ever Living Thundercats Ultimates Wave2 Super7",200,YES,https://collectibles.uy/producto/mumm-ra-the-ever-living-thundercats-ultimates-wave2-super7-5821,YES,YES,"Mumm-ra The Ever Living Thundercats Ultimates Wave2 Super7 | Collectib",YES,YES,PASS
https://collectibles.uy/producto/vulture-spiderman-homecoming-marvel-legends-hasbro-dm8ze,PRODUCT,"Vulture Spiderman Homecoming Marvel Legends Hasbro",200,YES,https://collectibles.uy/producto/vulture-spiderman-homecoming-marvel-legends-hasbro-dm8ze,YES,YES,"Vulture Spiderman Homecoming Marvel Legends Hasbro | Collectibles Urug",YES,YES,PASS
https://collectibles.uy/producto/storm-x-men-90-s-animated-series-marvel-legends-hasbro-a9keu,PRODUCT,"Storm X-men 90's Animated Series Marvel Legends Hasbro",200,YES,https://collectibles.uy/producto/storm-x-men-90-s-animated-series-marvel-legends-hasbro-a9keu,YES,YES,"Storm X-men 90&#039;s Animated Series Marvel Legends Hasbro | Collecti",YES,YES,PASS
https://collectibles.uy/producto/talia-al-ghul-batman-the-animated-series-dc-collectibles-33-5221,PRODUCT,"Talia Al Ghul Batman The Animated Series Dc Collectibles 33",200,YES,https://collectibles.uy/producto/talia-al-ghul-batman-the-animated-series-dc-collectibles-33-5221,YES,YES,"Talia Al Ghul Batman The Animated Series Dc Collectibles 33 | Collecti",YES,YES,PASS
https://collectibles.uy/producto/super7-teenage-mutant-ninja-turtles-ultimates-metalhead-9810,PRODUCT,"Super7 Teenage Mutant Ninja Turtles Ultimates Metalhead",200,YES,https://collectibles.uy/producto/super7-teenage-mutant-ninja-turtles-ultimates-metalhead-9810,YES,YES,"Super7 Teenage Mutant Ninja Turtles Ultimates Metalhead | Collectibles",YES,YES,PASS
https://collectibles.uy/producto/funko-pop-marvel-the-eternals-phastos,PRODUCT,"Funko Pop! Marvel: The Eternals Phastos",200,YES,https://collectibles.uy/producto/funko-pop-marvel-the-eternals-phastos,YES,YES,"Funko Pop Phastos | Eternals | Collectibles | Collectibles Uruguay",YES,YES,PASS
https://collectibles.uy/producto/figgyz-pop-magnet-sonic-knuckles,PRODUCT,"Figgyz Pop! Magnet Sonic - Knuckles",200,YES,https://collectibles.uy/producto/figgyz-pop-magnet-sonic-knuckles,YES,YES,"SONIC - KNUCKLES Sonic The Hedgehog | Figgyz | Collectibles | Collecti",YES,YES,PASS
https://collectibles.uy/producto/funko-pop-marvel-hulk,PRODUCT,"Funko Pop! Marvel - Hulk",200,YES,https://collectibles.uy/producto/funko-pop-marvel-hulk,YES,YES,"Funko Pop Hulk | Marvel | Collectibles | Collectibles Uruguay",YES,YES,PASS
https://collectibles.uy/producto/a-i-m-sciencist-supreme-marvel-legends-xenmu-baf-hasbro-paqdo,PRODUCT,"A.i.m Sciencist Supreme Marvel Legends Xenmu Baf Hasbro",200,YES,https://collectibles.uy/producto/a-i-m-sciencist-supreme-marvel-legends-xenmu-baf-hasbro-paqdo,YES,YES,"A.i.m Sciencist Supreme Marvel Legends Xenmu Baf Hasbro | Collectibles",YES,YES,PASS
https://collectibles.uy/producto/zoroark-pokemon-moncolle-ex-takara-tomy-ms-18-4305,PRODUCT,"Zoroark Pokemon Moncolle Ex Takara Tomy Ms 18",200,YES,https://collectibles.uy/producto/zoroark-pokemon-moncolle-ex-takara-tomy-ms-18-4305,YES,YES,"Zoroark Pokemon Moncolle Ex Takara Tomy Ms 18 | Collectibles Uruguay",YES,YES,PASS
https://collectibles.uy/producto/peter-b-parker-spiderman-across-spider-verse-marvel-legends-ge6xq,PRODUCT,"Peter B. Parker Spiderman Across Spider-verse Marvel Legends",200,YES,https://collectibles.uy/producto/peter-b-parker-spiderman-across-spider-verse-marvel-legends-ge6xq,YES,YES,"Peter B. Parker Spiderman Across Spider-verse Marvel Legends | Collect",YES,YES,PASS
https://collectibles.uy/producto/darkseid-dc-classic-multiverse-mcfarlane-5602,PRODUCT,"Darkseid Dc Classic Multiverse Mcfarlane",200,YES,https://collectibles.uy/producto/darkseid-dc-classic-multiverse-mcfarlane-5602,YES,YES,"Darkseid Dc Classic Multiverse Mcfarlane | Collectibles Uruguay",YES,YES,PASS
https://collectibles.uy/producto/rillaboom-pokemon-moncolle-ex-takara-tomy-ms-36-8064,PRODUCT,"Rillaboom Pokemon Moncolle Ex Takara Tomy Ms 36",200,YES,https://collectibles.uy/producto/rillaboom-pokemon-moncolle-ex-takara-tomy-ms-36-8064,YES,YES,"Rillaboom Pokemon Moncolle Ex Takara Tomy Ms 36 | Collectibles Uruguay",YES,YES,PASS
https://collectibles.uy/producto/scorbunny-pokemon-peluche-blanco-5952,PRODUCT,"Scorbunny Pokemon Peluche Blanco",200,YES,https://collectibles.uy/producto/scorbunny-pokemon-peluche-blanco-5952,YES,YES,"Scorbunny Pokemon Peluche Blanco | Collectibles Uruguay",YES,YES,PASS
https://collectibles.uy/producto/ponyta-galarian-form-pokemon-moncolle-ex-takara-tomy-ms-42-5425,PRODUCT,"Ponyta Galarian Form Pokemon Moncolle Ex Takara Tomy Ms 42",200,YES,https://collectibles.uy/producto/ponyta-galarian-form-pokemon-moncolle-ex-takara-tomy-ms-42-5425,YES,YES,"Ponyta Galarian Form Pokemon Moncolle Ex Takara Tomy Ms 42 | Collectib",YES,YES,PASS
https://collectibles.uy/producto/funko-games-puzzle-de-500-pcs-guardianes-de-la-galaxia,PRODUCT,"Funko Games! Puzzle De 500 Pcs Guardianes De La Galaxia",200,YES,https://collectibles.uy/producto/funko-games-puzzle-de-500-pcs-guardianes-de-la-galaxia,YES,YES,"Guardianes de la Galaxia | Collectibles | Collectibles Uruguay",YES,YES,PASS
https://collectibles.uy/producto/plushies-toki-doki-strawberry-milk-small,PRODUCT,"Plushies! Toki Doki- Strawberry Milk (small)",200,YES,https://collectibles.uy/producto/plushies-toki-doki-strawberry-milk-small,YES,YES,"STRAWBERRY MILK Tokidoki | Tokidoki | Collectibles | Collectibles Urug",YES,YES,PASS
https://collectibles.uy/producto/transformers-lcd-video-game-tiger-electronics-hasbro-4004,PRODUCT,"Transformers Lcd Video Game Tiger Electronics Hasbro",200,YES,https://collectibles.uy/producto/transformers-lcd-video-game-tiger-electronics-hasbro-4004,YES,YES,"Transformers Lcd Video Game Tiger Electronics Hasbro | Collectibles Ur",YES,YES,PASS
https://collectibles.uy/producto/gorr-thor-god-of-thunder-marvel-legends-amazon-exclusive-d0up4,PRODUCT,"Gorr Thor God Of Thunder Marvel Legends Amazon Exclusive",200,YES,https://collectibles.uy/producto/gorr-thor-god-of-thunder-marvel-legends-amazon-exclusive-d0up4,YES,YES,"Gorr Thor God Of Thunder Marvel Legends Amazon Exclusive | Collectible",YES,YES,PASS
https://collectibles.uy/producto/justice-league-body-logo,PRODUCT,"Justice League! Body Logo",200,YES,https://collectibles.uy/producto/justice-league-body-logo,YES,YES,"Justice League Body Logo | Justice League | Collectibles | Collectible",YES,YES,PASS
https://collectibles.uy/producto/funko-games-puzzle-de-500-pcs-jurassic-park,PRODUCT,"Funko Games! Puzzle De 500 Pcs Jurassic Park",200,YES,https://collectibles.uy/producto/funko-games-puzzle-de-500-pcs-jurassic-park,YES,YES,"Jurassic Park | Collectibles | Collectibles Uruguay",YES,YES,PASS
https://collectibles.uy/producto/lapras-pokemon-moncolle-ex-takara-tomy-ms-30-1657,PRODUCT,"Lapras Pokemon Moncolle Ex Takara Tomy Ms-30",200,YES,https://collectibles.uy/producto/lapras-pokemon-moncolle-ex-takara-tomy-ms-30-1657,YES,YES,"Lapras Pokemon Moncolle Ex Takara Tomy Ms-30 | Collectibles Uruguay",YES,YES,PASS
https://collectibles.uy/producto/peter-parker-spiderman-across-spider-verse-marvel-legends-fg9ce,PRODUCT,"Peter Parker Spiderman Across Spider Verse Marvel Legends",200,YES,https://collectibles.uy/producto/peter-parker-spiderman-across-spider-verse-marvel-legends-fg9ce,YES,YES,"Peter Parker Spiderman Across Spider Verse Marvel Legends | Collectibl",YES,YES,PASS
https://collectibles.uy/producto/funko-games-puzzle-de-500-pcs-tortugas-ninja,PRODUCT,"Funko Games! Puzzle De 500 Pcs Tortugas Ninja",200,YES,https://collectibles.uy/producto/funko-games-puzzle-de-500-pcs-tortugas-ninja,YES,YES,"Funko Pop Tortugas Ninjas | Collectibles | Collectibles Uruguay",YES,YES,PASS
https://collectibles.uy/producto/iron-studios-batman-returns-minico-catwoman,PRODUCT,"Iron Studios! Batman Returns Minico Catwoman",200,YES,https://collectibles.uy/producto/iron-studios-batman-returns-minico-catwoman,YES,YES,"Catwoman DC Comics | Iron Studios | Collectibles | Collectibles Urugua",YES,YES,PASS
https://collectibles.uy/producto/marvel-spiderman-tas-1996-spider-wars-cyborg-spiderman,PRODUCT,"Marvel Spiderman TAS 1996 - Spider-wars Cyborg Spiderman",200,YES,https://collectibles.uy/producto/marvel-spiderman-tas-1996-spider-wars-cyborg-spiderman,YES,YES,"CYBORG SPIDERMAN Spider-Wars | Toy Biz | Collectibles | Collectibles U",YES,YES,PASS
https://collectibles.uy/producto/dk-3-breaker-transformers-generations-legacy-deluxe-hasbro-2493,PRODUCT,"Dk-3 Breaker Transformers Generations Legacy Deluxe Hasbro",200,YES,https://collectibles.uy/producto/dk-3-breaker-transformers-generations-legacy-deluxe-hasbro-2493,YES,YES,"Dk-3 Breaker Transformers Generations Legacy Deluxe Hasbro | Collectib",YES,YES,PASS
https://collectibles.uy/producto/xerneas-pokemon-center-peluche-48cm-2022,PRODUCT,"Xerneas Pokemon Center Peluche 48cm",200,YES,https://collectibles.uy/producto/xerneas-pokemon-center-peluche-48cm-2022,YES,YES,"Xerneas Pokemon Center Peluche 48cm | Collectibles Uruguay",YES,YES,PASS
https://collectibles.uy/producto/tracks-transformers-generations-war-for-cybertron-wfc-k26-3246,PRODUCT,"Tracks Transformers Generations War For Cybertron Wfc-k26",200,YES,https://collectibles.uy/producto/tracks-transformers-generations-war-for-cybertron-wfc-k26-3246,YES,YES,"Tracks Transformers Generations War For Cybertron Wfc-k26 | Collectibl",YES,YES,PASS
https://collectibles.uy/producto/elektra-marvel-legends-sp--dr-baf-hasbro-2064,PRODUCT,"Elektra Marvel Legends Sp//dr Baf Hasbro",200,YES,https://collectibles.uy/producto/elektra-marvel-legends-sp--dr-baf-hasbro-2064,YES,YES,"Elektra Marvel Legends Sp//dr Baf Hasbro | Collectibles Uruguay",YES,YES,PASS
https://collectibles.uy/producto/sonic-the-movie-talking-plush-jakks-pacific-6947,PRODUCT,"Sonic The Movie Talking Plush Jakks Pacific",200,YES,https://collectibles.uy/producto/sonic-the-movie-talking-plush-jakks-pacific-6947,YES,YES,"Sonic The Movie Talking Plush Jakks Pacific | Collectibles Uruguay",YES,YES,PASS
https://collectibles.uy/producto/ghostbusters-2021-plasma-series-trevor,PRODUCT,"Ghostbusters 2021 Plasma Series - Trevor",200,YES,https://collectibles.uy/producto/ghostbusters-2021-plasma-series-trevor,YES,YES,"Ghostbusters 2021 Plasma Series - Trevor | Collectibles | Collectibles",YES,YES,PASS
https://collectibles.uy/producto/mega-charizard-x-pokemon-moncolle-ex-takara-tomy-ms-51-6100,PRODUCT,"Mega Charizard X Pokemon Moncolle Ex Takara Tomy Ms-51",200,YES,https://collectibles.uy/producto/mega-charizard-x-pokemon-moncolle-ex-takara-tomy-ms-51-6100,YES,YES,"Mega Charizard X Pokemon Moncolle Ex Takara Tomy Ms-51 | Collectibles ",YES,YES,PASS
https://collectibles.uy/producto/the-simpsons-plushies-10-5-homero-color-azul-acero,PRODUCT,"The Simpsons! Plushies 10.5 Homero Color Azul Acero",200,YES,https://collectibles.uy/producto/the-simpsons-plushies-10-5-homero-color-azul-acero,YES,YES,"Homero | Collectibles | Collectibles Uruguay",YES,YES,PASS
https://collectibles.uy/producto/chimchar-pokemon-moncolle-ex-takara-tomy-pcc-35-6118,PRODUCT,"Chimchar Pokemon Moncolle Ex Takara Tomy Pcc_35",200,YES,https://collectibles.uy/producto/chimchar-pokemon-moncolle-ex-takara-tomy-pcc-35-6118,YES,YES,"Chimchar Pokemon Moncolle Ex Takara Tomy Pcc_35 | Collectibles Uruguay",YES,YES,PASS
https://collectibles.uy/producto/black-superman-the-animated-series-dc-multiverse-mcfarlane-7302,PRODUCT,"Black Superman The Animated Series Dc Multiverse Mcfarlane",200,YES,https://collectibles.uy/producto/black-superman-the-animated-series-dc-multiverse-mcfarlane-7302,YES,YES,"Black Superman The Animated Series Dc Multiverse Mcfarlane | Collectib",YES,YES,PASS
https://collectibles.uy/producto/charmeleon-pok-mon-peluche-grande-naranja-claro-7912,PRODUCT,"Charmeleon Pokémon Peluche Grande Naranja Claro",200,YES,https://collectibles.uy/producto/charmeleon-pok-mon-peluche-grande-naranja-claro-7912,YES,YES,"Charmeleon Pokémon Peluche Grande Naranja Claro | Collectibles Uruguay",YES,YES,PASS
https://collectibles.uy/producto/scraphook-transformers-legacy-evolution-hasbro-5248,PRODUCT,"Scraphook Transformers Legacy Evolution Hasbro",200,YES,https://collectibles.uy/producto/scraphook-transformers-legacy-evolution-hasbro-5248,YES,YES,"Scraphook Transformers Legacy Evolution Hasbro | Collectibles Uruguay",YES,YES,PASS
https://collectibles.uy/producto/optimus-prime-transformers-legacy-core-class-hasbro-3594,PRODUCT,"Optimus Prime Transformers Legacy Core Class Hasbro",200,YES,https://collectibles.uy/producto/optimus-prime-transformers-legacy-core-class-hasbro-3594,YES,YES,"Optimus Prime Transformers Legacy Core Class Hasbro | Collectibles Uru",YES,YES,PASS
https://collectibles.uy/producto/luigi-super-mario-kart-nintendo-auto-a-friccion-mu-eco-luigi-5971,PRODUCT,"Luigi Super Mario Kart Nintendo Auto A Friccion Muñeco Luigi",200,YES,https://collectibles.uy/producto/luigi-super-mario-kart-nintendo-auto-a-friccion-mu-eco-luigi-5971,YES,YES,"Luigi Super Mario Kart Nintendo Auto A Friccion Muñeco Luigi | Collect",YES,YES,PASS
https://collectibles.uy/producto/flareon-pokemon-moncolle-ex-takara-tomy-emc-24-5587,PRODUCT,"Flareon Pokemon Moncolle Ex Takara Tomy Emc_24",200,YES,https://collectibles.uy/producto/flareon-pokemon-moncolle-ex-takara-tomy-emc-24-5587,YES,YES,"Flareon Pokemon Moncolle Ex Takara Tomy Emc_24 | Collectibles Uruguay",YES,YES,PASS
https://collectibles.uy/producto/the-punisher-marvel-legends-hasbro-9269,PRODUCT,"The Punisher Marvel Legends Hasbro",200,YES,https://collectibles.uy/producto/the-punisher-marvel-legends-hasbro-9269,YES,YES,"The Punisher Marvel Legends Hasbro | Collectibles Uruguay",YES,YES,PASS
https://collectibles.uy/producto/pipes-transformers-generations-war-for-cybertron-wfc-k32-3709,PRODUCT,"Pipes Transformers Generations War For Cybertron Wfc-k32",200,YES,https://collectibles.uy/producto/pipes-transformers-generations-war-for-cybertron-wfc-k32-3709,YES,YES,"Pipes Transformers Generations War For Cybertron Wfc-k32 | Collectible",YES,YES,PASS
https://collectibles.uy/producto/cyclops-x-men-90-s-animated-series-marvel-legends-hasbro-m5lqa,PRODUCT,"Cyclops X-men 90's Animated Series Marvel Legends Hasbro",200,YES,https://collectibles.uy/producto/cyclops-x-men-90-s-animated-series-marvel-legends-hasbro-m5lqa,YES,YES,"Cyclops X-men 90&#039;s Animated Series Marvel Legends Hasbro | Collec",YES,YES,PASS
https://collectibles.uy/producto/disney-body-goofy,PRODUCT,"Disney! Body Goofy",200,YES,https://collectibles.uy/producto/disney-body-goofy,YES,YES,"Disney Body Goofy | Collectibles | Collectibles Uruguay",YES,YES,PASS
https://collectibles.uy/producto/articuno-pokemon-select-series-1-jazwares-5086,PRODUCT,"Articuno Pokemon Select Series 1 Jazwares",200,YES,https://collectibles.uy/producto/articuno-pokemon-select-series-1-jazwares-5086,YES,YES,"Articuno Pokemon Select Series 1 Jazwares | Collectibles Uruguay",YES,YES,PASS
https://collectibles.uy/producto/donkey-kong-super-mario-kart-nintendo-auto-friccion-mu-eco-donkey-kong-7089,PRODUCT,"Donkey Kong Super Mario Kart Nintendo Auto Friccion Muñeco Donkey Kong",200,YES,https://collectibles.uy/producto/donkey-kong-super-mario-kart-nintendo-auto-friccion-mu-eco-donkey-kong-7089,YES,YES,"Donkey Kong Super Mario Kart Nintendo Auto Friccion Muñeco Donkey Kong",YES,YES,PASS
https://collectibles.uy/producto/figgyz-pop-magnet-sonic-amy,PRODUCT,"Figgyz Pop! Magnet Sonic - Amy",200,YES,https://collectibles.uy/producto/figgyz-pop-magnet-sonic-amy,YES,YES,"Amy Sonic | Figgyz | Collectibles | Collectibles Uruguay",YES,YES,PASS
https://collectibles.uy/producto/figgyz-pop-magnet-street-fighter-chun-li,PRODUCT,"Figgyz Pop! Magnet Street Fighter - Chun-li",200,YES,https://collectibles.uy/producto/figgyz-pop-magnet-street-fighter-chun-li,YES,YES,"Blanka Street Fighter | Figgyz | Collectibles | Collectibles Uruguay",YES,YES,PASS
https://collectibles.uy/producto/body-para-bebe-de-star-wars-rebels-rule-rojo-24-meses,PRODUCT,"Body Para Bébe De Star Wars - Rebels Rule Rojo 24 Meses",200,YES,https://collectibles.uy/producto/body-para-bebe-de-star-wars-rebels-rule-rojo-24-meses,YES,YES,"Rebels | Collectibles | Collectibles Uruguay",YES,YES,PASS
https://collectibles.uy/producto/justice-league-body-sweet-but-story,PRODUCT,"Justice League! Body Sweet But Story",200,YES,https://collectibles.uy/producto/justice-league-body-sweet-but-story,YES,YES,"Justice League Body Sweet But Story | Justice League | Collectibles | ",YES,YES,PASS
https://collectibles.uy/producto/harry-potter-cuaderno-expecto-patronum-kawaii,PRODUCT,"Harry Potter! Cuaderno - Expecto Patronum Kawaii ",200,YES,https://collectibles.uy/producto/harry-potter-cuaderno-expecto-patronum-kawaii,YES,YES,"Harry Potter Cuaderno - Expecto Patronum Kawaii | Collectibles | Colle",YES,YES,PASS
https://collectibles.uy/producto/body-disney-lion-king-pumba-naranja-oscuro-18-meses,PRODUCT,"Body Disney! Lion King: Pumba Naranja Oscuro 18 Meses",200,YES,https://collectibles.uy/producto/body-disney-lion-king-pumba-naranja-oscuro-18-meses,YES,YES,"Pumba | Collectibles | Collectibles Uruguay",YES,YES,PASS
https://collectibles.uy/producto/popera-dungeons-and-dragons,PRODUCT,"Popera Dungeons And Dragons.",200,YES,https://collectibles.uy/producto/popera-dungeons-and-dragons,YES,YES,"Dragón Dungeons and Dragons | MOVIE | Collectibles | Collectibles Urug",YES,YES,PASS
https://collectibles.uy/producto/star-wars-camiseta-bebe-estampada-stroomtrooper,PRODUCT,"Star Wars! Camiseta Bebé Estampada Stroomtrooper",200,YES,https://collectibles.uy/producto/star-wars-camiseta-bebe-estampada-stroomtrooper,YES,YES,"Star Wars Camiseta Bebé Estampada Stroom | Collectibles | Collectibles",YES,YES,PASS
https://collectibles.uy/producto/kraven-spiderman-marvel-legends-hasbro-77ma2,PRODUCT,"Kraven Spiderman Marvel Legends Hasbro",200,YES,https://collectibles.uy/producto/kraven-spiderman-marvel-legends-hasbro-77ma2,YES,YES,"Kraven Spiderman Marvel Legends Hasbro | Collectibles Uruguay",YES,YES,PASS
https://collectibles.uy/producto/black-lady-sailor-moon-figuarts-bandai-9007,PRODUCT,"Black Lady Sailor Moon Figuarts Bandai",200,YES,https://collectibles.uy/producto/black-lady-sailor-moon-figuarts-bandai-9007,YES,YES,"Black Lady Sailor Moon Figuarts Bandai | Collectibles Uruguay",YES,YES,PASS
https://collectibles.uy/producto/donatello-tortugas-ninja-movie-star-playmates-1756,PRODUCT,"Donatello Tortugas Ninja Movie Star Playmates",200,YES,https://collectibles.uy/producto/donatello-tortugas-ninja-movie-star-playmates-1756,YES,YES,"Donatello Tortugas Ninja Movie Star Playmates | Collectibles Uruguay",YES,YES,PASS
https://collectibles.uy/producto/harry-potter-cuaderno-slytherin,PRODUCT,"Harry Potter! Cuaderno Slytherin",200,YES,https://collectibles.uy/producto/harry-potter-cuaderno-slytherin,YES,YES,"Harry Potter Cuaderno Slytherin Color Verde | Collectibles | Collectib",YES,YES,PASS
https://collectibles.uy/producto/figgyz-pop-magnet-sonic-dr-eggman,PRODUCT,"Figgyz Pop! Magnet Sonic - Dr. Eggman",200,YES,https://collectibles.uy/producto/figgyz-pop-magnet-sonic-dr-eggman,YES,YES,"Dr. Eggman Sonic The Hedgehog | Figgyz | Collectibles | Collectibles U",YES,YES,PASS
https://collectibles.uy/producto/charizard-pokemon-moncolle-ex-takara-tomy-ms-15-7922,PRODUCT,"Charizard Pokemon Moncolle Ex Takara Tomy Ms-15",200,YES,https://collectibles.uy/producto/charizard-pokemon-moncolle-ex-takara-tomy-ms-15-7922,YES,YES,"Charizard Pokemon Moncolle Ex Takara Tomy Ms-15 | Collectibles Uruguay",YES,YES,PASS
https://collectibles.uy/producto/funko-pop-stranger-things-rockin--robin-with-the-squawk--50-9853,PRODUCT,"Funko Pop Stranger Things Rockin' Robin With The Squawk #50",200,YES,https://collectibles.uy/producto/funko-pop-stranger-things-rockin--robin-with-the-squawk--50-9853,YES,YES,"Funko Pop Stranger Things Rockin&#039; Robin With The Squawk #50 | Col",YES,YES,PASS
https://collectibles.uy/producto/dc-dice-masters-justice-league-90-count-gravity-feed,PRODUCT,"Dc Dice Masters: Justice League 90 Count Gravity Feed",200,YES,https://collectibles.uy/producto/dc-dice-masters-justice-league-90-count-gravity-feed,YES,YES,"Dc Dice Masters: Justice League 90 Count | Collectibles | Collectibles",YES,YES,PASS
https://collectibles.uy/producto/figgyz-pop-magnet-megaman,PRODUCT,"Figgyz Pop! Magnet Megaman",200,YES,https://collectibles.uy/producto/figgyz-pop-magnet-megaman,YES,YES,"Mega Man Mega Man | Figgyz | Collectibles | Collectibles Uruguay",YES,YES,PASS
https://collectibles.uy/producto/deadpool-deadpool---wolverine-marvel-legends-hasbro-5152,PRODUCT,"Deadpool Deadpool & Wolverine Marvel Legends Hasbro",200,YES,https://collectibles.uy/producto/deadpool-deadpool---wolverine-marvel-legends-hasbro-5152,YES,YES,"Deadpool Deadpool &amp; Wolverine Marvel Legends Hasbro | Collectibles",YES,YES,PASS
https://collectibles.uy/producto/10-sobres-de-figuritas-mundial-2026--copia-6926-copia-8343,PRODUCT,"25 SOBRES DE FIGURITAS MUNDIAL 2026",200,YES,https://collectibles.uy/producto/10-sobres-de-figuritas-mundial-2026--copia-6926-copia-8343,YES,YES,"25 SOBRES DE FIGURITAS MUNDIAL 2026 | Collectibles Uruguay",YES,YES,PASS
https://collectibles.uy/producto/funko-mortal-kombat-x-kitana-action-figure,PRODUCT,"Funko! Mortal Kombat X Kitana Action Figure",200,YES,https://collectibles.uy/producto/funko-mortal-kombat-x-kitana-action-figure,YES,YES,"Funko Pop Kitana | Mortal Kombat | Collectibles | Collectibles Uruguay",YES,YES,PASS
https://collectibles.uy/producto/funko-pop-kpop-demon-hunters-derpy-with-sussie,PRODUCT,"Funko Pop! Kpop Demon Hunters - Derpy With Sussie ",200,YES,https://collectibles.uy/producto/funko-pop-kpop-demon-hunters-derpy-with-sussie,YES,YES,"Funko Pop Derpy with Sussie | KPop Demon Hunters | Collectibles | Coll",YES,YES,PASS
https://collectibles.uy/producto/masters-of-the-universe-origins-evil-lyn-2,PRODUCT,"Masters Of The Universe Origins- Evil-lyn 2",200,YES,https://collectibles.uy/producto/masters-of-the-universe-origins-evil-lyn-2,YES,YES,"Masters Of The Universe Origins- Evil-ly | Collectibles | Collectibles",YES,YES,PASS
https://collectibles.uy/producto/son-goku-ultra-instinct-dragon-ball-super-evolve-bandai-1320,PRODUCT,"Son Goku Ultra Instinct Dragon Ball Super Evolve Bandai",200,YES,https://collectibles.uy/producto/son-goku-ultra-instinct-dragon-ball-super-evolve-bandai-1320,YES,YES,"Son Goku Ultra Instinct Dragon Ball Super Evolve Bandai | Collectibles",YES,YES,PASS
https://collectibles.uy/producto/cars-10-veh-culos-metal-disney-pixar-mattel-autos-2980,PRODUCT,"Cars 10 Vehículos Metal Disney Pixar Mattel Autos",200,YES,https://collectibles.uy/producto/cars-10-veh-culos-metal-disney-pixar-mattel-autos-2980,YES,YES,"Cars 10 Vehículos Metal Disney Pixar Mattel Autos | Collectibles Urugu",YES,YES,PASS
https://collectibles.uy/producto/kino-makoto-jupiter-sailor-moon-figuarts-bandai-3018,PRODUCT,"Kino Makoto Jupiter Sailor Moon Figuarts Bandai",200,YES,https://collectibles.uy/producto/kino-makoto-jupiter-sailor-moon-figuarts-bandai-3018,YES,YES,"Kino Makoto Jupiter Sailor Moon Figuarts Bandai | Collectibles Uruguay",YES,YES,PASS
https://collectibles.uy/producto/10-sobres-de-figuritas-mundial-2026--copia-6926,PRODUCT,"75 SOBRES DE FIGURITAS MUNDIAL 2026",200,YES,https://collectibles.uy/producto/10-sobres-de-figuritas-mundial-2026--copia-6926,YES,YES,"75 SOBRES DE FIGURITAS MUNDIAL 2026 | Collectibles Uruguay",YES,YES,PASS
https://collectibles.uy/producto/super-saiyan-3-goku-dragon-ball-figuarts-bandai-6830,PRODUCT,"Super Saiyan 3 Goku Dragon Ball Figuarts Bandai",200,YES,https://collectibles.uy/producto/super-saiyan-3-goku-dragon-ball-figuarts-bandai-6830,YES,YES,"Super Saiyan 3 Goku Dragon Ball Figuarts Bandai | Collectibles Uruguay",YES,YES,PASS
https://collectibles.uy/producto/cruella-de-vil-villains-princesas-disney-hasbro-lp4qk,PRODUCT,"Cruella De Vil Villains Princesas Disney Hasbro",200,YES,https://collectibles.uy/producto/cruella-de-vil-villains-princesas-disney-hasbro-lp4qk,YES,YES,"Cruella De Vil Villains Princesas Disney Hasbro | Collectibles Uruguay",YES,YES,PASS
https://collectibles.uy/producto/pok-mon-24-mini-figuras-incluye-pikachu-9289,PRODUCT,"Pokémon 24 Mini Figuras Incluye Pikachu",200,YES,https://collectibles.uy/producto/pok-mon-24-mini-figuras-incluye-pikachu-9289,YES,YES,"Pokémon 24 Mini Figuras Incluye Pikachu | Collectibles Uruguay",YES,YES,PASS
https://collectibles.uy/producto/funko-pop-halloween-michael-myers,PRODUCT,"Funko Pop! Halloween Michael Myers",200,YES,https://collectibles.uy/producto/funko-pop-halloween-michael-myers,YES,YES,"Funko Pop MICHAEL | Halloween | Collectibles | Collectibles Uruguay",YES,YES,PASS
https://collectibles.uy/producto/figura-de-acci-n-the-black-series-ahsoka-tano-star-wars-15cm-1836,PRODUCT,"Figura De Acción The Black Series Ahsoka Tano Star Wars 15cm",200,YES,https://collectibles.uy/producto/figura-de-acci-n-the-black-series-ahsoka-tano-star-wars-15cm-1836,YES,YES,"Figura De Acción The Black Series Ahsoka Tano Star Wars 15cm | Collect",YES,YES,PASS
https://collectibles.uy/producto/majorette-tune-up-s-series-3-with-neon-effects-multicolor,PRODUCT,"Majorette! Tune-up's Series 3 With Neon Effects Multicolor",200,YES,https://collectibles.uy/producto/majorette-tune-up-s-series-3-with-neon-effects-multicolor,YES,YES,"Majorette Tune-up&#039;s Series 3 With Neon Effects | Collectibles | C",YES,YES,PASS
https://collectibles.uy/producto/figura-de-acci-n-hasbro-profesor-x-de-the-uncanny-x-men-1429,PRODUCT,"Figura De Acción Hasbro Profesor X De The Uncanny X-men",200,YES,https://collectibles.uy/producto/figura-de-acci-n-hasbro-profesor-x-de-the-uncanny-x-men-1429,YES,YES,"Figura De Acción Hasbro Profesor X De The Uncanny X-men | Collectibles",YES,YES,PASS
https://collectibles.uy/producto/iron-studios-minico-thundercats-cheetara-and-snarf,PRODUCT,"Iron Studios! Minico Thundercats - Cheetara And Snarf",200,YES,https://collectibles.uy/producto/iron-studios-minico-thundercats-cheetara-and-snarf,YES,YES,"Wolverine Marvel | Iron Studios | Collectibles | Collectibles Uruguay",YES,YES,PASS
https://collectibles.uy/producto/star-wars-camiseta-bebe-estampada-chewbacca,PRODUCT,"Star Wars! Camiseta Bebé Estampada Chewbacca",200,YES,https://collectibles.uy/producto/star-wars-camiseta-bebe-estampada-chewbacca,YES,YES,"Star Wars Camiseta Bebé Estampada Chewbacca | CROSSOVER | Collectibles",YES,YES,PASS
https://collectibles.uy/producto/mu-eca-hasbro-disney-villains-cruella-de-vil---27-cm-9210,PRODUCT,"Muñeca Hasbro Disney Villains Cruella De Vil - 27 Cm",200,YES,https://collectibles.uy/producto/mu-eca-hasbro-disney-villains-cruella-de-vil---27-cm-9210,YES,YES,"Muñeca Hasbro Disney Villains Cruella De Vil - 27 Cm | Collectibles Ur",YES,YES,PASS
https://collectibles.uy/producto/funko-pop-whitney-houston,PRODUCT,"Funko Pop! Whitney Houston",200,YES,https://collectibles.uy/producto/funko-pop-whitney-houston,YES,YES,"Funko Pop Whitney Houston | Iconic | Collectibles | Collectibles Urugu",YES,YES,PASS
https://collectibles.uy/producto/togepi-pokemon-peluche-15cm-togepi-6116,PRODUCT,"Togepi Pokemon Peluche 15cm Togepi",200,YES,https://collectibles.uy/producto/togepi-pokemon-peluche-15cm-togepi-6116,YES,YES,"Togepi Pokemon Peluche 15cm Togepi | Collectibles Uruguay",YES,YES,PASS
https://collectibles.uy/producto/funko-pop-lilo-y-stitch-stitch,PRODUCT,"Funko Pop! Lilo Y Stitch - Stitch",200,YES,https://collectibles.uy/producto/funko-pop-lilo-y-stitch-stitch,YES,YES,"Funko Pop Stitch | Disney | Collectibles | Collectibles Uruguay",YES,YES,PASS
https://collectibles.uy/producto/rogue-x-men-marvel-legends-hasbro-9599,PRODUCT,"Rogue X-men Marvel Legends Hasbro",200,YES,https://collectibles.uy/producto/rogue-x-men-marvel-legends-hasbro-9599,YES,YES,"Rogue X-men Marvel Legends Hasbro | Collectibles Uruguay",YES,YES,PASS
https://collectibles.uy/producto/shiny-sylveon-eevee-pokemon-center-peluche-20cm-shiny-sylveon-5181,PRODUCT,"Shiny Sylveon Eevee Pokemon Center Peluche 20cm Shiny Sylveon",200,YES,https://collectibles.uy/producto/shiny-sylveon-eevee-pokemon-center-peluche-20cm-shiny-sylveon-5181,YES,YES,"Shiny Sylveon Eevee Pokemon Center Peluche 20cm Shiny Sylveon | Collec",YES,YES,PASS
https://collectibles.uy/producto/dragonair-pokemon-center-peluche-68cm-6134,PRODUCT,"Dragonair Pokemon Center Peluche 68cm",200,YES,https://collectibles.uy/producto/dragonair-pokemon-center-peluche-68cm-6134,YES,YES,"Dragonair Pokemon Center Peluche 68cm | Collectibles Uruguay",YES,YES,PASS
https://collectibles.uy/producto/dragonite-pokemon-moncolle-ex-takara-tomy-ms-25-6875,PRODUCT,"Dragonite Pokemon Moncolle Ex Takara Tomy Ms 25",200,YES,https://collectibles.uy/producto/dragonite-pokemon-moncolle-ex-takara-tomy-ms-25-6875,YES,YES,"Dragonite Pokemon Moncolle Ex Takara Tomy Ms 25 | Collectibles Uruguay",YES,YES,PASS
https://collectibles.uy/producto/goma-de-borrar-rectangular-de-goma-harry-potter-cinereplicas,PRODUCT,"Goma De Borrar Rectangular De Goma Harry Potter Cinereplicas",200,YES,https://collectibles.uy/producto/goma-de-borrar-rectangular-de-goma-harry-potter-cinereplicas,YES,YES,"Goma De Borrar Rectangular De Goma Harry Potter | Collectibles | Colle",YES,YES,PASS
https://collectibles.uy/producto/pokemon-portafolio-ultra-pro-pokeball-2,PRODUCT,"Pokemon! Portafolio Ultra Pro Pokeball 2",200,YES,https://collectibles.uy/producto/pokemon-portafolio-ultra-pro-pokeball-2,YES,YES,"Pokemon Portafolio Ultra Pro Pokeball 2 | Pokémon | Collectibles | Col",YES,YES,PASS
https://collectibles.uy/producto/freddy-five-nights-at-freddy-s-funko-34cm-8158,PRODUCT,"Freddy Five Nights At Freddy´s Funko 34cm",200,YES,https://collectibles.uy/producto/freddy-five-nights-at-freddy-s-funko-34cm-8158,YES,YES,"Freddy Five Nights At Freddy´s Funko 34cm | Collectibles Uruguay",YES,YES,PASS
https://collectibles.uy/producto/funko-pop-black-lightning-lightning,PRODUCT,"Funko Pop! Black Lightning - Lightning",200,YES,https://collectibles.uy/producto/funko-pop-black-lightning-lightning,YES,YES,"Funko Pop Relámpago | DC Black Lightning | Collectibles | Collectibles",YES,YES,PASS
https://collectibles.uy/producto/cubone-pokemon-center-peluche-20cm-3843,PRODUCT,"Cubone Pokemon Center Peluche 20cm",200,YES,https://collectibles.uy/producto/cubone-pokemon-center-peluche-20cm-3843,YES,YES,"Cubone Pokemon Center Peluche 20cm | Collectibles Uruguay",YES,YES,PASS
https://collectibles.uy/producto/figgyz-pop-magnet-megaman-zero,PRODUCT,"Figgyz Pop! Magnet Megaman - Zero",200,YES,https://collectibles.uy/producto/figgyz-pop-magnet-megaman-zero,YES,YES,"MEGAMAN - ZERO Mega Man | Figgyz | Collectibles | Collectibles Uruguay",YES,YES,PASS
https://collectibles.uy/producto/figgyz-pop-magnet-sonic,PRODUCT,"Figgyz Pop! Magnet Sonic",200,YES,https://collectibles.uy/producto/figgyz-pop-magnet-sonic,YES,YES,"Sonic Sonic | Figgyz | Collectibles | Collectibles Uruguay",YES,YES,PASS
https://collectibles.uy/producto/iron-man-nano-guantelete-infinito-marvel-legends-hasbro-e6frg,PRODUCT,"Iron Man Nano Guantelete Infinito Marvel Legends Hasbro",200,YES,https://collectibles.uy/producto/iron-man-nano-guantelete-infinito-marvel-legends-hasbro-e6frg,YES,YES,"Iron Man Nano Guantelete Infinito Marvel Legends Hasbro | Collectibles",YES,YES,PASS
https://collectibles.uy/producto/invisible-woman-fantastic-four-marvel-legends-hasbro-x2p6d,PRODUCT,"Invisible Woman Fantastic Four Marvel Legends Hasbro",200,YES,https://collectibles.uy/producto/invisible-woman-fantastic-four-marvel-legends-hasbro-x2p6d,YES,YES,"Invisible Woman Fantastic Four Marvel Legends Hasbro | Collectibles Ur",YES,YES,PASS
https://collectibles.uy/producto/charmander-pokemon-center-peluche-11cm-2800,PRODUCT,"Charmander Pokemon Center Peluche 11cm",200,YES,https://collectibles.uy/producto/charmander-pokemon-center-peluche-11cm-2800,YES,YES,"Charmander Pokemon Center Peluche 11cm | Collectibles Uruguay",YES,YES,PASS
https://collectibles.uy/producto/figura-de-acci-n-pok-mon-rillaboom-takara-tomy-coleccionable-pvc-2058,PRODUCT,"Figura De Acción Pokémon Rillaboom Takara Tomy Coleccionable Pvc",200,YES,https://collectibles.uy/producto/figura-de-acci-n-pok-mon-rillaboom-takara-tomy-coleccionable-pvc-2058,YES,YES,"Figura De Acción Pokémon Rillaboom Takara Tomy Coleccionable Pvc | Col",YES,YES,PASS
https://collectibles.uy/producto/amazing-spiderman-no-way-home-andrew-garfield-marvel-legends-igw6p,PRODUCT,"Amazing Spiderman No Way Home Andrew Garfield Marvel Legends",200,YES,https://collectibles.uy/producto/amazing-spiderman-no-way-home-andrew-garfield-marvel-legends-igw6p,YES,YES,"Amazing Spiderman No Way Home Andrew Garfield Marvel Legends | Collect",YES,YES,PASS
https://collectibles.uy/producto/lycanroc-pokemon-moncolle-ex-takara-tomy-ms-23-6906,PRODUCT,"Lycanroc Pokemon Moncolle Ex Takara Tomy Ms 23",200,YES,https://collectibles.uy/producto/lycanroc-pokemon-moncolle-ex-takara-tomy-ms-23-6906,YES,YES,"Lycanroc Pokemon Moncolle Ex Takara Tomy Ms 23 | Collectibles Uruguay",YES,YES,PASS
https://collectibles.uy/producto/vulture-spiderman-90-s-animated-marvel-legends-5l26u,PRODUCT,"Vulture Spiderman 90's Animated Marvel Legends",200,YES,https://collectibles.uy/producto/vulture-spiderman-90-s-animated-marvel-legends-5l26u,YES,YES,"Vulture Spiderman 90&#039;s Animated Marvel Legends | Collectibles Uru",YES,YES,PASS
https://collectibles.uy/producto/charmander-peluche-pokemon-30cm-naranja-7863,PRODUCT,"Charmander Peluche Pokemon 30cm Naranja",200,YES,https://collectibles.uy/producto/charmander-peluche-pokemon-30cm-naranja-7863,YES,YES,"Charmander Peluche Pokemon 30cm Naranja | Collectibles Uruguay",YES,YES,PASS
https://collectibles.uy/producto/miles-morales-spiderman-series-marvel-legends-hasbro-v7ktt,PRODUCT,"Miles Morales Spiderman Series Marvel Legends Hasbro",200,YES,https://collectibles.uy/producto/miles-morales-spiderman-series-marvel-legends-hasbro-v7ktt,YES,YES,"Miles Morales Spiderman Series Marvel Legends Hasbro | Collectibles Ur",YES,YES,PASS
https://collectibles.uy/producto/flash-camiseta-bebe-estampada,PRODUCT,"Flash! Camiseta Bebé Estampada",200,YES,https://collectibles.uy/producto/flash-camiseta-bebe-estampada,YES,YES,"Flash Camiseta Bebé Estampada | CROSSOVER | Collectibles | Collectible",YES,YES,PASS
https://collectibles.uy/producto/sylveon-pokemon-moncolle-ex-takara-tomy-2721,PRODUCT,"Sylveon Pokemon Moncolle Ex Takara Tomy",200,YES,https://collectibles.uy/producto/sylveon-pokemon-moncolle-ex-takara-tomy-2721,YES,YES,"Sylveon Pokemon Moncolle Ex Takara Tomy | Collectibles Uruguay",YES,YES,PASS
https://collectibles.uy/producto/funko-plushies-marvel-lucha-libre-venom-multicolor,PRODUCT,"Funko Plushies! Marvel Lucha Libre Venom Multicolor",200,YES,https://collectibles.uy/producto/funko-plushies-marvel-lucha-libre-venom-multicolor,YES,YES,"Funko Plush Venom | Collectibles | Collectibles Uruguay",YES,YES,PASS
https://collectibles.uy/producto/funko-pop-superman,PRODUCT,"Funko Pop! Superman",200,YES,https://collectibles.uy/producto/funko-pop-superman,YES,YES,"Funko Pop Superman | Superman | Collectibles | Collectibles Uruguay",YES,YES,PASS
https://collectibles.uy/producto/figgyz-pop-magnet-super-sonic,PRODUCT,"Figgyz Pop! Magnet Super Sonic",200,YES,https://collectibles.uy/producto/figgyz-pop-magnet-super-sonic,YES,YES,"Super Sonic Sonic | Figgyz | Collectibles | Collectibles Uruguay",YES,YES,PASS
https://collectibles.uy/producto/red-gyrados-pokemon-center-peluche-56cm-2113,PRODUCT,"Red Gyrados Pokemon Center Peluche 56cm",200,YES,https://collectibles.uy/producto/red-gyrados-pokemon-center-peluche-56cm-2113,YES,YES,"Red Gyrados Pokemon Center Peluche 56cm | Collectibles Uruguay",YES,YES,PASS
https://collectibles.uy/producto/latias-pokemon-center-peluche-1337,PRODUCT,"Latias Pokemon Center Peluche",200,YES,https://collectibles.uy/producto/latias-pokemon-center-peluche-1337,YES,YES,"Latias Pokemon Center Peluche | Collectibles Uruguay",YES,YES,PASS
https://collectibles.uy/producto/pokemon-select-mega-charizard-modelo-9907,PRODUCT,"Pokemon Select Mega Charizard Modelo",200,YES,https://collectibles.uy/producto/pokemon-select-mega-charizard-modelo-9907,YES,YES,"Pokemon Select Mega Charizard Modelo | Collectibles Uruguay",YES,YES,PASS
https://collectibles.uy/producto/flash-justice-league-animated-dc-collectibles-7095,PRODUCT,"Flash Justice League Animated Dc Collectibles",200,YES,https://collectibles.uy/producto/flash-justice-league-animated-dc-collectibles-7095,YES,YES,"Flash Justice League Animated Dc Collectibles | Collectibles Uruguay",YES,YES,PASS
https://collectibles.uy/producto/figura-neca-the-last-ronin-con-armadura-tortugas-ninja-8945,PRODUCT,"Figura Neca The Last Ronin Con Armadura Tortugas Ninja",200,YES,https://collectibles.uy/producto/figura-neca-the-last-ronin-con-armadura-tortugas-ninja-8945,YES,YES,"Figura Neca The Last Ronin Con Armadura Tortugas Ninja | Collectibles ",YES,YES,PASS
https://collectibles.uy/producto/funko-pop-queen-news-of-the-world,PRODUCT,"Funko Pop! Queen - News Of The World ",200,YES,https://collectibles.uy/producto/funko-pop-queen-news-of-the-world,YES,YES,"Funko Pop Queen - News Of The World | Queen | Collectibles | Collectib",YES,YES,PASS
https://collectibles.uy/producto/figgyz-pop-magnet-silent-hill-2-bubble-head-nurse,PRODUCT,"Figgyz Pop! Magnet Silent Hill 2 - Bubble Head Nurse",200,YES,https://collectibles.uy/producto/figgyz-pop-magnet-silent-hill-2-bubble-head-nurse,YES,YES,"BUBBLE HEAD NURSE Silent Hill 2 | Figgyz | Collectibles | Collectibles",YES,YES,PASS
https://collectibles.uy/producto/charizard-pokemon-peluche-25cm-1731,PRODUCT,"Charizard Pokemon Peluche 25cm",200,YES,https://collectibles.uy/producto/charizard-pokemon-peluche-25cm-1731,YES,YES,"Charizard Pokemon Peluche 25cm | Collectibles Uruguay",YES,YES,PASS
https://collectibles.uy/producto/shadow-sonic-the-hedgehog-10cm-wave-15-jakks-pacific-8373,PRODUCT,"Shadow Sonic The Hedgehog 10cm Wave 15 Jakks Pacific",200,YES,https://collectibles.uy/producto/shadow-sonic-the-hedgehog-10cm-wave-15-jakks-pacific-8373,YES,YES,"Shadow Sonic The Hedgehog 10cm Wave 15 Jakks Pacific | Collectibles Ur",YES,YES,PASS
https://collectibles.uy/producto/iron-studios-harry-potter-bds-art-scale-1-10,PRODUCT,"Iron Studios! Harry Potter Bds Art Scale 1/10",200,YES,https://collectibles.uy/producto/iron-studios-harry-potter-bds-art-scale-1-10,YES,YES,"Harry Potter Harry Potter | Iron Studios | Collectibles | Collectibles",YES,YES,PASS
https://collectibles.uy/producto/dr-strange-morbius-spiderman-90-s-animated-marvel-legends-o6gdu,PRODUCT,"Dr. Strange Morbius Spiderman 90's Animated Marvel Legends",200,YES,https://collectibles.uy/producto/dr-strange-morbius-spiderman-90-s-animated-marvel-legends-o6gdu,YES,YES,"Dr. Strange Morbius Spiderman 90&#039;s Animated Marvel Legends | Coll",YES,YES,PASS
https://collectibles.uy/producto/peluche-bob-esponja-interactivo-goofy-goober-45cm-amarillo,PRODUCT,"Peluche Bob Esponja Interactivo Goofy Goober 45cm Amarillo",200,YES,https://collectibles.uy/producto/peluche-bob-esponja-interactivo-goofy-goober-45cm-amarillo,YES,YES,"Bob Esponja | Collectibles | Collectibles Uruguay",YES,YES,PASS
https://collectibles.uy/producto/figura-de-acci-n-hasbro-star-wars-vintage-mace-windu-9-5-cm-6575,PRODUCT,"Figura De Acción Hasbro Star Wars Vintage Mace Windu 9.5 Cm",200,YES,https://collectibles.uy/producto/figura-de-acci-n-hasbro-star-wars-vintage-mace-windu-9-5-cm-6575,YES,YES,"Figura De Acción Hasbro Star Wars Vintage Mace Windu 9.5 Cm | Collecti",YES,YES,PASS
https://collectibles.uy/producto/once-eleven-eggo-stranger-things-421-funko-pop-caja-da-ada-9756,PRODUCT,"Once Eleven Eggo Stranger Things 421 Funko Pop Caja Dañada",200,YES,https://collectibles.uy/producto/once-eleven-eggo-stranger-things-421-funko-pop-caja-da-ada-9756,YES,YES,"Once Eleven Eggo Stranger Things 421 Funko Pop Caja Dañada | Collectib",YES,YES,PASS
https://collectibles.uy/producto/shiny-lycanroc-midnight-form-pokemon-center-peluche-28cm-3769,PRODUCT,"Shiny Lycanroc Midnight Form Pokemon Center Peluche 28cm",200,YES,https://collectibles.uy/producto/shiny-lycanroc-midnight-form-pokemon-center-peluche-28cm-3769,YES,YES,"Shiny Lycanroc Midnight Form Pokemon Center Peluche 28cm | Collectible",YES,YES,PASS
https://collectibles.uy/producto/batman-v-superman-figures-lex-luthor,PRODUCT,"DC Multiverse - Batman V Superman Figures - Lex Luthor",200,YES,https://collectibles.uy/producto/batman-v-superman-figures-lex-luthor,YES,YES,"Lex Luthor Batman vs Superman | Batman | Collectibles | Collectibles U",YES,YES,PASS
https://collectibles.uy/producto/baxter-tortugas-ninja-turtles-ultimates-wave1-super7-6439,PRODUCT,"Baxter Tortugas Ninja Turtles Ultimates Wave1 Super7",200,YES,https://collectibles.uy/producto/baxter-tortugas-ninja-turtles-ultimates-wave1-super7-6439,YES,YES,"Baxter Tortugas Ninja Turtles Ultimates Wave1 Super7 | Collectibles Ur",YES,YES,PASS
https://collectibles.uy/producto/aliens-figura-de-accion-spitter-alien-fireteam-elite,PRODUCT,"Aliens! Figura De Acción Spitter Alien Fireteam Elite",200,YES,https://collectibles.uy/producto/aliens-figura-de-accion-spitter-alien-fireteam-elite,YES,YES,"NECA Spitter Alien | Aliens | Collectibles | Collectibles Uruguay",YES,YES,PASS
https://collectibles.uy/producto/dani-moonstar-x-men-marvel-legends-hasbro-2237,PRODUCT,"Dani Moonstar X-men Marvel Legends Hasbro",200,YES,https://collectibles.uy/producto/dani-moonstar-x-men-marvel-legends-hasbro-2237,YES,YES,"Dani Moonstar X-men Marvel Legends Hasbro | Collectibles Uruguay",YES,YES,PASS
https://collectibles.uy/producto/gwen-stacy-spiderman-marvel-legends-stilt-man-baf-hasbro-3440,PRODUCT,"Gwen Stacy Spiderman Marvel Legends Stilt-man Baf Hasbro",200,YES,https://collectibles.uy/producto/gwen-stacy-spiderman-marvel-legends-stilt-man-baf-hasbro-3440,YES,YES,"Gwen Stacy Spiderman Marvel Legends Stilt-man Baf Hasbro | Collectible",YES,YES,PASS
https://collectibles.uy/producto/harry-potter-llaveros-plush-viktor,PRODUCT,"Harry Potter! Llaveros Plush - Viktor",200,YES,https://collectibles.uy/producto/harry-potter-llaveros-plush-viktor,YES,YES,"Harry Potter Llaveros Plush - Viktor Rojo | Collectibles | Collectible",YES,YES,PASS
https://collectibles.uy/producto/marvel-girl-x-men-marvel-legends-tri-sentinel-baf-hasbro-8877,PRODUCT,"Marvel Girl X-men Marvel Legends Tri-sentinel Baf Hasbro",200,YES,https://collectibles.uy/producto/marvel-girl-x-men-marvel-legends-tri-sentinel-baf-hasbro-8877,YES,YES,"Marvel Girl X-men Marvel Legends Tri-sentinel Baf Hasbro | Collectible",YES,YES,PASS
https://collectibles.uy/producto/funko-pop-kpop-demon-hunters-jinu,PRODUCT,"Funko Pop! Kpop Demon Hunters - Jinu",200,YES,https://collectibles.uy/producto/funko-pop-kpop-demon-hunters-jinu,YES,YES,"Funko Pop Jinu | KPop Demon Hunters | Collectibles | Collectibles Urug",YES,YES,PASS
https://collectibles.uy/producto/freddy-frostbear-five-nights-freddy-s-special-delivery-funko-2968,PRODUCT,"Freddy Frostbear Five Nights Freddy´s Special Delivery Funko",200,YES,https://collectibles.uy/producto/freddy-frostbear-five-nights-freddy-s-special-delivery-funko-2968,YES,YES,"Freddy Frostbear Five Nights Freddy´s Special Delivery Funko | Collect",YES,YES,PASS
https://collectibles.uy/producto/jiren-dragon-ball-super-evolve-bandai-2411,PRODUCT,"Jiren Dragon Ball Super Evolve Bandai",200,YES,https://collectibles.uy/producto/jiren-dragon-ball-super-evolve-bandai-2411,YES,YES,"Jiren Dragon Ball Super Evolve Bandai | Collectibles Uruguay",YES,YES,PASS
https://collectibles.uy/producto/mega-man-rockman-classic-deluxe-lights-sounds-jakks-pacific-3128,PRODUCT,"Mega Man Rockman Classic Deluxe Lights/sounds Jakks Pacific",200,YES,https://collectibles.uy/producto/mega-man-rockman-classic-deluxe-lights-sounds-jakks-pacific-3128,YES,YES,"Mega Man Rockman Classic Deluxe Lights/sounds Jakks Pacific | Collecti",YES,YES,PASS
https://collectibles.uy/producto/figura-de-acci-n-fire-man-mega-man-jada-toys-15cm-articulada-coleccionable-2052,PRODUCT,"Figura De Acción Fire Man Mega Man Jada Toys 15cm Articulada Coleccionable",200,YES,https://collectibles.uy/producto/figura-de-acci-n-fire-man-mega-man-jada-toys-15cm-articulada-coleccionable-2052,YES,YES,"Figura De Acción Fire Man Mega Man Jada Toys 15cm Articulada Coleccion",YES,YES,PASS
https://collectibles.uy/producto/body-de-bebes-justicie-ligue-linterna-verde-verde-12-meses-lisa,PRODUCT,"Body De Bebes Justicie Ligue - Linterna Verde Verde 12 Meses Lisa",200,YES,https://collectibles.uy/producto/body-de-bebes-justicie-ligue-linterna-verde-verde-12-meses-lisa,YES,YES,"Linterna Verde | Collectibles | Collectibles Uruguay",YES,YES,PASS
https://collectibles.uy/producto/aayla-secura-star-wars-clone-wars-vintage-hasbro-7919,PRODUCT,"Aayla Secura Star Wars Clone Wars Vintage Hasbro",200,YES,https://collectibles.uy/producto/aayla-secura-star-wars-clone-wars-vintage-hasbro-7919,YES,YES,"Aayla Secura Star Wars Clone Wars Vintage Hasbro | Collectibles Urugua",YES,YES,PASS
https://collectibles.uy/producto/figura-de-acci-n-profesor-x-with-hover-chair-legends-series-para-x-men-marvel-hasbro-mcun2,PRODUCT,"Figura De Acción Profesor X With Hover Chair Legends Series Para X-men Marvel Hasbro",200,YES,https://collectibles.uy/producto/figura-de-acci-n-profesor-x-with-hover-chair-legends-series-para-x-men-marvel-hasbro-mcun2,YES,YES,"Figura De Acción Profesor X With Hover Chair Legends Series Para X-men",YES,YES,PASS
https://collectibles.uy/producto/set-de-figuras-de-acci-n-marvel-legends-series-forge-storm-y-jubilee-coleccionables-de-hasbro-2t0ej,PRODUCT,"Set De Figuras De Acción Marvel Legends Series Forge, Storm Y Jubilee Coleccionables De Hasbro",200,YES,https://collectibles.uy/producto/set-de-figuras-de-acci-n-marvel-legends-series-forge-storm-y-jubilee-coleccionables-de-hasbro-2t0ej,YES,YES,"Set De Figuras De Acción Marvel Legends Series Forge, Storm Y Jubilee ",YES,YES,PASS
https://collectibles.uy/producto/cammy-super-street-fighter-4-rah-medicom-toy-657-5827,PRODUCT,"Cammy Super Street Fighter 4 Rah Medicom Toy 657",200,YES,https://collectibles.uy/producto/cammy-super-street-fighter-4-rah-medicom-toy-657-5827,YES,YES,"Cammy Super Street Fighter 4 Rah Medicom Toy 657 | Collectibles Urugua",YES,YES,PASS
https://collectibles.uy/producto/figura-de-acci-n-star-wars-the-black-series-plo-koon-6261,PRODUCT,"Figura De Acción Star Wars The Black Series Plo Koon",200,YES,https://collectibles.uy/producto/figura-de-acci-n-star-wars-the-black-series-plo-koon-6261,YES,YES,"Figura De Acción Star Wars The Black Series Plo Koon | Collectibles Ur",YES,YES,PASS
https://collectibles.uy/producto/10-sobres-de-figuritas-mundial-2026-,PRODUCT,"10 SOBRES DE FIGURITAS MUNDIAL 2026",200,YES,https://collectibles.uy/producto/10-sobres-de-figuritas-mundial-2026-,YES,YES,"10 SOBRES DE FIGURITAS MUNDIAL 2026 | Collectibles Uruguay",YES,YES,PASS
https://collectibles.uy/producto/mikasa-ackerman-shigeki-no-kyojin-rah-medicom-toy-648-4311,PRODUCT,"Mikasa Ackerman Shigeki No Kyojin Rah Medicom Toy 648",200,YES,https://collectibles.uy/producto/mikasa-ackerman-shigeki-no-kyojin-rah-medicom-toy-648-4311,YES,YES,"Mikasa Ackerman Shigeki No Kyojin Rah Medicom Toy 648 | Collectibles U",YES,YES,PASS
https://collectibles.uy/producto/malefik-spawn-bloody-disciple-mortal-kombat-11-mcfarlane-5013,PRODUCT,"Malefik Spawn Bloody Disciple Mortal Kombat 11 Mcfarlane",200,YES,https://collectibles.uy/producto/malefik-spawn-bloody-disciple-mortal-kombat-11-mcfarlane-5013,YES,YES,"Malefik Spawn Bloody Disciple Mortal Kombat 11 Mcfarlane | Collectible",YES,YES,PASS
https://collectibles.uy/producto/iron-man-mk85-thanos-avengers-infinity-saga-marvel-legends-882dp,PRODUCT,"Iron Man Mk85 Thanos Avengers Infinity Saga Marvel Legends",200,YES,https://collectibles.uy/producto/iron-man-mk85-thanos-avengers-infinity-saga-marvel-legends-882dp,YES,YES,"Iron Man Mk85 Thanos Avengers Infinity Saga Marvel Legends | Collectib",YES,YES,PASS
https://collectibles.uy/producto/shredder-tortugas-ninja-turtles-playmates-sewer-lair-9724,PRODUCT,"Shredder Tortugas Ninja Turtles Playmates Sewer Lair",200,YES,https://collectibles.uy/producto/shredder-tortugas-ninja-turtles-playmates-sewer-lair-9724,YES,YES,"Shredder Tortugas Ninja Turtles Playmates Sewer Lair | Collectibles Ur",YES,YES,PASS
https://collectibles.uy/producto/grogu-the-mandalorian-star-wars-disfraz-jazwares--grogu-3t-4t-6597,PRODUCT,"Grogu The Mandalorian Star Wars Disfraz Jazwares  Grogu 3t-4t",200,YES,https://collectibles.uy/producto/grogu-the-mandalorian-star-wars-disfraz-jazwares--grogu-3t-4t-6597,YES,YES,"Grogu The Mandalorian Star Wars Disfraz Jazwares  Grogu 3t-4t | Collec",YES,YES,PASS
https://collectibles.uy/producto/justice-league-body-supergirl-celeste-rosa-0-3-meses-lisa,PRODUCT,"Justice League! Body Supergirl Celeste/ Rosa 0-3 Meses Lisa",200,YES,https://collectibles.uy/producto/justice-league-body-supergirl-celeste-rosa-0-3-meses-lisa,YES,YES,"Supergirl | Collectibles | Collectibles Uruguay",YES,YES,PASS
https://collectibles.uy/producto/doctor-strange-camiseta-bebe-estampada-blanco-azul-3-6-meses-liso,PRODUCT,"Doctor Strange! Camiseta Bebé Estampada Blanco/azul 3-6 Meses Liso",200,YES,https://collectibles.uy/producto/doctor-strange-camiseta-bebe-estampada-blanco-azul-3-6-meses-liso,YES,YES,"Doctor Strange Camiseta Bebé Estampada | Collectibles | Collectibles U",YES,YES,PASS
https://collectibles.uy/producto/catwoman-the-new-batman-adventures-dc-collectibles-39-2771,PRODUCT,"Catwoman The New Batman Adventures Dc Collectibles 39",200,YES,https://collectibles.uy/producto/catwoman-the-new-batman-adventures-dc-collectibles-39-2771,YES,YES,"Catwoman The New Batman Adventures Dc Collectibles 39 | Collectibles U",YES,YES,PASS
https://collectibles.uy/producto/omega-sentinel-x-men-marvel-legends-tri-sentinel-baf-hasbro-1125,PRODUCT,"Omega Sentinel X-men Marvel Legends Tri-sentinel Baf Hasbro",200,YES,https://collectibles.uy/producto/omega-sentinel-x-men-marvel-legends-tri-sentinel-baf-hasbro-1125,YES,YES,"Omega Sentinel X-men Marvel Legends Tri-sentinel Baf Hasbro | Collecti",YES,YES,PASS
https://collectibles.uy/producto/body-para-bebe-the-lion-king-timon-y-pumba-naranja-18-meses-lisa,PRODUCT,"Body Para Bébe The Lion King - Timon Y Pumba Naranja 18 Meses Lisa",200,YES,https://collectibles.uy/producto/body-para-bebe-the-lion-king-timon-y-pumba-naranja-18-meses-lisa,YES,YES,"Timón y Pumba | Collectibles | Collectibles Uruguay",YES,YES,PASS
https://collectibles.uy/producto/angel-x-men-marvel-legends-hasbro-8019,PRODUCT,"Angel X-men Marvel Legends Hasbro",200,YES,https://collectibles.uy/producto/angel-x-men-marvel-legends-hasbro-8019,YES,YES,"Angel X-men Marvel Legends Hasbro | Collectibles Uruguay",YES,YES,PASS
