product_id,title,product_slug,image_url,final_url,http_status,content_type,magic_format,pathname,extension,status,feed_price
d3b8cf71-eada-4ae5-bfc4-467cf80366a2,"Laurie Strode Ultimate Halloween (2018) Neca",laurie-strode-ultimate-halloween--2018--neca-2383,https://collectibles.uy/catalog-images/external/http2.mlstatic.com/D_842296-MLU45571864464_042021-O.jpg,https://collectibles.uy/catalog-images/external/http2.mlstatic.com/D_842296-MLU45571864464_042021-O.jpg,200,image/jpeg,JPEG,/catalog-images/external/http2.mlstatic.com/D_842296-MLU45571864464_042021-O.jpg,jpg,PASS,3990.00 UYU
2e2e924c-0cc6-4f82-82a2-66268ff2fef4,"Tyrant Resident Evil 10th A Nniversary Player Select Neca",tyrant-resident-evil-10th-a-nniversary-player-select-neca-2380,https://collectibles.uy/catalog-images/external/http2.mlstatic.com/D_728474-MLU45582617287_042021-O.jpg,https://collectibles.uy/catalog-images/external/http2.mlstatic.com/D_728474-MLU45582617287_042021-O.jpg,200,image/jpeg,JPEG,/catalog-images/external/http2.mlstatic.com/D_728474-MLU45582617287_042021-O.jpg,jpg,PASS,4990.00 UYU
cd9e4178-820c-4b2a-845c-ef98c1fb59c7,"Funko Pop! Spiderman Symbiote Suite ",funko-pop-spiderman-symbiote-suite,https://cobtsgkwcftvexaarwmo.supabase.co/storage/v1/object/public/public-assets/ml-sync/cd9e4178-820c-4b2a-845c-ef98c1fb59c7-0-1776871323926.jpg,https://cobtsgkwcftvexaarwmo.supabase.co/storage/v1/object/public/public-assets/ml-sync/cd9e4178-820c-4b2a-845c-ef98c1fb59c7-0-1776871323926.jpg,200,image/jpeg,JPEG,/storage/v1/object/public/public-assets/ml-sync/cd9e4178-820c-4b2a-845c-ef98c1fb59c7-0-1776871323926.jpg,jpg,PASS,1290.00 UYU
8e1d7419-890a-4765-bf96-7e1d176800d3,"Fifa World Cup 2026! Mascota de EE.UU - Clutch 25cm",fifa-world-cup-2026-mascota-de-ee-uu-clutch-25cm,https://cobtsgkwcftvexaarwmo.supabase.co/storage/v1/object/public/public-assets/ml-sync/8e1d7419-890a-4765-bf96-7e1d176800d3-0-1779807716391.jpg,https://cobtsgkwcftvexaarwmo.supabase.co/storage/v1/object/public/public-assets/ml-sync/8e1d7419-890a-4765-bf96-7e1d176800d3-0-1779807716391.jpg,200,image/jpeg,JPEG,/storage/v1/object/public/public-assets/ml-sync/8e1d7419-890a-4765-bf96-7e1d176800d3-0-1779807716391.jpg,jpg,PASS,990.00 UYU
05c3212b-4d3d-4d53-981b-8e7aecd10fd2,"Funko Pop! Eternals - Dave Whitman",funko-pop-eternals-dave-whitman,https://cobtsgkwcftvexaarwmo.supabase.co/storage/v1/object/public/public-assets/ml-sync/05c3212b-4d3d-4d53-981b-8e7aecd10fd2-0-1776870914649.jpg,https://cobtsgkwcftvexaarwmo.supabase.co/storage/v1/object/public/public-assets/ml-sync/05c3212b-4d3d-4d53-981b-8e7aecd10fd2-0-1776870914649.jpg,200,image/jpeg,JPEG,/storage/v1/object/public/public-assets/ml-sync/05c3212b-4d3d-4d53-981b-8e7aecd10fd2-0-1776870914649.jpg,jpg,PASS,550.00 UYU
2aef3fa1-1e06-4f7d-9cd4-a7d34aaafd8a,"Funko Pop Marvel: Eternals - Gilgamesh",funko-pop-marvel-eternals-gilgamesh,https://cobtsgkwcftvexaarwmo.supabase.co/storage/v1/object/public/public-assets/ml-sync/2aef3fa1-1e06-4f7d-9cd4-a7d34aaafd8a-0-1776870883307.jpg,https://cobtsgkwcftvexaarwmo.supabase.co/storage/v1/object/public/public-assets/ml-sync/2aef3fa1-1e06-4f7d-9cd4-a7d34aaafd8a-0-1776870883307.jpg,200,image/jpeg,JPEG,/storage/v1/object/public/public-assets/ml-sync/2aef3fa1-1e06-4f7d-9cd4-a7d34aaafd8a-0-1776870883307.jpg,jpg,PASS,550.00 UYU
05db801c-e66c-4466-9345-84584a20730b,"Funko Pop! Kpop Demon Hunters - Rumi",funko-pop-kpop-demon-hunters-rumi,https://cobtsgkwcftvexaarwmo.supabase.co/storage/v1/object/public/public-assets/ml-sync/05db801c-e66c-4466-9345-84584a20730b-0-1776871294703.jpg,https://cobtsgkwcftvexaarwmo.supabase.co/storage/v1/object/public/public-assets/ml-sync/05db801c-e66c-4466-9345-84584a20730b-0-1776871294703.jpg,200,image/jpeg,JPEG,/storage/v1/object/public/public-assets/ml-sync/05db801c-e66c-4466-9345-84584a20730b-0-1776871294703.jpg,jpg,PASS,1090.00 UYU
a123ae79-d7ce-461f-8f88-1ca0b1b08834,"Eclipse Five Nights Freddy´s Security Breach Ruin Funko",eclipse-five-nights-freddy-s-security-breach-ruin-funko-4691,https://collectibles.uy/catalog-images/external/http2.mlstatic.com/D_850905-MLU77783183322_072024-O.jpg,https://collectibles.uy/catalog-images/external/http2.mlstatic.com/D_850905-MLU77783183322_072024-O.jpg,200,image/jpeg,JPEG,/catalog-images/external/http2.mlstatic.com/D_850905-MLU77783183322_072024-O.jpg,jpg,PASS,3990.00 UYU
eb98194b-03c3-47a2-88a8-7f38dc27605e,"Chucky Tv Series Ultimate Neca",chucky-tv-series-ultimate-neca-4996,https://collectibles.uy/catalog-images/external/http2.mlstatic.com/D_716119-MLU72394289582_102023-O.jpg,https://collectibles.uy/catalog-images/external/http2.mlstatic.com/D_716119-MLU72394289582_102023-O.jpg,200,image/jpeg,JPEG,/catalog-images/external/http2.mlstatic.com/D_716119-MLU72394289582_102023-O.jpg,jpg,PASS,3990.00 UYU
afe0758e-4057-4637-aa3d-cd0e1dd26977,"Figura Neca Ultimate - Chucky Tv Series",figura-neca-ultimate---chucky-tv-series-3029,https://collectibles.uy/catalog-images/external/http2.mlstatic.com/D_665871-MLA96428326524_102025-O.jpg,https://collectibles.uy/catalog-images/external/http2.mlstatic.com/D_665871-MLA96428326524_102025-O.jpg,200,image/jpeg,JPEG,/catalog-images/external/http2.mlstatic.com/D_665871-MLA96428326524_102025-O.jpg,jpg,PASS,3990.00 UYU
43ddd6be-1e0f-4651-8db9-f9b10bfe1ff9,"Boar Ultimate Predator 2 Depredador Neca",boar-ultimate-predator-2-depredador-neca-7057,https://collectibles.uy/catalog-images/external/http2.mlstatic.com/D_609915-MLU53200033443_012023-O.jpg,https://collectibles.uy/catalog-images/external/http2.mlstatic.com/D_609915-MLU53200033443_012023-O.jpg,200,image/jpeg,JPEG,/catalog-images/external/http2.mlstatic.com/D_609915-MLU53200033443_012023-O.jpg,jpg,PASS,5990.00 UYU
c7475b6b-2afa-4cb5-b721-1b8f47cd0116,"Figura De Acción Glamrock Fred Security Breach 47490 De Funko",figura-de-acci-n-glamrock-fred-security-breach-47490-de-funko-4336,https://collectibles.uy/catalog-images/external/http2.mlstatic.com/D_946817-MLA96071549759_102025-O.jpg,https://collectibles.uy/catalog-images/external/http2.mlstatic.com/D_946817-MLA96071549759_102025-O.jpg,200,image/jpeg,JPEG,/catalog-images/external/http2.mlstatic.com/D_946817-MLA96071549759_102025-O.jpg,jpg,PASS,3990.00 UYU
00b6a3aa-91f9-499f-9da7-363ff9d6338e,"Gas House Gang Plush - Pat-ootie",peluche-gashouse-pat-ootie-coral-claro,https://cobtsgkwcftvexaarwmo.supabase.co/storage/v1/object/public/public-assets/ml-sync/00b6a3aa-91f9-499f-9da7-363ff9d6338e-0-1776870640212.jpg,https://cobtsgkwcftvexaarwmo.supabase.co/storage/v1/object/public/public-assets/ml-sync/00b6a3aa-91f9-499f-9da7-363ff9d6338e-0-1776870640212.jpg,200,image/jpeg,JPEG,/storage/v1/object/public/public-assets/ml-sync/00b6a3aa-91f9-499f-9da7-363ff9d6338e-0-1776870640212.jpg,jpg,PASS,897.00 UYU
04b33a17-1c8a-4f8f-81b2-332d08cc4dcb,"Feral Ultimate Predator Depredador Prey Neca Dmg Box",feral-ultimate-predator-depredador-prey-neca-dmg-box-5406,https://collectibles.uy/catalog-images/external/http2.mlstatic.com/D_850736-MLU72186494841_102023-O.jpg,https://collectibles.uy/catalog-images/external/http2.mlstatic.com/D_850736-MLU72186494841_102023-O.jpg,200,image/jpeg,JPEG,/catalog-images/external/http2.mlstatic.com/D_850736-MLU72186494841_102023-O.jpg,jpg,PASS,4990.00 UYU
daef9acc-bf2c-46fc-b23a-d66afb1d15d0,"The Creep Ultimate Creepshow 40th Anniversary Neca",the-creep-ultimate-creepshow-40th-anniversary-neca-2688,https://collectibles.uy/catalog-images/external/http2.mlstatic.com/D_904286-MLU53266981070_012023-O.jpg,https://collectibles.uy/catalog-images/external/http2.mlstatic.com/D_904286-MLU53266981070_012023-O.jpg,200,image/jpeg,JPEG,/catalog-images/external/http2.mlstatic.com/D_904286-MLU53266981070_012023-O.jpg,jpg,PASS,2990.00 UYU
aac7416b-97a2-4a23-88ce-2e2cd9284294,"Ahab Ultimate Predator Depredador Neca",ahab-ultimate-predator-depredador-neca-4759,https://collectibles.uy/catalog-images/external/http2.mlstatic.com/D_692232-MLU50666265089_072022-O.jpg,https://collectibles.uy/catalog-images/external/http2.mlstatic.com/D_692232-MLU50666265089_072022-O.jpg,200,image/jpeg,JPEG,/catalog-images/external/http2.mlstatic.com/D_692232-MLU50666265089_072022-O.jpg,jpg,PASS,5990.00 UYU
a5985c85-ceec-4fbc-a4a5-8a9a5c400555,"Funko Pop! Doctor Strange In The Multiverse- Rintrah",funko-pop-doctor-strange-in-the-multiverse-rintrah,https://cobtsgkwcftvexaarwmo.supabase.co/storage/v1/object/public/public-assets/ml-sync/a5985c85-ceec-4fbc-a4a5-8a9a5c400555-0-1779316733628.jpg,https://cobtsgkwcftvexaarwmo.supabase.co/storage/v1/object/public/public-assets/ml-sync/a5985c85-ceec-4fbc-a4a5-8a9a5c400555-0-1779316733628.jpg,200,image/jpeg,JPEG,/storage/v1/object/public/public-assets/ml-sync/a5985c85-ceec-4fbc-a4a5-8a9a5c400555-0-1779316733628.jpg,jpg,PASS,1500.00 UYU
20f785da-9d41-41f7-981d-71da3fb9478e,"Neca! The Boys Ultimate Starlight Action Figure",neca-the-boys-ultimate-starlight-action-figure,https://cobtsgkwcftvexaarwmo.supabase.co/storage/v1/object/public/public-assets/ml-sync/20f785da-9d41-41f7-981d-71da3fb9478e-0-1779316929684.jpg,https://cobtsgkwcftvexaarwmo.supabase.co/storage/v1/object/public/public-assets/ml-sync/20f785da-9d41-41f7-981d-71da3fb9478e-0-1779316929684.jpg,200,image/jpeg,JPEG,/storage/v1/object/public/public-assets/ml-sync/20f785da-9d41-41f7-981d-71da3fb9478e-0-1779316929684.jpg,jpg,PASS,3190.00 UYU
1452c072-38b0-4bb6-bd89-409b6a608f23,"Marvel Legends! Hawkeye - Kate Bishop",marvel-legends-hawkeye-kate-bishop,https://cobtsgkwcftvexaarwmo.supabase.co/storage/v1/object/public/public-assets/ml-sync/1452c072-38b0-4bb6-bd89-409b6a608f23-0-1779316362569.jpg,https://cobtsgkwcftvexaarwmo.supabase.co/storage/v1/object/public/public-assets/ml-sync/1452c072-38b0-4bb6-bd89-409b6a608f23-0-1779316362569.jpg,200,image/jpeg,JPEG,/storage/v1/object/public/public-assets/ml-sync/1452c072-38b0-4bb6-bd89-409b6a608f23-0-1779316362569.jpg,jpg,PASS,2790.00 UYU
39130a52-dab5-4dfa-9caf-d5dfa669fdc8,"Funko Pop! Movies Us Adelaide Wilson",funko-pop-movies-us-adelaide-wilson,https://cobtsgkwcftvexaarwmo.supabase.co/storage/v1/object/public/public-assets/ml-sync/39130a52-dab5-4dfa-9caf-d5dfa669fdc8-0-1776871190685.jpg,https://cobtsgkwcftvexaarwmo.supabase.co/storage/v1/object/public/public-assets/ml-sync/39130a52-dab5-4dfa-9caf-d5dfa669fdc8-0-1776871190685.jpg,200,image/jpeg,JPEG,/storage/v1/object/public/public-assets/ml-sync/39130a52-dab5-4dfa-9caf-d5dfa669fdc8-0-1776871190685.jpg,jpg,PASS,990.00 UYU
4ca8b7b0-f5b8-4a93-8db9-10c4fb67b02d,"Ballora Five Nights At Freddy´s Sister Location Funko",ballora-five-nights-at-freddy-s-sister-location-funko-1709,https://collectibles.uy/catalog-images/external/http2.mlstatic.com/D_750832-MLU49280184412_032022-O.jpg,https://collectibles.uy/catalog-images/external/http2.mlstatic.com/D_750832-MLU49280184412_032022-O.jpg,200,image/jpeg,JPEG,/catalog-images/external/http2.mlstatic.com/D_750832-MLU49280184412_032022-O.jpg,jpg,PASS,2650.00 UYU
09d46af2-dbc8-4d9e-91bd-52a3b36b81e0,"Funko Pop! Street Sharks Ripster",funko-pop-street-sharks-ripster,https://cobtsgkwcftvexaarwmo.supabase.co/storage/v1/object/public/public-assets/ml-sync/09d46af2-dbc8-4d9e-91bd-52a3b36b81e0-0-1776871231357.jpg,https://cobtsgkwcftvexaarwmo.supabase.co/storage/v1/object/public/public-assets/ml-sync/09d46af2-dbc8-4d9e-91bd-52a3b36b81e0-0-1776871231357.jpg,200,image/jpeg,JPEG,/storage/v1/object/public/public-assets/ml-sync/09d46af2-dbc8-4d9e-91bd-52a3b36b81e0-0-1776871231357.jpg,jpg,PASS,1090.00 UYU
7779cea9-07b6-42ca-b191-6a201845de73,"Funko Pop! Squid Game - Gi-hun 456",funko-pop-squid-game-gi-hun-456,https://cobtsgkwcftvexaarwmo.supabase.co/storage/v1/object/public/public-assets/ml-sync/7779cea9-07b6-42ca-b191-6a201845de73-0-1776870850772.jpg,https://cobtsgkwcftvexaarwmo.supabase.co/storage/v1/object/public/public-assets/ml-sync/7779cea9-07b6-42ca-b191-6a201845de73-0-1776870850772.jpg,200,image/jpeg,JPEG,/storage/v1/object/public/public-assets/ml-sync/7779cea9-07b6-42ca-b191-6a201845de73-0-1776870850772.jpg,jpg,PASS,990.00 UYU
d73ef5dc-8350-40e7-a974-ee5027be2c4e,"Figura De Acción Birdperson De Rick And Morty Funko",figura-de-accion-birdperson-de-rick-and-morty-funko,https://cobtsgkwcftvexaarwmo.supabase.co/storage/v1/object/public/public-assets/ml-sync/d73ef5dc-8350-40e7-a974-ee5027be2c4e-0-1776871152580.jpg,https://cobtsgkwcftvexaarwmo.supabase.co/storage/v1/object/public/public-assets/ml-sync/d73ef5dc-8350-40e7-a974-ee5027be2c4e-0-1776871152580.jpg,200,image/jpeg,JPEG,/storage/v1/object/public/public-assets/ml-sync/d73ef5dc-8350-40e7-a974-ee5027be2c4e-0-1776871152580.jpg,jpg,PASS,1200.00 UYU
b3758000-3edf-46cd-a0a0-cce9b9d72bd8,"Freddy Five Nights At Freddy´s Funko",freddy-five-nights-at-freddy-s-funko-9920,https://collectibles.uy/catalog-images/external/http2.mlstatic.com/D_716895-MLU45675515840_042021-O.jpg,https://collectibles.uy/catalog-images/external/http2.mlstatic.com/D_716895-MLU45675515840_042021-O.jpg,200,image/jpeg,JPEG,/catalog-images/external/http2.mlstatic.com/D_716895-MLU45675515840_042021-O.jpg,jpg,PASS,4990.00 UYU
00ed7c06-f1ad-4594-af70-bd94047d341e,"Kit De 50 Sobres De Panini Super Mario (it&apos;s A Me, Mario) Super Mario",kit-de-50-sobres-de-panini-super-mario-it-s-a-me-mario-super-mario,https://cobtsgkwcftvexaarwmo.supabase.co/storage/v1/object/public/public-assets/ml-sync/00ed7c06-f1ad-4594-af70-bd94047d341e-0-1776872303996.jpg,https://cobtsgkwcftvexaarwmo.supabase.co/storage/v1/object/public/public-assets/ml-sync/00ed7c06-f1ad-4594-af70-bd94047d341e-0-1776872303996.jpg,200,image/jpeg,JPEG,/storage/v1/object/public/public-assets/ml-sync/00ed7c06-f1ad-4594-af70-bd94047d341e-0-1776872303996.jpg,jpg,PASS,3290.00 UYU
8e174519-0cc6-4759-ba44-34c4289b065a,"Funko Pop! Eternals - Sprite",funko-pop-eternals-sprite,https://cobtsgkwcftvexaarwmo.supabase.co/storage/v1/object/public/public-assets/ml-sync/8e174519-0cc6-4759-ba44-34c4289b065a-0-1776870805549.jpg,https://cobtsgkwcftvexaarwmo.supabase.co/storage/v1/object/public/public-assets/ml-sync/8e174519-0cc6-4759-ba44-34c4289b065a-0-1776870805549.jpg,200,image/jpeg,JPEG,/storage/v1/object/public/public-assets/ml-sync/8e174519-0cc6-4759-ba44-34c4289b065a-0-1776870805549.jpg,jpg,PASS,550.00 UYU
72be5324-87c3-4bcf-846d-610695aeaf12,"Figura De Acción Donatello Vs Johnny Lawrence Tmnt Vs Cobra Kai De Playmates Toys 16 Cm",figura-de-accion-donatello-vs-johnny-lawrence-tmnt-vs-cobra-kai-de-playmates-toys-16-cm,https://cobtsgkwcftvexaarwmo.supabase.co/storage/v1/object/public/public-assets/ml-sync/72be5324-87c3-4bcf-846d-610695aeaf12-0-1776870866167.jpg,https://cobtsgkwcftvexaarwmo.supabase.co/storage/v1/object/public/public-assets/ml-sync/72be5324-87c3-4bcf-846d-610695aeaf12-0-1776870866167.jpg,200,image/jpeg,JPEG,/storage/v1/object/public/public-assets/ml-sync/72be5324-87c3-4bcf-846d-610695aeaf12-0-1776870866167.jpg,jpg,PASS,3900.00 UYU
f103a687-dbe8-42cd-a5ac-743de1f17a2e,"Grimm Foxy Five Nights At Freddy´s Curse Of Dreadbear Funko",grimm-foxy-five-nights-at-freddy-s-curse-of-dreadbear-funko-8137,https://collectibles.uy/catalog-images/external/http2.mlstatic.com/D_996451-MLU48273177778_112021-O.jpg,https://collectibles.uy/catalog-images/external/http2.mlstatic.com/D_996451-MLU48273177778_112021-O.jpg,200,image/jpeg,JPEG,/catalog-images/external/http2.mlstatic.com/D_996451-MLU48273177778_112021-O.jpg,jpg,PASS,2990.00 UYU
114ef44f-1ef4-4130-bdf6-c3e7005a5dfd,"Bebop Rocksteady Tortugas Ninja Turtles Neca",bebop-rocksteady-tortugas-ninja-turtles-neca-2139,https://collectibles.uy/catalog-images/external/http2.mlstatic.com/D_961357-MLU45582142948_042021-O.jpg,https://collectibles.uy/catalog-images/external/http2.mlstatic.com/D_961357-MLU45582142948_042021-O.jpg,200,image/jpeg,JPEG,/catalog-images/external/http2.mlstatic.com/D_961357-MLU45582142948_042021-O.jpg,jpg,PASS,9900.00 UYU
b83e7820-ecf9-44d2-ae18-3669eada3a34,"Funko Pop! The Eternals - Ajak",funko-pop-the-eternals-ajak,https://cobtsgkwcftvexaarwmo.supabase.co/storage/v1/object/public/public-assets/ml-sync/b83e7820-ecf9-44d2-ae18-3669eada3a34-0-1776870818406.jpg,https://cobtsgkwcftvexaarwmo.supabase.co/storage/v1/object/public/public-assets/ml-sync/b83e7820-ecf9-44d2-ae18-3669eada3a34-0-1776870818406.jpg,200,image/jpeg,JPEG,/storage/v1/object/public/public-assets/ml-sync/b83e7820-ecf9-44d2-ae18-3669eada3a34-0-1776870818406.jpg,jpg,PASS,990.00 UYU
9a62028a-4a13-4986-912a-7083ae7c90b9,"Figuras Hasbro Dungeons And Dragons Golden Archive- Holga",figuras-hasbro-dungeons-and-dragons-golden-archive-holga,https://cobtsgkwcftvexaarwmo.supabase.co/storage/v1/object/public/public-assets/ml-sync/9a62028a-4a13-4986-912a-7083ae7c90b9-0-1776870703962.jpg,https://cobtsgkwcftvexaarwmo.supabase.co/storage/v1/object/public/public-assets/ml-sync/9a62028a-4a13-4986-912a-7083ae7c90b9-0-1776870703962.jpg,200,image/jpeg,JPEG,/storage/v1/object/public/public-assets/ml-sync/9a62028a-4a13-4986-912a-7083ae7c90b9-0-1776870703962.jpg,jpg,PASS,1900.00 UYU
ee08dedd-52bf-45af-a7ea-4c95ba80df04,"Figura Chucky &amp; Tiffany Pack Doble Bride Of Chucky Neca",figura-chucky---tiffany-pack-doble-bride-of-chucky-neca-6773,https://collectibles.uy/catalog-images/external/http2.mlstatic.com/D_687990-MLA94284519311_102025-O.jpg,https://collectibles.uy/catalog-images/external/http2.mlstatic.com/D_687990-MLA94284519311_102025-O.jpg,200,image/jpeg,JPEG,/catalog-images/external/http2.mlstatic.com/D_687990-MLA94284519311_102025-O.jpg,jpg,PASS,6990.00 UYU
f16f69d6-f77b-444a-aa96-f0be6c91b90f,"High Score Chica Five Nights Freddy´s Special Delivery Funko",high-score-chica-five-nights-freddy-s-special-delivery-funko-8346,https://collectibles.uy/catalog-images/external/http2.mlstatic.com/D_770654-MLU49290419177_032022-O.jpg,https://collectibles.uy/catalog-images/external/http2.mlstatic.com/D_770654-MLU49290419177_032022-O.jpg,200,image/jpeg,JPEG,/catalog-images/external/http2.mlstatic.com/D_770654-MLU49290419177_032022-O.jpg,jpg,PASS,2650.00 UYU
b72d58c8-bee9-42db-a295-3db4ab16afab,"Tortugas Ninja! In Time Baxter Stockman 7 Action Figure",tortugas-ninja-in-time-baxter-stockman-7-action-figure,https://cobtsgkwcftvexaarwmo.supabase.co/storage/v1/object/public/public-assets/ml-sync/b72d58c8-bee9-42db-a295-3db4ab16afab-0-1776870883287.jpg,https://cobtsgkwcftvexaarwmo.supabase.co/storage/v1/object/public/public-assets/ml-sync/b72d58c8-bee9-42db-a295-3db4ab16afab-0-1776870883287.jpg,200,image/jpeg,JPEG,/storage/v1/object/public/public-assets/ml-sync/b72d58c8-bee9-42db-a295-3db4ab16afab-0-1776870883287.jpg,jpg,PASS,2980.00 UYU
717b6098-c7d9-4ed7-906b-aaf0d205c050,"Five Nights At Freddy&apos;s Jack Obonnie Dread Bear Funko Replay",five-nights-at-freddy-s-jack-obonnie-dread-bear-funko-replay-9721,https://collectibles.uy/catalog-images/external/http2.mlstatic.com/D_867488-MLA51245899250_082022-O.jpg,https://collectibles.uy/catalog-images/external/http2.mlstatic.com/D_867488-MLA51245899250_082022-O.jpg,200,image/jpeg,JPEG,/catalog-images/external/http2.mlstatic.com/D_867488-MLA51245899250_082022-O.jpg,jpg,PASS,2650.00 UYU
ec18c828-2aa6-4ad4-84ca-f20527bfd9fa,"Funko Pop! What If...? - Queen General Ramonda",funko-pop-what-if-queen-general-ramonda,https://cobtsgkwcftvexaarwmo.supabase.co/storage/v1/object/public/public-assets/ml-sync/ec18c828-2aa6-4ad4-84ca-f20527bfd9fa-0-1776870663205.jpg,https://cobtsgkwcftvexaarwmo.supabase.co/storage/v1/object/public/public-assets/ml-sync/ec18c828-2aa6-4ad4-84ca-f20527bfd9fa-0-1776870663205.jpg,200,image/jpeg,JPEG,/storage/v1/object/public/public-assets/ml-sync/ec18c828-2aa6-4ad4-84ca-f20527bfd9fa-0-1776870663205.jpg,jpg,PASS,790.00 UYU
778a4c66-9278-40a9-9bb5-d0895e2fb4c1,"Shadow Sonic The Hedgehog Great Eastern Peluche 30cm",shadow-sonic-the-hedgehog-great-eastern-peluche-30cm-5486,https://collectibles.uy/catalog-images/external/http2.mlstatic.com/D_861370-MLU54984425753_052023-O.jpg,https://collectibles.uy/catalog-images/external/http2.mlstatic.com/D_861370-MLU54984425753_052023-O.jpg,200,image/jpeg,JPEG,/catalog-images/external/http2.mlstatic.com/D_861370-MLU54984425753_052023-O.jpg,jpg,PASS,3990.00 UYU
a4268fa8-53a1-45e4-89c8-2d218b3ae347,"My Melody Kuromi Hello Kitty Sanrio Gorro",my-melody-kuromi-hello-kitty-sanrio-gorro-7441,https://collectibles.uy/catalog-images/external/http2.mlstatic.com/D_835800-MLU82122850072_022025-O.jpg,https://collectibles.uy/catalog-images/external/http2.mlstatic.com/D_835800-MLU82122850072_022025-O.jpg,200,image/jpeg,JPEG,/catalog-images/external/http2.mlstatic.com/D_835800-MLU82122850072_022025-O.jpg,jpg,PASS,1390.00 UYU
92e68037-ce8c-4671-b11f-79749837cbac,"Ghostbusters 1985 Plasma Series - Gozer ",ghostbusters-1985-plasma-series-gozer,https://cobtsgkwcftvexaarwmo.supabase.co/storage/v1/object/public/public-assets/ml-sync/92e68037-ce8c-4671-b11f-79749837cbac-0-1779316287040.jpg,https://cobtsgkwcftvexaarwmo.supabase.co/storage/v1/object/public/public-assets/ml-sync/92e68037-ce8c-4671-b11f-79749837cbac-0-1779316287040.jpg,200,image/jpeg,JPEG,/storage/v1/object/public/public-assets/ml-sync/92e68037-ce8c-4671-b11f-79749837cbac-0-1779316287040.jpg,jpg,PASS,1390.00 UYU
dd918aba-fbbb-4a70-8516-033dcce8a3b2,"Funko Pop! Squid Game - Kang Sae-Byeok 067",funko-pop-squid-game-kang-sae-byeok-067,https://cobtsgkwcftvexaarwmo.supabase.co/storage/v1/object/public/public-assets/ml-sync/dd918aba-fbbb-4a70-8516-033dcce8a3b2-0-1776870850710.jpg,https://cobtsgkwcftvexaarwmo.supabase.co/storage/v1/object/public/public-assets/ml-sync/dd918aba-fbbb-4a70-8516-033dcce8a3b2-0-1776870850710.jpg,200,image/jpeg,JPEG,/storage/v1/object/public/public-assets/ml-sync/dd918aba-fbbb-4a70-8516-033dcce8a3b2-0-1776870850710.jpg,jpg,PASS,990.00 UYU
9ec66aad-3697-4241-9771-a06be2253233,"Muckman &amp; Joe Tortugas Ninja Turtles Ultimates Wave4 Super7",muckman---joe-tortugas-ninja-turtles-ultimates-wave4-super7-1625,https://collectibles.uy/catalog-images/external/http2.mlstatic.com/D_761713-MLU48834969548_012022-O.jpg,https://collectibles.uy/catalog-images/external/http2.mlstatic.com/D_761713-MLU48834969548_012022-O.jpg,200,image/jpeg,JPEG,/catalog-images/external/http2.mlstatic.com/D_761713-MLU48834969548_012022-O.jpg,jpg,PASS,9900.00 UYU
6617ea67-1bd1-44cf-a18c-511d246a35c3,"Splinter Tortugas Ninja Turtles Ultimates Wave1 Super7",splinter-tortugas-ninja-turtles-ultimates-wave1-super7-1636,https://collectibles.uy/catalog-images/external/http2.mlstatic.com/D_935209-MLU45527870027_042021-O.jpg,https://collectibles.uy/catalog-images/external/http2.mlstatic.com/D_935209-MLU45527870027_042021-O.jpg,200,image/jpeg,JPEG,/catalog-images/external/http2.mlstatic.com/D_935209-MLU45527870027_042021-O.jpg,jpg,PASS,4990.00 UYU
88fb031b-4e46-4889-952d-71aa03076ad0,"Needler Halo Nerf Hasbro  Violeta",needler-halo-nerf-hasbro--violeta-9934,https://collectibles.uy/catalog-images/external/http2.mlstatic.com/D_846566-MLU92718708839_092025-O.jpg,https://collectibles.uy/catalog-images/external/http2.mlstatic.com/D_846566-MLU92718708839_092025-O.jpg,200,image/jpeg,JPEG,/catalog-images/external/http2.mlstatic.com/D_846566-MLU92718708839_092025-O.jpg,jpg,PASS,14900.00 UYU
3776f652-9fa4-4716-a42c-41ea59189ae3,"Raphael Tortugas Ninja Movie Star Playmates",raphael-tortugas-ninja-movie-star-playmates-6732,https://collectibles.uy/catalog-images/external/http2.mlstatic.com/D_897961-MLU47864869886_102021-O.jpg,https://collectibles.uy/catalog-images/external/http2.mlstatic.com/D_897961-MLU47864869886_102021-O.jpg,200,image/jpeg,JPEG,/catalog-images/external/http2.mlstatic.com/D_897961-MLU47864869886_102021-O.jpg,jpg,PASS,2190.00 UYU
869e57e6-f7d8-4b75-90cb-6ffaa88e271f,"Vanny Five Nights Freddy´s Security Breach Funko",vanny-five-nights-freddy-s-security-breach-funko-6566,https://collectibles.uy/catalog-images/external/http2.mlstatic.com/D_925234-MLU45676843076_042021-O.jpg,https://collectibles.uy/catalog-images/external/http2.mlstatic.com/D_925234-MLU45676843076_042021-O.jpg,200,image/jpeg,JPEG,/catalog-images/external/http2.mlstatic.com/D_925234-MLU45676843076_042021-O.jpg,jpg,PASS,2650.00 UYU
c5f9885c-1c52-4786-a6fc-91558697f3c7,"Chocolate Chica Five Nights Freddy´s Special Delivery Funko",chocolate-chica-five-nights-freddy-s-special-delivery-funko-8101,https://collectibles.uy/catalog-images/external/http2.mlstatic.com/D_964069-MLU45585686521_042021-O.jpg,https://collectibles.uy/catalog-images/external/http2.mlstatic.com/D_964069-MLU45585686521_042021-O.jpg,200,image/jpeg,JPEG,/catalog-images/external/http2.mlstatic.com/D_964069-MLU45585686521_042021-O.jpg,jpg,PASS,2650.00 UYU
00b790c9-aef1-4fe1-8cad-3f22be39502c,"4 Pack Tortugas Ninja Turtles 2 Secret Of The Ooze Neca",4-pack-tortugas-ninja-turtles-2-secret-of-the-ooze-neca-8004,https://collectibles.uy/catalog-images/external/http2.mlstatic.com/D_600131-MLU69485526088_052023-O.jpg,https://collectibles.uy/catalog-images/external/http2.mlstatic.com/D_600131-MLU69485526088_052023-O.jpg,200,image/jpeg,JPEG,/catalog-images/external/http2.mlstatic.com/D_600131-MLU69485526088_052023-O.jpg,jpg,PASS,24900.00 UYU
47f63948-e767-4db3-90d2-dae9757281f1,"Pigpatch Five Nights At Freddy´s Glow In The Dark Funko",pigpatch-five-nights-at-freddy-s-glow-in-the-dark-funko-2897,https://collectibles.uy/catalog-images/external/http2.mlstatic.com/D_710293-MLU77855831681_072024-O.jpg,https://collectibles.uy/catalog-images/external/http2.mlstatic.com/D_710293-MLU77855831681_072024-O.jpg,200,image/jpeg,JPEG,/catalog-images/external/http2.mlstatic.com/D_710293-MLU77855831681_072024-O.jpg,jpg,PASS,2650.00 UYU
b6b9b11b-be5e-4edc-8588-e33ecfbad092,"Tyrannosaurus Rex Thrash &apos;n Devour Jurassic World Dominion",tyrannosaurus-rex-thrash--n-devour-jurassic-world-dominion-6580,https://collectibles.uy/catalog-images/external/http2.mlstatic.com/D_800799-MLU70492484186_072023-O.jpg,https://collectibles.uy/catalog-images/external/http2.mlstatic.com/D_800799-MLU70492484186_072023-O.jpg,200,image/jpeg,JPEG,/catalog-images/external/http2.mlstatic.com/D_800799-MLU70492484186_072023-O.jpg,jpg,PASS,7990.00 UYU
fa63db83-4136-4493-ab63-59c0bc14e6a1,"Casey Jones Tortugas Ninja Turtles Ultimates Wave4 Super7",casey-jones-tortugas-ninja-turtles-ultimates-wave4-super7-6905,https://collectibles.uy/catalog-images/external/http2.mlstatic.com/D_739424-MLU48834875983_012022-O.jpg,https://collectibles.uy/catalog-images/external/http2.mlstatic.com/D_739424-MLU48834875983_012022-O.jpg,200,image/jpeg,JPEG,/catalog-images/external/http2.mlstatic.com/D_739424-MLU48834875983_012022-O.jpg,jpg,PASS,4990.00 UYU
1ef41a3b-bf84-4ba1-a6eb-e9dfb22a475f,"Chica With Mr. Cupcake Five Nights At Freddy´s Funko",chica-with-mr--cupcake-five-nights-at-freddy-s-funko-2527,https://collectibles.uy/catalog-images/external/http2.mlstatic.com/D_840966-MLU45675646570_042021-O.jpg,https://collectibles.uy/catalog-images/external/http2.mlstatic.com/D_840966-MLU45675646570_042021-O.jpg,200,image/jpeg,JPEG,/catalog-images/external/http2.mlstatic.com/D_840966-MLU45675646570_042021-O.jpg,jpg,PASS,3990.00 UYU
e235f83b-f839-41bf-af0b-ba351dd35da3,"Bonnie Five Nights At Freddy´s Funko",bonnie-five-nights-at-freddy-s-funko-1054,https://collectibles.uy/catalog-images/external/http2.mlstatic.com/D_768524-MLU45675679006_042021-O.jpg,https://collectibles.uy/catalog-images/external/http2.mlstatic.com/D_768524-MLU45675679006_042021-O.jpg,200,image/jpeg,JPEG,/catalog-images/external/http2.mlstatic.com/D_768524-MLU45675679006_042021-O.jpg,jpg,PASS,4990.00 UYU
ce6c0739-984e-4348-8062-3520a2f2a164,"Bonnie Five Nights At Freddy´s Snaps Funko",bonnie-five-nights-at-freddy-s-snaps-funko-1984,https://collectibles.uy/catalog-images/external/http2.mlstatic.com/D_833651-MLU73648198653_122023-O.jpg,https://collectibles.uy/catalog-images/external/http2.mlstatic.com/D_833651-MLU73648198653_122023-O.jpg,200,image/jpeg,JPEG,/catalog-images/external/http2.mlstatic.com/D_833651-MLU73648198653_122023-O.jpg,jpg,PASS,2650.00 UYU
c5561a57-4546-4a36-a312-ba775597f614,"Super Shredder Tortugas Ninja Movie Star Playmates",super-shredder-tortugas-ninja-movie-star-playmates-8045,https://collectibles.uy/catalog-images/external/http2.mlstatic.com/D_915758-MLU47864934454_102021-O.jpg,https://collectibles.uy/catalog-images/external/http2.mlstatic.com/D_915758-MLU47864934454_102021-O.jpg,200,image/jpeg,JPEG,/catalog-images/external/http2.mlstatic.com/D_915758-MLU47864934454_102021-O.jpg,jpg,PASS,2990.00 UYU
0e697b06-a2b5-4b47-b622-5d9fa02a787c,"The Last Ronin Rogue Derelict Tortugas Ninja Turtles Neca",the-last-ronin-rogue-derelict-tortugas-ninja-turtles-neca-2951,https://collectibles.uy/catalog-images/external/http2.mlstatic.com/D_792680-MLU70086745461_062023-O.jpg,https://collectibles.uy/catalog-images/external/http2.mlstatic.com/D_792680-MLU70086745461_062023-O.jpg,200,image/jpeg,JPEG,/catalog-images/external/http2.mlstatic.com/D_792680-MLU70086745461_062023-O.jpg,jpg,PASS,2650.00 UYU
c4227674-343a-4f05-8e74-15f02ca713ac,"Michelangelo Tortugas Ninja Turtles Shellraiser Playmates",michelangelo-tortugas-ninja-turtles-shellraiser-playmates-6827,https://collectibles.uy/catalog-images/external/http2.mlstatic.com/D_605072-MLU49778548430_042022-O.jpg,https://collectibles.uy/catalog-images/external/http2.mlstatic.com/D_605072-MLU49778548430_042022-O.jpg,200,image/jpeg,JPEG,/catalog-images/external/http2.mlstatic.com/D_605072-MLU49778548430_042022-O.jpg,jpg,PASS,2190.00 UYU
9973564f-5dba-49fb-af2d-6eb4e338b297,"Leonardo Tortugas Ninja Movie Star Playmates",leonardo-tortugas-ninja-movie-star-playmates-4886,https://collectibles.uy/catalog-images/external/http2.mlstatic.com/D_881464-MLU47864925302_102021-O.jpg,https://collectibles.uy/catalog-images/external/http2.mlstatic.com/D_881464-MLU47864925302_102021-O.jpg,200,image/jpeg,JPEG,/catalog-images/external/http2.mlstatic.com/D_881464-MLU47864925302_102021-O.jpg,jpg,PASS,2190.00 UYU
b39047b7-377b-4a15-96db-c7b43cb3d9e0,"Splinter Tortugas Ninja Movie Star Playmates",splinter-tortugas-ninja-movie-star-playmates-6339,https://collectibles.uy/catalog-images/external/http2.mlstatic.com/D_751874-MLU47864966225_102021-O.jpg,https://collectibles.uy/catalog-images/external/http2.mlstatic.com/D_751874-MLU47864966225_102021-O.jpg,200,image/jpeg,JPEG,/catalog-images/external/http2.mlstatic.com/D_751874-MLU47864966225_102021-O.jpg,jpg,PASS,2190.00 UYU
006aeb66-85ad-478b-9955-020fc2163a3a,"FRAZADA 1 PLAZA MY HERO ACADEMIA - DEKU",frazada-1-plaza-my-hero-academia-deku-3,https://cobtsgkwcftvexaarwmo.supabase.co/storage/v1/object/public/public-assets/1787082848923-generated-image-august-18--2026---4-23pm.jpg,https://cobtsgkwcftvexaarwmo.supabase.co/storage/v1/object/public/public-assets/1787082848923-generated-image-august-18--2026---4-23pm.jpg,200,image/jpeg,JPEG,/storage/v1/object/public/public-assets/1787082848923-generated-image-august-18--2026---4-23pm.jpg,jpg,PASS,2500.00 UYU
e759f31a-8825-4ce5-8655-90e44428f7ac,"Black Zero Mega Man Rockman X D-arts Bandai",black-zero-mega-man-rockman-x-d-arts-bandai-9179,https://collectibles.uy/catalog-images/external/http2.mlstatic.com/D_672118-MLU53321857021_012023-O.jpg,https://collectibles.uy/catalog-images/external/http2.mlstatic.com/D_672118-MLU53321857021_012023-O.jpg,200,image/jpeg,JPEG,/catalog-images/external/http2.mlstatic.com/D_672118-MLU53321857021_012023-O.jpg,jpg,PASS,5990.00 UYU
d6d2e602-92d2-479a-96bf-3d2d32ba5c82,"Meteor Mega Man Rockman 66 Action Dash Vol.2 Bandai",meteor-mega-man-rockman-66-action-dash-vol-2-bandai-3271,https://collectibles.uy/catalog-images/external/http2.mlstatic.com/D_827755-MLU53553651917_012023-O.jpg,https://collectibles.uy/catalog-images/external/http2.mlstatic.com/D_827755-MLU53553651917_012023-O.jpg,200,image/jpeg,JPEG,/catalog-images/external/http2.mlstatic.com/D_827755-MLU53553651917_012023-O.jpg,jpg,PASS,1190.00 UYU
e9f11310-a6a2-4f0a-b957-2cf16692a613,"Sky Sho Saint Cloth Myth Bandai",sky-sho-saint-cloth-myth-bandai-5563,https://collectibles.uy/catalog-images/external/http2.mlstatic.com/D_944243-MLU53575339680_022023-O.jpg,https://collectibles.uy/catalog-images/external/http2.mlstatic.com/D_944243-MLU53575339680_022023-O.jpg,200,image/jpeg,JPEG,/catalog-images/external/http2.mlstatic.com/D_944243-MLU53575339680_022023-O.jpg,jpg,PASS,9900.00 UYU
42c91b2c-df4e-4623-85bc-dc9ea0e11f89,"Sailor Mercury Sailor Moon Por S.h Figuarts",sailor-mercury-sailor-moon-por-s-h-figuarts-5665,https://collectibles.uy/catalog-images/external/http2.mlstatic.com/D_898700-MLA95581471007_102025-O.jpg,https://collectibles.uy/catalog-images/external/http2.mlstatic.com/D_898700-MLA95581471007_102025-O.jpg,200,image/jpeg,JPEG,/catalog-images/external/http2.mlstatic.com/D_898700-MLA95581471007_102025-O.jpg,jpg,PASS,4990.00 UYU
ac25dca0-3559-4862-bb40-12fd5d6b268d,"Michiru Kaio Neptune Sailor Moon Figuarts Bandai",michiru-kaio-neptune-sailor-moon-figuarts-bandai-3945,https://collectibles.uy/catalog-images/external/http2.mlstatic.com/D_669327-MLU53315196221_012023-O.jpg,https://collectibles.uy/catalog-images/external/http2.mlstatic.com/D_669327-MLU53315196221_012023-O.jpg,200,image/jpeg,JPEG,/catalog-images/external/http2.mlstatic.com/D_669327-MLU53315196221_012023-O.jpg,jpg,PASS,4990.00 UYU
c5323a01-da8e-4331-9f7d-912b7b3cad3c,"Hordak He-man Motu Club Grayskull Filmation Super7 Muñeco",hordak-he-man-motu-club-grayskull-filmation-super7-mu-eco-8982,https://collectibles.uy/catalog-images/external/http2.mlstatic.com/D_680656-MLU69894933877_062023-O.jpg,https://collectibles.uy/catalog-images/external/http2.mlstatic.com/D_680656-MLU69894933877_062023-O.jpg,200,image/jpeg,JPEG,/catalog-images/external/http2.mlstatic.com/D_680656-MLU69894933877_062023-O.jpg,jpg,PASS,29900.00 UYU
94527ed2-ebea-452d-bf65-2d9796e0d1c7,"Setsuna Meio Pluto Sailor Moon Figuarts Bandai",setsuna-meio-pluto-sailor-moon-figuarts-bandai-3220,https://collectibles.uy/catalog-images/external/http2.mlstatic.com/D_700902-MLU53309794962_012023-O.jpg,https://collectibles.uy/catalog-images/external/http2.mlstatic.com/D_700902-MLU53309794962_012023-O.jpg,200,image/jpeg,JPEG,/catalog-images/external/http2.mlstatic.com/D_700902-MLU53309794962_012023-O.jpg,jpg,PASS,4990.00 UYU
a09e70b5-a1ff-469c-9984-c00aeb0aef65,"Sorceress He-man Motu Club Grayskull Filmation Super7 Muñeco",sorceress-he-man-motu-club-grayskull-filmation-super7-mu-eco-5308,https://collectibles.uy/catalog-images/external/http2.mlstatic.com/D_610484-MLU45553082021_042021-O.jpg,https://collectibles.uy/catalog-images/external/http2.mlstatic.com/D_610484-MLU45553082021_042021-O.jpg,200,image/jpeg,JPEG,/catalog-images/external/http2.mlstatic.com/D_610484-MLU45553082021_042021-O.jpg,jpg,PASS,9900.00 UYU
96cc57f6-ae3e-4861-9a35-1c8883983a2a,"Figura Articulada Hudson 17.78cm Neca Gárgolas Coleccionable",figura-articulada-hudson-17-78cm-neca-g-rgolas-coleccionable-2477,https://collectibles.uy/catalog-images/external/http2.mlstatic.com/D_603646-MLU73601695946_122023-O.jpg,https://collectibles.uy/catalog-images/external/http2.mlstatic.com/D_603646-MLU73601695946_122023-O.jpg,200,image/jpeg,JPEG,/catalog-images/external/http2.mlstatic.com/D_603646-MLU73601695946_122023-O.jpg,jpg,PASS,5990.00 UYU
ad6dc67e-2b26-45e1-a879-98ac74846865,"Funko Pop! The Eternals - Kingo",funko-pop-the-eternals-kingo,https://cobtsgkwcftvexaarwmo.supabase.co/storage/v1/object/public/public-assets/ml-sync/ad6dc67e-2b26-45e1-a879-98ac74846865-0-1776870805595.jpg,https://cobtsgkwcftvexaarwmo.supabase.co/storage/v1/object/public/public-assets/ml-sync/ad6dc67e-2b26-45e1-a879-98ac74846865-0-1776870805595.jpg,200,image/jpeg,JPEG,/storage/v1/object/public/public-assets/ml-sync/ad6dc67e-2b26-45e1-a879-98ac74846865-0-1776870805595.jpg,jpg,PASS,990.00 UYU
fef2acf0-4c0b-4a70-b93d-fb6ae258b1f7,"Marvel Legends! Thor Love And Thunder - Groot",marvel-legends-thor-love-and-thunder-groot,https://cobtsgkwcftvexaarwmo.supabase.co/storage/v1/object/public/public-assets/ml-sync/fef2acf0-4c0b-4a70-b93d-fb6ae258b1f7-0-1779316136521.jpg,https://cobtsgkwcftvexaarwmo.supabase.co/storage/v1/object/public/public-assets/ml-sync/fef2acf0-4c0b-4a70-b93d-fb6ae258b1f7-0-1779316136521.jpg,200,image/jpeg,JPEG,/storage/v1/object/public/public-assets/ml-sync/fef2acf0-4c0b-4a70-b93d-fb6ae258b1f7-0-1779316136521.jpg,jpg,PASS,1900.00 UYU
3dcf7b52-ca41-4fe3-b058-3e6ba5b4a06d," Spiderman No Way Home Tobey Maguire Marvel Legends Hasbro",spiderman-no-way-home-tobey-maguire-marvel-legends-hasbro-3nq77,https://cobtsgkwcftvexaarwmo.supabase.co/storage/v1/object/public/public-assets/vendors/61a48094-7453-4b7f-9563-e51f184832f9/ml-curation/3dcf7b52-ca41-4fe3-b058-3e6ba5b4a06d-main.jpg,https://cobtsgkwcftvexaarwmo.supabase.co/storage/v1/object/public/public-assets/vendors/61a48094-7453-4b7f-9563-e51f184832f9/ml-curation/3dcf7b52-ca41-4fe3-b058-3e6ba5b4a06d-main.jpg,200,image/jpeg,JPEG,/storage/v1/object/public/public-assets/vendors/61a48094-7453-4b7f-9563-e51f184832f9/ml-curation/3dcf7b52-ca41-4fe3-b058-3e6ba5b4a06d-main.jpg,jpg,PASS,5990.00 UYU
49428e96-0764-448d-b294-d72342329208,"Figura Coleccionable Articulada Sombria Super 7 Motu Masters Of The Universe",figura-coleccionable-articulada-sombria-super-7-motu-masters-of-the-universe-3800,https://collectibles.uy/catalog-images/external/http2.mlstatic.com/D_918664-MLA93868469988_102025-O.jpg,https://collectibles.uy/catalog-images/external/http2.mlstatic.com/D_918664-MLA93868469988_102025-O.jpg,200,image/jpeg,JPEG,/catalog-images/external/http2.mlstatic.com/D_918664-MLA93868469988_102025-O.jpg,jpg,PASS,5990.00 UYU
7907df0a-4006-45a6-b972-ca652f475a6b,"Marvel Legends! The Falcon And Winter Soldier- Sharon Carter",marvel-legends-the-falcon-and-winter-soldier-sharon-carter,https://cobtsgkwcftvexaarwmo.supabase.co/storage/v1/object/public/public-assets/ml-sync/7907df0a-4006-45a6-b972-ca652f475a6b-0-1779316311130.jpg,https://cobtsgkwcftvexaarwmo.supabase.co/storage/v1/object/public/public-assets/ml-sync/7907df0a-4006-45a6-b972-ca652f475a6b-0-1779316311130.jpg,200,image/jpeg,JPEG,/storage/v1/object/public/public-assets/ml-sync/7907df0a-4006-45a6-b972-ca652f475a6b-0-1779316311130.jpg,jpg,PASS,2790.00 UYU
034e9888-2856-4b7a-9f58-bfa3fe610db4,"Man At Arms He-man Motu Club Grayskull Filmation Super7",man-at-arms-he-man-motu-club-grayskull-filmation-super7-3806,https://collectibles.uy/catalog-images/external/http2.mlstatic.com/D_842869-MLU69877586464_062023-O.jpg,https://collectibles.uy/catalog-images/external/http2.mlstatic.com/D_842869-MLU69877586464_062023-O.jpg,200,image/jpeg,JPEG,/catalog-images/external/http2.mlstatic.com/D_842869-MLU69877586464_062023-O.jpg,jpg,PASS,39900.00 UYU
49475e2e-80a6-4d75-a10b-9828ef91d706,"Peluche Unicornio Pixie De Tokidoki Aurora Hipoalergénico",peluche-unicornio-pixie-de-tokidoki-aurora-hipoalergenico,https://cobtsgkwcftvexaarwmo.supabase.co/storage/v1/object/public/public-assets/ml-sync/49475e2e-80a6-4d75-a10b-9828ef91d706-0-1776870874800.jpg,https://cobtsgkwcftvexaarwmo.supabase.co/storage/v1/object/public/public-assets/ml-sync/49475e2e-80a6-4d75-a10b-9828ef91d706-0-1776870874800.jpg,200,image/jpeg,JPEG,/storage/v1/object/public/public-assets/ml-sync/49475e2e-80a6-4d75-a10b-9828ef91d706-0-1776870874800.jpg,jpg,PASS,1390.00 UYU
d0746bb2-65eb-47eb-8764-99d41d28129f,"Tortugas Ninja Vs Cobra Kai: Leonardo Vs Johnny Lawrence",tortugas-ninja-vs-cobra-kai-leonardo-vs-johnny-lawrence,https://cobtsgkwcftvexaarwmo.supabase.co/storage/v1/object/public/public-assets/ml-sync/d0746bb2-65eb-47eb-8764-99d41d28129f-0-1779316321480.jpg,https://cobtsgkwcftvexaarwmo.supabase.co/storage/v1/object/public/public-assets/ml-sync/d0746bb2-65eb-47eb-8764-99d41d28129f-0-1779316321480.jpg,200,image/jpeg,JPEG,/storage/v1/object/public/public-assets/ml-sync/d0746bb2-65eb-47eb-8764-99d41d28129f-0-1779316321480.jpg,jpg,PASS,3900.00 UYU
c21785bc-8b2c-444f-aff8-b9fed835fe27,"Funko Pop! Mortal Kombat - Sub-zero",funko-pop-mortal-kombat-sub-zero-,https://cobtsgkwcftvexaarwmo.supabase.co/storage/v1/object/public/public-assets/1779903950408-51hsdd6axdl--ac-sl1300-.jpg,https://cobtsgkwcftvexaarwmo.supabase.co/storage/v1/object/public/public-assets/1779903950408-51hsdd6axdl--ac-sl1300-.jpg,200,image/jpeg,JPEG,/storage/v1/object/public/public-assets/1779903950408-51hsdd6axdl--ac-sl1300-.jpg,jpg,PASS,1090.00 UYU
ca056d1c-2698-40ed-a454-12f57833b5a9,"Sigma Mega Man Rockman Figuarts Zero Bandai",sigma-mega-man-rockman-figuarts-zero-bandai-8084,https://collectibles.uy/catalog-images/external/http2.mlstatic.com/D_639168-MLU45656116598_042021-O.jpg,https://collectibles.uy/catalog-images/external/http2.mlstatic.com/D_639168-MLU45656116598_042021-O.jpg,200,image/jpeg,JPEG,/catalog-images/external/http2.mlstatic.com/D_639168-MLU45656116598_042021-O.jpg,jpg,PASS,4990.00 UYU
cfdc85ee-e210-49fa-8ad2-8bb35d475376,"Luigi Red Mushrom Super Mario 10cm Wave 25 Nintendo Muñeco",luigi-red-mushrom-super-mario-10cm-wave-25-nintendo-mu-eco-4254,https://collectibles.uy/catalog-images/external/http2.mlstatic.com/D_922558-MLU48347461067_112021-O.jpg,https://collectibles.uy/catalog-images/external/http2.mlstatic.com/D_922558-MLU48347461067_112021-O.jpg,200,image/jpeg,JPEG,/catalog-images/external/http2.mlstatic.com/D_922558-MLU48347461067_112021-O.jpg,jpg,PASS,2190.00 UYU
206b8333-b6aa-4088-8c9d-07a010397c7d,"Figura De Acción Neca Gárgolas Thailog Articulada Coleccionable De 19 Cm",figura-de-acci-n-neca-g-rgolas-thailog-articulada-coleccionable-de-19-cm-3147,https://collectibles.uy/catalog-images/external/http2.mlstatic.com/D_625744-MLA95529483953_102025-O.jpg,https://collectibles.uy/catalog-images/external/http2.mlstatic.com/D_625744-MLA95529483953_102025-O.jpg,200,image/jpeg,JPEG,/catalog-images/external/http2.mlstatic.com/D_625744-MLA95529483953_102025-O.jpg,jpg,PASS,7990.00 UYU
75d38a95-184e-43ee-9788-2bb3f58b2e7b,"Storm Thunderbird X-men Marvel Legends Hasbro",storm-thunderbird-x-men-marvel-legends-hasbro-1462,https://collectibles.uy/catalog-images/external/http2.mlstatic.com/D_682433-MLU45520726858_042021-O.jpg,https://collectibles.uy/catalog-images/external/http2.mlstatic.com/D_682433-MLU45520726858_042021-O.jpg,200,image/jpeg,JPEG,/catalog-images/external/http2.mlstatic.com/D_682433-MLU45520726858_042021-O.jpg,jpg,PASS,5990.00 UYU
2c0ee182-66e3-4ba7-8964-12e367db73ae,"Super Skrull Avengers Marvel Legends Hasbro Loose",super-skrull-avengers-marvel-legends-hasbro-loose-7767,https://collectibles.uy/catalog-images/external/http2.mlstatic.com/D_695900-MLU72472444884_102023-O.jpg,https://collectibles.uy/catalog-images/external/http2.mlstatic.com/D_695900-MLU72472444884_102023-O.jpg,200,image/jpeg,JPEG,/catalog-images/external/http2.mlstatic.com/D_695900-MLU72472444884_102023-O.jpg,jpg,PASS,2490.00 UYU
28e3d11a-e7c5-4a70-80a9-b00788b7ced4,"Mantenna He-man Motu Club Grayskull Filmation Super7 Muñeco",mantenna-he-man-motu-club-grayskull-filmation-super7-mu-eco-2222,https://collectibles.uy/catalog-images/external/http2.mlstatic.com/D_886878-MLU74651253108_022024-O.jpg,https://collectibles.uy/catalog-images/external/http2.mlstatic.com/D_886878-MLU74651253108_022024-O.jpg,200,image/jpeg,JPEG,/catalog-images/external/http2.mlstatic.com/D_886878-MLU74651253108_022024-O.jpg,jpg,PASS,7990.00 UYU
2210d9ea-4c77-4802-9323-0f2f72f0ecc1,"Moira Mactagger X-men Marvel Legends Tri-sentinel Baf Hasbro",moira-mactagger-x-men-marvel-legends-tri-sentinel-baf-hasbro-3415,https://collectibles.uy/catalog-images/external/http2.mlstatic.com/D_970166-MLU45520159442_042021-O.jpg,https://collectibles.uy/catalog-images/external/http2.mlstatic.com/D_970166-MLU45520159442_042021-O.jpg,200,image/jpeg,JPEG,/catalog-images/external/http2.mlstatic.com/D_970166-MLU45520159442_042021-O.jpg,jpg,PASS,3650.00 UYU
867a761a-7731-4c0d-8842-3ee174f2cece,"Obsidian Silver Surfer Marvel Legends Hasbro",obsidian-silver-surfer-marvel-legends-hasbro-8383,https://collectibles.uy/catalog-images/external/http2.mlstatic.com/D_869445-MLU45521080469_042021-O.jpg,https://collectibles.uy/catalog-images/external/http2.mlstatic.com/D_869445-MLU45521080469_042021-O.jpg,200,image/jpeg,JPEG,/catalog-images/external/http2.mlstatic.com/D_869445-MLU45521080469_042021-O.jpg,jpg,PASS,5990.00 UYU
e89ec5a1-c606-46e9-8475-82eea34d4631,"Jocasta Marvel Legends Joe Fixit Baf Hasbro",jocasta-marvel-legends-joe-fixit-baf-hasbro-4537,https://collectibles.uy/catalog-images/external/http2.mlstatic.com/D_623668-MLU45521178850_042021-O.jpg,https://collectibles.uy/catalog-images/external/http2.mlstatic.com/D_623668-MLU45521178850_042021-O.jpg,200,image/jpeg,JPEG,/catalog-images/external/http2.mlstatic.com/D_623668-MLU45521178850_042021-O.jpg,jpg,PASS,3650.00 UYU
46ac0e0a-d198-4e70-9c69-b516e0aa92d8,"Angela Ultimate Gargoyles Disney Neca",angela-ultimate-gargoyles-disney-neca-1080,https://collectibles.uy/catalog-images/external/http2.mlstatic.com/D_708666-MLU71980959981_092023-O.jpg,https://collectibles.uy/catalog-images/external/http2.mlstatic.com/D_708666-MLU71980959981_092023-O.jpg,200,image/jpeg,JPEG,/catalog-images/external/http2.mlstatic.com/D_708666-MLU71980959981_092023-O.jpg,jpg,PASS,5990.00 UYU
1a5e6aba-358f-4dbe-a4cd-6ef098465bc1,"Funko Pop! Saint Seiya Cygnus Hyoga",funko-pop-saint-seiya-cygnus-hyoga,https://cobtsgkwcftvexaarwmo.supabase.co/storage/v1/object/public/public-assets/ml-sync/1a5e6aba-358f-4dbe-a4cd-6ef098465bc1-0-1776871103974.jpg,https://cobtsgkwcftvexaarwmo.supabase.co/storage/v1/object/public/public-assets/ml-sync/1a5e6aba-358f-4dbe-a4cd-6ef098465bc1-0-1776871103974.jpg,200,image/jpeg,JPEG,/storage/v1/object/public/public-assets/ml-sync/1a5e6aba-358f-4dbe-a4cd-6ef098465bc1-0-1776871103974.jpg,jpg,PASS,1090.00 UYU
361328f3-6b57-4c2b-8f71-4764479af765,"Steel Clan Robot Ultimate Gargoyles Disney Neca",steel-clan-robot-ultimate-gargoyles-disney-neca-4735,https://collectibles.uy/catalog-images/external/http2.mlstatic.com/D_865006-MLU74218412493_012024-O.jpg,https://collectibles.uy/catalog-images/external/http2.mlstatic.com/D_865006-MLU74218412493_012024-O.jpg,200,image/jpeg,JPEG,/catalog-images/external/http2.mlstatic.com/D_865006-MLU74218412493_012024-O.jpg,jpg,PASS,6990.00 UYU
8dc56c6d-bea5-40ac-bf92-3b2281b6ba3b,"Marvel Legends! Guardians Of The Galaxy Vol.3 Star-Lord ",marvel-legends-guardians-of-the-galaxy-vol-3-star-lord,https://cobtsgkwcftvexaarwmo.supabase.co/storage/v1/object/public/public-assets/ml-sync/8dc56c6d-bea5-40ac-bf92-3b2281b6ba3b-0-1776870818404.jpg,https://cobtsgkwcftvexaarwmo.supabase.co/storage/v1/object/public/public-assets/ml-sync/8dc56c6d-bea5-40ac-bf92-3b2281b6ba3b-0-1776870818404.jpg,200,image/jpeg,JPEG,/storage/v1/object/public/public-assets/ml-sync/8dc56c6d-bea5-40ac-bf92-3b2281b6ba3b-0-1776870818404.jpg,jpg,PASS,990.00 UYU
7e3ac357-133d-4396-93bf-c7b611692054,"Spiderman Spinneret Renew Your Vows Marvel Legends Hasbro",spiderman-spinneret-renew-your-vows-marvel-legends-hasbro-dtod6,https://cobtsgkwcftvexaarwmo.supabase.co/storage/v1/object/public/public-assets/vendors/61a48094-7453-4b7f-9563-e51f184832f9/ml-curation/7e3ac357-133d-4396-93bf-c7b611692054-main.jpg,https://cobtsgkwcftvexaarwmo.supabase.co/storage/v1/object/public/public-assets/vendors/61a48094-7453-4b7f-9563-e51f184832f9/ml-curation/7e3ac357-133d-4396-93bf-c7b611692054-main.jpg,200,image/jpeg,JPEG,/storage/v1/object/public/public-assets/vendors/61a48094-7453-4b7f-9563-e51f184832f9/ml-curation/7e3ac357-133d-4396-93bf-c7b611692054-main.jpg,jpg,PASS,7990.00 UYU
2e5e7783-14fd-4623-97bb-8408a1b9c4c9,"Land Dichi Marine Ushio Saint Cloth Myth Bandai",land-dichi-marine-ushio-saint-cloth-myth-bandai-4455,https://collectibles.uy/catalog-images/external/http2.mlstatic.com/D_717596-MLU45777159694_052021-O.jpg,https://collectibles.uy/catalog-images/external/http2.mlstatic.com/D_717596-MLU45777159694_052021-O.jpg,200,image/jpeg,JPEG,/catalog-images/external/http2.mlstatic.com/D_717596-MLU45777159694_052021-O.jpg,jpg,PASS,19900.00 UYU
bb36a2df-48f5-4ec9-a7d1-af591ba2638e,"Funko Pop! The Eternals - Ikaris",funko-pop-the-eternals-ikaris,https://collectibles.uy/catalog-images/external/http2.mlstatic.com/D_800456-MLA95221643960_102025-O.jpg,https://collectibles.uy/catalog-images/external/http2.mlstatic.com/D_800456-MLA95221643960_102025-O.jpg,200,image/jpeg,JPEG,/catalog-images/external/http2.mlstatic.com/D_800456-MLA95221643960_102025-O.jpg,jpg,PASS,550.00 UYU
df3f1a04-05f1-4831-8a7d-febd0fe427eb,"Carnage Symbiote Spiderman 90&apos;s Animated Marvel Legends",carnage-symbiote-spiderman-90-s-animated-marvel-legends-koxop,https://cobtsgkwcftvexaarwmo.supabase.co/storage/v1/object/public/public-assets/vendors/61a48094-7453-4b7f-9563-e51f184832f9/ml-curation/df3f1a04-05f1-4831-8a7d-febd0fe427eb-main.jpg,https://cobtsgkwcftvexaarwmo.supabase.co/storage/v1/object/public/public-assets/vendors/61a48094-7453-4b7f-9563-e51f184832f9/ml-curation/df3f1a04-05f1-4831-8a7d-febd0fe427eb-main.jpg,200,image/jpeg,JPEG,/storage/v1/object/public/public-assets/vendors/61a48094-7453-4b7f-9563-e51f184832f9/ml-curation/df3f1a04-05f1-4831-8a7d-febd0fe427eb-main.jpg,jpg,PASS,7990.00 UYU
191c7b7f-5276-44ee-88b9-2db79697ebaa,"Pichu The Pokemon Company Peluche 28cm",pichu-the-pokemon-company-peluche-28cm-7933,https://collectibles.uy/catalog-images/external/http2.mlstatic.com/D_811640-MLU48917090687_012022-O.jpg,https://collectibles.uy/catalog-images/external/http2.mlstatic.com/D_811640-MLU48917090687_012022-O.jpg,200,image/jpeg,JPEG,/catalog-images/external/http2.mlstatic.com/D_811640-MLU48917090687_012022-O.jpg,jpg,PASS,2190.00 UYU
259c03dd-68ba-4de9-a97f-7840cd2fc054,"Bowser Super Mario Figuarts Bandai Muñeco Figura Juguete",bowser-super-mario-figuarts-bandai-mu-eco-figura-juguete-1874,https://collectibles.uy/catalog-images/external/http2.mlstatic.com/D_742193-MLU53315411326_012023-O.jpg,https://collectibles.uy/catalog-images/external/http2.mlstatic.com/D_742193-MLU53315411326_012023-O.jpg,200,image/jpeg,JPEG,/catalog-images/external/http2.mlstatic.com/D_742193-MLU53315411326_012023-O.jpg,jpg,PASS,4990.00 UYU
4165dc8a-27bf-4eec-a6de-7dddb141145d,"Prime Universe Arcee Transformers Generations Legacy Deluxe",prime-universe-arcee-transformers-generations-legacy-deluxe-6766,https://collectibles.uy/catalog-images/external/http2.mlstatic.com/D_859100-MLU54370909452_032023-O.jpg,https://collectibles.uy/catalog-images/external/http2.mlstatic.com/D_859100-MLU54370909452_032023-O.jpg,200,image/jpeg,JPEG,/catalog-images/external/http2.mlstatic.com/D_859100-MLU54370909452_032023-O.jpg,jpg,PASS,3990.00 UYU
b3c8c811-c0c4-4b0f-9ac7-40de15684f97,"Once Eleven With Eggo Stranger Things 421 Funko Pop",once-eleven-with-eggo-stranger-things-421-funko-pop-8407,https://collectibles.uy/catalog-images/external/http2.mlstatic.com/D_943997-MLU106854787617_022026-O.jpg,https://collectibles.uy/catalog-images/external/http2.mlstatic.com/D_943997-MLU106854787617_022026-O.jpg,200,image/jpeg,JPEG,/catalog-images/external/http2.mlstatic.com/D_943997-MLU106854787617_022026-O.jpg,jpg,PASS,2990.00 UYU
42b8a68b-5e95-4fce-845f-94933cf09ecf,"Figgyz Pop! Magnet Street Fighter - Zangief",figgyz-pop-magnet-street-fighter-zangief,https://cobtsgkwcftvexaarwmo.supabase.co/storage/v1/object/public/public-assets/ml-sync/42b8a68b-5e95-4fce-845f-94933cf09ecf-0-1776871355899.jpg,https://cobtsgkwcftvexaarwmo.supabase.co/storage/v1/object/public/public-assets/ml-sync/42b8a68b-5e95-4fce-845f-94933cf09ecf-0-1776871355899.jpg,200,image/jpeg,JPEG,/storage/v1/object/public/public-assets/ml-sync/42b8a68b-5e95-4fce-845f-94933cf09ecf-0-1776871355899.jpg,jpg,PASS,990.00 UYU
f9744f2a-e288-4b28-8ce8-4670ffd858d3,"Mjolnir Thor Love And Thunder Marvel Legends Hasbro",mjolnir-thor-love-and-thunder-marvel-legends-hasbro-7baba,https://cobtsgkwcftvexaarwmo.supabase.co/storage/v1/object/public/public-assets/vendors/61a48094-7453-4b7f-9563-e51f184832f9/ml-curation/f9744f2a-e288-4b28-8ce8-4670ffd858d3-main.jpg,https://cobtsgkwcftvexaarwmo.supabase.co/storage/v1/object/public/public-assets/vendors/61a48094-7453-4b7f-9563-e51f184832f9/ml-curation/f9744f2a-e288-4b28-8ce8-4670ffd858d3-main.jpg,200,image/jpeg,JPEG,/storage/v1/object/public/public-assets/vendors/61a48094-7453-4b7f-9563-e51f184832f9/ml-curation/f9744f2a-e288-4b28-8ce8-4670ffd858d3-main.jpg,jpg,PASS,9900.00 UYU
8a65b9da-8e57-4b1a-b2d5-96c9b3163aec,"Wolverine X-men 97 Marvel Legends Hasbro",wolverine-x-men-97-marvel-legends-hasbro-pzmxn,https://cobtsgkwcftvexaarwmo.supabase.co/storage/v1/object/public/public-assets/vendors/61a48094-7453-4b7f-9563-e51f184832f9/ml-curation/8a65b9da-8e57-4b1a-b2d5-96c9b3163aec-main.jpg,https://cobtsgkwcftvexaarwmo.supabase.co/storage/v1/object/public/public-assets/vendors/61a48094-7453-4b7f-9563-e51f184832f9/ml-curation/8a65b9da-8e57-4b1a-b2d5-96c9b3163aec-main.jpg,200,image/jpeg,JPEG,/storage/v1/object/public/public-assets/vendors/61a48094-7453-4b7f-9563-e51f184832f9/ml-curation/8a65b9da-8e57-4b1a-b2d5-96c9b3163aec-main.jpg,jpg,PASS,5990.00 UYU
0f108cdf-1337-424d-93d0-dd3199f9564f,"Mega Man Rockman X Full Armor D-arts Bandai",mega-man-rockman-x-full-armor-d-arts-bandai-4539,https://collectibles.uy/catalog-images/external/http2.mlstatic.com/D_644427-MLU69862666307_062023-O.jpg,https://collectibles.uy/catalog-images/external/http2.mlstatic.com/D_644427-MLU69862666307_062023-O.jpg,200,image/jpeg,JPEG,/catalog-images/external/http2.mlstatic.com/D_644427-MLU69862666307_062023-O.jpg,jpg,PASS,9900.00 UYU
1b633f38-826b-4743-b649-38fc21620f44,"Pandora Box Vol.4 Saint Cloth Myth Appendix Bandai",pandora-box-vol-4-saint-cloth-myth-appendix-bandai-1147,https://collectibles.uy/catalog-images/external/http2.mlstatic.com/D_976184-MLU45777352043_052021-O.jpg,https://collectibles.uy/catalog-images/external/http2.mlstatic.com/D_976184-MLU45777352043_052021-O.jpg,200,image/jpeg,JPEG,/catalog-images/external/http2.mlstatic.com/D_976184-MLU45777352043_052021-O.jpg,jpg,PASS,9900.00 UYU
325ca717-4c72-4af1-931c-225c67c9f11a,"Saint Seiya Petit Chara Land Vol.1 Megahouse",saint-seiya-petit-chara-land-vol-1-megahouse-9188,https://collectibles.uy/catalog-images/external/http2.mlstatic.com/D_605933-MLU69657150403_052023-O.jpg,https://collectibles.uy/catalog-images/external/http2.mlstatic.com/D_605933-MLU69657150403_052023-O.jpg,200,image/jpeg,JPEG,/catalog-images/external/http2.mlstatic.com/D_605933-MLU69657150403_052023-O.jpg,jpg,PASS,590.00 UYU
a4c00f89-8077-4eac-a5df-7cc23a2a7872,"Velocity Suit Spiderman Marvel Legends Demogoblin Baf Hasbro",velocity-suit-spiderman-marvel-legends-demogoblin-baf-hasbro-6669,https://collectibles.uy/catalog-images/external/http2.mlstatic.com/D_908426-MLU45521130597_042021-O.jpg,https://collectibles.uy/catalog-images/external/http2.mlstatic.com/D_908426-MLU45521130597_042021-O.jpg,200,image/jpeg,JPEG,/catalog-images/external/http2.mlstatic.com/D_908426-MLU45521130597_042021-O.jpg,jpg,PASS,3990.00 UYU
062612af-6ebf-4f42-86bf-8022940f4d26,"Peter Parker Spiderman Marvel Legends Hasbro",peter-parker-spiderman-marvel-legends-hasbro-4022,https://collectibles.uy/catalog-images/external/http2.mlstatic.com/D_708109-MLU45520448636_042021-O.jpg,https://collectibles.uy/catalog-images/external/http2.mlstatic.com/D_708109-MLU45520448636_042021-O.jpg,200,image/jpeg,JPEG,/catalog-images/external/http2.mlstatic.com/D_708109-MLU45520448636_042021-O.jpg,jpg,PASS,7990.00 UYU
35afb05e-001c-405d-9ab2-c1a5552c0f47,"Darkstar Marvel Legends Ursa Major Baf Hasbro",darkstar-marvel-legends-ursa-major-baf-hasbro-on70a,https://cobtsgkwcftvexaarwmo.supabase.co/storage/v1/object/public/public-assets/vendors/61a48094-7453-4b7f-9563-e51f184832f9/ml-curation/35afb05e-001c-405d-9ab2-c1a5552c0f47-main.jpg,https://cobtsgkwcftvexaarwmo.supabase.co/storage/v1/object/public/public-assets/vendors/61a48094-7453-4b7f-9563-e51f184832f9/ml-curation/35afb05e-001c-405d-9ab2-c1a5552c0f47-main.jpg,200,image/jpeg,JPEG,/storage/v1/object/public/public-assets/vendors/61a48094-7453-4b7f-9563-e51f184832f9/ml-curation/35afb05e-001c-405d-9ab2-c1a5552c0f47-main.jpg,jpg,PASS,3990.00 UYU
37330de5-9726-4dd2-81c6-cd90cd7a655d,"Kraven Spiderman Marvel Legends Hasbro",kraven-spiderman-marvel-legends-hasbro-gdyx2,https://cobtsgkwcftvexaarwmo.supabase.co/storage/v1/object/public/public-assets/vendors/61a48094-7453-4b7f-9563-e51f184832f9/ml-curation/37330de5-9726-4dd2-81c6-cd90cd7a655d-main.jpg,https://cobtsgkwcftvexaarwmo.supabase.co/storage/v1/object/public/public-assets/vendors/61a48094-7453-4b7f-9563-e51f184832f9/ml-curation/37330de5-9726-4dd2-81c6-cd90cd7a655d-main.jpg,200,image/jpeg,JPEG,/storage/v1/object/public/public-assets/vendors/61a48094-7453-4b7f-9563-e51f184832f9/ml-curation/37330de5-9726-4dd2-81c6-cd90cd7a655d-main.jpg,jpg,PASS,3990.00 UYU
ba6cf45a-b106-45be-aebf-2aa82fbcbc41,"Raphael Tortugas Ninja Turtles Classic Playmates",raphael-tortugas-ninja-turtles-classic-playmates-3042,https://collectibles.uy/catalog-images/external/http2.mlstatic.com/D_999620-MLU49659834890_042022-O.jpg,https://collectibles.uy/catalog-images/external/http2.mlstatic.com/D_999620-MLU49659834890_042022-O.jpg,200,image/jpeg,JPEG,/catalog-images/external/http2.mlstatic.com/D_999620-MLU49659834890_042022-O.jpg,jpg,PASS,2990.00 UYU
7327b101-7915-4196-b9a8-9395c47c4a4d,"Promo Mascota + LLaveros del Mundial 2026 - Zayu",promo-mascota-llaveros-del-mundial-2026-maple--copia-8972-copia-5940,https://cobtsgkwcftvexaarwmo.supabase.co/storage/v1/object/public/public-assets/productos/1780106997777-zayu-llavero.jpg,https://cobtsgkwcftvexaarwmo.supabase.co/storage/v1/object/public/public-assets/productos/1780106997777-zayu-llavero.jpg,200,image/jpeg,JPEG,/storage/v1/object/public/public-assets/productos/1780106997777-zayu-llavero.jpg,jpg,PASS,1490.00 UYU
921264c4-5d03-4e9d-aeb6-5e5cd57a7d85,"Marvel Heroclix: Avenger Fantastic Four Empyre Booster Brick",marvel-heroclix-avenger-fantastic-four-empyre-booster-brick,https://cobtsgkwcftvexaarwmo.supabase.co/storage/v1/object/public/public-assets/ml-sync/921264c4-5d03-4e9d-aeb6-5e5cd57a7d85-0-1779316568303.jpg,https://cobtsgkwcftvexaarwmo.supabase.co/storage/v1/object/public/public-assets/ml-sync/921264c4-5d03-4e9d-aeb6-5e5cd57a7d85-0-1779316568303.jpg,200,image/jpeg,JPEG,/storage/v1/object/public/public-assets/ml-sync/921264c4-5d03-4e9d-aeb6-5e5cd57a7d85-0-1779316568303.jpg,jpg,PASS,7500.00 UYU
d872b869-2a14-48ae-a5a0-18d14837203d,"Yu-Gi-Oh! Pack The Crimson King ",yu-gi-oh-pack-the-crimson-king-,https://cobtsgkwcftvexaarwmo.supabase.co/storage/v1/object/public/public-assets/productos/1779905742414-81l1zwpf-zl--ac-sl1500-.jpg,https://cobtsgkwcftvexaarwmo.supabase.co/storage/v1/object/public/public-assets/productos/1779905742414-81l1zwpf-zl--ac-sl1500-.jpg,200,image/jpeg,JPEG,/storage/v1/object/public/public-assets/productos/1779905742414-81l1zwpf-zl--ac-sl1500-.jpg,jpg,PASS,2990.00 UYU
18b69ef6-a202-4648-a142-327432bc23c3,"Yoshi Super Mario Figuarts Bandai Muñeco Figura",yoshi-super-mario-figuarts-bandai-mu-eco-figura-6229,https://collectibles.uy/catalog-images/external/http2.mlstatic.com/D_956753-MLU53315383363_012023-O.jpg,https://collectibles.uy/catalog-images/external/http2.mlstatic.com/D_956753-MLU53315383363_012023-O.jpg,200,image/jpeg,JPEG,/catalog-images/external/http2.mlstatic.com/D_956753-MLU53315383363_012023-O.jpg,jpg,PASS,4990.00 UYU
e6179c1b-80bd-4d54-bb44-eb28a45cbce5,"Bowser Super Mario World Of Nintendo Jakks Muñeco Figura",bowser-super-mario-world-of-nintendo-jakks-mu-eco-figura-6551,https://collectibles.uy/catalog-images/external/http2.mlstatic.com/D_893765-MLU45655590612_042021-O.jpg,https://collectibles.uy/catalog-images/external/http2.mlstatic.com/D_893765-MLU45655590612_042021-O.jpg,200,image/jpeg,JPEG,/catalog-images/external/http2.mlstatic.com/D_893765-MLU45655590612_042021-O.jpg,jpg,PASS,5990.00 UYU
2c5388f7-6fc5-4f84-8222-7bb78e85162c,"Funko Pop! Marvel: The Eternals - Sersi",funko-pop-marvel-the-eternals-sersi,https://cobtsgkwcftvexaarwmo.supabase.co/storage/v1/object/public/public-assets/ml-sync/2c5388f7-6fc5-4f84-8222-7bb78e85162c-0-1779316653626.jpg,https://cobtsgkwcftvexaarwmo.supabase.co/storage/v1/object/public/public-assets/ml-sync/2c5388f7-6fc5-4f84-8222-7bb78e85162c-0-1779316653626.jpg,200,image/jpeg,JPEG,/storage/v1/object/public/public-assets/ml-sync/2c5388f7-6fc5-4f84-8222-7bb78e85162c-0-1779316653626.jpg,jpg,PASS,550.00 UYU
61733063-4899-49de-8af2-e01e00ec9c6f,"MARVEL XMEN TAS´94 - ROUGE",marvel-xmen-tas-93-rouge-,https://cobtsgkwcftvexaarwmo.supabase.co/storage/v1/object/public/public-assets/1779734966414-roge-front.jpg,https://cobtsgkwcftvexaarwmo.supabase.co/storage/v1/object/public/public-assets/1779734966414-roge-front.jpg,200,image/jpeg,JPEG,/storage/v1/object/public/public-assets/1779734966414-roge-front.jpg,jpg,PASS,1900.00 UYU
c5e34af8-15b1-4009-be9b-f89b0160eeec,"Masters of the Universe Origins - Skeletor 200x",masters-of-the-universe-origins-figura-de-acci-n-200x-principe-adam--copia-6812,https://cobtsgkwcftvexaarwmo.supabase.co/storage/v1/object/public/public-assets/1780242759896-skeletor-box.jpg,https://cobtsgkwcftvexaarwmo.supabase.co/storage/v1/object/public/public-assets/1780242759896-skeletor-box.jpg,200,image/jpeg,JPEG,/storage/v1/object/public/public-assets/1780242759896-skeletor-box.jpg,jpg,PASS,1890.00 UYU
98aecf86-01a2-46a8-8a7a-1cfedde8192e,"SONIC THE HEDGEHOG - COLGANTE",sonic-the-hedgehog-colgante,https://cobtsgkwcftvexaarwmo.supabase.co/storage/v1/object/public/public-assets/1786122379769-mesa-de-trabajo-2.png,https://cobtsgkwcftvexaarwmo.supabase.co/storage/v1/object/public/public-assets/1786122379769-mesa-de-trabajo-2.png,200,image/png,PNG,/storage/v1/object/public/public-assets/1786122379769-mesa-de-trabajo-2.png,png,PASS,590.00 UYU
c8253b08-210a-4989-b521-18c7ca74d142,"Masters Of The Universe Origins - Webstor",masters-of-the-universe-origins-webstor-,https://cobtsgkwcftvexaarwmo.supabase.co/storage/v1/object/public/public-assets/1779738187383-webstor.jpg,https://cobtsgkwcftvexaarwmo.supabase.co/storage/v1/object/public/public-assets/1779738187383-webstor.jpg,200,image/jpeg,JPEG,/storage/v1/object/public/public-assets/1779738187383-webstor.jpg,jpg,PASS,1450.00 UYU
d8f21602-82f7-40cc-8fc8-1a75e2bf4aa5,"Magneto X-men 97 Wave 2 Marvel Legends Hasbro ",magneto-x-men-97-wave-2-marvel-legends-hasbro-ot0xf,https://cobtsgkwcftvexaarwmo.supabase.co/storage/v1/object/public/public-assets/vendors/61a48094-7453-4b7f-9563-e51f184832f9/ml-curation/d8f21602-82f7-40cc-8fc8-1a75e2bf4aa5-main.jpg,https://cobtsgkwcftvexaarwmo.supabase.co/storage/v1/object/public/public-assets/vendors/61a48094-7453-4b7f-9563-e51f184832f9/ml-curation/d8f21602-82f7-40cc-8fc8-1a75e2bf4aa5-main.jpg,200,image/jpeg,JPEG,/storage/v1/object/public/public-assets/vendors/61a48094-7453-4b7f-9563-e51f184832f9/ml-curation/d8f21602-82f7-40cc-8fc8-1a75e2bf4aa5-main.jpg,jpg,PASS,5990.00 UYU
15910422-94a0-4071-8740-0b20e03f2872,"Jigsaw Super Villains Marvel Legends Hasbro",jigsaw-super-villains-marvel-legends-hasbro-sig4r,https://cobtsgkwcftvexaarwmo.supabase.co/storage/v1/object/public/public-assets/vendors/61a48094-7453-4b7f-9563-e51f184832f9/ml-curation/15910422-94a0-4071-8740-0b20e03f2872-main.jpg,https://cobtsgkwcftvexaarwmo.supabase.co/storage/v1/object/public/public-assets/vendors/61a48094-7453-4b7f-9563-e51f184832f9/ml-curation/15910422-94a0-4071-8740-0b20e03f2872-main.jpg,200,image/jpeg,JPEG,/storage/v1/object/public/public-assets/vendors/61a48094-7453-4b7f-9563-e51f184832f9/ml-curation/15910422-94a0-4071-8740-0b20e03f2872-main.jpg,jpg,PASS,4990.00 UYU
42596039-5378-4827-9c60-6bd2d3adb321,"Sabretooth X-men Marvel Legends Colossus Baf Hasbro",sabretooth-x-men-marvel-legends-colossus-baf-hasbro-p5ljq,https://cobtsgkwcftvexaarwmo.supabase.co/storage/v1/object/public/public-assets/vendors/61a48094-7453-4b7f-9563-e51f184832f9/ml-curation/42596039-5378-4827-9c60-6bd2d3adb321-main.jpg,https://cobtsgkwcftvexaarwmo.supabase.co/storage/v1/object/public/public-assets/vendors/61a48094-7453-4b7f-9563-e51f184832f9/ml-curation/42596039-5378-4827-9c60-6bd2d3adb321-main.jpg,200,image/jpeg,JPEG,/storage/v1/object/public/public-assets/vendors/61a48094-7453-4b7f-9563-e51f184832f9/ml-curation/42596039-5378-4827-9c60-6bd2d3adb321-main.jpg,jpg,PASS,3990.00 UYU
f24ae857-2419-45d4-b85d-9cd00347046a,"Chun-li Super Street Fighter 4 Rah Medicom Toy 657",chun-li-super-street-fighter-4-rah-medicom-toy-657-3692,https://collectibles.uy/catalog-images/external/http2.mlstatic.com/D_662253-MLU45608590679_042021-O.jpg,https://collectibles.uy/catalog-images/external/http2.mlstatic.com/D_662253-MLU45608590679_042021-O.jpg,200,image/jpeg,JPEG,/catalog-images/external/http2.mlstatic.com/D_662253-MLU45608590679_042021-O.jpg,jpg,PASS,29900.00 UYU
655cda69-459b-4c2f-974a-12cfcd59707a,"Superman Justice League Animated Dc Collectibles",superman-justice-league-animated-dc-collectibles-2038,https://collectibles.uy/catalog-images/external/http2.mlstatic.com/D_989809-MLU45524210530_042021-O.jpg,https://collectibles.uy/catalog-images/external/http2.mlstatic.com/D_989809-MLU45524210530_042021-O.jpg,200,image/jpeg,JPEG,/catalog-images/external/http2.mlstatic.com/D_989809-MLU45524210530_042021-O.jpg,jpg,PASS,5990.00 UYU
d6816347-c77c-47fa-9c56-01716ff2a93c,"Negative Zone Pizza Spiderman Marvel Legends",negative-zone-pizza-spiderman-marvel-legends-6877,https://collectibles.uy/catalog-images/external/http2.mlstatic.com/D_873110-MLU77825995058_072024-O.jpg,https://collectibles.uy/catalog-images/external/http2.mlstatic.com/D_873110-MLU77825995058_072024-O.jpg,200,image/jpeg,JPEG,/catalog-images/external/http2.mlstatic.com/D_873110-MLU77825995058_072024-O.jpg,jpg,PASS,5990.00 UYU
199a7782-53f3-4f0e-913e-474b85cf4f70,"Human Torch Fantastic Four Marvel Legends Hasbro",human-torch-fantastic-four-marvel-legends-hasbro-mdvde,https://cobtsgkwcftvexaarwmo.supabase.co/storage/v1/object/public/public-assets/vendors/61a48094-7453-4b7f-9563-e51f184832f9/ml-curation/199a7782-53f3-4f0e-913e-474b85cf4f70-main.jpg,https://cobtsgkwcftvexaarwmo.supabase.co/storage/v1/object/public/public-assets/vendors/61a48094-7453-4b7f-9563-e51f184832f9/ml-curation/199a7782-53f3-4f0e-913e-474b85cf4f70-main.jpg,200,image/jpeg,JPEG,/storage/v1/object/public/public-assets/vendors/61a48094-7453-4b7f-9563-e51f184832f9/ml-curation/199a7782-53f3-4f0e-913e-474b85cf4f70-main.jpg,jpg,PASS,3990.00 UYU
7c38b8b2-efb8-4111-b198-fd13b3f88e92,"Star Lord Guardians Of The Galaxy Marvel Legends Hasbro",star-lord-guardians-of-the-galaxy-marvel-legends-hasbro-sx905,https://cobtsgkwcftvexaarwmo.supabase.co/storage/v1/object/public/public-assets/vendors/61a48094-7453-4b7f-9563-e51f184832f9/ml-curation/7c38b8b2-efb8-4111-b198-fd13b3f88e92-main.jpg,https://cobtsgkwcftvexaarwmo.supabase.co/storage/v1/object/public/public-assets/vendors/61a48094-7453-4b7f-9563-e51f184832f9/ml-curation/7c38b8b2-efb8-4111-b198-fd13b3f88e92-main.jpg,200,image/jpeg,JPEG,/storage/v1/object/public/public-assets/vendors/61a48094-7453-4b7f-9563-e51f184832f9/ml-curation/7c38b8b2-efb8-4111-b198-fd13b3f88e92-main.jpg,jpg,PASS,3990.00 UYU
6ec12cf2-c075-4eee-8639-258558b54865,"The Catwoman From Channel 6 Tortugas Ninja Turtles Neca",the-catwoman-from-channel-6-tortugas-ninja-turtles-neca-9349,https://collectibles.uy/catalog-images/external/http2.mlstatic.com/D_807419-MLU48876683548_012022-O.jpg,https://collectibles.uy/catalog-images/external/http2.mlstatic.com/D_807419-MLU48876683548_012022-O.jpg,200,image/jpeg,JPEG,/catalog-images/external/http2.mlstatic.com/D_807419-MLU48876683548_012022-O.jpg,jpg,PASS,24900.00 UYU
1691752b-2f2a-4f47-8004-c7dd30ee2bc3,"Luigi Super Mario Movie Peluche Poseable Jakks Muñeco Figura",luigi-super-mario-movie-peluche-poseable-jakks-mu-eco-figura-4758,https://collectibles.uy/catalog-images/external/http2.mlstatic.com/D_858346-MLU69826262652_062023-O.jpg,https://collectibles.uy/catalog-images/external/http2.mlstatic.com/D_858346-MLU69826262652_062023-O.jpg,200,image/jpeg,JPEG,/catalog-images/external/http2.mlstatic.com/D_858346-MLU69826262652_062023-O.jpg,jpg,PASS,5990.00 UYU
ca42fe36-06cf-43f1-9937-e7e49353ea52,"Super Mario 6cm Wave 22 Nintendo Jakks",super-mario-6cm-wave-22-nintendo-jakks-7009,https://collectibles.uy/catalog-images/external/http2.mlstatic.com/D_933003-MLU45662421173_042021-O.jpg,https://collectibles.uy/catalog-images/external/http2.mlstatic.com/D_933003-MLU45662421173_042021-O.jpg,200,image/jpeg,JPEG,/catalog-images/external/http2.mlstatic.com/D_933003-MLU45662421173_042021-O.jpg,jpg,PASS,990.00 UYU
c71dfae4-5727-4f54-a84b-72ef2baacbed,"Warlord Professor X X-men Marvel Legends Hasbro",warlord-professor-x-x-men-marvel-legends-hasbro-tugyw,https://cobtsgkwcftvexaarwmo.supabase.co/storage/v1/object/public/public-assets/vendors/61a48094-7453-4b7f-9563-e51f184832f9/ml-curation/c71dfae4-5727-4f54-a84b-72ef2baacbed-main.jpg,https://cobtsgkwcftvexaarwmo.supabase.co/storage/v1/object/public/public-assets/vendors/61a48094-7453-4b7f-9563-e51f184832f9/ml-curation/c71dfae4-5727-4f54-a84b-72ef2baacbed-main.jpg,200,image/jpeg,JPEG,/storage/v1/object/public/public-assets/vendors/61a48094-7453-4b7f-9563-e51f184832f9/ml-curation/c71dfae4-5727-4f54-a84b-72ef2baacbed-main.jpg,jpg,PASS,2990.00 UYU
f6bd2a6d-10a7-4736-8bbd-8e7153058ac9,"Funko Pop! Deluxe Marvel: Hall of Armor - Iron Man Model 1",figura-de-accion-iron-man-pop-de-funko-pop-marvel,https://cobtsgkwcftvexaarwmo.supabase.co/storage/v1/object/public/public-assets/ml-sync/f6bd2a6d-10a7-4736-8bbd-8e7153058ac9-0-1776870858972.jpg,https://cobtsgkwcftvexaarwmo.supabase.co/storage/v1/object/public/public-assets/ml-sync/f6bd2a6d-10a7-4736-8bbd-8e7153058ac9-0-1776870858972.jpg,200,image/jpeg,JPEG,/storage/v1/object/public/public-assets/ml-sync/f6bd2a6d-10a7-4736-8bbd-8e7153058ac9-0-1776870858972.jpg,jpg,PASS,1900.00 UYU
1fb70cb5-1247-455b-9c45-1b01b28d4dd1,"Harvey Bullock Batman The Animated Series Dc Collectibles 31",harvey-bullock-batman-the-animated-series-dc-collectibles-31-8044,https://collectibles.uy/catalog-images/external/http2.mlstatic.com/D_674518-MLU45550062690_042021-O.jpg,https://collectibles.uy/catalog-images/external/http2.mlstatic.com/D_674518-MLU45550062690_042021-O.jpg,200,image/jpeg,JPEG,/catalog-images/external/http2.mlstatic.com/D_674518-MLU45550062690_042021-O.jpg,jpg,PASS,5990.00 UYU
0d0df5ee-6e17-4f89-9658-a6fab3c51007,"MARVEL LEGENDS DELUXE - MOJO 6&quot;",marvel-legends-deluxe-mojo-6-,https://cobtsgkwcftvexaarwmo.supabase.co/storage/v1/object/public/public-assets/marvellegendsDeluxeMojo.webp,https://cobtsgkwcftvexaarwmo.supabase.co/storage/v1/object/public/public-assets/marvellegendsDeluxeMojo.webp,200,image/webp,WEBP,/storage/v1/object/public/public-assets/marvellegendsDeluxeMojo.webp,webp,PASS,5800.00 UYU
ad46eea2-3a04-4dae-952f-66995ee4422c,"Alex Street Fighter V Storm Collectibles",alex-street-fighter-v-storm-collectibles-8918,https://collectibles.uy/catalog-images/external/http2.mlstatic.com/D_874022-MLU53319112138_012023-O.jpg,https://collectibles.uy/catalog-images/external/http2.mlstatic.com/D_874022-MLU53319112138_012023-O.jpg,200,image/jpeg,JPEG,/catalog-images/external/http2.mlstatic.com/D_874022-MLU53319112138_012023-O.jpg,jpg,PASS,9900.00 UYU
dc9b001f-bc6b-4f36-bdc0-7e96e93062ef,"The Joker Deluxe Edition Dc Mezco One:12 Exclusive",the-joker-deluxe-edition-dc-mezco-one-12-exclusive-3949,https://collectibles.uy/catalog-images/external/http2.mlstatic.com/D_857754-MLU70624561794_072023-O.jpg,https://collectibles.uy/catalog-images/external/http2.mlstatic.com/D_857754-MLU70624561794_072023-O.jpg,200,image/jpeg,JPEG,/catalog-images/external/http2.mlstatic.com/D_857754-MLU70624561794_072023-O.jpg,jpg,PASS,19900.00 UYU
9187d629-100a-42be-8afa-7cc9b2d23d82,"Lady Deathstrike Marvel Legends Xenmu Baf Hasbro",lady-deathstrike-marvel-legends-xenmu-baf-hasbro-u8vn6,https://cobtsgkwcftvexaarwmo.supabase.co/storage/v1/object/public/public-assets/vendors/61a48094-7453-4b7f-9563-e51f184832f9/ml-curation/9187d629-100a-42be-8afa-7cc9b2d23d82-main.jpg,https://cobtsgkwcftvexaarwmo.supabase.co/storage/v1/object/public/public-assets/vendors/61a48094-7453-4b7f-9563-e51f184832f9/ml-curation/9187d629-100a-42be-8afa-7cc9b2d23d82-main.jpg,200,image/jpeg,JPEG,/storage/v1/object/public/public-assets/vendors/61a48094-7453-4b7f-9563-e51f184832f9/ml-curation/9187d629-100a-42be-8afa-7cc9b2d23d82-main.jpg,jpg,PASS,3990.00 UYU
335e4123-4cf1-493e-bab1-1c9a4089b5ae,"Speed Force Flash Justice League 2021 Dc Mcfarlane",speed-force-flash-justice-league-2021-dc-mcfarlane-9405,https://collectibles.uy/catalog-images/external/http2.mlstatic.com/D_801269-MLU51939090982_102022-O.jpg,https://collectibles.uy/catalog-images/external/http2.mlstatic.com/D_801269-MLU51939090982_102022-O.jpg,200,image/jpeg,JPEG,/catalog-images/external/http2.mlstatic.com/D_801269-MLU51939090982_102022-O.jpg,jpg,PASS,5990.00 UYU
f83f339a-9fcc-42f4-ac55-94e5f00feb69,"Figgyz Pop! Magnet Street Fighter -ryu",figgyz-pop-magnet-street-fighter-ryu,https://cobtsgkwcftvexaarwmo.supabase.co/storage/v1/object/public/public-assets/ml-sync/f83f339a-9fcc-42f4-ac55-94e5f00feb69-0-1776872283878.jpg,https://cobtsgkwcftvexaarwmo.supabase.co/storage/v1/object/public/public-assets/ml-sync/f83f339a-9fcc-42f4-ac55-94e5f00feb69-0-1776872283878.jpg,200,image/jpeg,JPEG,/storage/v1/object/public/public-assets/ml-sync/f83f339a-9fcc-42f4-ac55-94e5f00feb69-0-1776872283878.jpg,jpg,PASS,990.00 UYU
7d10c690-420f-4f9c-967d-4e997a849fa2,"Captain Foxy Five Nights At Freddy´s Curse Dreadbear Funko",captain-foxy-five-nights-at-freddy-s-curse-dreadbear-funko-8598,https://collectibles.uy/catalog-images/external/http2.mlstatic.com/D_929364-MLU48994423527_022022-O.jpg,https://collectibles.uy/catalog-images/external/http2.mlstatic.com/D_929364-MLU48994423527_022022-O.jpg,200,image/jpeg,JPEG,/catalog-images/external/http2.mlstatic.com/D_929364-MLU48994423527_022022-O.jpg,jpg,PASS,2990.00 UYU
35a94280-b135-49e9-bb38-d97ebcf79a1c,"Batcycle Batman The Animated Series Dc Collectibles ",batcycle-batman-the-animated-series-dc-collectibles--2215,https://collectibles.uy/catalog-images/external/http2.mlstatic.com/D_858153-MLU79924347134_102024-O.jpg,https://collectibles.uy/catalog-images/external/http2.mlstatic.com/D_858153-MLU79924347134_102024-O.jpg,200,image/jpeg,JPEG,/catalog-images/external/http2.mlstatic.com/D_858153-MLU79924347134_102024-O.jpg,jpg,PASS,16500.00 UYU
e59d1dcd-3c1a-4211-a92c-f3dc849c13b3,"Two-face Batman The Animated Series Dc Collectibles 45",two-face-batman-the-animated-series-dc-collectibles-45-6598,https://collectibles.uy/catalog-images/external/http2.mlstatic.com/D_741725-MLU45541741661_042021-O.jpg,https://collectibles.uy/catalog-images/external/http2.mlstatic.com/D_741725-MLU45541741661_042021-O.jpg,200,image/jpeg,JPEG,/catalog-images/external/http2.mlstatic.com/D_741725-MLU45541741661_042021-O.jpg,jpg,PASS,9900.00 UYU
e1143c7f-2bc5-4a29-b9d7-d8e932e08e64,"Quasar Marvel Legends Hasbro",quasar-marvel-legends-hasbro-apdec,https://cobtsgkwcftvexaarwmo.supabase.co/storage/v1/object/public/public-assets/vendors/61a48094-7453-4b7f-9563-e51f184832f9/ml-curation/e1143c7f-2bc5-4a29-b9d7-d8e932e08e64-main.jpg,https://cobtsgkwcftvexaarwmo.supabase.co/storage/v1/object/public/public-assets/vendors/61a48094-7453-4b7f-9563-e51f184832f9/ml-curation/e1143c7f-2bc5-4a29-b9d7-d8e932e08e64-main.jpg,200,image/jpeg,JPEG,/storage/v1/object/public/public-assets/vendors/61a48094-7453-4b7f-9563-e51f184832f9/ml-curation/e1143c7f-2bc5-4a29-b9d7-d8e932e08e64-main.jpg,jpg,PASS,3990.00 UYU
916fd34b-cc1b-4470-b50d-7fd784eb109a,"Super Armor Batman The Adventures Continue Dc Collectibles",super-armor-batman-the-adventures-continue-dc-collectibles-1748,https://collectibles.uy/catalog-images/external/http2.mlstatic.com/D_775342-MLU45541591373_042021-O.jpg,https://collectibles.uy/catalog-images/external/http2.mlstatic.com/D_775342-MLU45541591373_042021-O.jpg,200,image/jpeg,JPEG,/catalog-images/external/http2.mlstatic.com/D_775342-MLU45541591373_042021-O.jpg,jpg,PASS,9900.00 UYU
85cc849a-c1c5-445e-858c-7c8740401157,"J. Jonah Jameson Spiderman Marvel Legends Hasbro",j--jonah-jameson-spiderman-marvel-legends-hasbro-9200,https://collectibles.uy/catalog-images/external/http2.mlstatic.com/D_628253-MLU112499039308_062026-O.jpg,https://collectibles.uy/catalog-images/external/http2.mlstatic.com/D_628253-MLU112499039308_062026-O.jpg,200,image/jpeg,JPEG,/catalog-images/external/http2.mlstatic.com/D_628253-MLU112499039308_062026-O.jpg,jpg,PASS,5990.00 UYU
967b7db6-de97-484a-8e5f-4b50dddfad73,"Michelangelo Alfred Batman Vs Tmnt Dc Collectibles",michelangelo-alfred-batman-vs-tmnt-dc-collectibles-2226,https://collectibles.uy/catalog-images/external/http2.mlstatic.com/D_971985-MLU45655859686_042021-O.jpg,https://collectibles.uy/catalog-images/external/http2.mlstatic.com/D_971985-MLU45655859686_042021-O.jpg,200,image/jpeg,JPEG,/catalog-images/external/http2.mlstatic.com/D_971985-MLU45655859686_042021-O.jpg,jpg,PASS,5990.00 UYU
ce814904-ff35-4634-af48-511f2db70e69,"Cyborg Spiderman Marvel Legends Hasbro",cyborg-spiderman-marvel-legends-hasbro-5410,https://collectibles.uy/catalog-images/external/http2.mlstatic.com/D_633202-MLU78046703699_072024-O.jpg,https://collectibles.uy/catalog-images/external/http2.mlstatic.com/D_633202-MLU78046703699_072024-O.jpg,200,image/jpeg,JPEG,/catalog-images/external/http2.mlstatic.com/D_633202-MLU78046703699_072024-O.jpg,jpg,PASS,5990.00 UYU
b978603f-df9e-43b1-ad06-5af35b8da8a9,"Gwen Stacy Spiderman Marvel Legends Hasbro",gwen-stacy-spiderman-marvel-legends-hasbro-6211,https://collectibles.uy/catalog-images/external/http2.mlstatic.com/D_851608-MLU45520414432_042021-O.jpg,https://collectibles.uy/catalog-images/external/http2.mlstatic.com/D_851608-MLU45520414432_042021-O.jpg,200,image/jpeg,JPEG,/catalog-images/external/http2.mlstatic.com/D_851608-MLU45520414432_042021-O.jpg,jpg,PASS,5990.00 UYU
e7b5e24a-150e-4bcb-be97-972011f4d19b,"Deadpool Corps Scooter Marvel Legends Vehicles",deadpool-corps-scooter-marvel-legends-vehicles-qv8u9,https://cobtsgkwcftvexaarwmo.supabase.co/storage/v1/object/public/public-assets/vendors/61a48094-7453-4b7f-9563-e51f184832f9/ml-curation/e7b5e24a-150e-4bcb-be97-972011f4d19b-main.jpg,https://cobtsgkwcftvexaarwmo.supabase.co/storage/v1/object/public/public-assets/vendors/61a48094-7453-4b7f-9563-e51f184832f9/ml-curation/e7b5e24a-150e-4bcb-be97-972011f4d19b-main.jpg,200,image/jpeg,JPEG,/storage/v1/object/public/public-assets/vendors/61a48094-7453-4b7f-9563-e51f184832f9/ml-curation/e7b5e24a-150e-4bcb-be97-972011f4d19b-main.jpg,jpg,PASS,5990.00 UYU
1d941d52-acd0-48b8-8b26-2ccdc48cf1c7,"Black Gold Spiderman No Way Home Marvel Legends Hasbro",black-gold-spiderman-no-way-home-marvel-legends-hasbro-r1gm2,https://cobtsgkwcftvexaarwmo.supabase.co/storage/v1/object/public/public-assets/vendors/61a48094-7453-4b7f-9563-e51f184832f9/ml-curation/1d941d52-acd0-48b8-8b26-2ccdc48cf1c7-main.jpg,https://cobtsgkwcftvexaarwmo.supabase.co/storage/v1/object/public/public-assets/vendors/61a48094-7453-4b7f-9563-e51f184832f9/ml-curation/1d941d52-acd0-48b8-8b26-2ccdc48cf1c7-main.jpg,200,image/jpeg,JPEG,/storage/v1/object/public/public-assets/vendors/61a48094-7453-4b7f-9563-e51f184832f9/ml-curation/1d941d52-acd0-48b8-8b26-2ccdc48cf1c7-main.jpg,jpg,PASS,3990.00 UYU
b1c3999b-0b36-4b8c-979d-1f0d0abee329,"SONIC THE HEDGEHOG - FIGURAS EN CAPSULA 3&quot;",sonic-the-hedgehog-figuras-en-capsula-3,https://cobtsgkwcftvexaarwmo.supabase.co/storage/v1/object/public/public-assets/1786391280468-61ifozawzpl--ac-sl1300-.jpg,https://cobtsgkwcftvexaarwmo.supabase.co/storage/v1/object/public/public-assets/1786391280468-61ifozawzpl--ac-sl1300-.jpg,200,image/jpeg,JPEG,/storage/v1/object/public/public-assets/1786391280468-61ifozawzpl--ac-sl1300-.jpg,jpg,PASS,390.00 UYU
b0a389fd-ba5a-49f2-8b9c-0afbbbe2c0cb,"Five Nights At Freddy´s Lentes De Sol Uv400 Sun Statches Freddyfazbear Gris Negro",five-nights-at-freddy-s-lentes-de-sol-uv400-sun-statches-freddyfazbear-gris-negro-8797,https://collectibles.uy/catalog-images/external/http2.mlstatic.com/D_821686-MLU45614359476_042021-O.jpg,https://collectibles.uy/catalog-images/external/http2.mlstatic.com/D_821686-MLU45614359476_042021-O.jpg,200,image/jpeg,JPEG,/catalog-images/external/http2.mlstatic.com/D_821686-MLU45614359476_042021-O.jpg,jpg,PASS,1650.00 UYU
261c81eb-98f1-497c-869b-2bf329a49a36,"Binary Marvel Legends Hasbro",binary-marvel-legends-hasbro-25590,https://cobtsgkwcftvexaarwmo.supabase.co/storage/v1/object/public/public-assets/vendors/61a48094-7453-4b7f-9563-e51f184832f9/ml-curation/261c81eb-98f1-497c-869b-2bf329a49a36-main.jpg,https://cobtsgkwcftvexaarwmo.supabase.co/storage/v1/object/public/public-assets/vendors/61a48094-7453-4b7f-9563-e51f184832f9/ml-curation/261c81eb-98f1-497c-869b-2bf329a49a36-main.jpg,200,image/jpeg,JPEG,/storage/v1/object/public/public-assets/vendors/61a48094-7453-4b7f-9563-e51f184832f9/ml-curation/261c81eb-98f1-497c-869b-2bf329a49a36-main.jpg,jpg,PASS,3990.00 UYU
287c2109-9360-40d9-953b-1e162818a3e2,"Charles Xavier X-men Marvel Legends Tri-sentinel Baf Hasbro",charles-xavier-x-men-marvel-legends-tri-sentinel-baf-hasbro-3539,https://collectibles.uy/catalog-images/external/http2.mlstatic.com/D_774909-MLU45520079222_042021-O.jpg,https://collectibles.uy/catalog-images/external/http2.mlstatic.com/D_774909-MLU45520079222_042021-O.jpg,200,image/jpeg,JPEG,/catalog-images/external/http2.mlstatic.com/D_774909-MLU45520079222_042021-O.jpg,jpg,PASS,3650.00 UYU
1b116d02-718b-4552-8897-d9536636efde,"Super Mario Red Mushrom 10cm Wave 19 Nintendo Jakks Muñeco",super-mario-red-mushrom-10cm-wave-19-nintendo-jakks-mu-eco-7660,https://collectibles.uy/catalog-images/external/http2.mlstatic.com/D_776008-MLU48347422184_112021-O.jpg,https://collectibles.uy/catalog-images/external/http2.mlstatic.com/D_776008-MLU48347422184_112021-O.jpg,200,image/jpeg,JPEG,/catalog-images/external/http2.mlstatic.com/D_776008-MLU48347422184_112021-O.jpg,jpg,PASS,2190.00 UYU
ac4fef23-2883-452a-a868-d0a5b2b934c9,"Wonder Woman With Helmet Of Faith Dc Multiverse Mcfarlane",wonder-woman-with-helmet-of-faith-dc-multiverse-mcfarlane-4491,https://collectibles.uy/catalog-images/external/http2.mlstatic.com/D_783039-MLU51584169173_092022-O.jpg,https://collectibles.uy/catalog-images/external/http2.mlstatic.com/D_783039-MLU51584169173_092022-O.jpg,200,image/jpeg,JPEG,/catalog-images/external/http2.mlstatic.com/D_783039-MLU51584169173_092022-O.jpg,jpg,PASS,3990.00 UYU
d959c022-8839-47f3-a2a8-53297cd90850,"Funko Pop! Wednesday - Merlina Addams",funko-pop-wednesday-merlina-addams-,https://cobtsgkwcftvexaarwmo.supabase.co/storage/v1/object/public/public-assets/1779903027352-51fwrafdhzl--ac-sl1300-.jpg,https://cobtsgkwcftvexaarwmo.supabase.co/storage/v1/object/public/public-assets/1779903027352-51fwrafdhzl--ac-sl1300-.jpg,200,image/jpeg,JPEG,/storage/v1/object/public/public-assets/1779903027352-51fwrafdhzl--ac-sl1300-.jpg,jpg,PASS,1090.00 UYU
49c417b3-0721-4ef4-bb42-5cb23b55f495,"Beast X-men Marvel Legends Hasbro",beast-x-men-marvel-legends-hasbro-37wy1,https://cobtsgkwcftvexaarwmo.supabase.co/storage/v1/object/public/public-assets/vendors/61a48094-7453-4b7f-9563-e51f184832f9/ml-curation/49c417b3-0721-4ef4-bb42-5cb23b55f495-main.jpg,https://cobtsgkwcftvexaarwmo.supabase.co/storage/v1/object/public/public-assets/vendors/61a48094-7453-4b7f-9563-e51f184832f9/ml-curation/49c417b3-0721-4ef4-bb42-5cb23b55f495-main.jpg,200,image/jpeg,JPEG,/storage/v1/object/public/public-assets/vendors/61a48094-7453-4b7f-9563-e51f184832f9/ml-curation/49c417b3-0721-4ef4-bb42-5cb23b55f495-main.jpg,jpg,PASS,9900.00 UYU
8a9fdd69-79f2-43a1-9d68-235b2f643117,"Glamrock Freddy Five Nights Freddy´s Security Breach Funko",glamrock-freddy-five-nights-freddy-s-security-breach-funko-5974,https://collectibles.uy/catalog-images/external/http2.mlstatic.com/D_633572-MLU45676784176_042021-O.jpg,https://collectibles.uy/catalog-images/external/http2.mlstatic.com/D_633572-MLU45676784176_042021-O.jpg,200,image/jpeg,JPEG,/catalog-images/external/http2.mlstatic.com/D_633572-MLU45676784176_042021-O.jpg,jpg,PASS,3990.00 UYU
485240b1-4182-409b-b5c3-e778770f7565,"Kingpin Spiderman Marvel Legends Hasbro",kingpin-spiderman-marvel-legends-hasbro-2228,https://collectibles.uy/catalog-images/external/http2.mlstatic.com/D_959014-MLU45516749936_042021-O.jpg,https://collectibles.uy/catalog-images/external/http2.mlstatic.com/D_959014-MLU45516749936_042021-O.jpg,200,image/jpeg,JPEG,/catalog-images/external/http2.mlstatic.com/D_959014-MLU45516749936_042021-O.jpg,jpg,PASS,9900.00 UYU
e089452d-f361-476e-bf50-3314482adb9a,"Lapras The Pokemon Company Peluche 25cm",lapras-the-pokemon-company-peluche-25cm-5551,https://collectibles.uy/catalog-images/external/http2.mlstatic.com/D_941000-MLU45722790046_042021-O.jpg,https://collectibles.uy/catalog-images/external/http2.mlstatic.com/D_941000-MLU45722790046_042021-O.jpg,200,image/jpeg,JPEG,/catalog-images/external/http2.mlstatic.com/D_941000-MLU45722790046_042021-O.jpg,jpg,PASS,2990.00 UYU
5ecd61ef-3db2-40fe-a60b-279594186f31,"Rose Spiderman Marvel Legends Hasbro",rose-spiderman-marvel-legends-hasbro-ogjfe,https://cobtsgkwcftvexaarwmo.supabase.co/storage/v1/object/public/public-assets/vendors/61a48094-7453-4b7f-9563-e51f184832f9/ml-curation/5ecd61ef-3db2-40fe-a60b-279594186f31-main.jpg,https://cobtsgkwcftvexaarwmo.supabase.co/storage/v1/object/public/public-assets/vendors/61a48094-7453-4b7f-9563-e51f184832f9/ml-curation/5ecd61ef-3db2-40fe-a60b-279594186f31-main.jpg,200,image/jpeg,JPEG,/storage/v1/object/public/public-assets/vendors/61a48094-7453-4b7f-9563-e51f184832f9/ml-curation/5ecd61ef-3db2-40fe-a60b-279594186f31-main.jpg,jpg,PASS,2990.00 UYU
5ba77855-edfe-4c22-8a64-e399443d0069,"Magneto X-men Marvel Legends Tri-sentinel Baf Hasbro",magneto-x-men-marvel-legends-tri-sentinel-baf-hasbro-7772,https://collectibles.uy/catalog-images/external/http2.mlstatic.com/D_688234-MLU45520132219_042021-O.jpg,https://collectibles.uy/catalog-images/external/http2.mlstatic.com/D_688234-MLU45520132219_042021-O.jpg,200,image/jpeg,JPEG,/catalog-images/external/http2.mlstatic.com/D_688234-MLU45520132219_042021-O.jpg,jpg,PASS,3650.00 UYU
8d923ac8-0275-42e5-984e-eb5bd54dfc0f,"Ken Street Fighter V Storm Collectibles Toys  R  Us Edition",ken-street-fighter-v-storm-collectibles-toys--r--us-edition-8980,https://collectibles.uy/catalog-images/external/http2.mlstatic.com/D_847141-MLU53319161472_012023-O.jpg,https://collectibles.uy/catalog-images/external/http2.mlstatic.com/D_847141-MLU53319161472_012023-O.jpg,200,image/jpeg,JPEG,/catalog-images/external/http2.mlstatic.com/D_847141-MLU53319161472_012023-O.jpg,jpg,PASS,9900.00 UYU
1f72ef30-cfa1-47cf-9de3-a3df9f0942d5,"Joe Fixit Incredible Hulk Marvel Legends Hasbro",joe-fixit-incredible-hulk-marvel-legends-hasbro-biobz,https://cobtsgkwcftvexaarwmo.supabase.co/storage/v1/object/public/public-assets/vendors/61a48094-7453-4b7f-9563-e51f184832f9/ml-curation/1f72ef30-cfa1-47cf-9de3-a3df9f0942d5-main.jpg,https://cobtsgkwcftvexaarwmo.supabase.co/storage/v1/object/public/public-assets/vendors/61a48094-7453-4b7f-9563-e51f184832f9/ml-curation/1f72ef30-cfa1-47cf-9de3-a3df9f0942d5-main.jpg,200,image/jpeg,JPEG,/storage/v1/object/public/public-assets/vendors/61a48094-7453-4b7f-9563-e51f184832f9/ml-curation/1f72ef30-cfa1-47cf-9de3-a3df9f0942d5-main.jpg,jpg,PASS,7990.00 UYU
d73db2a1-edc0-4e2e-97ad-c5826bc7d82d,"Marvel Legends! Thor: Love And Thunder  - Groot",marvel-legends-thor-love-and-thunder-groot-2,https://cobtsgkwcftvexaarwmo.supabase.co/storage/v1/object/public/public-assets/ml-sync/d73db2a1-edc0-4e2e-97ad-c5826bc7d82d-0-1776870811668.jpg,https://cobtsgkwcftvexaarwmo.supabase.co/storage/v1/object/public/public-assets/ml-sync/d73db2a1-edc0-4e2e-97ad-c5826bc7d82d-0-1776870811668.jpg,200,image/jpeg,JPEG,/storage/v1/object/public/public-assets/ml-sync/d73db2a1-edc0-4e2e-97ad-c5826bc7d82d-0-1776870811668.jpg,jpg,PASS,1900.00 UYU
5f1c4c0e-13f9-47ed-b095-e9d920d47f66,"Captain America Secret Empire Marvel Legends Hasbro ",captain-america-secret-empire-marvel-legends-hasbro-z8yxs,https://cobtsgkwcftvexaarwmo.supabase.co/storage/v1/object/public/public-assets/vendors/61a48094-7453-4b7f-9563-e51f184832f9/ml-curation/5f1c4c0e-13f9-47ed-b095-e9d920d47f66-main.jpg,https://cobtsgkwcftvexaarwmo.supabase.co/storage/v1/object/public/public-assets/vendors/61a48094-7453-4b7f-9563-e51f184832f9/ml-curation/5f1c4c0e-13f9-47ed-b095-e9d920d47f66-main.jpg,200,image/jpeg,JPEG,/storage/v1/object/public/public-assets/vendors/61a48094-7453-4b7f-9563-e51f184832f9/ml-curation/5f1c4c0e-13f9-47ed-b095-e9d920d47f66-main.jpg,jpg,PASS,5990.00 UYU
1f0defed-9ebd-421d-9211-9aa523ec434c,"Raphael Tortugas Ninja Turtles Out Shadows Disfraz Musculoso Raphael M",raphael-tortugas-ninja-turtles-out-shadows-disfraz-musculoso-raphael-m-3952,https://collectibles.uy/catalog-images/external/http2.mlstatic.com/D_935281-MLU92302109722_092025-O.jpg,https://collectibles.uy/catalog-images/external/http2.mlstatic.com/D_935281-MLU92302109722_092025-O.jpg,200,image/jpeg,JPEG,/catalog-images/external/http2.mlstatic.com/D_935281-MLU92302109722_092025-O.jpg,jpg,PASS,3990.00 UYU
3df766fb-0e8a-4e5b-9e27-172b119bf7f3,"Minico! The Batman - Batman Unmasked Version",minico-the-batman-batman-unmasked-version,https://cobtsgkwcftvexaarwmo.supabase.co/storage/v1/object/public/public-assets/ml-sync/3df766fb-0e8a-4e5b-9e27-172b119bf7f3-0-1776870672195.jpg,https://cobtsgkwcftvexaarwmo.supabase.co/storage/v1/object/public/public-assets/ml-sync/3df766fb-0e8a-4e5b-9e27-172b119bf7f3-0-1776870672195.jpg,200,image/jpeg,JPEG,/storage/v1/object/public/public-assets/ml-sync/3df766fb-0e8a-4e5b-9e27-172b119bf7f3-0-1776870672195.jpg,jpg,PASS,2990.00 UYU
6a5988aa-5ebe-468b-9200-f704b2193ffc,"Aquaman Justice League Animated Dc Collectibles",aquaman-justice-league-animated-dc-collectibles-4092,https://collectibles.uy/catalog-images/external/http2.mlstatic.com/D_605248-MLU45524222605_042021-O.jpg,https://collectibles.uy/catalog-images/external/http2.mlstatic.com/D_605248-MLU45524222605_042021-O.jpg,200,image/jpeg,JPEG,/catalog-images/external/http2.mlstatic.com/D_605248-MLU45524222605_042021-O.jpg,jpg,PASS,3990.00 UYU
92ad9859-517e-45cd-9e51-41b58b9b0520,"Age Of Apocalypse Marvel Legends Hasbro",age-of-apocalypse-marvel-legends-hasbro-8818,https://collectibles.uy/catalog-images/external/http2.mlstatic.com/D_930695-MLU45516764600_042021-O.jpg,https://collectibles.uy/catalog-images/external/http2.mlstatic.com/D_930695-MLU45516764600_042021-O.jpg,200,image/jpeg,JPEG,/catalog-images/external/http2.mlstatic.com/D_930695-MLU45516764600_042021-O.jpg,jpg,PASS,5990.00 UYU
c08d2b25-a8fa-4897-802f-4485e5cfd054,"Catwoman Batman The Animated Series Dc Collectibles 04",catwoman-batman-the-animated-series-dc-collectibles-04-2240,https://collectibles.uy/catalog-images/external/http2.mlstatic.com/D_789281-MLU45541850063_042021-O.jpg,https://collectibles.uy/catalog-images/external/http2.mlstatic.com/D_789281-MLU45541850063_042021-O.jpg,200,image/jpeg,JPEG,/catalog-images/external/http2.mlstatic.com/D_789281-MLU45541850063_042021-O.jpg,jpg,PASS,5990.00 UYU
b4db3bfd-01ad-4e3b-a112-ecf7e51ff429,"Starscream Transformers Legacy Core Class Hasbro",starscream-transformers-legacy-core-class-hasbro-1776,https://collectibles.uy/catalog-images/external/http2.mlstatic.com/D_845665-MLU73050764116_112023-O.jpg,https://collectibles.uy/catalog-images/external/http2.mlstatic.com/D_845665-MLU73050764116_112023-O.jpg,200,image/jpeg,JPEG,/catalog-images/external/http2.mlstatic.com/D_845665-MLU73050764116_112023-O.jpg,jpg,PASS,1990.00 UYU
d6ea00e1-4b62-491d-b709-334b382967cf,"Prowler Spiderman 90&apos;s Marvel Legends Hasbro",prowler-spiderman-90-s-marvel-legends-hasbro-1g51f,https://cobtsgkwcftvexaarwmo.supabase.co/storage/v1/object/public/public-assets/vendors/61a48094-7453-4b7f-9563-e51f184832f9/ml-curation/d6ea00e1-4b62-491d-b709-334b382967cf-main.jpg,https://cobtsgkwcftvexaarwmo.supabase.co/storage/v1/object/public/public-assets/vendors/61a48094-7453-4b7f-9563-e51f184832f9/ml-curation/d6ea00e1-4b62-491d-b709-334b382967cf-main.jpg,200,image/jpeg,JPEG,/storage/v1/object/public/public-assets/vendors/61a48094-7453-4b7f-9563-e51f184832f9/ml-curation/d6ea00e1-4b62-491d-b709-334b382967cf-main.jpg,jpg,PASS,3990.00 UYU
f54383f6-3801-49c0-a642-56e60217c73e,"Jean Grey Phoenix Force X-men Marvel Legends Hasbro",jean-grey-phoenix-force-x-men-marvel-legends-hasbro-sjdjg,https://cobtsgkwcftvexaarwmo.supabase.co/storage/v1/object/public/public-assets/vendors/61a48094-7453-4b7f-9563-e51f184832f9/ml-curation/f54383f6-3801-49c0-a642-56e60217c73e-main.jpg,https://cobtsgkwcftvexaarwmo.supabase.co/storage/v1/object/public/public-assets/vendors/61a48094-7453-4b7f-9563-e51f184832f9/ml-curation/f54383f6-3801-49c0-a642-56e60217c73e-main.jpg,200,image/jpeg,JPEG,/storage/v1/object/public/public-assets/vendors/61a48094-7453-4b7f-9563-e51f184832f9/ml-curation/f54383f6-3801-49c0-a642-56e60217c73e-main.jpg,jpg,PASS,7990.00 UYU
951660d9-b884-4c3c-bd4c-13623b6b164f,"MINECRAFT! LLAVERO GHAST 2.5 MONJANG STUDIO",minecraft-llavero-ghast-2-5-monjang-studio,https://cobtsgkwcftvexaarwmo.supabase.co/storage/v1/object/public/public-assets/1786388432699-minecraft-gris.jpg,https://cobtsgkwcftvexaarwmo.supabase.co/storage/v1/object/public/public-assets/1786388432699-minecraft-gris.jpg,200,image/jpeg,JPEG,/storage/v1/object/public/public-assets/1786388432699-minecraft-gris.jpg,jpg,PASS,390.00 UYU
acfac5ce-4360-4f8a-982e-9db411b11c9a,"Figgyz Pop! Magnet Street Fighter - Ken",figgyz-pop-magnet-street-fighter-ken,https://cobtsgkwcftvexaarwmo.supabase.co/storage/v1/object/public/public-assets/ml-sync/acfac5ce-4360-4f8a-982e-9db411b11c9a-0-1776872277210.jpg,https://cobtsgkwcftvexaarwmo.supabase.co/storage/v1/object/public/public-assets/ml-sync/acfac5ce-4360-4f8a-982e-9db411b11c9a-0-1776872277210.jpg,200,image/jpeg,JPEG,/storage/v1/object/public/public-assets/ml-sync/acfac5ce-4360-4f8a-982e-9db411b11c9a-0-1776872277210.jpg,jpg,PASS,990.00 UYU
13c6f20a-cb7c-4949-86aa-f94bb6f23d2b,"MINECRAFT! LLAVERO LOBO 2.5 MONJANG STUDIO",minecraft-llavero-lobo-2-5-monjang-studio,https://cobtsgkwcftvexaarwmo.supabase.co/storage/v1/object/public/public-assets/1786389803832-minecraft-dog.jpg,https://cobtsgkwcftvexaarwmo.supabase.co/storage/v1/object/public/public-assets/1786389803832-minecraft-dog.jpg,200,image/jpeg,JPEG,/storage/v1/object/public/public-assets/1786389803832-minecraft-dog.jpg,jpg,PASS,390.00 UYU
187511be-a2bb-4baf-a6b6-fb5b3f4944e0,"Mysterio Spiderman Marvel Legends Molten Man Baf Hasbro",mysterio-spiderman-marvel-legends-molten-man-baf-hasbro-6214,https://collectibles.uy/catalog-images/external/http2.mlstatic.com/D_795728-MLU45523335485_042021-O.jpg,https://collectibles.uy/catalog-images/external/http2.mlstatic.com/D_795728-MLU45523335485_042021-O.jpg,200,image/jpeg,JPEG,/catalog-images/external/http2.mlstatic.com/D_795728-MLU45523335485_042021-O.jpg,jpg,PASS,5990.00 UYU
021d1c88-e164-42bc-a22a-6980fcd607f6,"Batman Justice League Animated Dc Collectibles",batman-justice-league-animated-dc-collectibles-2705,https://collectibles.uy/catalog-images/external/http2.mlstatic.com/D_832461-MLU45524222076_042021-O.jpg,https://collectibles.uy/catalog-images/external/http2.mlstatic.com/D_832461-MLU45524222076_042021-O.jpg,200,image/jpeg,JPEG,/catalog-images/external/http2.mlstatic.com/D_832461-MLU45524222076_042021-O.jpg,jpg,PASS,5990.00 UYU
5e95a3e3-94ce-489f-a449-f0f43cb75e73,"Hawkgirl Justice League Animated Dc Collectibles",hawkgirl-justice-league-animated-dc-collectibles-8883,https://collectibles.uy/catalog-images/external/http2.mlstatic.com/D_779030-MLU45524210660_042021-O.jpg,https://collectibles.uy/catalog-images/external/http2.mlstatic.com/D_779030-MLU45524210660_042021-O.jpg,200,image/jpeg,JPEG,/catalog-images/external/http2.mlstatic.com/D_779030-MLU45524210660_042021-O.jpg,jpg,PASS,3990.00 UYU
aaf4707e-76cd-4ccc-a71a-d8da6121d139,"Black Panther Captain America Civil War Marvel Figuarts",black-panther-captain-america-civil-war-marvel-figuarts-2586,https://collectibles.uy/catalog-images/external/http2.mlstatic.com/D_660098-MLU53308420227_012023-O.jpg,https://collectibles.uy/catalog-images/external/http2.mlstatic.com/D_660098-MLU53308420227_012023-O.jpg,200,image/jpeg,JPEG,/catalog-images/external/http2.mlstatic.com/D_660098-MLU53308420227_012023-O.jpg,jpg,PASS,4990.00 UYU
1bf5f515-99ee-4743-a9b3-b8d032364ea1,"Green Lantern Justice League Animated Dc Collectibles",green-lantern-justice-league-animated-dc-collectibles-4413,https://collectibles.uy/catalog-images/external/http2.mlstatic.com/D_760526-MLU45524222467_042021-O.jpg,https://collectibles.uy/catalog-images/external/http2.mlstatic.com/D_760526-MLU45524222467_042021-O.jpg,200,image/jpeg,JPEG,/catalog-images/external/http2.mlstatic.com/D_760526-MLU45524222467_042021-O.jpg,jpg,PASS,3990.00 UYU
a0b9fa45-0094-41f5-8f32-cb5e940b8e13,"Martian Manhunter Justice League Animated Dc Collectibles",martian-manhunter-justice-league-animated-dc-collectibles-3325,https://collectibles.uy/catalog-images/external/http2.mlstatic.com/D_721611-MLU45524210726_042021-O.jpg,https://collectibles.uy/catalog-images/external/http2.mlstatic.com/D_721611-MLU45524210726_042021-O.jpg,200,image/jpeg,JPEG,/catalog-images/external/http2.mlstatic.com/D_721611-MLU45524210726_042021-O.jpg,jpg,PASS,3990.00 UYU
54bc224a-2c40-4a4b-813f-5e9477b5b36f,"Robin Batman The Adventures Continue Dc Collectibles",robin-batman-the-adventures-continue-dc-collectibles-8968,https://collectibles.uy/catalog-images/external/http2.mlstatic.com/D_839166-MLU45541586352_042021-O.jpg,https://collectibles.uy/catalog-images/external/http2.mlstatic.com/D_839166-MLU45541586352_042021-O.jpg,200,image/jpeg,JPEG,/catalog-images/external/http2.mlstatic.com/D_839166-MLU45541586352_042021-O.jpg,jpg,PASS,5990.00 UYU
0516c967-f676-404f-8214-9134c6e6cf38,"Nightcrawler X-men Marvel Legends Wendigo Baf Hasbro",nightcrawler-x-men-marvel-legends-wendigo-baf-hasbro-3182,https://collectibles.uy/catalog-images/external/http2.mlstatic.com/D_677525-MLU45521473850_042021-O.jpg,https://collectibles.uy/catalog-images/external/http2.mlstatic.com/D_677525-MLU45521473850_042021-O.jpg,200,image/jpeg,JPEG,/catalog-images/external/http2.mlstatic.com/D_677525-MLU45521473850_042021-O.jpg,jpg,PASS,7990.00 UYU
f3df13a7-f053-4684-9cfe-2b9ff6809cc8,"Guard Hellfire Club Marvel Legends Hasbro",guard-hellfire-club-marvel-legends-hasbro-6641,https://collectibles.uy/catalog-images/external/http2.mlstatic.com/D_923426-MLU45521093202_042021-O.jpg,https://collectibles.uy/catalog-images/external/http2.mlstatic.com/D_923426-MLU45521093202_042021-O.jpg,200,image/jpeg,JPEG,/catalog-images/external/http2.mlstatic.com/D_923426-MLU45521093202_042021-O.jpg,jpg,PASS,2990.00 UYU
f973ff83-2913-4eba-a427-d4ee92326b9b,"Princess Leia Organa Star Wars Black Series Archive Hasbro",princess-leia-organa-star-wars-black-series-archive-hasbro-4863,https://collectibles.uy/catalog-images/external/http2.mlstatic.com/D_849912-MLU50898759502_072022-O.jpg,https://collectibles.uy/catalog-images/external/http2.mlstatic.com/D_849912-MLU50898759502_072022-O.jpg,200,image/jpeg,JPEG,/catalog-images/external/http2.mlstatic.com/D_849912-MLU50898759502_072022-O.jpg,jpg,PASS,2490.00 UYU
2fb3e880-5503-4132-bbb3-ec741c902f13,"Bane Batman The Animated Series Dc Collectibles 46",bane-batman-the-animated-series-dc-collectibles-46-2008,https://collectibles.uy/catalog-images/external/http2.mlstatic.com/D_837030-MLU45541707658_042021-O.jpg,https://collectibles.uy/catalog-images/external/http2.mlstatic.com/D_837030-MLU45541707658_042021-O.jpg,200,image/jpeg,JPEG,/catalog-images/external/http2.mlstatic.com/D_837030-MLU45541707658_042021-O.jpg,jpg,PASS,5990.00 UYU
3023b04a-4ba2-48d3-9ff3-e103a7cd3f02,"Dragon Ball Colossal Warriors - Super Saiyan Goku 40cm",dragon-ball-colossal-warriors-super-saiyan-goku-40cm-2781g,https://cobtsgkwcftvexaarwmo.supabase.co/storage/v1/object/public/public-assets/productos/1779859667133-dragon-ball-colossal-warriors---super-saiyan-goku-40cm.jpg,https://cobtsgkwcftvexaarwmo.supabase.co/storage/v1/object/public/public-assets/productos/1779859667133-dragon-ball-colossal-warriors---super-saiyan-goku-40cm.jpg,200,image/jpeg,JPEG,/storage/v1/object/public/public-assets/productos/1779859667133-dragon-ball-colossal-warriors---super-saiyan-goku-40cm.jpg,jpg,PASS,1990.00 UYU
8d579f22-0f2f-4b01-be2d-c45ac775e6ef,"Funko Pop! Wandavision Monica Rambeau ",funko-pop-wandavision-monica-rambeau,https://cobtsgkwcftvexaarwmo.supabase.co/storage/v1/object/public/public-assets/ml-sync/8d579f22-0f2f-4b01-be2d-c45ac775e6ef-0-1776870811613.jpg,https://cobtsgkwcftvexaarwmo.supabase.co/storage/v1/object/public/public-assets/ml-sync/8d579f22-0f2f-4b01-be2d-c45ac775e6ef-0-1776870811613.jpg,200,image/jpeg,JPEG,/storage/v1/object/public/public-assets/ml-sync/8d579f22-0f2f-4b01-be2d-c45ac775e6ef-0-1776870811613.jpg,jpg,PASS,990.00 UYU
43ba3d3b-59ea-4717-8f34-028caf361732,"Hellfire Club Marvel Legends Hasbro",hellfire-club-marvel-legends-hasbro-6381,https://collectibles.uy/catalog-images/external/http2.mlstatic.com/D_816903-MLU45521110260_042021-O.jpg,https://collectibles.uy/catalog-images/external/http2.mlstatic.com/D_816903-MLU45521110260_042021-O.jpg,200,image/jpeg,JPEG,/catalog-images/external/http2.mlstatic.com/D_816903-MLU45521110260_042021-O.jpg,jpg,PASS,29900.00 UYU
c66995d7-dfb5-4225-b483-1c2ad6176e5c,"City Hunter Ultimate Predator 2 Depredador Neca",city-hunter-ultimate-predator-2-depredador-neca-5852,https://collectibles.uy/catalog-images/external/http2.mlstatic.com/D_911271-MLU45567770949_042021-O.jpg,https://collectibles.uy/catalog-images/external/http2.mlstatic.com/D_911271-MLU45567770949_042021-O.jpg,200,image/jpeg,JPEG,/catalog-images/external/http2.mlstatic.com/D_911271-MLU45567770949_042021-O.jpg,jpg,PASS,5990.00 UYU
7244dec1-e849-44f2-aac2-de197ca0dbd2,"Sudadera Thor Para Bebés Y Niños",sudadera-thor-para-bebes-y-ninos,https://cobtsgkwcftvexaarwmo.supabase.co/storage/v1/object/public/public-assets/ml-sync/7244dec1-e849-44f2-aac2-de197ca0dbd2-0-1779316717566.jpg,https://cobtsgkwcftvexaarwmo.supabase.co/storage/v1/object/public/public-assets/ml-sync/7244dec1-e849-44f2-aac2-de197ca0dbd2-0-1779316717566.jpg,200,image/jpeg,JPEG,/storage/v1/object/public/public-assets/ml-sync/7244dec1-e849-44f2-aac2-de197ca0dbd2-0-1779316717566.jpg,jpg,PASS,840.00 UYU
fe59e603-a55f-4e3c-b929-f8fecb9faab6,"Book Of Boba Fett Tatooine Star Wars Vintage Deluxe Hasbro",book-of-boba-fett-tatooine-star-wars-vintage-deluxe-hasbro-9805,https://collectibles.uy/catalog-images/external/http2.mlstatic.com/D_816113-MLU50630608053_072022-O.jpg,https://collectibles.uy/catalog-images/external/http2.mlstatic.com/D_816113-MLU50630608053_072022-O.jpg,200,image/jpeg,JPEG,/catalog-images/external/http2.mlstatic.com/D_816113-MLU50630608053_072022-O.jpg,jpg,PASS,2650.00 UYU
ed41c02d-58b5-4932-b30d-ab0614bd8d99,"Storm Black Costume X-men Marvel Legends Hasbro",storm-black-costume-x-men-marvel-legends-hasbro-7118,https://collectibles.uy/catalog-images/external/http2.mlstatic.com/D_733069-MLU45520597103_042021-O.jpg,https://collectibles.uy/catalog-images/external/http2.mlstatic.com/D_733069-MLU45520597103_042021-O.jpg,200,image/jpeg,JPEG,/catalog-images/external/http2.mlstatic.com/D_733069-MLU45520597103_042021-O.jpg,jpg,PASS,3990.00 UYU
12bda238-47df-4550-b931-2d2c636baa59,"Batman Justice League Animated Dc Collectibles",batman-justice-league-animated-dc-collectibles-3855,https://collectibles.uy/catalog-images/external/http2.mlstatic.com/D_903297-MLA95655426305_102025-O.jpg,https://collectibles.uy/catalog-images/external/http2.mlstatic.com/D_903297-MLA95655426305_102025-O.jpg,200,image/jpeg,JPEG,/catalog-images/external/http2.mlstatic.com/D_903297-MLA95655426305_102025-O.jpg,jpg,PASS,5990.00 UYU
5a5c949e-0b3d-478d-8890-0a42a10a88db,"Mystique X-men Marvel Legends Hasbro",mystique-x-men-marvel-legends-hasbro-4321,https://collectibles.uy/catalog-images/external/http2.mlstatic.com/D_966505-MLU45521531725_042021-O.jpg,https://collectibles.uy/catalog-images/external/http2.mlstatic.com/D_966505-MLU45521531725_042021-O.jpg,200,image/jpeg,JPEG,/catalog-images/external/http2.mlstatic.com/D_966505-MLU45521531725_042021-O.jpg,jpg,PASS,9900.00 UYU
b50725c2-f5f5-44b4-885f-190cb105299f,"Shellington Octonautas Peluche 20cm",shellington-octonautas-peluche-20cm-2820,https://collectibles.uy/catalog-images/external/http2.mlstatic.com/D_667840-MLU46033042037_052021-O.jpg,https://collectibles.uy/catalog-images/external/http2.mlstatic.com/D_667840-MLU46033042037_052021-O.jpg,200,image/jpeg,JPEG,/catalog-images/external/http2.mlstatic.com/D_667840-MLU46033042037_052021-O.jpg,jpg,PASS,1390.00 UYU
46d46bfb-db87-49c4-902c-562f837900ea,"Figura Articulada Broadway Colección Gárgolas Neca Ultimate Pvc 17cm",figura-articulada-broadway-colecci-n-g-rgolas-neca-ultimate-pvc-17cm-5273,https://collectibles.uy/catalog-images/external/http2.mlstatic.com/D_805824-MLA95067264524_102025-O.jpg,https://collectibles.uy/catalog-images/external/http2.mlstatic.com/D_805824-MLA95067264524_102025-O.jpg,200,image/jpeg,JPEG,/catalog-images/external/http2.mlstatic.com/D_805824-MLA95067264524_102025-O.jpg,jpg,PASS,6990.00 UYU
e22134b6-3bcb-42c9-a4f5-f8f1f05cf809,"Mace Windu Star Wars Attack Of The Clones Vintage Hasbro ",mace-windu-star-wars-attack-of-the-clones-vintage-hasbro--5603,https://collectibles.uy/catalog-images/external/http2.mlstatic.com/D_807976-MLU50898742848_072022-O.jpg,https://collectibles.uy/catalog-images/external/http2.mlstatic.com/D_807976-MLU50898742848_072022-O.jpg,200,image/jpeg,JPEG,/catalog-images/external/http2.mlstatic.com/D_807976-MLU50898742848_072022-O.jpg,jpg,PASS,2190.00 UYU
ce219604-fb98-4324-85b8-a89c3ab559c0,"Tom Y Jerry Peluche 45cm Hugkis Tom",tom-y-jerry-peluche-45cm-hugkis-tom-4204,https://collectibles.uy/catalog-images/external/http2.mlstatic.com/D_987772-MLU92710125197_092025-O.jpg,https://collectibles.uy/catalog-images/external/http2.mlstatic.com/D_987772-MLU92710125197_092025-O.jpg,200,image/jpeg,JPEG,/catalog-images/external/http2.mlstatic.com/D_987772-MLU92710125197_092025-O.jpg,jpg,PASS,3990.00 UYU
ffb22c34-b2f0-4d62-bca6-4bcbd2126fcb,"Barris Offee Star Wars Clone Wars Vintage Hasbro",barris-offee-star-wars-clone-wars-vintage-hasbro-6246,https://collectibles.uy/catalog-images/external/http2.mlstatic.com/D_751342-MLU50700015628_072022-O.jpg,https://collectibles.uy/catalog-images/external/http2.mlstatic.com/D_751342-MLU50700015628_072022-O.jpg,200,image/jpeg,JPEG,/catalog-images/external/http2.mlstatic.com/D_751342-MLU50700015628_072022-O.jpg,jpg,PASS,2190.00 UYU
fc681790-a848-4fd9-8181-887978b2f15b," Spiderman No Way Home Tobey Maguire Marvel Legends Hasbro",-spiderman-no-way-home-tobey-maguire-marvel-legends-hasbro-9799,https://collectibles.uy/catalog-images/external/http2.mlstatic.com/D_683025-MLU73613751931_122023-O.jpg,https://collectibles.uy/catalog-images/external/http2.mlstatic.com/D_683025-MLU73613751931_122023-O.jpg,200,image/jpeg,JPEG,/catalog-images/external/http2.mlstatic.com/D_683025-MLU73613751931_122023-O.jpg,jpg,PASS,5990.00 UYU
6fa788bf-0b24-40dc-bae5-e09f1fdcc314,"Tom Y Jerry Peluche 32cm Hugkis Jerry",tom-y-jerry-peluche-32cm-hugkis-jerry-3872,https://collectibles.uy/catalog-images/external/http2.mlstatic.com/D_889139-MLU92302865268_092025-O.jpg,https://collectibles.uy/catalog-images/external/http2.mlstatic.com/D_889139-MLU92302865268_092025-O.jpg,200,image/jpeg,JPEG,/catalog-images/external/http2.mlstatic.com/D_889139-MLU92302865268_092025-O.jpg,jpg,PASS,3650.00 UYU
e60f033d-a3b9-45c8-ada3-d07b124583b8,"Figura De Acción Star Wars Boba Fett De The Vintage Collection Hasbro",figura-de-acci-n-star-wars-boba-fett-de-the-vintage-collection-hasbro-7690,https://collectibles.uy/catalog-images/external/http2.mlstatic.com/D_864443-MLA96216488348_102025-O.jpg,https://collectibles.uy/catalog-images/external/http2.mlstatic.com/D_864443-MLA96216488348_102025-O.jpg,200,image/jpeg,JPEG,/catalog-images/external/http2.mlstatic.com/D_864443-MLA96216488348_102025-O.jpg,jpg,PASS,2650.00 UYU
a7d47f17-1e51-4b4b-95cd-e1ff6c777245,"Silver Falcon Broadway Ultimate Gargoyles Disney Neca",silver-falcon-broadway-ultimate-gargoyles-disney-neca-9899,https://collectibles.uy/catalog-images/external/http2.mlstatic.com/D_973478-MLU76327215539_052024-O.jpg,https://collectibles.uy/catalog-images/external/http2.mlstatic.com/D_973478-MLU76327215539_052024-O.jpg,200,image/jpeg,JPEG,/catalog-images/external/http2.mlstatic.com/D_973478-MLU76327215539_052024-O.jpg,jpg,PASS,6990.00 UYU
3274c67e-738b-4e73-8cfd-fb2e5f012e2f,"Michelangelo Tortugas Ninja Turtles Classic Playmates",michelangelo-tortugas-ninja-turtles-classic-playmates-9202,https://collectibles.uy/catalog-images/external/http2.mlstatic.com/D_687582-MLU49659891624_042022-O.jpg,https://collectibles.uy/catalog-images/external/http2.mlstatic.com/D_687582-MLU49659891624_042022-O.jpg,200,image/jpeg,JPEG,/catalog-images/external/http2.mlstatic.com/D_687582-MLU49659891624_042022-O.jpg,jpg,PASS,2990.00 UYU
b3b0f3b6-31ce-46c9-8bb2-d6878127b79b,"Ghostbuster! 2021 After Life Series Dr. Winston Zeddemore",ghostbuster-2021-after-life-series-dr-winston-zeddemore,https://cobtsgkwcftvexaarwmo.supabase.co/storage/v1/object/public/public-assets/ml-sync/b3b0f3b6-31ce-46c9-8bb2-d6878127b79b-0-1779316292387.jpg,https://cobtsgkwcftvexaarwmo.supabase.co/storage/v1/object/public/public-assets/ml-sync/b3b0f3b6-31ce-46c9-8bb2-d6878127b79b-0-1779316292387.jpg,200,image/jpeg,JPEG,/storage/v1/object/public/public-assets/ml-sync/b3b0f3b6-31ce-46c9-8bb2-d6878127b79b-0-1779316292387.jpg,jpg,PASS,1390.00 UYU
7f6f8fc0-7c53-46dd-87db-cc3262b21be5,"Cars Florida Speedway Mega Garage Disney Pixar Mattel Disney Pixar Cars 3 Florida Speedway Mega Garage",cars-florida-speedway-mega-garage-disney-pixar-mattel-disney-pixar-cars-3-florida-speedway-mega-garage-6507,https://collectibles.uy/catalog-images/external/http2.mlstatic.com/D_869143-MLU92720269683_092025-O.jpg,https://collectibles.uy/catalog-images/external/http2.mlstatic.com/D_869143-MLU92720269683_092025-O.jpg,200,image/jpeg,JPEG,/catalog-images/external/http2.mlstatic.com/D_869143-MLU92720269683_092025-O.jpg,jpg,PASS,9900.00 UYU
39a7bc63-fb7b-4361-9c8b-05262254d45a,"Ironhide Transformers Studio Series 86-17 Hasbro",ironhide-transformers-studio-series-86-17-hasbro-1606,https://collectibles.uy/catalog-images/external/http2.mlstatic.com/D_689230-MLU69539656678_052023-O.jpg,https://collectibles.uy/catalog-images/external/http2.mlstatic.com/D_689230-MLU69539656678_052023-O.jpg,200,image/jpeg,JPEG,/catalog-images/external/http2.mlstatic.com/D_689230-MLU69539656678_052023-O.jpg,jpg,PASS,5990.00 UYU
647efee2-8197-411d-8adf-406c676773b8,"Carol Danvers The Avengers Marvel Legends 10cm Hasbro",carol-danvers-the-avengers-marvel-legends-10cm-hasbro-xirj2,https://cobtsgkwcftvexaarwmo.supabase.co/storage/v1/object/public/public-assets/vendors/61a48094-7453-4b7f-9563-e51f184832f9/ml-curation/647efee2-8197-411d-8adf-406c676773b8-main.jpg,https://cobtsgkwcftvexaarwmo.supabase.co/storage/v1/object/public/public-assets/vendors/61a48094-7453-4b7f-9563-e51f184832f9/ml-curation/647efee2-8197-411d-8adf-406c676773b8-main.jpg,200,image/jpeg,JPEG,/storage/v1/object/public/public-assets/vendors/61a48094-7453-4b7f-9563-e51f184832f9/ml-curation/647efee2-8197-411d-8adf-406c676773b8-main.jpg,jpg,PASS,1050.00 UYU
49f27940-e465-4126-97ed-af2d96ee1a1f,"Neca! Gremlins - Ultimate Stripe Gremlin Action Figure",neca-gremlins-ultimate-stripe-gremlin-action-figure,https://cobtsgkwcftvexaarwmo.supabase.co/storage/v1/object/public/public-assets/ml-sync/49f27940-e465-4126-97ed-af2d96ee1a1f-0-1776870599235.jpg,https://cobtsgkwcftvexaarwmo.supabase.co/storage/v1/object/public/public-assets/ml-sync/49f27940-e465-4126-97ed-af2d96ee1a1f-0-1776870599235.jpg,200,image/jpeg,JPEG,/storage/v1/object/public/public-assets/ml-sync/49f27940-e465-4126-97ed-af2d96ee1a1f-0-1776870599235.jpg,jpg,PASS,3987.00 UYU
f3a9e6f2-7a6d-47e9-9c0c-43f0b09c6b23,"Funko Pop! Biker Mars From Mice - Vinnie ",funko-pop-biker-mars-from-mice-vinnie,https://cobtsgkwcftvexaarwmo.supabase.co/storage/v1/object/public/public-assets/ml-sync/f3a9e6f2-7a6d-47e9-9c0c-43f0b09c6b23-0-1776871266166.jpg,https://cobtsgkwcftvexaarwmo.supabase.co/storage/v1/object/public/public-assets/ml-sync/f3a9e6f2-7a6d-47e9-9c0c-43f0b09c6b23-0-1776871266166.jpg,200,image/jpeg,JPEG,/storage/v1/object/public/public-assets/ml-sync/f3a9e6f2-7a6d-47e9-9c0c-43f0b09c6b23-0-1776871266166.jpg,jpg,PASS,1090.00 UYU
bdc495f3-9080-4c55-b672-9a801f48adac,"Angel X-men Marvel Legends Hasbro",angel-x-men-marvel-legends-hasbro-suvsd,https://cobtsgkwcftvexaarwmo.supabase.co/storage/v1/object/public/public-assets/vendors/61a48094-7453-4b7f-9563-e51f184832f9/ml-curation/bdc495f3-9080-4c55-b672-9a801f48adac-main.jpg,https://cobtsgkwcftvexaarwmo.supabase.co/storage/v1/object/public/public-assets/vendors/61a48094-7453-4b7f-9563-e51f184832f9/ml-curation/bdc495f3-9080-4c55-b672-9a801f48adac-main.jpg,200,image/jpeg,JPEG,/storage/v1/object/public/public-assets/vendors/61a48094-7453-4b7f-9563-e51f184832f9/ml-curation/bdc495f3-9080-4c55-b672-9a801f48adac-main.jpg,jpg,PASS,5990.00 UYU
d91b67f5-1788-4637-ac49-e3ef4f849170,"The Spot Spiderman Across Spider-verse Marvel Legends",the-spot-spiderman-across-spider-verse-marvel-legends-tgc9x,https://cobtsgkwcftvexaarwmo.supabase.co/storage/v1/object/public/public-assets/vendors/61a48094-7453-4b7f-9563-e51f184832f9/ml-curation/d91b67f5-1788-4637-ac49-e3ef4f849170-main.jpg,https://cobtsgkwcftvexaarwmo.supabase.co/storage/v1/object/public/public-assets/vendors/61a48094-7453-4b7f-9563-e51f184832f9/ml-curation/d91b67f5-1788-4637-ac49-e3ef4f849170-main.jpg,200,image/jpeg,JPEG,/storage/v1/object/public/public-assets/vendors/61a48094-7453-4b7f-9563-e51f184832f9/ml-curation/d91b67f5-1788-4637-ac49-e3ef4f849170-main.jpg,jpg,PASS,3990.00 UYU
d6c359c0-705c-4b37-9efd-17929c2ddde0,"Dragon Shiryu Saint Seiya Cosmo Memoir Bandai Banpresto",dragon-shiryu-saint-seiya-cosmo-memoir-bandai-banpresto-6602,https://collectibles.uy/catalog-images/external/http2.mlstatic.com/D_687360-MLA46900736113_072021-O.jpg,https://collectibles.uy/catalog-images/external/http2.mlstatic.com/D_687360-MLA46900736113_072021-O.jpg,200,image/jpeg,JPEG,/catalog-images/external/http2.mlstatic.com/D_687360-MLA46900736113_072021-O.jpg,jpg,PASS,2990.00 UYU
14e5dec4-a5e6-420f-867a-d82d6c4a962c,"Vegimal Octonautas Peluche 30cm",vegimal-octonautas-peluche-30cm-7915,https://collectibles.uy/catalog-images/external/http2.mlstatic.com/D_796235-MLU46033052300_052021-O.jpg,https://collectibles.uy/catalog-images/external/http2.mlstatic.com/D_796235-MLU46033052300_052021-O.jpg,200,image/jpeg,JPEG,/catalog-images/external/http2.mlstatic.com/D_796235-MLU46033052300_052021-O.jpg,jpg,PASS,2190.00 UYU
44bae055-f7ae-42ae-946d-9a8d0bd763dc,"Funko Pop! Megan ",funko-pop-megan,https://cobtsgkwcftvexaarwmo.supabase.co/storage/v1/object/public/public-assets/ml-sync/44bae055-f7ae-42ae-946d-9a8d0bd763dc-0-1776871198749.jpg,https://cobtsgkwcftvexaarwmo.supabase.co/storage/v1/object/public/public-assets/ml-sync/44bae055-f7ae-42ae-946d-9a8d0bd763dc-0-1776871198749.jpg,200,image/jpeg,JPEG,/storage/v1/object/public/public-assets/ml-sync/44bae055-f7ae-42ae-946d-9a8d0bd763dc-0-1776871198749.jpg,jpg,PASS,1090.00 UYU
8ba1e938-f71e-42aa-b711-7117845295d7,"Two-face The New Batman Adventures Dc Collectibles 02",two-face-the-new-batman-adventures-dc-collectibles-02-9616,https://collectibles.uy/catalog-images/external/http2.mlstatic.com/D_988363-MLU45550291358_042021-O.jpg,https://collectibles.uy/catalog-images/external/http2.mlstatic.com/D_988363-MLU45550291358_042021-O.jpg,200,image/jpeg,JPEG,/catalog-images/external/http2.mlstatic.com/D_988363-MLU45550291358_042021-O.jpg,jpg,PASS,5990.00 UYU
e1b0ccb4-683a-4285-8abc-66c9b2825ede,"Funko Pop! Kpop Demon Hunters - Mira",funko-pop-kpop-demon-hunters-mira-,https://cobtsgkwcftvexaarwmo.supabase.co/storage/v1/object/public/public-assets/1779904250787-619hwqw3hgl--ac-sl1500-.jpg,https://cobtsgkwcftvexaarwmo.supabase.co/storage/v1/object/public/public-assets/1779904250787-619hwqw3hgl--ac-sl1500-.jpg,200,image/jpeg,JPEG,/storage/v1/object/public/public-assets/1779904250787-619hwqw3hgl--ac-sl1500-.jpg,jpg,PASS,1090.00 UYU
14733785-b229-48ee-a2d8-1065665a51b3,"Funko Pop! Scream - Ghost Face #1607",funko-pop-scream-ghost-face-1607,https://cobtsgkwcftvexaarwmo.supabase.co/storage/v1/object/public/public-assets/ml-sync/14733785-b229-48ee-a2d8-1065665a51b3-0-1776871342209.jpg,https://cobtsgkwcftvexaarwmo.supabase.co/storage/v1/object/public/public-assets/ml-sync/14733785-b229-48ee-a2d8-1065665a51b3-0-1776871342209.jpg,200,image/jpeg,JPEG,/storage/v1/object/public/public-assets/ml-sync/14733785-b229-48ee-a2d8-1065665a51b3-0-1776871342209.jpg,jpg,PASS,1090.00 UYU
ec409f89-2bdf-42fe-adf5-8da9c34ef274,"Mjolnir Thor Love And Thunder Marvel Legends Hasbro",mjolnir-thor-love-and-thunder-marvel-legends-hasbro-9v94i,https://cobtsgkwcftvexaarwmo.supabase.co/storage/v1/object/public/public-assets/vendors/61a48094-7453-4b7f-9563-e51f184832f9/ml-curation/ec409f89-2bdf-42fe-adf5-8da9c34ef274-main.jpg,https://cobtsgkwcftvexaarwmo.supabase.co/storage/v1/object/public/public-assets/vendors/61a48094-7453-4b7f-9563-e51f184832f9/ml-curation/ec409f89-2bdf-42fe-adf5-8da9c34ef274-main.jpg,200,image/jpeg,JPEG,/storage/v1/object/public/public-assets/vendors/61a48094-7453-4b7f-9563-e51f184832f9/ml-curation/ec409f89-2bdf-42fe-adf5-8da9c34ef274-main.jpg,jpg,PASS,9900.00 UYU
ceb6b802-532e-48f0-9f5e-7142a72d368f,"Beyblade X - Flame Cerberus W 5-80WB CX, Tipo Stamina",beyblade-x-flame-cerberus-w-5-80wb-cx-tipo-stamina-6gzz5,https://cobtsgkwcftvexaarwmo.supabase.co/storage/v1/object/public/public-assets/1779847649064-bey-blade-x-flame-cerberus-w-5-80wb-cx.jpg,https://cobtsgkwcftvexaarwmo.supabase.co/storage/v1/object/public/public-assets/1779847649064-bey-blade-x-flame-cerberus-w-5-80wb-cx.jpg,200,image/jpeg,JPEG,/storage/v1/object/public/public-assets/1779847649064-bey-blade-x-flame-cerberus-w-5-80wb-cx.jpg,jpg,PASS,1790.00 UYU
5223434a-b379-4c5b-82b5-43f26fd6f03a,"Ragnarok Thor Marvel Legends Hasbro",ragnarok-thor-marvel-legends-hasbro-masxx,https://cobtsgkwcftvexaarwmo.supabase.co/storage/v1/object/public/public-assets/vendors/61a48094-7453-4b7f-9563-e51f184832f9/ml-curation/5223434a-b379-4c5b-82b5-43f26fd6f03a-main.jpg,https://cobtsgkwcftvexaarwmo.supabase.co/storage/v1/object/public/public-assets/vendors/61a48094-7453-4b7f-9563-e51f184832f9/ml-curation/5223434a-b379-4c5b-82b5-43f26fd6f03a-main.jpg,200,image/jpeg,JPEG,/storage/v1/object/public/public-assets/vendors/61a48094-7453-4b7f-9563-e51f184832f9/ml-curation/5223434a-b379-4c5b-82b5-43f26fd6f03a-main.jpg,jpg,PASS,4990.00 UYU
2f3d1585-4671-400b-947e-d4b6149f206d,"Funko Plushies! Avenger Infinity War - Hulkbuster",funko-plushies-avenger-infinity-war-hulkbuster,https://cobtsgkwcftvexaarwmo.supabase.co/storage/v1/object/public/public-assets/ml-sync/2f3d1585-4671-400b-947e-d4b6149f206d-0-1776870649297.jpg,https://cobtsgkwcftvexaarwmo.supabase.co/storage/v1/object/public/public-assets/ml-sync/2f3d1585-4671-400b-947e-d4b6149f206d-0-1776870649297.jpg,200,image/jpeg,JPEG,/storage/v1/object/public/public-assets/ml-sync/2f3d1585-4671-400b-947e-d4b6149f206d-0-1776870649297.jpg,jpg,PASS,690.00 UYU
bbcede17-a268-4913-81bc-73b166f72c41,"Resident Evil 4 Remake Standard Edition (físico)",resident-evil-4-remake-standard-edition--f-sico--4398,https://collectibles.uy/catalog-images/external/http2.mlstatic.com/D_617044-MLA99479737580_112025-O.jpg,https://collectibles.uy/catalog-images/external/http2.mlstatic.com/D_617044-MLA99479737580_112025-O.jpg,200,image/jpeg,JPEG,/catalog-images/external/http2.mlstatic.com/D_617044-MLA99479737580_112025-O.jpg,jpg,PASS,80.00 UYU
e7c5e3ed-9c2a-4d17-ae97-84a5e75a66e8,"Freddy Five Nights At Freddy´s Funko 34cm",freddy-five-nights-at-freddy-s-funko-34cm-1634,https://collectibles.uy/catalog-images/external/http2.mlstatic.com/D_992118-MLA73554362956_122023-O.jpg,https://collectibles.uy/catalog-images/external/http2.mlstatic.com/D_992118-MLA73554362956_122023-O.jpg,200,image/jpeg,JPEG,/catalog-images/external/http2.mlstatic.com/D_992118-MLA73554362956_122023-O.jpg,jpg,PASS,9900.00 UYU
8a62e7e3-280a-479c-a8cb-dbb9a812dd32,"Book Of Boba Fett Tython Star Wars Black Series Hasbro",book-of-boba-fett-tython-star-wars-black-series-hasbro-1784,https://collectibles.uy/catalog-images/external/http2.mlstatic.com/D_934068-MLU75781405309_042024-O.jpg,https://collectibles.uy/catalog-images/external/http2.mlstatic.com/D_934068-MLU75781405309_042024-O.jpg,200,image/jpeg,JPEG,/catalog-images/external/http2.mlstatic.com/D_934068-MLU75781405309_042024-O.jpg,jpg,PASS,2490.00 UYU
495c053f-70b8-4975-bf56-c6620e2d832f,"Peluche Gashouse Paul-luted Celeste",peluche-gashouse-paul-luted-celeste,https://cobtsgkwcftvexaarwmo.supabase.co/storage/v1/object/public/public-assets/ml-sync/495c053f-70b8-4975-bf56-c6620e2d832f-0-1776870648630.jpg,https://cobtsgkwcftvexaarwmo.supabase.co/storage/v1/object/public/public-assets/ml-sync/495c053f-70b8-4975-bf56-c6620e2d832f-0-1776870648630.jpg,200,image/jpeg,JPEG,/storage/v1/object/public/public-assets/ml-sync/495c053f-70b8-4975-bf56-c6620e2d832f-0-1776870648630.jpg,jpg,PASS,897.00 UYU
767e0991-de0b-420a-aa0e-39884b6ba639,"Captain America Stealth Marvel Legends Joe Fixit Baf Hasbro",captain-america-stealth-marvel-legends-joe-fixit-baf-hasbro-2502,https://collectibles.uy/catalog-images/external/http2.mlstatic.com/D_849581-MLU45521186041_042021-O.jpg,https://collectibles.uy/catalog-images/external/http2.mlstatic.com/D_849581-MLU45521186041_042021-O.jpg,200,image/jpeg,JPEG,/catalog-images/external/http2.mlstatic.com/D_849581-MLU45521186041_042021-O.jpg,jpg,PASS,3650.00 UYU
4fc56478-7f59-4d62-b4f7-7ffdeffc34a0,"Los Simpsons - Figura Vampiro Sr Burns 12 Cm",los-simpsons---figura-vampiro-sr-burns-12-cm-4263,https://collectibles.uy/catalog-images/external/http2.mlstatic.com/D_816335-MLA99502696812_112025-O.jpg,https://collectibles.uy/catalog-images/external/http2.mlstatic.com/D_816335-MLA99502696812_112025-O.jpg,200,image/jpeg,JPEG,/catalog-images/external/http2.mlstatic.com/D_816335-MLA99502696812_112025-O.jpg,jpg,PASS,3990.00 UYU
03eea0fc-8d09-4b23-9067-6def8b9f6080,"Professor X With Hover Chair X-men Marvel Legends Hasbro",professor-x-with-hover-chair-x-men-marvel-legends-hasbro-2088,https://collectibles.uy/catalog-images/external/http2.mlstatic.com/D_954030-MLU82992916012_032025-O.jpg,https://collectibles.uy/catalog-images/external/http2.mlstatic.com/D_954030-MLU82992916012_032025-O.jpg,200,image/jpeg,JPEG,/catalog-images/external/http2.mlstatic.com/D_954030-MLU82992916012_032025-O.jpg,jpg,PASS,7990.00 UYU
ec2271f6-e78e-4de1-b064-c6425c0dc429,"Masters of the Universe Origins - Zodak 200x ",masters-of-the-universe-origins-figura-de-acci-n-200x-principe-adam--copia-6812-copia-4004,https://cobtsgkwcftvexaarwmo.supabase.co/storage/v1/object/public/public-assets/1780242776677-zodac-box.jpg,https://cobtsgkwcftvexaarwmo.supabase.co/storage/v1/object/public/public-assets/1780242776677-zodac-box.jpg,200,image/jpeg,JPEG,/storage/v1/object/public/public-assets/1780242776677-zodac-box.jpg,jpg,PASS,1890.00 UYU
edd4168b-1435-4a72-ad10-c71182733215,"Funko! Peluche De Lucha Libre La Estrella Cosmica Amarillo",funko-peluche-de-lucha-libre-la-estrella-cosmica-amarillo,https://cobtsgkwcftvexaarwmo.supabase.co/storage/v1/object/public/public-assets/ml-sync/edd4168b-1435-4a72-ad10-c71182733215-0-1776870658183.jpg,https://cobtsgkwcftvexaarwmo.supabase.co/storage/v1/object/public/public-assets/ml-sync/edd4168b-1435-4a72-ad10-c71182733215-0-1776870658183.jpg,200,image/jpeg,JPEG,/storage/v1/object/public/public-assets/ml-sync/edd4168b-1435-4a72-ad10-c71182733215-0-1776870658183.jpg,jpg,PASS,1200.00 UYU
e584077d-e5a8-4e60-9aa4-3bdb379b44de,"The Joker Batman The Adventures Continue Dc Collectibles",the-joker-batman-the-adventures-continue-dc-collectibles-3391,https://collectibles.uy/catalog-images/external/http2.mlstatic.com/D_804872-MLU45541543603_042021-O.jpg,https://collectibles.uy/catalog-images/external/http2.mlstatic.com/D_804872-MLU45541543603_042021-O.jpg,200,image/jpeg,JPEG,/catalog-images/external/http2.mlstatic.com/D_804872-MLU45541543603_042021-O.jpg,jpg,PASS,5990.00 UYU
cb7c86d7-91cb-48a4-8145-bbb0fc3539e5,"Yu-Gi-Oh! Valiant Smashers - Sobre de cartas",yu-gi-oh-valiant-smashers-sobre-de-cartas-,https://cobtsgkwcftvexaarwmo.supabase.co/storage/v1/object/public/public-assets/1779905083441-819y7uhk3hl--ac-sl1500-.jpg,https://cobtsgkwcftvexaarwmo.supabase.co/storage/v1/object/public/public-assets/1779905083441-819y7uhk3hl--ac-sl1500-.jpg,200,image/jpeg,JPEG,/storage/v1/object/public/public-assets/1779905083441-819y7uhk3hl--ac-sl1500-.jpg,jpg,PASS,390.00 UYU
cfd51fc1-4454-4cd5-923a-07f55501fb6b,"MARVEL XMEN TAS´93 - STORM",marvel-xmen-tas-93-storm-,https://cobtsgkwcftvexaarwmo.supabase.co/storage/v1/object/public/public-assets/1779734334452-storm.jpg,https://cobtsgkwcftvexaarwmo.supabase.co/storage/v1/object/public/public-assets/1779734334452-storm.jpg,200,image/jpeg,JPEG,/storage/v1/object/public/public-assets/1779734334452-storm.jpg,jpg,PASS,1900.00 UYU
e729635a-eb32-45f2-bc99-a838c45788ad,"Doc Ock Aunt May Spiderman 90&apos;s Animated Marvel Legends",doc-ock-aunt-may-spiderman-90-s-animated-marvel-legends-sf9mh,https://cobtsgkwcftvexaarwmo.supabase.co/storage/v1/object/public/public-assets/vendors/61a48094-7453-4b7f-9563-e51f184832f9/ml-curation/e729635a-eb32-45f2-bc99-a838c45788ad-main.jpg,https://cobtsgkwcftvexaarwmo.supabase.co/storage/v1/object/public/public-assets/vendors/61a48094-7453-4b7f-9563-e51f184832f9/ml-curation/e729635a-eb32-45f2-bc99-a838c45788ad-main.jpg,200,image/jpeg,JPEG,/storage/v1/object/public/public-assets/vendors/61a48094-7453-4b7f-9563-e51f184832f9/ml-curation/e729635a-eb32-45f2-bc99-a838c45788ad-main.jpg,jpg,PASS,7990.00 UYU
deb126d0-ca6c-4ad6-86d1-859ea7487c70,"Liquid Snake Metal Gear Solid Square Enix Play Arts Kai",liquid-snake-metal-gear-solid-square-enix-play-arts-kai-9141,https://collectibles.uy/catalog-images/external/http2.mlstatic.com/D_935469-MLU53552931777_012023-O.jpg,https://collectibles.uy/catalog-images/external/http2.mlstatic.com/D_935469-MLU53552931777_012023-O.jpg,200,image/jpeg,JPEG,/catalog-images/external/http2.mlstatic.com/D_935469-MLU53552931777_012023-O.jpg,jpg,PASS,9900.00 UYU
d7812388-4a53-485f-85ce-c258e8634f97,"Solid Snake Metal Gear Solid Revoltech Revolmini Rm-001",solid-snake-metal-gear-solid-revoltech-revolmini-rm-001-2066,https://collectibles.uy/catalog-images/external/http2.mlstatic.com/D_601144-MLU45608639441_042021-O.jpg,https://collectibles.uy/catalog-images/external/http2.mlstatic.com/D_601144-MLU45608639441_042021-O.jpg,200,image/jpeg,JPEG,/catalog-images/external/http2.mlstatic.com/D_601144-MLU45608639441_042021-O.jpg,jpg,PASS,9900.00 UYU
6ac48228-1581-4532-9bed-78b9eb786f70,"Figura De Acción Hot Toys Bo-katan Kryze 1/6 Scale Star Wars Coleccionable",figura-de-acci-n-hot-toys-bo-katan-kryze-1-6-scale-star-wars-coleccionable-9604,https://collectibles.uy/catalog-images/external/http2.mlstatic.com/D_875718-MLA95672874145_102025-O.jpg,https://collectibles.uy/catalog-images/external/http2.mlstatic.com/D_875718-MLA95672874145_102025-O.jpg,200,image/jpeg,JPEG,/catalog-images/external/http2.mlstatic.com/D_875718-MLA95672874145_102025-O.jpg,jpg,PASS,29900.00 UYU
b1b8a260-c3ce-4dc4-93a5-29da203d3efc,"Morty W/ Glorzo - Rick &amp; Morty Funko Pop Animation! #954",morty-w-glorzo-rick-morty-funko-pop-animation-954,https://cobtsgkwcftvexaarwmo.supabase.co/storage/v1/object/public/public-assets/ml-sync/b1b8a260-c3ce-4dc4-93a5-29da203d3efc-0-1776872264231.jpg,https://cobtsgkwcftvexaarwmo.supabase.co/storage/v1/object/public/public-assets/ml-sync/b1b8a260-c3ce-4dc4-93a5-29da203d3efc-0-1776872264231.jpg,200,image/jpeg,JPEG,/storage/v1/object/public/public-assets/ml-sync/b1b8a260-c3ce-4dc4-93a5-29da203d3efc-0-1776872264231.jpg,jpg,PASS,1290.00 UYU
cb1d1e12-5b1b-45fc-a2b5-8d7cdba53c7e,"Mega Charizard Y Pokemon Moncolle Ex Takara Tomy",mega-charizard-y-pokemon-moncolle-ex-takara-tomy-4486,https://collectibles.uy/catalog-images/external/http2.mlstatic.com/D_705198-MLU82476521493_022025-O.jpg,https://collectibles.uy/catalog-images/external/http2.mlstatic.com/D_705198-MLU82476521493_022025-O.jpg,200,image/jpeg,JPEG,/catalog-images/external/http2.mlstatic.com/D_705198-MLU82476521493_022025-O.jpg,jpg,PASS,1990.00 UYU
743db3b9-5307-4435-b0d0-5378c6979b02,"Neca! Gremlins Ultimate Flasher Gremlin Action Figure",neca-gremlins-ultimate-flasher-gremlin-action-figure,https://cobtsgkwcftvexaarwmo.supabase.co/storage/v1/object/public/public-assets/ml-sync/743db3b9-5307-4435-b0d0-5378c6979b02-0-1776870584662.jpg,https://cobtsgkwcftvexaarwmo.supabase.co/storage/v1/object/public/public-assets/ml-sync/743db3b9-5307-4435-b0d0-5378c6979b02-0-1776870584662.jpg,200,image/jpeg,JPEG,/storage/v1/object/public/public-assets/ml-sync/743db3b9-5307-4435-b0d0-5378c6979b02-0-1776870584662.jpg,jpg,PASS,3987.00 UYU
cc63fde5-475d-4e83-80a8-47af2c0d062d,"Two-face 2.0 Batman The Dark Knight Hot Toys Mms546",two-face-2-0-batman-the-dark-knight-hot-toys-mms546-1360,https://collectibles.uy/catalog-images/external/http2.mlstatic.com/D_737171-MLU74776838543_022024-O.jpg,https://collectibles.uy/catalog-images/external/http2.mlstatic.com/D_737171-MLU74776838543_022024-O.jpg,200,image/jpeg,JPEG,/catalog-images/external/http2.mlstatic.com/D_737171-MLU74776838543_022024-O.jpg,jpg,PASS,29900.00 UYU
5c0931d3-6a42-4679-a803-5906359eedb8,"Neca! Universal Monsters - Frankenstein&apos;s (black &amp; White)",neca-universal-monsters-frankenstein-s-black-white,https://cobtsgkwcftvexaarwmo.supabase.co/storage/v1/object/public/public-assets/ml-sync/5c0931d3-6a42-4679-a803-5906359eedb8-0-1776870615883.jpg,https://cobtsgkwcftvexaarwmo.supabase.co/storage/v1/object/public/public-assets/ml-sync/5c0931d3-6a42-4679-a803-5906359eedb8-0-1776870615883.jpg,200,image/jpeg,JPEG,/storage/v1/object/public/public-assets/ml-sync/5c0931d3-6a42-4679-a803-5906359eedb8-0-1776870615883.jpg,jpg,PASS,3987.00 UYU
9101a7e1-a8ee-4877-92a0-fcab1510665f,"Ki Adi Mundi Star Wars Black Series Hasbro",ki-adi-mundi-star-wars-black-series-hasbro-1657,https://collectibles.uy/catalog-images/external/http2.mlstatic.com/D_699087-MLU77935283325_072024-O.jpg,https://collectibles.uy/catalog-images/external/http2.mlstatic.com/D_699087-MLU77935283325_072024-O.jpg,200,image/jpeg,JPEG,/catalog-images/external/http2.mlstatic.com/D_699087-MLU77935283325_072024-O.jpg,jpg,PASS,5990.00 UYU
684298cf-9a22-4de0-83ae-5cfbff6aac4e,"The Boss Metal Gear Solid 3 Snake Eater Hot Toys Vgm14",the-boss-metal-gear-solid-3-snake-eater-hot-toys-vgm14-4685,https://collectibles.uy/catalog-images/external/http2.mlstatic.com/D_959497-MLU74647766022_022024-O.jpg,https://collectibles.uy/catalog-images/external/http2.mlstatic.com/D_959497-MLU74647766022_022024-O.jpg,200,image/jpeg,JPEG,/catalog-images/external/http2.mlstatic.com/D_959497-MLU74647766022_022024-O.jpg,jpg,PASS,26500.00 UYU
3a2ae73c-9e64-4536-b696-35d436b60b75,"NECA - Universal Monsters Frankenstein 18 Cm",neca-universal-monsters-frankenstein-18-cm,https://cobtsgkwcftvexaarwmo.supabase.co/storage/v1/object/public/public-assets/ml-sync/3a2ae73c-9e64-4536-b696-35d436b60b75-0-1779316960158.jpg,https://cobtsgkwcftvexaarwmo.supabase.co/storage/v1/object/public/public-assets/ml-sync/3a2ae73c-9e64-4536-b696-35d436b60b75-0-1779316960158.jpg,200,image/jpeg,JPEG,/storage/v1/object/public/public-assets/ml-sync/3a2ae73c-9e64-4536-b696-35d436b60b75-0-1779316960158.jpg,jpg,PASS,3950.00 UYU
f53105df-7f8c-403e-8787-650daf4ebcb5,"Jedi Master Indara The Acolyte Star Wars Black Series Hasbro",jedi-master-indara-the-acolyte-star-wars-black-series-hasbro-6093,https://collectibles.uy/catalog-images/external/http2.mlstatic.com/D_633728-MLU77850642570_072024-O.jpg,https://collectibles.uy/catalog-images/external/http2.mlstatic.com/D_633728-MLU77850642570_072024-O.jpg,200,image/jpeg,JPEG,/catalog-images/external/http2.mlstatic.com/D_633728-MLU77850642570_072024-O.jpg,jpg,PASS,3990.00 UYU
c13ee1c0-529f-4a58-b48f-b4320edde176,"Ahsoka Tano Star Wars Rebels Black Series Hasbro",ahsoka-tano-star-wars-rebels-black-series-hasbro-4922,https://collectibles.uy/catalog-images/external/http2.mlstatic.com/D_727469-MLU45556959706_042021-O.jpg,https://collectibles.uy/catalog-images/external/http2.mlstatic.com/D_727469-MLU45556959706_042021-O.jpg,200,image/jpeg,JPEG,/catalog-images/external/http2.mlstatic.com/D_727469-MLU45556959706_042021-O.jpg,jpg,PASS,3990.00 UYU
a0fa77af-116d-4b3a-82f9-e05df963b430,"Peluche Bob Esponja 22cm (varios Modelos)",peluche-bob-esponja-22cm-varios-modelos,https://cobtsgkwcftvexaarwmo.supabase.co/storage/v1/object/public/public-assets/ml-sync/a0fa77af-116d-4b3a-82f9-e05df963b430-0-1776871333501.jpg,https://cobtsgkwcftvexaarwmo.supabase.co/storage/v1/object/public/public-assets/ml-sync/a0fa77af-116d-4b3a-82f9-e05df963b430-0-1776871333501.jpg,200,image/jpeg,JPEG,/storage/v1/object/public/public-assets/ml-sync/a0fa77af-116d-4b3a-82f9-e05df963b430-0-1776871333501.jpg,jpg,PASS,790.00 UYU
9ae764d2-2b38-41f3-89e2-3d29ea93ce1b,"Indoraptor Track &apos;n Attack Jurassic World Dino Trackers",indoraptor-track--n-attack-jurassic-world-dino-trackers-8526,https://collectibles.uy/catalog-images/external/http2.mlstatic.com/D_994008-MLU70027149320_062023-O.jpg,https://collectibles.uy/catalog-images/external/http2.mlstatic.com/D_994008-MLU70027149320_062023-O.jpg,200,image/jpeg,JPEG,/catalog-images/external/http2.mlstatic.com/D_994008-MLU70027149320_062023-O.jpg,jpg,PASS,7990.00 UYU
e8e5260a-a4de-4431-9a74-de38ecdc9a51,"Red Spring Super Sonic The Hedgehog Jakks Pacific",red-spring-super-sonic-the-hedgehog-jakks-pacific-3057,https://collectibles.uy/catalog-images/external/http2.mlstatic.com/D_741131-MLU88803350870_082025-O.jpg,https://collectibles.uy/catalog-images/external/http2.mlstatic.com/D_741131-MLU88803350870_082025-O.jpg,200,image/jpeg,JPEG,/catalog-images/external/http2.mlstatic.com/D_741131-MLU88803350870_082025-O.jpg,jpg,PASS,2190.00 UYU
39cf44c9-02a8-4d7f-95ce-f8dd0e28924f," Bride Of Chucky Tiffany Clothed Neca",-bride-of-chucky-tiffany-clothed-neca-9551,https://collectibles.uy/catalog-images/external/http2.mlstatic.com/D_960157-MLU71930525025_092023-O.jpg,https://collectibles.uy/catalog-images/external/http2.mlstatic.com/D_960157-MLU71930525025_092023-O.jpg,200,image/jpeg,JPEG,/catalog-images/external/http2.mlstatic.com/D_960157-MLU71930525025_092023-O.jpg,jpg,PASS,6990.00 UYU
70b8b773-24d6-432a-b922-7aa261fb48a5,"The Simpsons! Plushies 10.5  Homero Azul Acero",the-simpsons-plushies-10-5-homero-azul-acero,https://cobtsgkwcftvexaarwmo.supabase.co/storage/v1/object/public/public-assets/ml-sync/70b8b773-24d6-432a-b922-7aa261fb48a5-0-1776871132027.jpg,https://cobtsgkwcftvexaarwmo.supabase.co/storage/v1/object/public/public-assets/ml-sync/70b8b773-24d6-432a-b922-7aa261fb48a5-0-1776871132027.jpg,200,image/jpeg,JPEG,/storage/v1/object/public/public-assets/ml-sync/70b8b773-24d6-432a-b922-7aa261fb48a5-0-1776871132027.jpg,jpg,PASS,1200.00 UYU
398940e8-ddd6-4ecc-b60f-7945c7aba98d,"Funko Plushies! Star Wars Luke",funko-plushies-star-wars-luke,https://cobtsgkwcftvexaarwmo.supabase.co/storage/v1/object/public/public-assets/ml-sync/398940e8-ddd6-4ecc-b60f-7945c7aba98d-0-1776870657499.jpg,https://cobtsgkwcftvexaarwmo.supabase.co/storage/v1/object/public/public-assets/ml-sync/398940e8-ddd6-4ecc-b60f-7945c7aba98d-0-1776870657499.jpg,200,image/jpeg,JPEG,/storage/v1/object/public/public-assets/ml-sync/398940e8-ddd6-4ecc-b60f-7945c7aba98d-0-1776870657499.jpg,jpg,PASS,790.00 UYU
006cb9d2-5ee9-4624-9f6c-87ff66d0363e,"Jackalman Thundercats Ultimates Wave1 Super7",jackalman-thundercats-ultimates-wave1-super7-9953,https://collectibles.uy/catalog-images/external/http2.mlstatic.com/D_707522-MLU45527907898_042021-O.jpg,https://collectibles.uy/catalog-images/external/http2.mlstatic.com/D_707522-MLU45527907898_042021-O.jpg,200,image/jpeg,JPEG,/catalog-images/external/http2.mlstatic.com/D_707522-MLU45527907898_042021-O.jpg,jpg,PASS,4990.00 UYU
13aae431-62c6-4f35-b263-4dbefc3dbad6,"Thundercats! Ultimates Bengali 7-inch",thundercats-ultimates-bengali-7-inch,https://cobtsgkwcftvexaarwmo.supabase.co/storage/v1/object/public/public-assets/ml-sync/13aae431-62c6-4f35-b263-4dbefc3dbad6-0-1779316938220.jpg,https://cobtsgkwcftvexaarwmo.supabase.co/storage/v1/object/public/public-assets/ml-sync/13aae431-62c6-4f35-b263-4dbefc3dbad6-0-1779316938220.jpg,200,image/jpeg,JPEG,/storage/v1/object/public/public-assets/ml-sync/13aae431-62c6-4f35-b263-4dbefc3dbad6-0-1779316938220.jpg,jpg,PASS,5690.00 UYU
fb788dfb-f241-4d48-b833-eaeaca80076c,"Thundercats! Ultimates Captain Hammerhead 7  Inch",thundercats-ultimates-captain-hammerhead-7-inch,https://cobtsgkwcftvexaarwmo.supabase.co/storage/v1/object/public/public-assets/ml-sync/fb788dfb-f241-4d48-b833-eaeaca80076c-0-1779317003818.jpg,https://cobtsgkwcftvexaarwmo.supabase.co/storage/v1/object/public/public-assets/ml-sync/fb788dfb-f241-4d48-b833-eaeaca80076c-0-1779317003818.jpg,200,image/jpeg,JPEG,/storage/v1/object/public/public-assets/ml-sync/fb788dfb-f241-4d48-b833-eaeaca80076c-0-1779317003818.jpg,jpg,PASS,4990.00 UYU
122b5b23-fcdd-43e1-8113-5f7fbe88838d,"Gas House Gang Plush - But-crackula Violeta Oscuro",peluche-gashouse-but-crackula-violeta-oscuro,https://cobtsgkwcftvexaarwmo.supabase.co/storage/v1/object/public/public-assets/ml-sync/122b5b23-fcdd-43e1-8113-5f7fbe88838d-0-1776870649290.jpg,https://cobtsgkwcftvexaarwmo.supabase.co/storage/v1/object/public/public-assets/ml-sync/122b5b23-fcdd-43e1-8113-5f7fbe88838d-0-1776870649290.jpg,200,image/jpeg,JPEG,/storage/v1/object/public/public-assets/ml-sync/122b5b23-fcdd-43e1-8113-5f7fbe88838d-0-1776870649290.jpg,jpg,PASS,897.00 UYU
bb68008f-5f94-4b84-8ef3-a34c9e62d73c,"Warrior Gamora What If Marvel Legends Hydra Stomper Baf",warrior-gamora-what-if-marvel-legends-hydra-stomper-baf-oaq9d,https://cobtsgkwcftvexaarwmo.supabase.co/storage/v1/object/public/public-assets/vendors/61a48094-7453-4b7f-9563-e51f184832f9/ml-curation/bb68008f-5f94-4b84-8ef3-a34c9e62d73c-main.jpg,https://cobtsgkwcftvexaarwmo.supabase.co/storage/v1/object/public/public-assets/vendors/61a48094-7453-4b7f-9563-e51f184832f9/ml-curation/bb68008f-5f94-4b84-8ef3-a34c9e62d73c-main.jpg,200,image/jpeg,JPEG,/storage/v1/object/public/public-assets/vendors/61a48094-7453-4b7f-9563-e51f184832f9/ml-curation/bb68008f-5f94-4b84-8ef3-a34c9e62d73c-main.jpg,jpg,PASS,3990.00 UYU
82722690-76ae-42d4-b9d9-4040adf8ad0e,"Bernacles Octonautas Peluche Grande 30cm",bernacles-octonautas-peluche-grande-30cm-4312,https://collectibles.uy/catalog-images/external/http2.mlstatic.com/D_636884-MLU46033058395_052021-O.jpg,https://collectibles.uy/catalog-images/external/http2.mlstatic.com/D_636884-MLU46033058395_052021-O.jpg,200,image/jpeg,JPEG,/catalog-images/external/http2.mlstatic.com/D_636884-MLU46033058395_052021-O.jpg,jpg,PASS,2350.00 UYU
e1a69072-8ef7-474c-9f02-b93868c0a835,"Figura Articulada Neca Steel Clan Robot Gárgolas Con Accesorios 19 Cm",figura-articulada-neca-steel-clan-robot-g-rgolas-con-accesorios-19-cm-5714,https://collectibles.uy/catalog-images/external/http2.mlstatic.com/D_686602-MLA95596175827_102025-O.jpg,https://collectibles.uy/catalog-images/external/http2.mlstatic.com/D_686602-MLA95596175827_102025-O.jpg,200,image/jpeg,JPEG,/catalog-images/external/http2.mlstatic.com/D_686602-MLA95596175827_102025-O.jpg,jpg,PASS,6990.00 UYU
12824d3c-98ef-4777-b167-e25d9f7377a9,"Marty Mcfly &amp; Einstein Back To The Future Hot Toys Mms573",marty-mcfly---einstein-back-to-the-future-hot-toys-mms573-1264,https://collectibles.uy/catalog-images/external/http2.mlstatic.com/D_892329-MLU74777366197_022024-O.jpg,https://collectibles.uy/catalog-images/external/http2.mlstatic.com/D_892329-MLU74777366197_022024-O.jpg,200,image/jpeg,JPEG,/catalog-images/external/http2.mlstatic.com/D_892329-MLU74777366197_022024-O.jpg,jpg,PASS,29900.00 UYU
8741f52f-8e2a-4902-896b-c2dbe7cb8730,"Grogu Baby Yoda Parlante Mandalorian Star Wars Premium Plush",grogu-baby-yoda-parlante-mandalorian-star-wars-premium-plush-2390,https://collectibles.uy/catalog-images/external/http2.mlstatic.com/D_975621-MLU51252029314_082022-O.jpg,https://collectibles.uy/catalog-images/external/http2.mlstatic.com/D_975621-MLU51252029314_082022-O.jpg,200,image/jpeg,JPEG,/catalog-images/external/http2.mlstatic.com/D_975621-MLU51252029314_082022-O.jpg,jpg,PASS,5990.00 UYU
da49ed59-228b-4fb8-b99a-f5b1486e1f0d,"Creature Black Lagoon Black &amp; White Universal Monsters Neca",creature-black-lagoon-black---white-universal-monsters-neca-2441,https://collectibles.uy/catalog-images/external/http2.mlstatic.com/D_942357-MLU73329149266_122023-O.jpg,https://collectibles.uy/catalog-images/external/http2.mlstatic.com/D_942357-MLU73329149266_122023-O.jpg,200,image/jpeg,JPEG,/catalog-images/external/http2.mlstatic.com/D_942357-MLU73329149266_122023-O.jpg,jpg,PASS,5990.00 UYU
63bc5a4e-886d-448b-9e83-817b3d38bedc,"Robocop Ultimate Neca",robocop-ultimate-neca-9531,https://collectibles.uy/catalog-images/external/http2.mlstatic.com/D_756277-MLU52982816981_122022-O.jpg,https://collectibles.uy/catalog-images/external/http2.mlstatic.com/D_756277-MLU52982816981_122022-O.jpg,200,image/jpeg,JPEG,/catalog-images/external/http2.mlstatic.com/D_756277-MLU52982816981_122022-O.jpg,jpg,PASS,5990.00 UYU
23672507-d215-4398-becf-bf475af70d0b,"Plushies! Toki Doki- Corsica  (medium)",plushies-toki-doki-corsica-medium,https://cobtsgkwcftvexaarwmo.supabase.co/storage/v1/object/public/public-assets/ml-sync/23672507-d215-4398-becf-bf475af70d0b-0-1779315995831.jpg,https://cobtsgkwcftvexaarwmo.supabase.co/storage/v1/object/public/public-assets/ml-sync/23672507-d215-4398-becf-bf475af70d0b-0-1779315995831.jpg,200,image/jpeg,JPEG,/storage/v1/object/public/public-assets/ml-sync/23672507-d215-4398-becf-bf475af70d0b-0-1779315995831.jpg,jpg,PASS,1390.00 UYU
0619980c-94ff-4f03-85c2-79d29d2e546b,"Dc Multiverse! Figuras Mcfarlane - Bloodsport",dc-multiverse-figuras-mcfarlane-bloodsport,https://cobtsgkwcftvexaarwmo.supabase.co/storage/v1/object/public/public-assets/ml-sync/0619980c-94ff-4f03-85c2-79d29d2e546b-0-1779316280949.jpg,https://cobtsgkwcftvexaarwmo.supabase.co/storage/v1/object/public/public-assets/ml-sync/0619980c-94ff-4f03-85c2-79d29d2e546b-0-1779316280949.jpg,200,image/jpeg,JPEG,/storage/v1/object/public/public-assets/ml-sync/0619980c-94ff-4f03-85c2-79d29d2e546b-0-1779316280949.jpg,jpg,PASS,2990.00 UYU
dd7c18d4-4754-4cb2-b226-4ef911e710e4,"Funko Pop! Ironman- Golden Armor (deluxe)",funko-pop-ironman-golden-armor-deluxe,https://cobtsgkwcftvexaarwmo.supabase.co/storage/v1/object/public/public-assets/ml-sync/dd7c18d4-4754-4cb2-b226-4ef911e710e4-0-1779316899294.jpg,https://cobtsgkwcftvexaarwmo.supabase.co/storage/v1/object/public/public-assets/ml-sync/dd7c18d4-4754-4cb2-b226-4ef911e710e4-0-1779316899294.jpg,200,image/jpeg,JPEG,/storage/v1/object/public/public-assets/ml-sync/dd7c18d4-4754-4cb2-b226-4ef911e710e4-0-1779316899294.jpg,jpg,PASS,1900.00 UYU
6b269297-93ef-4663-bb22-37397bc3663c,"Funko Pop! Animation: Chainsaw Man - Denji",funko-pop-chainsaw-man-denji,https://cobtsgkwcftvexaarwmo.supabase.co/storage/v1/object/public/public-assets/ml-sync/6b269297-93ef-4663-bb22-37397bc3663c-0-1776871204296.jpg,https://cobtsgkwcftvexaarwmo.supabase.co/storage/v1/object/public/public-assets/ml-sync/6b269297-93ef-4663-bb22-37397bc3663c-0-1776871204296.jpg,200,image/jpeg,JPEG,/storage/v1/object/public/public-assets/ml-sync/6b269297-93ef-4663-bb22-37397bc3663c-0-1776871204296.jpg,jpg,PASS,1090.00 UYU
fe7bee6f-fbf4-40db-9cb6-69aa1294842e,"Neca! Gremlins 2 -the New Batch Ultimate Greta Action Figure",neca-gremlins-2-the-new-batch-ultimate-greta-action-figure,https://cobtsgkwcftvexaarwmo.supabase.co/storage/v1/object/public/public-assets/ml-sync/fe7bee6f-fbf4-40db-9cb6-69aa1294842e-0-1776870607491.jpg,https://cobtsgkwcftvexaarwmo.supabase.co/storage/v1/object/public/public-assets/ml-sync/fe7bee6f-fbf4-40db-9cb6-69aa1294842e-0-1776870607491.jpg,200,image/jpeg,JPEG,/storage/v1/object/public/public-assets/ml-sync/fe7bee6f-fbf4-40db-9cb6-69aa1294842e-0-1776870607491.jpg,jpg,PASS,3987.00 UYU
d51037a4-487a-4d53-8e7f-9e30cf2c0610,"Star Wars! The Black Series -  Rey ( Starkiller Base )",star-wars-the-black-series-rey-starkiller-base,https://cobtsgkwcftvexaarwmo.supabase.co/storage/v1/object/public/public-assets/ml-sync/d51037a4-487a-4d53-8e7f-9e30cf2c0610-0-1779316369588.jpg,https://cobtsgkwcftvexaarwmo.supabase.co/storage/v1/object/public/public-assets/ml-sync/d51037a4-487a-4d53-8e7f-9e30cf2c0610-0-1779316369588.jpg,200,image/jpeg,JPEG,/storage/v1/object/public/public-assets/ml-sync/d51037a4-487a-4d53-8e7f-9e30cf2c0610-0-1779316369588.jpg,jpg,PASS,835.00 UYU
a3e4fbaa-29d1-43aa-a071-c92559da5df5,"Integrated Suit Spiderman No Way Home Marvel Legends Hasbro",integrated-suit-spiderman-no-way-home-marvel-legends-hasbro-k9z6f,https://cobtsgkwcftvexaarwmo.supabase.co/storage/v1/object/public/public-assets/vendors/61a48094-7453-4b7f-9563-e51f184832f9/ml-curation/a3e4fbaa-29d1-43aa-a071-c92559da5df5-main.jpg,https://cobtsgkwcftvexaarwmo.supabase.co/storage/v1/object/public/public-assets/vendors/61a48094-7453-4b7f-9563-e51f184832f9/ml-curation/a3e4fbaa-29d1-43aa-a071-c92559da5df5-main.jpg,200,image/jpeg,JPEG,/storage/v1/object/public/public-assets/vendors/61a48094-7453-4b7f-9563-e51f184832f9/ml-curation/a3e4fbaa-29d1-43aa-a071-c92559da5df5-main.jpg,jpg,PASS,3990.00 UYU
6748589c-86fa-4329-bbf8-fe9f553bdbb9,"Freddy Krueger Action Figure 8  Scale, Nightmare Part 3 ",freddy-krueger-action-figure-8-scale-nightmare-part-3,https://cobtsgkwcftvexaarwmo.supabase.co/storage/v1/object/public/public-assets/ml-sync/6748589c-86fa-4329-bbf8-fe9f553bdbb9-0-1779317020019.jpg,https://cobtsgkwcftvexaarwmo.supabase.co/storage/v1/object/public/public-assets/ml-sync/6748589c-86fa-4329-bbf8-fe9f553bdbb9-0-1779317020019.jpg,200,image/jpeg,JPEG,/storage/v1/object/public/public-assets/ml-sync/6748589c-86fa-4329-bbf8-fe9f553bdbb9-0-1779317020019.jpg,jpg,PASS,2000.00 UYU
eeaa180d-f11d-48d8-b533-05fb33597dbb,"Harry Potter! Guantes Screentouch - Gryffindor",harry-potter-guantes-screentouch-gryffindor,https://cobtsgkwcftvexaarwmo.supabase.co/storage/v1/object/public/public-assets/ml-sync/eeaa180d-f11d-48d8-b533-05fb33597dbb-0-1779316177896.jpg,https://cobtsgkwcftvexaarwmo.supabase.co/storage/v1/object/public/public-assets/ml-sync/eeaa180d-f11d-48d8-b533-05fb33597dbb-0-1779316177896.jpg,200,image/jpeg,JPEG,/storage/v1/object/public/public-assets/ml-sync/eeaa180d-f11d-48d8-b533-05fb33597dbb-0-1779316177896.jpg,jpg,PASS,1200.00 UYU
a48f7ebb-0675-486d-b214-d644044d1037,"NECA Gremlins 2 The New Batch Ultimate Brain ",neca-gremlins-2-the-new-batch-ultimate-brain,https://cobtsgkwcftvexaarwmo.supabase.co/storage/v1/object/public/public-assets/ml-sync/a48f7ebb-0675-486d-b214-d644044d1037-0-1779316984432.jpg,https://cobtsgkwcftvexaarwmo.supabase.co/storage/v1/object/public/public-assets/ml-sync/a48f7ebb-0675-486d-b214-d644044d1037-0-1779316984432.jpg,200,image/jpeg,JPEG,/storage/v1/object/public/public-assets/ml-sync/a48f7ebb-0675-486d-b214-d644044d1037-0-1779316984432.jpg,jpg,PASS,3980.00 UYU
e6897dd6-2e1b-4a7d-a191-2f29607cf44d,"Beyblade X Clash &amp; Carry Beystadium Battle Arena",beyblade-x-clash-carry-beystadium-battle-arena-5crv1,https://cobtsgkwcftvexaarwmo.supabase.co/storage/v1/object/public/public-assets/1779847658061-beyblade-x-clash---carry-beystadium-battle-arena.jpg,https://cobtsgkwcftvexaarwmo.supabase.co/storage/v1/object/public/public-assets/1779847658061-beyblade-x-clash---carry-beystadium-battle-arena.jpg,200,image/jpeg,JPEG,/storage/v1/object/public/public-assets/1779847658061-beyblade-x-clash---carry-beystadium-battle-arena.jpg,jpg,PASS,3990.00 UYU
38cecd38-aa54-4bbe-b1c9-bd7408482639,"NECA The Boys Ultimate Black Noir Action Figure",neca-the-boys-ultimate-black-noir-action-figure,https://cobtsgkwcftvexaarwmo.supabase.co/storage/v1/object/public/public-assets/ml-sync/38cecd38-aa54-4bbe-b1c9-bd7408482639-0-1779316912277.jpg,https://cobtsgkwcftvexaarwmo.supabase.co/storage/v1/object/public/public-assets/ml-sync/38cecd38-aa54-4bbe-b1c9-bd7408482639-0-1779316912277.jpg,200,image/jpeg,JPEG,/storage/v1/object/public/public-assets/ml-sync/38cecd38-aa54-4bbe-b1c9-bd7408482639-0-1779316912277.jpg,jpg,PASS,2990.00 UYU
9d698070-7a43-4436-95b3-fced9cd4950a,"Funko Pop! Halo Infinite- Grunt Conscript W/plasma Pistol",funko-pop-halo-infinite-grunt-conscript-w-plasma-pistol,https://cobtsgkwcftvexaarwmo.supabase.co/storage/v1/object/public/public-assets/ml-sync/9d698070-7a43-4436-95b3-fced9cd4950a-0-1779316423636.jpg,https://cobtsgkwcftvexaarwmo.supabase.co/storage/v1/object/public/public-assets/ml-sync/9d698070-7a43-4436-95b3-fced9cd4950a-0-1779316423636.jpg,200,image/jpeg,JPEG,/storage/v1/object/public/public-assets/ml-sync/9d698070-7a43-4436-95b3-fced9cd4950a-0-1779316423636.jpg,jpg,PASS,1090.00 UYU
dde0b50e-d41d-42d5-b148-ce1f3523b041,"99 Nights in the Forest - Minifigures BlindBox - Serie 1 - Incluye códigos DLC canjeables en Roblox",99-nights-in-the-forest-minifigures-blindbox-serie-1-incluye-codigos-dlc-canjeables-en-roblox,https://cobtsgkwcftvexaarwmo.supabase.co/storage/v1/object/public/public-assets/1786379131272-roblox-99-nights-in-the-forest-mystery-minifigure-blind-box-1--1.webp,https://cobtsgkwcftvexaarwmo.supabase.co/storage/v1/object/public/public-assets/1786379131272-roblox-99-nights-in-the-forest-mystery-minifigure-blind-box-1--1.webp,200,image/webp,WEBP,/storage/v1/object/public/public-assets/1786379131272-roblox-99-nights-in-the-forest-mystery-minifigure-blind-box-1--1.webp,webp,PASS,490.00 UYU
6ade6c5d-8fc0-477f-afe3-b147b8636fe6,"Robin Batman Forever Hot Toys Mms594",robin-batman-forever-hot-toys-mms594-9112,https://collectibles.uy/catalog-images/external/http2.mlstatic.com/D_921792-MLU74760654897_022024-O.jpg,https://collectibles.uy/catalog-images/external/http2.mlstatic.com/D_921792-MLU74760654897_022024-O.jpg,200,image/jpeg,JPEG,/catalog-images/external/http2.mlstatic.com/D_921792-MLU74760654897_022024-O.jpg,jpg,PASS,29900.00 UYU
30e1c5a9-0284-467b-98c0-64201d575abf,"Grogu Baby Yoda Child Animatronico Mandalorian Star Wars",grogu-baby-yoda-child-animatronico-mandalorian-star-wars-4898,https://collectibles.uy/catalog-images/external/http2.mlstatic.com/D_648157-MLU91647847732_092025-O.jpg,https://collectibles.uy/catalog-images/external/http2.mlstatic.com/D_648157-MLU91647847732_092025-O.jpg,200,image/jpeg,JPEG,/catalog-images/external/http2.mlstatic.com/D_648157-MLU91647847732_092025-O.jpg,jpg,PASS,4990.00 UYU
366bb8c8-25dd-4fba-8c4f-a7b57d4ad289,"Ghostbuster 2021 After Life Series - Podscat Classmate",ghostbuster-2021-after-life-series-podscat-classmate,https://cobtsgkwcftvexaarwmo.supabase.co/storage/v1/object/public/public-assets/ml-sync/366bb8c8-25dd-4fba-8c4f-a7b57d4ad289-0-1779316234387.jpg,https://cobtsgkwcftvexaarwmo.supabase.co/storage/v1/object/public/public-assets/ml-sync/366bb8c8-25dd-4fba-8c4f-a7b57d4ad289-0-1779316234387.jpg,200,image/jpeg,JPEG,/storage/v1/object/public/public-assets/ml-sync/366bb8c8-25dd-4fba-8c4f-a7b57d4ad289-0-1779316234387.jpg,jpg,PASS,1390.00 UYU
a98f59e4-3476-4efc-b05c-5e025dbf5e24,"Peluche Bob Esponja - Calamardo",peluche-bob-esponja-calamardo,https://cobtsgkwcftvexaarwmo.supabase.co/storage/v1/object/public/public-assets/1779817815212-bobesponjacalamardo.jpg,https://cobtsgkwcftvexaarwmo.supabase.co/storage/v1/object/public/public-assets/1779817815212-bobesponjacalamardo.jpg,200,image/jpeg,JPEG,/storage/v1/object/public/public-assets/1779817815212-bobesponjacalamardo.jpg,jpg,PASS,590.00 UYU
3c25bfbe-36a5-4e3c-ac57-f40eba8fb4ab,"Promo Mascota + LLaveros del Mundial 2026 - Clutch",promo-mascota-llaveros-del-mundial-2026-maple--copia-8972,https://cobtsgkwcftvexaarwmo.supabase.co/storage/v1/object/public/public-assets/productos/1780106946917-clutch-llavero.jpg,https://cobtsgkwcftvexaarwmo.supabase.co/storage/v1/object/public/public-assets/productos/1780106946917-clutch-llavero.jpg,200,image/jpeg,JPEG,/storage/v1/object/public/public-assets/productos/1780106946917-clutch-llavero.jpg,jpg,PASS,1490.00 UYU
3d2ea96c-d27b-4edc-a50a-3b6a97e4f63c,"Maleta Newt Scamander - Replica Oficial Cinereplicas Marrón Lisa",maleta-newt-scamander-replica-oficial-cinereplicas-marron-lisa,https://cobtsgkwcftvexaarwmo.supabase.co/storage/v1/object/public/public-assets/ml-sync/3d2ea96c-d27b-4edc-a50a-3b6a97e4f63c-0-1776871171011.jpg,https://cobtsgkwcftvexaarwmo.supabase.co/storage/v1/object/public/public-assets/ml-sync/3d2ea96c-d27b-4edc-a50a-3b6a97e4f63c-0-1776871171011.jpg,200,image/jpeg,JPEG,/storage/v1/object/public/public-assets/ml-sync/3d2ea96c-d27b-4edc-a50a-3b6a97e4f63c-0-1776871171011.jpg,jpg,PASS,14900.00 UYU
1fd8a0eb-dec0-4464-8c31-53d50f8ea066,"Funko Pop! Hawkeye - Maya Lopez",funko-pop-hawkeye-maya-lopez-2,https://cobtsgkwcftvexaarwmo.supabase.co/storage/v1/object/public/public-assets/ml-sync/1fd8a0eb-dec0-4464-8c31-53d50f8ea066-0-1779316356327.jpg,https://cobtsgkwcftvexaarwmo.supabase.co/storage/v1/object/public/public-assets/ml-sync/1fd8a0eb-dec0-4464-8c31-53d50f8ea066-0-1779316356327.jpg,200,image/jpeg,JPEG,/storage/v1/object/public/public-assets/ml-sync/1fd8a0eb-dec0-4464-8c31-53d50f8ea066-0-1779316356327.jpg,jpg,PASS,1190.00 UYU
069f186b-12ec-45a6-9027-2bbe132b5015,"Masters Of The Universe Origins Beasts - Panthor",masters-of-the-universe-origins-beasts-panthor,https://cobtsgkwcftvexaarwmo.supabase.co/storage/v1/object/public/public-assets/ml-sync/069f186b-12ec-45a6-9027-2bbe132b5015-0-1779316037181.jpg,https://cobtsgkwcftvexaarwmo.supabase.co/storage/v1/object/public/public-assets/ml-sync/069f186b-12ec-45a6-9027-2bbe132b5015-0-1779316037181.jpg,200,image/jpeg,JPEG,/storage/v1/object/public/public-assets/ml-sync/069f186b-12ec-45a6-9027-2bbe132b5015-0-1779316037181.jpg,jpg,PASS,2895.00 UYU
babb49d0-c5d2-4f27-861d-064077d191d6,"99 Nights Collectible Plush Toy - Assorted -(20 cm)",99-nights-collectible-plush-toy-assorted-20-cm,https://cobtsgkwcftvexaarwmo.supabase.co/storage/v1/object/public/public-assets/1786384218531-roblox-99-nights-in-the-forest-collectible-plush-blind-box-4-.webp,https://cobtsgkwcftvexaarwmo.supabase.co/storage/v1/object/public/public-assets/1786384218531-roblox-99-nights-in-the-forest-collectible-plush-blind-box-4-.webp,200,image/webp,WEBP,/storage/v1/object/public/public-assets/1786384218531-roblox-99-nights-in-the-forest-collectible-plush-blind-box-4-.webp,webp,PASS,1190.00 UYU
5907de3c-3101-4b6f-afcf-773c8a32ee4d,"Cyclops X-men 97 Wave 2 Marvel Legends Hasbro",cyclops-x-men-97-wave-2-marvel-legends-hasbro-6046,https://collectibles.uy/catalog-images/external/http2.mlstatic.com/D_705667-MLU75260210562_032024-O.jpg,https://collectibles.uy/catalog-images/external/http2.mlstatic.com/D_705667-MLU75260210562_032024-O.jpg,200,image/jpeg,JPEG,/catalog-images/external/http2.mlstatic.com/D_705667-MLU75260210562_032024-O.jpg,jpg,PASS,7990.00 UYU
b27c267b-61f0-4e51-b3a1-24307c2b5252,"Beyblade X - Reaper Rhino C 4-55D CX, Tipo Defensa",beyblade-x-reaper-rhino-c-4-55d-cx-tipo-defensa-ppxjc,https://cobtsgkwcftvexaarwmo.supabase.co/storage/v1/object/public/public-assets/1779847653408-bey-blade-x-reaper-rhino-c-4-55d-cx.jpg,https://cobtsgkwcftvexaarwmo.supabase.co/storage/v1/object/public/public-assets/1779847653408-bey-blade-x-reaper-rhino-c-4-55d-cx.jpg,200,image/jpeg,JPEG,/storage/v1/object/public/public-assets/1779847653408-bey-blade-x-reaper-rhino-c-4-55d-cx.jpg,jpg,PASS,1790.00 UYU
7489aee0-1b60-4c1a-940f-3bb63f1d6c9c,"Miles Morales Spiderman Hot Toys Vgm46",miles-morales-spiderman-hot-toys-vgm46-9116,https://collectibles.uy/catalog-images/external/http2.mlstatic.com/D_662743-MLU74647585440_022024-O.jpg,https://collectibles.uy/catalog-images/external/http2.mlstatic.com/D_662743-MLU74647585440_022024-O.jpg,200,image/jpeg,JPEG,/catalog-images/external/http2.mlstatic.com/D_662743-MLU74647585440_022024-O.jpg,jpg,PASS,29900.00 UYU
b5a022f1-9aa7-4001-9bc3-811716bc4555,"Jason Voorhees Freddy Vs Jason Ultimate Neca",jason-voorhees-freddy-vs-jason-ultimate-neca-4535,https://collectibles.uy/catalog-images/external/http2.mlstatic.com/D_995782-MLU45574785987_042021-O.jpg,https://collectibles.uy/catalog-images/external/http2.mlstatic.com/D_995782-MLU45574785987_042021-O.jpg,200,image/jpeg,JPEG,/catalog-images/external/http2.mlstatic.com/D_995782-MLU45574785987_042021-O.jpg,jpg,PASS,3990.00 UYU
7d8be59a-3929-40b4-93bf-062a33634e27,"Princess Leia Bespin Star Wars Return Of The Jedi Vintage",princess-leia-bespin-star-wars-return-of-the-jedi-vintage-1837,https://collectibles.uy/catalog-images/external/http2.mlstatic.com/D_725355-MLU50898683613_072022-O.jpg,https://collectibles.uy/catalog-images/external/http2.mlstatic.com/D_725355-MLU50898683613_072022-O.jpg,200,image/jpeg,JPEG,/catalog-images/external/http2.mlstatic.com/D_725355-MLU50898683613_072022-O.jpg,jpg,PASS,2190.00 UYU
1164097a-7199-40a7-aeaf-cf6d0bc4926c,"Peluche Bob Esponja - Pirata Holandés",peluche-bob-esponja-pirata-holandes,https://cobtsgkwcftvexaarwmo.supabase.co/storage/v1/object/public/public-assets/1779817817234-bobesponjapirata.jpg,https://cobtsgkwcftvexaarwmo.supabase.co/storage/v1/object/public/public-assets/1779817817234-bobesponjapirata.jpg,200,image/jpeg,JPEG,/storage/v1/object/public/public-assets/1779817817234-bobesponjapirata.jpg,jpg,PASS,590.00 UYU
39a69614-42fa-4a38-a1dc-e670998d16b3,"Majorette! Showroom - Ford Mustang Dark Horse (Deluxe)",majorette-showroom-ford-mustang-dark-horse-deluxe-,https://cobtsgkwcftvexaarwmo.supabase.co/storage/v1/object/public/public-assets/1779912996097-mesa-de-trabajo-15.png,https://cobtsgkwcftvexaarwmo.supabase.co/storage/v1/object/public/public-assets/1779912996097-mesa-de-trabajo-15.png,200,image/png,PNG,/storage/v1/object/public/public-assets/1779912996097-mesa-de-trabajo-15.png,png,PASS,479.00 UYU
8da8c93b-f4eb-4a36-8679-23b48de23e5f,"Figura De Acción Shin Hati Star Wars The Black Series De Ahsoka, Articulada Para Coleccionistas",figura-de-acci-n-shin-hati-star-wars-the-black-series-de-ahsoka--articulada-para-coleccionistas-9630,https://collectibles.uy/catalog-images/external/http2.mlstatic.com/D_744931-MLA94584520919_102025-O.jpg,https://collectibles.uy/catalog-images/external/http2.mlstatic.com/D_744931-MLA94584520919_102025-O.jpg,200,image/jpeg,JPEG,/catalog-images/external/http2.mlstatic.com/D_744931-MLA94584520919_102025-O.jpg,jpg,PASS,3990.00 UYU
abbfd6fd-eb2c-4722-982f-091e3a114587,"Batwoman Dc Multiverse Clayface Collect &amp; Connect Mattel",batwoman-dc-multiverse-clayface-collect---connect-mattel-7919,https://collectibles.uy/catalog-images/external/http2.mlstatic.com/D_984671-MLU45524248637_042021-O.jpg,https://collectibles.uy/catalog-images/external/http2.mlstatic.com/D_984671-MLU45524248637_042021-O.jpg,200,image/jpeg,JPEG,/catalog-images/external/http2.mlstatic.com/D_984671-MLU45524248637_042021-O.jpg,jpg,PASS,4990.00 UYU
eb73d3be-ae11-45ca-b41c-0a2b49df75c2,"Tom Y Jerry Dasin Model",tom-y-jerry-dasin-model-9774,https://collectibles.uy/catalog-images/external/http2.mlstatic.com/D_810788-MLU69845028582_062023-O.jpg,https://collectibles.uy/catalog-images/external/http2.mlstatic.com/D_810788-MLU69845028582_062023-O.jpg,200,image/jpeg,JPEG,/catalog-images/external/http2.mlstatic.com/D_810788-MLU69845028582_062023-O.jpg,jpg,PASS,5990.00 UYU
80b304a8-1544-479f-9582-a117870f3686,"Shaman Ultimate Predator 2 Depredador Neca",shaman-ultimate-predator-2-depredador-neca-3389,https://collectibles.uy/catalog-images/external/http2.mlstatic.com/D_690825-MLU52599717123_112022-O.jpg,https://collectibles.uy/catalog-images/external/http2.mlstatic.com/D_690825-MLU52599717123_112022-O.jpg,200,image/jpeg,JPEG,/catalog-images/external/http2.mlstatic.com/D_690825-MLU52599717123_112022-O.jpg,jpg,PASS,5990.00 UYU
72046223-1957-4198-a366-25fbe4625749,"Poison Ivy The New Batman Adventures Dc Collectibles 08",poison-ivy-the-new-batman-adventures-dc-collectibles-08-2564,https://collectibles.uy/catalog-images/external/http2.mlstatic.com/D_723414-MLU45550291945_042021-O.jpg,https://collectibles.uy/catalog-images/external/http2.mlstatic.com/D_723414-MLU45550291945_042021-O.jpg,200,image/jpeg,JPEG,/catalog-images/external/http2.mlstatic.com/D_723414-MLU45550291945_042021-O.jpg,jpg,PASS,5990.00 UYU
afd8f192-6f6b-4803-bd26-43c3e03166bc,"Funko Pop! The Simpsons - Mr. Sparkle",funko-pop-the-simpsons-mr-sparkle,https://cobtsgkwcftvexaarwmo.supabase.co/storage/v1/object/public/public-assets/ml-sync/afd8f192-6f6b-4803-bd26-43c3e03166bc-0-1776871190345.jpg,https://cobtsgkwcftvexaarwmo.supabase.co/storage/v1/object/public/public-assets/ml-sync/afd8f192-6f6b-4803-bd26-43c3e03166bc-0-1776871190345.jpg,200,image/jpeg,JPEG,/storage/v1/object/public/public-assets/ml-sync/afd8f192-6f6b-4803-bd26-43c3e03166bc-0-1776871190345.jpg,jpg,PASS,1690.00 UYU
ecc3f3e5-a14b-4bc0-b6de-4e9a4ad7d268,"Circus Chica Five Nights Freddy´s Funko",circus-chica-five-nights-freddy-s-funko-4850,https://collectibles.uy/catalog-images/external/http2.mlstatic.com/D_995600-MLU71313769604_082023-O.jpg,https://collectibles.uy/catalog-images/external/http2.mlstatic.com/D_995600-MLU71313769604_082023-O.jpg,200,image/jpeg,JPEG,/catalog-images/external/http2.mlstatic.com/D_995600-MLU71313769604_082023-O.jpg,jpg,PASS,2650.00 UYU
a2ed9747-4f4a-4927-881d-6553c0383a97,"Fifa World Cup 2026! Llavero Peluche mascota de Mexico - Zayu 10cm",fifa-world-cup-2026-llavero-peluche-mascota-de-mexico-zayu-10cm,https://cobtsgkwcftvexaarwmo.supabase.co/storage/v1/object/public/public-assets/ml-sync/a2ed9747-4f4a-4927-881d-6553c0383a97-0-1779807747768.jpg,https://cobtsgkwcftvexaarwmo.supabase.co/storage/v1/object/public/public-assets/ml-sync/a2ed9747-4f4a-4927-881d-6553c0383a97-0-1779807747768.jpg,200,image/jpeg,JPEG,/storage/v1/object/public/public-assets/ml-sync/a2ed9747-4f4a-4927-881d-6553c0383a97-0-1779807747768.jpg,jpg,PASS,690.00 UYU
1332616a-a732-4a00-981a-e4bfc3fe2cf4,"Fifa World Cup 2026! Llavero Peluche mascota de EE.UU - Clutch 10cm",fifa-world-cup-2026-llavero-peluche-mascota-de-ee-uu-clutch-10cm,https://cobtsgkwcftvexaarwmo.supabase.co/storage/v1/object/public/public-assets/ml-sync/1332616a-a732-4a00-981a-e4bfc3fe2cf4-0-1779807754635.jpg,https://cobtsgkwcftvexaarwmo.supabase.co/storage/v1/object/public/public-assets/ml-sync/1332616a-a732-4a00-981a-e4bfc3fe2cf4-0-1779807754635.jpg,200,image/jpeg,JPEG,/storage/v1/object/public/public-assets/ml-sync/1332616a-a732-4a00-981a-e4bfc3fe2cf4-0-1779807754635.jpg,jpg,PASS,690.00 UYU
f22ee8d9-78f4-4edf-b902-603c4977cb9a,"Ezra Bridger Lothal Star Wars The Black Series Hasbro",ezra-bridger-lothal-star-wars-the-black-series-hasbro-6275,https://collectibles.uy/catalog-images/external/http2.mlstatic.com/D_623727-MLU76646576926_062024-O.jpg,https://collectibles.uy/catalog-images/external/http2.mlstatic.com/D_623727-MLU76646576926_062024-O.jpg,200,image/jpeg,JPEG,/catalog-images/external/http2.mlstatic.com/D_623727-MLU76646576926_062024-O.jpg,jpg,PASS,3990.00 UYU
8d614e97-8f12-4426-9040-64625558d7b1,"Mcfarlane Toys! Mortal Kombat Liu Kang",mcfarlane-toys-mortal-kombat-liu-kang,https://cobtsgkwcftvexaarwmo.supabase.co/storage/v1/object/public/public-assets/ml-sync/8d614e97-8f12-4426-9040-64625558d7b1-0-1776871244197.jpg,https://cobtsgkwcftvexaarwmo.supabase.co/storage/v1/object/public/public-assets/ml-sync/8d614e97-8f12-4426-9040-64625558d7b1-0-1776871244197.jpg,200,image/jpeg,JPEG,/storage/v1/object/public/public-assets/ml-sync/8d614e97-8f12-4426-9040-64625558d7b1-0-1776871244197.jpg,jpg,PASS,2900.00 UYU
654dcd34-160a-433f-a521-1423a90d0838,"Bushwacker Punisher War Journal Marvel Legends Hasbro",bushwacker-punisher-war-journal-marvel-legends-hasbro-nqz1x,https://cobtsgkwcftvexaarwmo.supabase.co/storage/v1/object/public/public-assets/vendors/61a48094-7453-4b7f-9563-e51f184832f9/ml-curation/654dcd34-160a-433f-a521-1423a90d0838-main.jpg,https://cobtsgkwcftvexaarwmo.supabase.co/storage/v1/object/public/public-assets/vendors/61a48094-7453-4b7f-9563-e51f184832f9/ml-curation/654dcd34-160a-433f-a521-1423a90d0838-main.jpg,200,image/jpeg,JPEG,/storage/v1/object/public/public-assets/vendors/61a48094-7453-4b7f-9563-e51f184832f9/ml-curation/654dcd34-160a-433f-a521-1423a90d0838-main.jpg,jpg,PASS,9900.00 UYU
98fa1a23-eaa8-481d-a02f-7097ca5e7d1c,"Funko Pop! Dumb And Dumber Lloyd Christmas In Tux 1039",funko-pop-dumb-and-dumber-lloyd-christmas-in-tux-1039,https://cobtsgkwcftvexaarwmo.supabase.co/storage/v1/object/public/public-assets/ml-sync/98fa1a23-eaa8-481d-a02f-7097ca5e7d1c-0-1776871113175.jpg,https://cobtsgkwcftvexaarwmo.supabase.co/storage/v1/object/public/public-assets/ml-sync/98fa1a23-eaa8-481d-a02f-7097ca5e7d1c-0-1776871113175.jpg,200,image/jpeg,JPEG,/storage/v1/object/public/public-assets/ml-sync/98fa1a23-eaa8-481d-a02f-7097ca5e7d1c-0-1776871113175.jpg,jpg,PASS,990.00 UYU
7cae0fe6-fa43-4150-8d57-ca882032a6b6,"Zombie Iron Man What If Marvel Legends Khonshu Baf Hasbro",zombie-iron-man-what-if-marvel-legends-khonshu-baf-hasbro-cw4op,https://cobtsgkwcftvexaarwmo.supabase.co/storage/v1/object/public/public-assets/vendors/61a48094-7453-4b7f-9563-e51f184832f9/ml-curation/7cae0fe6-fa43-4150-8d57-ca882032a6b6-main.jpg,https://cobtsgkwcftvexaarwmo.supabase.co/storage/v1/object/public/public-assets/vendors/61a48094-7453-4b7f-9563-e51f184832f9/ml-curation/7cae0fe6-fa43-4150-8d57-ca882032a6b6-main.jpg,200,image/jpeg,JPEG,/storage/v1/object/public/public-assets/vendors/61a48094-7453-4b7f-9563-e51f184832f9/ml-curation/7cae0fe6-fa43-4150-8d57-ca882032a6b6-main.jpg,jpg,PASS,3990.00 UYU
ef9d6e3c-321f-484f-946d-d9d1f3c40ba1,"Havok X-men Marvel Legends Bonebreaker Baf Hasbro",havok-x-men-marvel-legends-bonebreaker-baf-hasbro-wfmvp,https://cobtsgkwcftvexaarwmo.supabase.co/storage/v1/object/public/public-assets/vendors/61a48094-7453-4b7f-9563-e51f184832f9/ml-curation/ef9d6e3c-321f-484f-946d-d9d1f3c40ba1-main.jpg,https://cobtsgkwcftvexaarwmo.supabase.co/storage/v1/object/public/public-assets/vendors/61a48094-7453-4b7f-9563-e51f184832f9/ml-curation/ef9d6e3c-321f-484f-946d-d9d1f3c40ba1-main.jpg,200,image/jpeg,JPEG,/storage/v1/object/public/public-assets/vendors/61a48094-7453-4b7f-9563-e51f184832f9/ml-curation/ef9d6e3c-321f-484f-946d-d9d1f3c40ba1-main.jpg,jpg,PASS,3990.00 UYU
9b5d304e-8ef3-457c-8564-97c7aa283428,"Taro Misaki Teppei Kisugi Captain Tsubasa Dasin Model",taro-misaki-teppei-kisugi-captain-tsubasa-dasin-model-9417,https://collectibles.uy/catalog-images/external/http2.mlstatic.com/D_931887-MLU69843812449_062023-O.jpg,https://collectibles.uy/catalog-images/external/http2.mlstatic.com/D_931887-MLU69843812449_062023-O.jpg,200,image/jpeg,JPEG,/catalog-images/external/http2.mlstatic.com/D_931887-MLU69843812449_062023-O.jpg,jpg,PASS,9900.00 UYU
70bc46f5-5355-40cb-849b-c84547bc1fad,"Figura Funko Pop! Black Lightning De Dc Cómics En Vinilo",figura-funko-pop-black-lightning-de-dc-comics-en-vinilo,https://cobtsgkwcftvexaarwmo.supabase.co/storage/v1/object/public/public-assets/ml-sync/70bc46f5-5355-40cb-849b-c84547bc1fad-0-1776870858985.jpg,https://cobtsgkwcftvexaarwmo.supabase.co/storage/v1/object/public/public-assets/ml-sync/70bc46f5-5355-40cb-849b-c84547bc1fad-0-1776870858985.jpg,200,image/jpeg,JPEG,/storage/v1/object/public/public-assets/ml-sync/70bc46f5-5355-40cb-849b-c84547bc1fad-0-1776870858985.jpg,jpg,PASS,1090.00 UYU
fc28374f-9260-431d-9eff-9599990b867c,"Thrilljoy Pix! Batman Animated Series - Batman Le 7,500 Pcs",thrilljoy-pix-batman-animated-series-batman-le-7-500-pcs,https://cobtsgkwcftvexaarwmo.supabase.co/storage/v1/object/public/public-assets/ml-sync/fc28374f-9260-431d-9eff-9599990b867c-0-1776872283693.jpg,https://cobtsgkwcftvexaarwmo.supabase.co/storage/v1/object/public/public-assets/ml-sync/fc28374f-9260-431d-9eff-9599990b867c-0-1776872283693.jpg,200,image/jpeg,JPEG,/storage/v1/object/public/public-assets/ml-sync/fc28374f-9260-431d-9eff-9599990b867c-0-1776872283693.jpg,jpg,PASS,2690.00 UYU
7ad02f74-3441-479b-b2f1-6c98d4e9d286,"Peluche Corsica Mermicorn Tokidoki Grande",peluche-corsica-mermicorn-tokidoki-grande,https://cobtsgkwcftvexaarwmo.supabase.co/storage/v1/object/public/public-assets/ml-sync/7ad02f74-3441-479b-b2f1-6c98d4e9d286-0-1776870867505.jpg,https://cobtsgkwcftvexaarwmo.supabase.co/storage/v1/object/public/public-assets/ml-sync/7ad02f74-3441-479b-b2f1-6c98d4e9d286-0-1776870867505.jpg,200,image/jpeg,JPEG,/storage/v1/object/public/public-assets/ml-sync/7ad02f74-3441-479b-b2f1-6c98d4e9d286-0-1776870867505.jpg,jpg,PASS,1390.00 UYU
fd327650-3811-4c10-9e39-43fdc881c6a0,"Gas House Gang: Ran-Sid",peluche-gashouse-ran-sid-fucsia,https://cobtsgkwcftvexaarwmo.supabase.co/storage/v1/object/public/public-assets/ml-sync/fd327650-3811-4c10-9e39-43fdc881c6a0-0-1776870658194.jpg,https://cobtsgkwcftvexaarwmo.supabase.co/storage/v1/object/public/public-assets/ml-sync/fd327650-3811-4c10-9e39-43fdc881c6a0-0-1776870658194.jpg,200,image/jpeg,JPEG,/storage/v1/object/public/public-assets/ml-sync/fd327650-3811-4c10-9e39-43fdc881c6a0-0-1776870658194.jpg,jpg,PASS,897.00 UYU
f5316519-a72d-4650-a8d7-3ae8d4692845,"Peluche Star Wars Darth Vader Con Sonidos Y Luz Negro",peluche-star-wars-darth-vader-con-sonidos-y-luz-negro,https://cobtsgkwcftvexaarwmo.supabase.co/storage/v1/object/public/public-assets/ml-sync/f5316519-a72d-4650-a8d7-3ae8d4692845-0-1776870640880.jpg,https://cobtsgkwcftvexaarwmo.supabase.co/storage/v1/object/public/public-assets/ml-sync/f5316519-a72d-4650-a8d7-3ae8d4692845-0-1776870640880.jpg,200,image/jpeg,JPEG,/storage/v1/object/public/public-assets/ml-sync/f5316519-a72d-4650-a8d7-3ae8d4692845-0-1776870640880.jpg,jpg,PASS,4141.00 UYU
0ee54d64-39c7-4993-8448-3ba433769987,"Star Wars! Body Little Trooper Gris/negro 24 Meses",star-wars-body-little-trooper-gris-negro-24-meses,https://cobtsgkwcftvexaarwmo.supabase.co/storage/v1/object/public/public-assets/ml-sync/0ee54d64-39c7-4993-8448-3ba433769987-0-1779317035893.jpg,https://cobtsgkwcftvexaarwmo.supabase.co/storage/v1/object/public/public-assets/ml-sync/0ee54d64-39c7-4993-8448-3ba433769987-0-1779317035893.jpg,200,image/jpeg,JPEG,/storage/v1/object/public/public-assets/ml-sync/0ee54d64-39c7-4993-8448-3ba433769987-0-1779317035893.jpg,jpg,PASS,990.00 UYU
adb55dd9-3583-4c63-b2ed-b71980c61ae9,"Venom Let There Be Carnage Marvel Legends Hasbro",venom-let-there-be-carnage-marvel-legends-hasbro-alsyg,https://cobtsgkwcftvexaarwmo.supabase.co/storage/v1/object/public/public-assets/vendors/61a48094-7453-4b7f-9563-e51f184832f9/ml-curation/adb55dd9-3583-4c63-b2ed-b71980c61ae9-main.jpg,https://cobtsgkwcftvexaarwmo.supabase.co/storage/v1/object/public/public-assets/vendors/61a48094-7453-4b7f-9563-e51f184832f9/ml-curation/adb55dd9-3583-4c63-b2ed-b71980c61ae9-main.jpg,200,image/jpeg,JPEG,/storage/v1/object/public/public-assets/vendors/61a48094-7453-4b7f-9563-e51f184832f9/ml-curation/adb55dd9-3583-4c63-b2ed-b71980c61ae9-main.jpg,jpg,PASS,5990.00 UYU
f884d173-ba91-4084-8eb1-18c6ca61aa2d,"Dr. Doom Marvel Legends Xenmu Baf Hasbro",dr-doom-marvel-legends-xenmu-baf-hasbro-a7x87,https://cobtsgkwcftvexaarwmo.supabase.co/storage/v1/object/public/public-assets/vendors/61a48094-7453-4b7f-9563-e51f184832f9/ml-curation/f884d173-ba91-4084-8eb1-18c6ca61aa2d-main.jpg,https://cobtsgkwcftvexaarwmo.supabase.co/storage/v1/object/public/public-assets/vendors/61a48094-7453-4b7f-9563-e51f184832f9/ml-curation/f884d173-ba91-4084-8eb1-18c6ca61aa2d-main.jpg,200,image/jpeg,JPEG,/storage/v1/object/public/public-assets/vendors/61a48094-7453-4b7f-9563-e51f184832f9/ml-curation/f884d173-ba91-4084-8eb1-18c6ca61aa2d-main.jpg,jpg,PASS,3990.00 UYU
eb50df19-e8e4-4ead-b046-9bc065334e2d,"T&apos;challa Star Lord What If Marvel Legends Watcher Baf Hasbro",t-challa-star-lord-what-if-marvel-legends-watcher-baf-hasbro-8gmio,https://cobtsgkwcftvexaarwmo.supabase.co/storage/v1/object/public/public-assets/vendors/61a48094-7453-4b7f-9563-e51f184832f9/ml-curation/eb50df19-e8e4-4ead-b046-9bc065334e2d-main.jpg,https://cobtsgkwcftvexaarwmo.supabase.co/storage/v1/object/public/public-assets/vendors/61a48094-7453-4b7f-9563-e51f184832f9/ml-curation/eb50df19-e8e4-4ead-b046-9bc065334e2d-main.jpg,200,image/jpeg,JPEG,/storage/v1/object/public/public-assets/vendors/61a48094-7453-4b7f-9563-e51f184832f9/ml-curation/eb50df19-e8e4-4ead-b046-9bc065334e2d-main.jpg,jpg,PASS,3990.00 UYU
f870bbf0-7fab-48a7-aacb-8ffadc6eec39,"Yoda Star Wars Revenge Of The Sith Figuarts Bandai",yoda-star-wars-revenge-of-the-sith-figuarts-bandai-4393,https://collectibles.uy/catalog-images/external/http2.mlstatic.com/D_787913-MLU53308000880_012023-O.jpg,https://collectibles.uy/catalog-images/external/http2.mlstatic.com/D_787913-MLU53308000880_012023-O.jpg,200,image/jpeg,JPEG,/catalog-images/external/http2.mlstatic.com/D_787913-MLU53308000880_012023-O.jpg,jpg,PASS,9900.00 UYU
b9dfb9d3-248a-496d-a249-c23dec82e01b,"Bo-katan Kryze The Mandalorian Star Wars Hot Toys Tms035",bo-katan-kryze-the-mandalorian-star-wars-hot-toys-tms035-4666,https://collectibles.uy/catalog-images/external/http2.mlstatic.com/D_939055-MLU74760023301_022024-O.jpg,https://collectibles.uy/catalog-images/external/http2.mlstatic.com/D_939055-MLU74760023301_022024-O.jpg,200,image/jpeg,JPEG,/catalog-images/external/http2.mlstatic.com/D_939055-MLU74760023301_022024-O.jpg,jpg,PASS,29900.00 UYU
09dc359f-6a40-4e74-9d98-b2022ef7dcb7,"H.a.r.d.a.c. Batman The Animated Series Dc Collectibles 42",h-a-r-d-a-c--batman-the-animated-series-dc-collectibles-42-3143,https://collectibles.uy/catalog-images/external/http2.mlstatic.com/D_698643-MLU45541629452_042021-O.jpg,https://collectibles.uy/catalog-images/external/http2.mlstatic.com/D_698643-MLU45541629452_042021-O.jpg,200,image/jpeg,JPEG,/catalog-images/external/http2.mlstatic.com/D_698643-MLU45541629452_042021-O.jpg,jpg,PASS,9900.00 UYU
b3ef122a-5c4e-47a8-b953-8982df836a23,"Star Wars F7109 The Black Series Ahsoka General Hera Syndulla",star-wars-f7109-the-black-series-ahsoka-general-hera-syndulla-5097,https://collectibles.uy/catalog-images/external/http2.mlstatic.com/D_673236-MLA95218308340_102025-O.jpg,https://collectibles.uy/catalog-images/external/http2.mlstatic.com/D_673236-MLA95218308340_102025-O.jpg,200,image/jpeg,JPEG,/catalog-images/external/http2.mlstatic.com/D_673236-MLA95218308340_102025-O.jpg,jpg,PASS,3990.00 UYU
8ff6806d-8fcc-4a87-af87-0210cef76b15,"Red Hood Batman Adventures Continue Page Punchers Mcfarlane",red-hood-batman-adventures-continue-page-punchers-mcfarlane-6129,https://collectibles.uy/catalog-images/external/http2.mlstatic.com/D_690881-MLU81965699923_012025-O.jpg,https://collectibles.uy/catalog-images/external/http2.mlstatic.com/D_690881-MLU81965699923_012025-O.jpg,200,image/jpeg,JPEG,/catalog-images/external/http2.mlstatic.com/D_690881-MLU81965699923_012025-O.jpg,jpg,PASS,4990.00 UYU
c468b12c-3e95-429a-90d7-f31c38587c8c,"Bonnie Five Nights At Freddy´s Funko 34cm",bonnie-five-nights-at-freddy-s-funko-34cm-3534,https://collectibles.uy/catalog-images/external/http2.mlstatic.com/D_720949-MLA95232877252_102025-O.jpg,https://collectibles.uy/catalog-images/external/http2.mlstatic.com/D_720949-MLA95232877252_102025-O.jpg,200,image/jpeg,JPEG,/catalog-images/external/http2.mlstatic.com/D_720949-MLA95232877252_102025-O.jpg,jpg,PASS,9900.00 UYU
9e84d3c2-aa47-4a8b-bb26-5c884a894532,"Funko Pop! Hawkeye - Maya Lopez",funko-pop-hawkeye-maya-lopez,https://cobtsgkwcftvexaarwmo.supabase.co/storage/v1/object/public/public-assets/ml-sync/9e84d3c2-aa47-4a8b-bb26-5c884a894532-0-1776870805661.jpg,https://cobtsgkwcftvexaarwmo.supabase.co/storage/v1/object/public/public-assets/ml-sync/9e84d3c2-aa47-4a8b-bb26-5c884a894532-0-1776870805661.jpg,200,image/jpeg,JPEG,/storage/v1/object/public/public-assets/ml-sync/9e84d3c2-aa47-4a8b-bb26-5c884a894532-0-1776870805661.jpg,jpg,PASS,790.00 UYU
28b4096c-cc1c-4b96-a706-9d508f53db70,"Baylan Skoll Mercenary Star Wars Black Series Hasbro",baylan-skoll-mercenary-star-wars-black-series-hasbro-9295,https://collectibles.uy/catalog-images/external/http2.mlstatic.com/D_896446-MLU88808459156_082025-O.jpg,https://collectibles.uy/catalog-images/external/http2.mlstatic.com/D_896446-MLU88808459156_082025-O.jpg,200,image/jpeg,JPEG,/catalog-images/external/http2.mlstatic.com/D_896446-MLU88808459156_082025-O.jpg,jpg,PASS,3990.00 UYU
fba25344-a45d-4983-b603-4e59aaf5b050,"Darth Maul Sith Speeder Star Wars Black Series Hasbro",darth-maul-sith-speeder-star-wars-black-series-hasbro-6508,https://collectibles.uy/catalog-images/external/http2.mlstatic.com/D_756679-MLU78028104944_082024-O.jpg,https://collectibles.uy/catalog-images/external/http2.mlstatic.com/D_756679-MLU78028104944_082024-O.jpg,200,image/jpeg,JPEG,/catalog-images/external/http2.mlstatic.com/D_756679-MLU78028104944_082024-O.jpg,jpg,PASS,5990.00 UYU
d92089ca-75be-4aae-a247-809beb734d2e,"Electro Francine Frye Spiderman Series Marvel Legends Hasbro",electro-francine-frye-spiderman-series-marvel-legends-hasbro-h0znr,https://cobtsgkwcftvexaarwmo.supabase.co/storage/v1/object/public/public-assets/vendors/61a48094-7453-4b7f-9563-e51f184832f9/ml-curation/d92089ca-75be-4aae-a247-809beb734d2e-main.jpg,https://cobtsgkwcftvexaarwmo.supabase.co/storage/v1/object/public/public-assets/vendors/61a48094-7453-4b7f-9563-e51f184832f9/ml-curation/d92089ca-75be-4aae-a247-809beb734d2e-main.jpg,200,image/jpeg,JPEG,/storage/v1/object/public/public-assets/vendors/61a48094-7453-4b7f-9563-e51f184832f9/ml-curation/d92089ca-75be-4aae-a247-809beb734d2e-main.jpg,jpg,PASS,3990.00 UYU
b4090cac-1d38-42cb-ad9d-8994d3b92734,"Plushies! Toki Doki- Corsica Mermicorn (medium)",plushies-toki-doki-corsica-mermicorn-medium,https://cobtsgkwcftvexaarwmo.supabase.co/storage/v1/object/public/public-assets/ml-sync/b4090cac-1d38-42cb-ad9d-8994d3b92734-0-1779316032112.jpg,https://cobtsgkwcftvexaarwmo.supabase.co/storage/v1/object/public/public-assets/ml-sync/b4090cac-1d38-42cb-ad9d-8994d3b92734-0-1779316032112.jpg,200,image/jpeg,JPEG,/storage/v1/object/public/public-assets/ml-sync/b4090cac-1d38-42cb-ad9d-8994d3b92734-0-1779316032112.jpg,jpg,PASS,1390.00 UYU
0c919538-4d5c-4372-93a6-5a18f56ce537,"Peluche Tokidoki Pixie Unicorno Pequeño 15cm Modelo Plushies",peluche-tokidoki-pixie-unicorno-pequeno-15cm-modelo-plushies,https://cobtsgkwcftvexaarwmo.supabase.co/storage/v1/object/public/public-assets/ml-sync/0c919538-4d5c-4372-93a6-5a18f56ce537-0-1776870712886.jpg,https://cobtsgkwcftvexaarwmo.supabase.co/storage/v1/object/public/public-assets/ml-sync/0c919538-4d5c-4372-93a6-5a18f56ce537-0-1776870712886.jpg,200,image/jpeg,JPEG,/storage/v1/object/public/public-assets/ml-sync/0c919538-4d5c-4372-93a6-5a18f56ce537-0-1776870712886.jpg,jpg,PASS,965.00 UYU
d240c66c-88b3-4c8c-9cbd-8ea6a1f6aef5,"Figura Coleccionable Supergirl Pvc 17cm Warner Bros Dc Super Héroes",figura-coleccionable-supergirl-pvc-17cm-warner-bros-dc-super-heroes,https://cobtsgkwcftvexaarwmo.supabase.co/storage/v1/object/public/public-assets/ml-sync/d240c66c-88b3-4c8c-9cbd-8ea6a1f6aef5-0-1776870711743.jpg,https://cobtsgkwcftvexaarwmo.supabase.co/storage/v1/object/public/public-assets/ml-sync/d240c66c-88b3-4c8c-9cbd-8ea6a1f6aef5-0-1776870711743.jpg,200,image/jpeg,JPEG,/storage/v1/object/public/public-assets/ml-sync/d240c66c-88b3-4c8c-9cbd-8ea6a1f6aef5-0-1776870711743.jpg,jpg,PASS,1500.00 UYU
3ccb47a4-b776-44ac-a1b6-d4487a4b6f48,"Moon Five Nights At Freddy&apos;s Funko Peluche 30cm Moon",moon-five-nights-at-freddy-s-funko-peluche-30cm-moon-1233,https://collectibles.uy/catalog-images/external/http2.mlstatic.com/D_630558-MLU92710169779_092025-O.jpg,https://collectibles.uy/catalog-images/external/http2.mlstatic.com/D_630558-MLU92710169779_092025-O.jpg,200,image/jpeg,JPEG,/catalog-images/external/http2.mlstatic.com/D_630558-MLU92710169779_092025-O.jpg,jpg,PASS,2990.00 UYU
0353d592-d612-48ec-9ab9-d9ec53a15133,"Funko Pop! Biker Mars From Mice - Throttle ",funko-pop-biker-mars-from-mice-throttle,https://cobtsgkwcftvexaarwmo.supabase.co/storage/v1/object/public/public-assets/ml-sync/0353d592-d612-48ec-9ab9-d9ec53a15133-0-1776871244117.jpg,https://cobtsgkwcftvexaarwmo.supabase.co/storage/v1/object/public/public-assets/ml-sync/0353d592-d612-48ec-9ab9-d9ec53a15133-0-1776871244117.jpg,200,image/jpeg,JPEG,/storage/v1/object/public/public-assets/ml-sync/0353d592-d612-48ec-9ab9-d9ec53a15133-0-1776871244117.jpg,jpg,PASS,1090.00 UYU
ab3eb6d9-9f30-4d92-a4bd-9441eb1f3a13,"The Hood Marvel Legends Xenmu Baf Hasbro",the-hood-marvel-legends-xenmu-baf-hasbro-h74u0,https://cobtsgkwcftvexaarwmo.supabase.co/storage/v1/object/public/public-assets/vendors/61a48094-7453-4b7f-9563-e51f184832f9/ml-curation/ab3eb6d9-9f30-4d92-a4bd-9441eb1f3a13-main.jpg,https://cobtsgkwcftvexaarwmo.supabase.co/storage/v1/object/public/public-assets/vendors/61a48094-7453-4b7f-9563-e51f184832f9/ml-curation/ab3eb6d9-9f30-4d92-a4bd-9441eb1f3a13-main.jpg,200,image/jpeg,JPEG,/storage/v1/object/public/public-assets/vendors/61a48094-7453-4b7f-9563-e51f184832f9/ml-curation/ab3eb6d9-9f30-4d92-a4bd-9441eb1f3a13-main.jpg,jpg,PASS,2990.00 UYU
eb2768eb-8dd6-4d7a-9042-6a69be8dd24a,"Luminara Unduli Star Wars Clone Wars Vintage Hasbro",luminara-unduli-star-wars-clone-wars-vintage-hasbro-1283,https://collectibles.uy/catalog-images/external/http2.mlstatic.com/D_630360-MLA99955106783_112025-O.jpg,https://collectibles.uy/catalog-images/external/http2.mlstatic.com/D_630360-MLA99955106783_112025-O.jpg,200,image/jpeg,JPEG,/catalog-images/external/http2.mlstatic.com/D_630360-MLA99955106783_112025-O.jpg,jpg,PASS,2190.00 UYU
04723651-6221-4568-b367-3b093718ea5c,"Banshee Gambit Psylocke X-men Marvel Legends Hasbro",banshee-gambit-psylocke-x-men-marvel-legends-hasbro-2497,https://collectibles.uy/catalog-images/external/http2.mlstatic.com/D_649021-MLU76728409322_062024-O.jpg,https://collectibles.uy/catalog-images/external/http2.mlstatic.com/D_649021-MLU76728409322_062024-O.jpg,200,image/jpeg,JPEG,/catalog-images/external/http2.mlstatic.com/D_649021-MLU76728409322_062024-O.jpg,jpg,PASS,11900.00 UYU
a9a747e7-7f56-43a1-b849-a0052c164f21,"Iron Studios! Minico The Lord Of The Rings Gollum",iron-studios-minico-the-lord-of-the-rings-gollum,https://cobtsgkwcftvexaarwmo.supabase.co/storage/v1/object/public/public-assets/ml-sync/a9a747e7-7f56-43a1-b849-a0052c164f21-0-1779316337561.jpg,https://cobtsgkwcftvexaarwmo.supabase.co/storage/v1/object/public/public-assets/ml-sync/a9a747e7-7f56-43a1-b849-a0052c164f21-0-1779316337561.jpg,200,image/jpeg,JPEG,/storage/v1/object/public/public-assets/ml-sync/a9a747e7-7f56-43a1-b849-a0052c164f21-0-1779316337561.jpg,jpg,PASS,2900.00 UYU
f9f223c8-0c8f-4064-b710-15bedd53c4cc,"Freddy Krueger Ultimate Nightmare On Elm Street 2 Neca",freddy-krueger-ultimate-nightmare-on-elm-street-2-neca-4915,https://collectibles.uy/catalog-images/external/http2.mlstatic.com/D_736657-MLU48093731378_112021-O.jpg,https://collectibles.uy/catalog-images/external/http2.mlstatic.com/D_736657-MLU48093731378_112021-O.jpg,200,image/jpeg,JPEG,/catalog-images/external/http2.mlstatic.com/D_736657-MLU48093731378_112021-O.jpg,jpg,PASS,4990.00 UYU
cec9f724-7f35-49a7-a561-1137fd480810,"Funko Pop - Beavis &amp; Butt-head - Cornholio",funko-pop-beavis-butt-head-cornholio,https://cobtsgkwcftvexaarwmo.supabase.co/storage/v1/object/public/public-assets/ml-sync/cec9f724-7f35-49a7-a561-1137fd480810-0-1776871332208.jpg,https://cobtsgkwcftvexaarwmo.supabase.co/storage/v1/object/public/public-assets/ml-sync/cec9f724-7f35-49a7-a561-1137fd480810-0-1776871332208.jpg,200,image/jpeg,JPEG,/storage/v1/object/public/public-assets/ml-sync/cec9f724-7f35-49a7-a561-1137fd480810-0-1776871332208.jpg,jpg,PASS,1090.00 UYU
14b61796-9c73-4643-b8d7-05d132c72fa3,"Bioworld Calcetines Casuales Para Adultos Five Nights At Color Diseño De La Tela Talle",bioworld-calcetines-casuales-para-adultos-five-nights-at-color-diseno-de-la-tela-talle,https://cobtsgkwcftvexaarwmo.supabase.co/storage/v1/object/public/public-assets/ml-sync/14b61796-9c73-4643-b8d7-05d132c72fa3-0-1776871077251.jpg,https://cobtsgkwcftvexaarwmo.supabase.co/storage/v1/object/public/public-assets/ml-sync/14b61796-9c73-4643-b8d7-05d132c72fa3-0-1776871077251.jpg,200,image/jpeg,JPEG,/storage/v1/object/public/public-assets/ml-sync/14b61796-9c73-4643-b8d7-05d132c72fa3-0-1776871077251.jpg,jpg,PASS,59.00 UYU
a5408c3e-cd73-490e-bb1c-508e20dcc670,"Star Wars! Body Logos",star-wars-body-logos,https://cobtsgkwcftvexaarwmo.supabase.co/storage/v1/object/public/public-assets/ml-sync/a5408c3e-cd73-490e-bb1c-508e20dcc670-0-1779316682718.jpg,https://cobtsgkwcftvexaarwmo.supabase.co/storage/v1/object/public/public-assets/ml-sync/a5408c3e-cd73-490e-bb1c-508e20dcc670-0-1779316682718.jpg,200,image/jpeg,JPEG,/storage/v1/object/public/public-assets/ml-sync/a5408c3e-cd73-490e-bb1c-508e20dcc670-0-1779316682718.jpg,jpg,PASS,990.00 UYU
15fcfd7f-51e5-4dbe-903b-6a980d2b2e57,"Wolverine Secret Wars Marvel Legends Hasbro",wolverine-secret-wars-marvel-legends-hasbro-pme2m,https://cobtsgkwcftvexaarwmo.supabase.co/storage/v1/object/public/public-assets/vendors/61a48094-7453-4b7f-9563-e51f184832f9/ml-curation/15fcfd7f-51e5-4dbe-903b-6a980d2b2e57-main.jpg,https://cobtsgkwcftvexaarwmo.supabase.co/storage/v1/object/public/public-assets/vendors/61a48094-7453-4b7f-9563-e51f184832f9/ml-curation/15fcfd7f-51e5-4dbe-903b-6a980d2b2e57-main.jpg,200,image/jpeg,JPEG,/storage/v1/object/public/public-assets/vendors/61a48094-7453-4b7f-9563-e51f184832f9/ml-curation/15fcfd7f-51e5-4dbe-903b-6a980d2b2e57-main.jpg,jpg,PASS,3990.00 UYU
2124500f-010c-490d-936b-95752b063b29,"MINECRAFT! LLAVERO CREEPER 2.5 MONJANG STUDIO",minecraft-llavero-creeper-2-5-monjang-studio,https://cobtsgkwcftvexaarwmo.supabase.co/storage/v1/object/public/public-assets/1786388924814-minecraft-creeper.jpg,https://cobtsgkwcftvexaarwmo.supabase.co/storage/v1/object/public/public-assets/1786388924814-minecraft-creeper.jpg,200,image/jpeg,JPEG,/storage/v1/object/public/public-assets/1786388924814-minecraft-creeper.jpg,jpg,PASS,390.00 UYU
354dcd05-a3ce-4a0e-a4a3-75863e0ea739,"Power Rangers Card Game Idioma Inglés Power Ranger",power-rangers-card-game-idioma-ingles-power-ranger,https://cobtsgkwcftvexaarwmo.supabase.co/storage/v1/object/public/public-assets/ml-sync/354dcd05-a3ce-4a0e-a4a3-75863e0ea739-0-1776871138044.jpg,https://cobtsgkwcftvexaarwmo.supabase.co/storage/v1/object/public/public-assets/ml-sync/354dcd05-a3ce-4a0e-a4a3-75863e0ea739-0-1776871138044.jpg,200,image/jpeg,JPEG,/storage/v1/object/public/public-assets/ml-sync/354dcd05-a3ce-4a0e-a4a3-75863e0ea739-0-1776871138044.jpg,jpg,PASS,450.00 UYU
d606f5ce-a628-45e2-a9d8-b87ec437ad73,"Harry Potter! Set de Accesorios para el cabello Slytherin ",harry-potter-set-de-accesorios-para-el-cabello-slytherin,https://cobtsgkwcftvexaarwmo.supabase.co/storage/v1/object/public/public-assets/ml-sync/d606f5ce-a628-45e2-a9d8-b87ec437ad73-0-1776871269285.jpg,https://cobtsgkwcftvexaarwmo.supabase.co/storage/v1/object/public/public-assets/ml-sync/d606f5ce-a628-45e2-a9d8-b87ec437ad73-0-1776871269285.jpg,200,image/jpeg,JPEG,/storage/v1/object/public/public-assets/ml-sync/d606f5ce-a628-45e2-a9d8-b87ec437ad73-0-1776871269285.jpg,jpg,PASS,590.00 UYU
4b8c4fde-b922-4621-beb9-37f7633aec9b,"Peter B. Parker Spiderman Across Spider-verse Marvel Legends",peter-b-parker-spiderman-across-spider-verse-marvel-legends-b8ssx,https://cobtsgkwcftvexaarwmo.supabase.co/storage/v1/object/public/public-assets/vendors/61a48094-7453-4b7f-9563-e51f184832f9/ml-curation/4b8c4fde-b922-4621-beb9-37f7633aec9b-main.jpg,https://cobtsgkwcftvexaarwmo.supabase.co/storage/v1/object/public/public-assets/vendors/61a48094-7453-4b7f-9563-e51f184832f9/ml-curation/4b8c4fde-b922-4621-beb9-37f7633aec9b-main.jpg,200,image/jpeg,JPEG,/storage/v1/object/public/public-assets/vendors/61a48094-7453-4b7f-9563-e51f184832f9/ml-curation/4b8c4fde-b922-4621-beb9-37f7633aec9b-main.jpg,jpg,PASS,3990.00 UYU
c6ec2c59-1b65-4c56-ba29-61b3570f1df2,"Harry Potter! Cuaderno - Ravenclaw ",harry-potter-cuaderno-ravenclaw,https://cobtsgkwcftvexaarwmo.supabase.co/storage/v1/object/public/public-assets/ml-sync/c6ec2c59-1b65-4c56-ba29-61b3570f1df2-0-1776871044771.jpg,https://cobtsgkwcftvexaarwmo.supabase.co/storage/v1/object/public/public-assets/ml-sync/c6ec2c59-1b65-4c56-ba29-61b3570f1df2-0-1776871044771.jpg,200,image/jpeg,JPEG,/storage/v1/object/public/public-assets/ml-sync/c6ec2c59-1b65-4c56-ba29-61b3570f1df2-0-1776871044771.jpg,jpg,PASS,590.00 UYU
3c33fa77-26f6-40af-8f56-f9ddbb49c294,"Banshee Gambit Psylocke X-men Marvel Legends Hasbro",banshee-gambit-psylocke-x-men-marvel-legends-hasbro-atw1r,https://cobtsgkwcftvexaarwmo.supabase.co/storage/v1/object/public/public-assets/vendors/61a48094-7453-4b7f-9563-e51f184832f9/ml-curation/3c33fa77-26f6-40af-8f56-f9ddbb49c294-main.jpg,https://cobtsgkwcftvexaarwmo.supabase.co/storage/v1/object/public/public-assets/vendors/61a48094-7453-4b7f-9563-e51f184832f9/ml-curation/3c33fa77-26f6-40af-8f56-f9ddbb49c294-main.jpg,200,image/jpeg,JPEG,/storage/v1/object/public/public-assets/vendors/61a48094-7453-4b7f-9563-e51f184832f9/ml-curation/3c33fa77-26f6-40af-8f56-f9ddbb49c294-main.jpg,jpg,PASS,9900.00 UYU
33ff3aaf-226b-4d46-ac60-16e83d51e7e4,"CAJA DE 104 SOBRES DE FIGURITAS MUNDIAL 2026",10-sobres-de-figuritas-mundial-2026--copia-6926-copia-8343-copia-2101-copia-7064,https://cobtsgkwcftvexaarwmo.supabase.co/storage/v1/object/public/public-assets/1779846166234-104-sobresmundial2026.jpg,https://cobtsgkwcftvexaarwmo.supabase.co/storage/v1/object/public/public-assets/1779846166234-104-sobresmundial2026.jpg,200,image/jpeg,JPEG,/storage/v1/object/public/public-assets/1779846166234-104-sobresmundial2026.jpg,jpg,PASS,6100.00 UYU
25c934c4-203e-4828-bfbd-b04d866af2db,"Masters of the Universe Origins - Espada de Poder 42,5cm",masters-of-the-universe-origins-figura-de-acci-n-200x-principe-adam--copia-6812-copia-4004-copia-4679,https://cobtsgkwcftvexaarwmo.supabase.co/storage/v1/object/public/public-assets/1780262869354-hemanespada.jpg,https://cobtsgkwcftvexaarwmo.supabase.co/storage/v1/object/public/public-assets/1780262869354-hemanespada.jpg,200,image/jpeg,JPEG,/storage/v1/object/public/public-assets/1780262869354-hemanespada.jpg,jpg,PASS,1750.00 UYU
0ba76988-5c86-4e04-9d6d-df17903696a8,"Majorette! Showroom - GMC Hummer EV (Deluxe)",majorette-showroom-gmc-hummer-ev-deluxe-,https://cobtsgkwcftvexaarwmo.supabase.co/storage/v1/object/public/public-assets/1779913267032-mesa-de-trabajo-10.png,https://cobtsgkwcftvexaarwmo.supabase.co/storage/v1/object/public/public-assets/1779913267032-mesa-de-trabajo-10.png,200,image/png,PNG,/storage/v1/object/public/public-assets/1779913267032-mesa-de-trabajo-10.png,png,PASS,479.00 UYU
65094761-00dc-4575-9a57-9a93387d7eee,"Majorette! The Originals - Volkswagen Golf Deluxe",majorette-the-originals-volkswagen-golf-deluxe-,https://cobtsgkwcftvexaarwmo.supabase.co/storage/v1/object/public/public-assets/1779910594531-mesa-de-trabajo-1.png,https://cobtsgkwcftvexaarwmo.supabase.co/storage/v1/object/public/public-assets/1779910594531-mesa-de-trabajo-1.png,200,image/png,PNG,/storage/v1/object/public/public-assets/1779910594531-mesa-de-trabajo-1.png,png,PASS,499.00 UYU
e62a88cc-6f67-42d0-9e1a-98bd872f0296,"MINECRAFT! LLAVERO OBEJA 2.5 MONJANG STUDIO",minecraft-llavero-obeja-2-5-monjang-studio,https://cobtsgkwcftvexaarwmo.supabase.co/storage/v1/object/public/public-assets/1786390074853-minecraft-obeja.jpg,https://cobtsgkwcftvexaarwmo.supabase.co/storage/v1/object/public/public-assets/1786390074853-minecraft-obeja.jpg,200,image/jpeg,JPEG,/storage/v1/object/public/public-assets/1786390074853-minecraft-obeja.jpg,jpg,PASS,390.00 UYU
910af7c9-cb2d-4ba5-a2f5-52017ee945d8,"Majorette! Auto De Metal Exclusive Edition Seri",majorette-auto-de-metal-exclusive-edition-seri,https://cobtsgkwcftvexaarwmo.supabase.co/storage/v1/object/public/public-assets/ml-sync/910af7c9-cb2d-4ba5-a2f5-52017ee945d8-0-1776871086127.jpg,https://cobtsgkwcftvexaarwmo.supabase.co/storage/v1/object/public/public-assets/ml-sync/910af7c9-cb2d-4ba5-a2f5-52017ee945d8-0-1776871086127.jpg,200,image/jpeg,JPEG,/storage/v1/object/public/public-assets/ml-sync/910af7c9-cb2d-4ba5-a2f5-52017ee945d8-0-1776871086127.jpg,jpg,PASS,270.00 UYU
15632ad5-6aac-45ac-8992-c74de6538b02,"Peluche Gashouse Infected",peluche-gashouse-infected,https://cobtsgkwcftvexaarwmo.supabase.co/storage/v1/object/public/public-assets/ml-sync/15632ad5-6aac-45ac-8992-c74de6538b02-0-1779316051317.jpg,https://cobtsgkwcftvexaarwmo.supabase.co/storage/v1/object/public/public-assets/ml-sync/15632ad5-6aac-45ac-8992-c74de6538b02-0-1779316051317.jpg,200,image/jpeg,JPEG,/storage/v1/object/public/public-assets/ml-sync/15632ad5-6aac-45ac-8992-c74de6538b02-0-1779316051317.jpg,jpg,PASS,895.00 UYU
e3424dff-deec-4fca-bceb-2cb35a77c5bd,"Funko Pop! Fortnite Llavero Highrise Assault Trooper Verde",funko-pop-fortnite-llavero-highrise-assault-trooper-verde,https://cobtsgkwcftvexaarwmo.supabase.co/storage/v1/object/public/public-assets/ml-sync/e3424dff-deec-4fca-bceb-2cb35a77c5bd-0-1776871145967.jpg,https://cobtsgkwcftvexaarwmo.supabase.co/storage/v1/object/public/public-assets/ml-sync/e3424dff-deec-4fca-bceb-2cb35a77c5bd-0-1776871145967.jpg,200,image/jpeg,JPEG,/storage/v1/object/public/public-assets/ml-sync/e3424dff-deec-4fca-bceb-2cb35a77c5bd-0-1776871145967.jpg,jpg,PASS,490.00 UYU
12da65bf-5165-4fa5-b298-532541aca21b,"Kurosaki Ichigo Bleach Dasin Model",kurosaki-ichigo-bleach-dasin-model-7701,https://collectibles.uy/catalog-images/external/http2.mlstatic.com/D_632383-MLU69862218385_062023-O.jpg,https://collectibles.uy/catalog-images/external/http2.mlstatic.com/D_632383-MLU69862218385_062023-O.jpg,200,image/jpeg,JPEG,/catalog-images/external/http2.mlstatic.com/D_632383-MLU69862218385_062023-O.jpg,jpg,PASS,5990.00 UYU
0493e3c6-3650-49ee-bffb-88b192354fbf,"Kuromi Juguetes De Peluche Almohada De Gato De Peluche Color",kuromi-juguetes-de-peluche-almohada-de-gato-de-peluche-color,https://cobtsgkwcftvexaarwmo.supabase.co/storage/v1/object/public/public-assets/ml-sync/0493e3c6-3650-49ee-bffb-88b192354fbf-0-1776871067900.jpg,https://cobtsgkwcftvexaarwmo.supabase.co/storage/v1/object/public/public-assets/ml-sync/0493e3c6-3650-49ee-bffb-88b192354fbf-0-1776871067900.jpg,200,image/jpeg,JPEG,/storage/v1/object/public/public-assets/ml-sync/0493e3c6-3650-49ee-bffb-88b192354fbf-0-1776871067900.jpg,jpg,PASS,56.02 UYU
553d0c0c-651e-4f47-8faa-e9ddf6942207,"Funko Pop! Squid Game - Ali 199",funko-pop-squid-game-ali-199,https://cobtsgkwcftvexaarwmo.supabase.co/storage/v1/object/public/public-assets/ml-sync/553d0c0c-651e-4f47-8faa-e9ddf6942207-0-1776870656437.jpg,https://cobtsgkwcftvexaarwmo.supabase.co/storage/v1/object/public/public-assets/ml-sync/553d0c0c-651e-4f47-8faa-e9ddf6942207-0-1776870656437.jpg,200,image/jpeg,JPEG,/storage/v1/object/public/public-assets/ml-sync/553d0c0c-651e-4f47-8faa-e9ddf6942207-0-1776870656437.jpg,jpg,PASS,790.00 UYU
3eb86ea2-5c7a-4bbf-9c05-24caf3a9f426,"Figura Supergirl Alajero",figura-supergirl-alajero,https://cobtsgkwcftvexaarwmo.supabase.co/storage/v1/object/public/public-assets/ml-sync/3eb86ea2-5c7a-4bbf-9c05-24caf3a9f426-0-1776870638648.jpg,https://cobtsgkwcftvexaarwmo.supabase.co/storage/v1/object/public/public-assets/ml-sync/3eb86ea2-5c7a-4bbf-9c05-24caf3a9f426-0-1776870638648.jpg,200,image/jpeg,JPEG,/storage/v1/object/public/public-assets/ml-sync/3eb86ea2-5c7a-4bbf-9c05-24caf3a9f426-0-1776870638648.jpg,jpg,PASS,1500.00 UYU
13a26ff7-e751-49ae-9f33-926a4052ad7e,"Crooked Man Ultimate The Conjuring Universe Neca",crooked-man-ultimate-the-conjuring-universe-neca-7272,https://collectibles.uy/catalog-images/external/http2.mlstatic.com/D_983633-MLU45574948716_042021-O.jpg,https://collectibles.uy/catalog-images/external/http2.mlstatic.com/D_983633-MLU45574948716_042021-O.jpg,200,image/jpeg,JPEG,/catalog-images/external/http2.mlstatic.com/D_983633-MLU45574948716_042021-O.jpg,jpg,PASS,3990.00 UYU
d1238830-5312-4a1d-aaa6-1f93b1cf343a,"Robocop 2 Mafex Medicom No.074",robocop-2-mafex-medicom-no-074-9746,https://collectibles.uy/catalog-images/external/http2.mlstatic.com/D_706033-MLU53324093771_012023-O.jpg,https://collectibles.uy/catalog-images/external/http2.mlstatic.com/D_706033-MLU53324093771_012023-O.jpg,200,image/jpeg,JPEG,/catalog-images/external/http2.mlstatic.com/D_706033-MLU53324093771_012023-O.jpg,jpg,PASS,9900.00 UYU
e13e5604-8f9a-4c03-a1d4-112c9531bf4a,"Darth Malak Star Wars The Black Series Hasbro",darth-malak-star-wars-the-black-series-hasbro-7390,https://collectibles.uy/catalog-images/external/http2.mlstatic.com/D_922250-MLU73928202599_012024-O.jpg,https://collectibles.uy/catalog-images/external/http2.mlstatic.com/D_922250-MLU73928202599_012024-O.jpg,200,image/jpeg,JPEG,/catalog-images/external/http2.mlstatic.com/D_922250-MLU73928202599_012024-O.jpg,jpg,PASS,4990.00 UYU
d73e44b0-da08-474b-971e-7800797004e1,"Yondu Guardians Of The Galaxy Marvel Legends Hasbro",yondu-guardians-of-the-galaxy-marvel-legends-hasbro-i2cre,https://cobtsgkwcftvexaarwmo.supabase.co/storage/v1/object/public/public-assets/vendors/61a48094-7453-4b7f-9563-e51f184832f9/ml-curation/d73e44b0-da08-474b-971e-7800797004e1-main.jpg,https://cobtsgkwcftvexaarwmo.supabase.co/storage/v1/object/public/public-assets/vendors/61a48094-7453-4b7f-9563-e51f184832f9/ml-curation/d73e44b0-da08-474b-971e-7800797004e1-main.jpg,200,image/jpeg,JPEG,/storage/v1/object/public/public-assets/vendors/61a48094-7453-4b7f-9563-e51f184832f9/ml-curation/d73e44b0-da08-474b-971e-7800797004e1-main.jpg,jpg,PASS,3990.00 UYU
bb93d20d-c013-4a9a-b322-28383ed277d5,"Funko Plush Marvel Luchadores Hulk El Furioso",funko-plush-marvel-luchadores-hulk-el-furioso,https://cobtsgkwcftvexaarwmo.supabase.co/storage/v1/object/public/public-assets/ml-sync/bb93d20d-c013-4a9a-b322-28383ed277d5-0-1776871123252.jpg,https://cobtsgkwcftvexaarwmo.supabase.co/storage/v1/object/public/public-assets/ml-sync/bb93d20d-c013-4a9a-b322-28383ed277d5-0-1776871123252.jpg,200,image/jpeg,JPEG,/storage/v1/object/public/public-assets/ml-sync/bb93d20d-c013-4a9a-b322-28383ed277d5-0-1776871123252.jpg,jpg,PASS,1100.00 UYU
0075d511-b1a6-44ac-ac2a-9bd7bd99863b,"Tifa Final Fantasy Advent Children Square Enix Play Arts Kai",tifa-final-fantasy-advent-children-square-enix-play-arts-kai-8606,https://collectibles.uy/catalog-images/external/http2.mlstatic.com/D_927142-MLU53553301134_012023-O.jpg,https://collectibles.uy/catalog-images/external/http2.mlstatic.com/D_927142-MLU53553301134_012023-O.jpg,200,image/jpeg,JPEG,/catalog-images/external/http2.mlstatic.com/D_927142-MLU53553301134_012023-O.jpg,jpg,PASS,9900.00 UYU
d9b496bb-a9e0-4cb8-94a7-e409ef86e14f,"Majorette! The Originals - Volkswagen Deluxe",majorette-the-originals-volkswagen-deluxe,https://cobtsgkwcftvexaarwmo.supabase.co/storage/v1/object/public/public-assets/ml-sync/d9b496bb-a9e0-4cb8-94a7-e409ef86e14f-0-1776871086126.jpg,https://cobtsgkwcftvexaarwmo.supabase.co/storage/v1/object/public/public-assets/ml-sync/d9b496bb-a9e0-4cb8-94a7-e409ef86e14f-0-1776871086126.jpg,200,image/jpeg,JPEG,/storage/v1/object/public/public-assets/ml-sync/d9b496bb-a9e0-4cb8-94a7-e409ef86e14f-0-1776871086126.jpg,jpg,PASS,499.00 UYU
c7274a25-e7fa-4790-974d-17d54216c817,"Jango Fett Star Wars Attack Of The Clones Figuarts Bandai",jango-fett-star-wars-attack-of-the-clones-figuarts-bandai-1664,https://collectibles.uy/catalog-images/external/http2.mlstatic.com/D_764034-MLU53308206634_012023-O.jpg,https://collectibles.uy/catalog-images/external/http2.mlstatic.com/D_764034-MLU53308206634_012023-O.jpg,200,image/jpeg,JPEG,/catalog-images/external/http2.mlstatic.com/D_764034-MLU53308206634_012023-O.jpg,jpg,PASS,4990.00 UYU
9978c92f-2d33-476c-a9c2-945e406e4f73,"Peluche So So Happy Lucky Blanco",peluche-so-so-happy-lucky-blanco,https://cobtsgkwcftvexaarwmo.supabase.co/storage/v1/object/public/public-assets/ml-sync/9978c92f-2d33-476c-a9c2-945e406e4f73-0-1776871158809.jpg,https://cobtsgkwcftvexaarwmo.supabase.co/storage/v1/object/public/public-assets/ml-sync/9978c92f-2d33-476c-a9c2-945e406e4f73-0-1776871158809.jpg,200,image/jpeg,JPEG,/storage/v1/object/public/public-assets/ml-sync/9978c92f-2d33-476c-a9c2-945e406e4f73-0-1776871158809.jpg,jpg,PASS,650.00 UYU
e91667c8-032c-4be7-9448-3af0b1a9b944,"Green Goblin Spiderman No Way Home Marvel Legends Hasbro",green-goblin-spiderman-no-way-home-marvel-legends-hasbro-nswvb,https://cobtsgkwcftvexaarwmo.supabase.co/storage/v1/object/public/public-assets/vendors/61a48094-7453-4b7f-9563-e51f184832f9/ml-curation/e91667c8-032c-4be7-9448-3af0b1a9b944-main.jpg,https://cobtsgkwcftvexaarwmo.supabase.co/storage/v1/object/public/public-assets/vendors/61a48094-7453-4b7f-9563-e51f184832f9/ml-curation/e91667c8-032c-4be7-9448-3af0b1a9b944-main.jpg,200,image/jpeg,JPEG,/storage/v1/object/public/public-assets/vendors/61a48094-7453-4b7f-9563-e51f184832f9/ml-curation/e91667c8-032c-4be7-9448-3af0b1a9b944-main.jpg,jpg,PASS,9990.00 UYU
a418cd9a-2aa0-4cf5-9c4f-fc532c262b16,"Masters Of The Universe Origins! Fisto",masters-of-the-universe-origins-fisto,https://cobtsgkwcftvexaarwmo.supabase.co/storage/v1/object/public/public-assets/ml-sync/a418cd9a-2aa0-4cf5-9c4f-fc532c262b16-0-1779316184931.jpg,https://cobtsgkwcftvexaarwmo.supabase.co/storage/v1/object/public/public-assets/ml-sync/a418cd9a-2aa0-4cf5-9c4f-fc532c262b16-0-1779316184931.jpg,200,image/jpeg,JPEG,/storage/v1/object/public/public-assets/ml-sync/a418cd9a-2aa0-4cf5-9c4f-fc532c262b16-0-1779316184931.jpg,jpg,PASS,1450.00 UYU
2eb05cd9-b532-4f36-aee4-a325a772eb14,"Faun Pan´s Labirinth Signature Collection Neca",faun-pan-s-labirinth-signature-collection-neca-3184,https://collectibles.uy/catalog-images/external/http2.mlstatic.com/D_775774-MLU45574698002_042021-O.jpg,https://collectibles.uy/catalog-images/external/http2.mlstatic.com/D_775774-MLU45574698002_042021-O.jpg,200,image/jpeg,JPEG,/catalog-images/external/http2.mlstatic.com/D_775774-MLU45574698002_042021-O.jpg,jpg,PASS,4990.00 UYU
c3fd4fa8-571a-42ac-8ec4-8fab88b15f1f,"Funko Pop! Frosted Flakes - Tony The Tiger",funko-pop-frosted-flakes-tony-the-tiger,https://cobtsgkwcftvexaarwmo.supabase.co/storage/v1/object/public/public-assets/ml-sync/c3fd4fa8-571a-42ac-8ec4-8fab88b15f1f-0-1776871342419.jpg,https://cobtsgkwcftvexaarwmo.supabase.co/storage/v1/object/public/public-assets/ml-sync/c3fd4fa8-571a-42ac-8ec4-8fab88b15f1f-0-1776871342419.jpg,200,image/jpeg,JPEG,/storage/v1/object/public/public-assets/ml-sync/c3fd4fa8-571a-42ac-8ec4-8fab88b15f1f-0-1776871342419.jpg,jpg,PASS,2890.00 UYU
2ef625b6-4340-4ff3-b4aa-f3851129ef24,"Superman Red Son Dc Mezco One:12 Px Exclusive",superman-red-son-dc-mezco-one-12-px-exclusive-5495,https://collectibles.uy/catalog-images/external/http2.mlstatic.com/D_777419-MLU69894468088_062023-O.jpg,https://collectibles.uy/catalog-images/external/http2.mlstatic.com/D_777419-MLU69894468088_062023-O.jpg,200,image/jpeg,JPEG,/catalog-images/external/http2.mlstatic.com/D_777419-MLU69894468088_062023-O.jpg,jpg,PASS,9900.00 UYU
88b1150c-6260-45d4-a8e7-ff8fbb582ac5,"Masters Of The Universe Origins - Clamp Champ",masters-of-the-universe-origins-clamp-champ,https://cobtsgkwcftvexaarwmo.supabase.co/storage/v1/object/public/public-assets/ml-sync/88b1150c-6260-45d4-a8e7-ff8fbb582ac5-0-1779316099528.jpg,https://cobtsgkwcftvexaarwmo.supabase.co/storage/v1/object/public/public-assets/ml-sync/88b1150c-6260-45d4-a8e7-ff8fbb582ac5-0-1779316099528.jpg,200,image/jpeg,JPEG,/storage/v1/object/public/public-assets/ml-sync/88b1150c-6260-45d4-a8e7-ff8fbb582ac5-0-1779316099528.jpg,jpg,PASS,1073.00 UYU
9c58cbcb-c014-4733-af6f-4d1cf042b7d9,"Red Mighty Morphin Power Rangers Vhs Hasbro",red-mighty-morphin-power-rangers-vhs-hasbro-1602,https://collectibles.uy/catalog-images/external/http2.mlstatic.com/D_858026-MLU54227356816_032023-O.jpg,https://collectibles.uy/catalog-images/external/http2.mlstatic.com/D_858026-MLU54227356816_032023-O.jpg,200,image/jpeg,JPEG,/catalog-images/external/http2.mlstatic.com/D_858026-MLU54227356816_032023-O.jpg,jpg,PASS,3990.00 UYU
722d6033-8e45-4159-b171-b9cfa6ce0221,"Figura De Acción The Mandalorian Beskar Army E9358 De Hasbro The Black Series",figura-de-acci-n-the-mandalorian-beskar-army-e9358-de-hasbro-the-black-series-3115,https://collectibles.uy/catalog-images/external/http2.mlstatic.com/D_673884-MLA95609725403_102025-O.jpg,https://collectibles.uy/catalog-images/external/http2.mlstatic.com/D_673884-MLA95609725403_102025-O.jpg,200,image/jpeg,JPEG,/catalog-images/external/http2.mlstatic.com/D_673884-MLA95609725403_102025-O.jpg,jpg,PASS,3990.00 UYU
236bf790-6853-48f4-a55d-000a3ff71445,"Star Wars! Camiseta Bebé Estampada Luke Skywalker",star-wars-camiseta-bebe-estampada-luke-skywalker,https://cobtsgkwcftvexaarwmo.supabase.co/storage/v1/object/public/public-assets/ml-sync/236bf790-6853-48f4-a55d-000a3ff71445-0-1779316692171.jpg,https://cobtsgkwcftvexaarwmo.supabase.co/storage/v1/object/public/public-assets/ml-sync/236bf790-6853-48f4-a55d-000a3ff71445-0-1779316692171.jpg,200,image/jpeg,JPEG,/storage/v1/object/public/public-assets/ml-sync/236bf790-6853-48f4-a55d-000a3ff71445-0-1779316692171.jpg,jpg,PASS,150.00 UYU
0ac49b80-e75d-47a3-99ee-182aaf2f86e2,"Body Oficios Bombero Rojo Y Amarillo 18 Meses",body-oficios-bombero-rojo-y-amarillo-18-meses,https://cobtsgkwcftvexaarwmo.supabase.co/storage/v1/object/public/public-assets/ml-sync/0ac49b80-e75d-47a3-99ee-182aaf2f86e2-0-1779316436026.jpg,https://cobtsgkwcftvexaarwmo.supabase.co/storage/v1/object/public/public-assets/ml-sync/0ac49b80-e75d-47a3-99ee-182aaf2f86e2-0-1779316436026.jpg,200,image/jpeg,JPEG,/storage/v1/object/public/public-assets/ml-sync/0ac49b80-e75d-47a3-99ee-182aaf2f86e2-0-1779316436026.jpg,jpg,PASS,990.00 UYU
3a942325-0e4e-4f92-848a-c3501bc06c39,"Funko Pop! Alien Romulus - Andy ",funko-pop-alien-romulus-andy,https://cobtsgkwcftvexaarwmo.supabase.co/storage/v1/object/public/public-assets/ml-sync/3a942325-0e4e-4f92-848a-c3501bc06c39-0-1776871053562.jpg,https://cobtsgkwcftvexaarwmo.supabase.co/storage/v1/object/public/public-assets/ml-sync/3a942325-0e4e-4f92-848a-c3501bc06c39-0-1776871053562.jpg,200,image/jpeg,JPEG,/storage/v1/object/public/public-assets/ml-sync/3a942325-0e4e-4f92-848a-c3501bc06c39-0-1776871053562.jpg,jpg,PASS,1090.00 UYU
aa81f27b-4780-408d-99ba-f7f552e2566c,"Peluche Bob Esponja Glow Pals - Patricio",peluche-bob-esponja-glow-pals-patricio,https://cobtsgkwcftvexaarwmo.supabase.co/storage/v1/object/public/public-assets/1779817816234-bobesponjapatricio.jpg,https://cobtsgkwcftvexaarwmo.supabase.co/storage/v1/object/public/public-assets/1779817816234-bobesponjapatricio.jpg,200,image/jpeg,JPEG,/storage/v1/object/public/public-assets/1779817816234-bobesponjapatricio.jpg,jpg,PASS,590.00 UYU
8a0bbeaf-3b67-4bce-a7e9-b876b8408636,"Funko Pop! Wandavision - Monica Rambeu",funko-pop-wandavision-monica-rambeu,https://cobtsgkwcftvexaarwmo.supabase.co/storage/v1/object/public/public-assets/ml-sync/8a0bbeaf-3b67-4bce-a7e9-b876b8408636-0-1779316631234.jpg,https://cobtsgkwcftvexaarwmo.supabase.co/storage/v1/object/public/public-assets/ml-sync/8a0bbeaf-3b67-4bce-a7e9-b876b8408636-0-1779316631234.jpg,200,image/jpeg,JPEG,/storage/v1/object/public/public-assets/ml-sync/8a0bbeaf-3b67-4bce-a7e9-b876b8408636-0-1779316631234.jpg,jpg,PASS,990.00 UYU
85f56f69-4f07-4ba6-97db-eb8b328ae429,"Ironhide Transformers The Movie Core Class Hasbro",ironhide-transformers-the-movie-core-class-hasbro-6533,https://collectibles.uy/catalog-images/external/http2.mlstatic.com/D_790343-MLU73051191934_112023-O.jpg,https://collectibles.uy/catalog-images/external/http2.mlstatic.com/D_790343-MLU73051191934_112023-O.jpg,200,image/jpeg,JPEG,/catalog-images/external/http2.mlstatic.com/D_790343-MLU73051191934_112023-O.jpg,jpg,PASS,1990.00 UYU
032d7d43-6e6a-4454-b2fb-a5ae245cdfa8,"Qui-gon Jinn Star Wars The Phantom Menace Figuarts",qui-gon-jinn-star-wars-the-phantom-menace-figuarts-2573,https://collectibles.uy/catalog-images/external/http2.mlstatic.com/D_837512-MLU69845459446_062023-O.jpg,https://collectibles.uy/catalog-images/external/http2.mlstatic.com/D_837512-MLU69845459446_062023-O.jpg,200,image/jpeg,JPEG,/catalog-images/external/http2.mlstatic.com/D_837512-MLU69845459446_062023-O.jpg,jpg,PASS,19900.00 UYU
15db5dbc-8596-4445-933b-4cfc92c9a8d4,"Plushies! Toki Doki Pexie Unicorno (small)",plushies-toki-doki-pexie-unicorno-small,https://cobtsgkwcftvexaarwmo.supabase.co/storage/v1/object/public/public-assets/ml-sync/15db5dbc-8596-4445-933b-4cfc92c9a8d4-0-1776870806769.jpg,https://cobtsgkwcftvexaarwmo.supabase.co/storage/v1/object/public/public-assets/ml-sync/15db5dbc-8596-4445-933b-4cfc92c9a8d4-0-1776870806769.jpg,200,image/jpeg,JPEG,/storage/v1/object/public/public-assets/ml-sync/15db5dbc-8596-4445-933b-4cfc92c9a8d4-0-1776870806769.jpg,jpg,PASS,965.00 UYU
4b63f20b-be6d-44f1-8c23-3985551d5482,"Spawn Mortal Kombat Mcfarlane",spawn-mortal-kombat-mcfarlane-7711,https://collectibles.uy/catalog-images/external/http2.mlstatic.com/D_994967-MLU51583979842_092022-O.jpg,https://collectibles.uy/catalog-images/external/http2.mlstatic.com/D_994967-MLU51583979842_092022-O.jpg,200,image/jpeg,JPEG,/catalog-images/external/http2.mlstatic.com/D_994967-MLU51583979842_092022-O.jpg,jpg,PASS,5990.00 UYU
6cf21c76-74b2-4fba-9c3e-d07874719986,"The Spot Spiderman Across Spider-verse Marvel Legends",the-spot-spiderman-across-spider-verse-marvel-legends-9jc68,https://cobtsgkwcftvexaarwmo.supabase.co/storage/v1/object/public/public-assets/vendors/61a48094-7453-4b7f-9563-e51f184832f9/ml-curation/6cf21c76-74b2-4fba-9c3e-d07874719986-main.jpg,https://cobtsgkwcftvexaarwmo.supabase.co/storage/v1/object/public/public-assets/vendors/61a48094-7453-4b7f-9563-e51f184832f9/ml-curation/6cf21c76-74b2-4fba-9c3e-d07874719986-main.jpg,200,image/jpeg,JPEG,/storage/v1/object/public/public-assets/vendors/61a48094-7453-4b7f-9563-e51f184832f9/ml-curation/6cf21c76-74b2-4fba-9c3e-d07874719986-main.jpg,jpg,PASS,3990.00 UYU
4732f2b0-ad5b-4b60-b028-0ea773e52984,"Funko Pop! Spy X Family! Yor Forger",funko-pop-spy-x-family-yor-forger,https://cobtsgkwcftvexaarwmo.supabase.co/storage/v1/object/public/public-assets/ml-sync/4732f2b0-ad5b-4b60-b028-0ea773e52984-0-1776871259143.jpg,https://cobtsgkwcftvexaarwmo.supabase.co/storage/v1/object/public/public-assets/ml-sync/4732f2b0-ad5b-4b60-b028-0ea773e52984-0-1776871259143.jpg,200,image/jpeg,JPEG,/storage/v1/object/public/public-assets/ml-sync/4732f2b0-ad5b-4b60-b028-0ea773e52984-0-1776871259143.jpg,jpg,PASS,1090.00 UYU
42aa714c-e1ac-4734-b820-71a81bf17675,"Lightning Final Fantasy 13 Square Enix Play Arts Kai",lightning-final-fantasy-13-square-enix-play-arts-kai-1043,https://collectibles.uy/catalog-images/external/http2.mlstatic.com/D_903894-MLU74782913835_022024-O.jpg,https://collectibles.uy/catalog-images/external/http2.mlstatic.com/D_903894-MLU74782913835_022024-O.jpg,200,image/jpeg,JPEG,/catalog-images/external/http2.mlstatic.com/D_903894-MLU74782913835_022024-O.jpg,jpg,PASS,4990.00 UYU
3ac8e6ab-3412-49b5-971d-45afcf20ccbd,"Guts Black Swordsman Ver. Figma 120",guts-black-swordsman-ver--figma-120-1738,https://collectibles.uy/catalog-images/external/http2.mlstatic.com/D_705384-MLU53358997138_012023-O.jpg,https://collectibles.uy/catalog-images/external/http2.mlstatic.com/D_705384-MLU53358997138_012023-O.jpg,200,image/jpeg,JPEG,/catalog-images/external/http2.mlstatic.com/D_705384-MLU53358997138_012023-O.jpg,jpg,PASS,19900.00 UYU
73b8866e-12d3-4fc9-99a9-376dbcf4a327,"Hades Saint Cloth Myth Ex Metal Bandai",hades-saint-cloth-myth-ex-metal-bandai-1126,https://collectibles.uy/catalog-images/external/http2.mlstatic.com/D_829811-MLU53321948022_012023-O.jpg,https://collectibles.uy/catalog-images/external/http2.mlstatic.com/D_829811-MLU53321948022_012023-O.jpg,200,image/jpeg,JPEG,/catalog-images/external/http2.mlstatic.com/D_829811-MLU53321948022_012023-O.jpg,jpg,PASS,29900.00 UYU
8fdb8971-6be7-41b6-a797-101b135539c0,"Mega Man Rockman X D-arts Bandai",mega-man-rockman-x-d-arts-bandai-1971,https://collectibles.uy/catalog-images/external/http2.mlstatic.com/D_948246-MLU53321779632_012023-O.jpg,https://collectibles.uy/catalog-images/external/http2.mlstatic.com/D_948246-MLU53321779632_012023-O.jpg,200,image/jpeg,JPEG,/catalog-images/external/http2.mlstatic.com/D_948246-MLU53321779632_012023-O.jpg,jpg,PASS,9900.00 UYU
ede51433-6261-447c-a474-f1272404596a,"Shao Kahn Mortal Kombat 11 Mcfarlane",shao-kahn-mortal-kombat-11-mcfarlane-8410,https://collectibles.uy/catalog-images/external/http2.mlstatic.com/D_680554-MLU51583965913_092022-O.jpg,https://collectibles.uy/catalog-images/external/http2.mlstatic.com/D_680554-MLU51583965913_092022-O.jpg,200,image/jpeg,JPEG,/catalog-images/external/http2.mlstatic.com/D_680554-MLU51583965913_092022-O.jpg,jpg,PASS,5990.00 UYU
58a8b29e-d515-410e-b158-361a9ae0f6b0,"Figura De Acción Darkseid Dc Multiverse Clásico Con Ultra Articulación Y Accesorios Mcfarlane Toys",figura-de-acci-n-darkseid-dc-multiverse-cl-sico-con-ultra-articulaci-n-y-accesorios-mcfarlane-toys-3532,https://collectibles.uy/catalog-images/external/http2.mlstatic.com/D_981383-MLA99526797050_122025-O.jpg,https://collectibles.uy/catalog-images/external/http2.mlstatic.com/D_981383-MLA99526797050_122025-O.jpg,200,image/jpeg,JPEG,/catalog-images/external/http2.mlstatic.com/D_981383-MLA99526797050_122025-O.jpg,jpg,PASS,7990.00 UYU
026ffcd1-9c65-498b-bac8-47676e942854,"Milu Living Dead Dolls Series 27 Mezco",milu-living-dead-dolls-series-27-mezco-9905,https://collectibles.uy/catalog-images/external/http2.mlstatic.com/D_882940-MLU45608913778_042021-O.jpg,https://collectibles.uy/catalog-images/external/http2.mlstatic.com/D_882940-MLU45608913778_042021-O.jpg,200,image/jpeg,JPEG,/catalog-images/external/http2.mlstatic.com/D_882940-MLU45608913778_042021-O.jpg,jpg,PASS,4990.00 UYU
691979e7-f632-48b2-8885-1e771b8c6add,"Alajero Wonder Woman DC DIRECT",alajero-wonder-woman-dc-direct,https://cobtsgkwcftvexaarwmo.supabase.co/storage/v1/object/public/public-assets/ml-sync/691979e7-f632-48b2-8885-1e771b8c6add-0-1779316057728.jpg,https://cobtsgkwcftvexaarwmo.supabase.co/storage/v1/object/public/public-assets/ml-sync/691979e7-f632-48b2-8885-1e771b8c6add-0-1779316057728.jpg,200,image/jpeg,JPEG,/storage/v1/object/public/public-assets/ml-sync/691979e7-f632-48b2-8885-1e771b8c6add-0-1779316057728.jpg,jpg,PASS,1900.00 UYU
11560518-cafe-4302-b297-edec56e075b4,"Slash Tortugas Ninja Turtles Playmates Mutant Module",slash-tortugas-ninja-turtles-playmates-mutant-module-6185,https://collectibles.uy/catalog-images/external/http2.mlstatic.com/D_848747-MLU47196298712_082021-O.jpg,https://collectibles.uy/catalog-images/external/http2.mlstatic.com/D_848747-MLU47196298712_082021-O.jpg,200,image/jpeg,JPEG,/catalog-images/external/http2.mlstatic.com/D_848747-MLU47196298712_082021-O.jpg,jpg,PASS,2990.00 UYU
cb03d2f0-34b7-4d8e-97c2-21fe5abd88e4,"Luke Skywalker Bespin Star Wars Return Of The Jedi Vintage",luke-skywalker-bespin-star-wars-return-of-the-jedi-vintage-9766,https://collectibles.uy/catalog-images/external/http2.mlstatic.com/D_972836-MLU50891588841_072022-O.jpg,https://collectibles.uy/catalog-images/external/http2.mlstatic.com/D_972836-MLU50891588841_072022-O.jpg,200,image/jpeg,JPEG,/catalog-images/external/http2.mlstatic.com/D_972836-MLU50891588841_072022-O.jpg,jpg,PASS,2190.00 UYU
12f9f75b-b0c2-4be1-95b2-a4448fbf19b6,"Funko Pop! Set De 5 Protectores Para Funko",funko-pop-set-de-5-protectores-para-funko,https://cobtsgkwcftvexaarwmo.supabase.co/storage/v1/object/public/public-assets/ml-sync/12f9f75b-b0c2-4be1-95b2-a4448fbf19b6-0-1776870797159.jpg,https://cobtsgkwcftvexaarwmo.supabase.co/storage/v1/object/public/public-assets/ml-sync/12f9f75b-b0c2-4be1-95b2-a4448fbf19b6-0-1776870797159.jpg,200,image/jpeg,JPEG,/storage/v1/object/public/public-assets/ml-sync/12f9f75b-b0c2-4be1-95b2-a4448fbf19b6-0-1776870797159.jpg,jpg,PASS,1090.00 UYU
93c4ee73-5910-40f7-9777-9089d35588f7,"Kraken Isaac Saint Cloth Myth Ex Bandai",kraken-isaac-saint-cloth-myth-ex-bandai-1135,https://collectibles.uy/catalog-images/external/http2.mlstatic.com/D_698178-MLU53322515547_012023-O.jpg,https://collectibles.uy/catalog-images/external/http2.mlstatic.com/D_698178-MLU53322515547_012023-O.jpg,200,image/jpeg,JPEG,/catalog-images/external/http2.mlstatic.com/D_698178-MLU53322515547_012023-O.jpg,jpg,PASS,19900.00 UYU
570965af-47ae-41b3-95aa-6ba214bff921,"Eren Jaeger Shigeki No Kyojin Rah Medicom Toy 668",eren-jaeger-shigeki-no-kyojin-rah-medicom-toy-668-1058,https://collectibles.uy/catalog-images/external/http2.mlstatic.com/D_643591-MLU45608540752_042021-O.jpg,https://collectibles.uy/catalog-images/external/http2.mlstatic.com/D_643591-MLU45608540752_042021-O.jpg,200,image/jpeg,JPEG,/catalog-images/external/http2.mlstatic.com/D_643591-MLU45608540752_042021-O.jpg,jpg,PASS,24900.00 UYU
afdbc94f-cf87-4c90-bbfc-3d43adce1705,"Robocop Ultimate Battle Damaged With Chair Neca",robocop-ultimate-battle-damaged-with-chair-neca-4307,https://collectibles.uy/catalog-images/external/http2.mlstatic.com/D_933030-MLU52982943359_122022-O.jpg,https://collectibles.uy/catalog-images/external/http2.mlstatic.com/D_933030-MLU52982943359_122022-O.jpg,200,image/jpeg,JPEG,/catalog-images/external/http2.mlstatic.com/D_933030-MLU52982943359_122022-O.jpg,jpg,PASS,9900.00 UYU
c6a7cd08-fb6a-4d39-9381-4de2301214e3,"Mondo Gecko Tortugas Ninja Turtles Ultimates Wave4 Super7",mondo-gecko-tortugas-ninja-turtles-ultimates-wave4-super7-3103,https://collectibles.uy/catalog-images/external/http2.mlstatic.com/D_647124-MLU48834973328_012022-O.jpg,https://collectibles.uy/catalog-images/external/http2.mlstatic.com/D_647124-MLU48834973328_012022-O.jpg,200,image/jpeg,JPEG,/catalog-images/external/http2.mlstatic.com/D_647124-MLU48834973328_012022-O.jpg,jpg,PASS,4990.00 UYU
33de71b2-93a7-4d88-8cfe-0140c72887ec,"Mer Man He-man Motu Club Grayskull Filmation Super7 Muñeco",mer-man-he-man-motu-club-grayskull-filmation-super7-mu-eco-2516,https://collectibles.uy/catalog-images/external/http2.mlstatic.com/D_924120-MLU45553019060_042021-O.jpg,https://collectibles.uy/catalog-images/external/http2.mlstatic.com/D_924120-MLU45553019060_042021-O.jpg,200,image/jpeg,JPEG,/catalog-images/external/http2.mlstatic.com/D_924120-MLU45553019060_042021-O.jpg,jpg,PASS,19900.00 UYU
090680c0-9b94-4386-b734-3d4102b76a3c,"Krang Tortugas Ninja Turtles Playmates Mutant Module",krang-tortugas-ninja-turtles-playmates-mutant-module-7547,https://collectibles.uy/catalog-images/external/http2.mlstatic.com/D_911216-MLU47196328416_082021-O.jpg,https://collectibles.uy/catalog-images/external/http2.mlstatic.com/D_911216-MLU47196328416_082021-O.jpg,200,image/jpeg,JPEG,/catalog-images/external/http2.mlstatic.com/D_911216-MLU47196328416_082021-O.jpg,jpg,PASS,2990.00 UYU
13fd63e7-2c61-4d02-8b30-bbcffa4a414f,"Superman Justice League 2021 Dc Multiverse Mcfarlane",superman-justice-league-2021-dc-multiverse-mcfarlane-8575,https://collectibles.uy/catalog-images/external/http2.mlstatic.com/D_736086-MLU51583991557_092022-O.jpg,https://collectibles.uy/catalog-images/external/http2.mlstatic.com/D_736086-MLU51583991557_092022-O.jpg,200,image/jpeg,JPEG,/catalog-images/external/http2.mlstatic.com/D_736086-MLU51583991557_092022-O.jpg,jpg,PASS,4990.00 UYU
41fa258c-c067-4378-b2e8-28bc06424634,"Hombre Araña Spiderman Disfraz Musculoso Reflectivo Jazwares Spiderman M",hombre-ara-a-spiderman-disfraz-musculoso-reflectivo-jazwares-spiderman-m-9955,https://collectibles.uy/catalog-images/external/http2.mlstatic.com/D_874433-MLU92710173367_092025-O.jpg,https://collectibles.uy/catalog-images/external/http2.mlstatic.com/D_874433-MLU92710173367_092025-O.jpg,200,image/jpeg,JPEG,/catalog-images/external/http2.mlstatic.com/D_874433-MLU92710173367_092025-O.jpg,jpg,PASS,3990.00 UYU
93587a38-9ba0-4ee8-9e61-10ce70fdfda9,"R2-d2 Star Wars A New Hope Figuarts Bandai",r2-d2-star-wars-a-new-hope-figuarts-bandai-1397,https://collectibles.uy/catalog-images/external/http2.mlstatic.com/D_876853-MLU53308181053_012023-O.jpg,https://collectibles.uy/catalog-images/external/http2.mlstatic.com/D_876853-MLU53308181053_012023-O.jpg,200,image/jpeg,JPEG,/catalog-images/external/http2.mlstatic.com/D_876853-MLU53308181053_012023-O.jpg,jpg,PASS,4990.00 UYU
ead7a4a7-a735-44b8-9759-b57fe2d015e8,"Figgyz Pop! Magnet Silent Hill 2 - Red Pyramid Thing",figgyz-pop-magnet-silent-hill-2-red-pyramid-thing,https://cobtsgkwcftvexaarwmo.supabase.co/storage/v1/object/public/public-assets/ml-sync/ead7a4a7-a735-44b8-9759-b57fe2d015e8-0-1776872298357.jpg,https://cobtsgkwcftvexaarwmo.supabase.co/storage/v1/object/public/public-assets/ml-sync/ead7a4a7-a735-44b8-9759-b57fe2d015e8-0-1776872298357.jpg,200,image/jpeg,JPEG,/storage/v1/object/public/public-assets/ml-sync/ead7a4a7-a735-44b8-9759-b57fe2d015e8-0-1776872298357.jpg,jpg,PASS,990.00 UYU
c3e7daaa-73a8-459b-9ade-25a75aac881a,"Figgyz Pop! Magnet Street Fighter - Guile",figgyz-pop-magnet-street-fighter-guile,https://cobtsgkwcftvexaarwmo.supabase.co/storage/v1/object/public/public-assets/ml-sync/c3e7daaa-73a8-459b-9ade-25a75aac881a-0-1776872276790.jpg,https://cobtsgkwcftvexaarwmo.supabase.co/storage/v1/object/public/public-assets/ml-sync/c3e7daaa-73a8-459b-9ade-25a75aac881a-0-1776872276790.jpg,200,image/jpeg,JPEG,/storage/v1/object/public/public-assets/ml-sync/c3e7daaa-73a8-459b-9ade-25a75aac881a-0-1776872276790.jpg,jpg,PASS,990.00 UYU
344b4cda-5fe0-4768-897c-b3a2e91cd167,"Kotal Kahn Mortal Kombat 11 Mcfarlane",kotal-kahn-mortal-kombat-11-mcfarlane-1795,https://collectibles.uy/catalog-images/external/http2.mlstatic.com/D_692782-MLU53289624638_012023-O.jpg,https://collectibles.uy/catalog-images/external/http2.mlstatic.com/D_692782-MLU53289624638_012023-O.jpg,200,image/jpeg,JPEG,/catalog-images/external/http2.mlstatic.com/D_692782-MLU53289624638_012023-O.jpg,jpg,PASS,2490.00 UYU
940e2e65-5bd3-4c15-8c1f-2da0705ff321,"Bombastic Bag-man Spiderman Marvel Legends Hasbro",bombastic-bag-man-spiderman-marvel-legends-hasbro-pzzw0,https://cobtsgkwcftvexaarwmo.supabase.co/storage/v1/object/public/public-assets/vendors/61a48094-7453-4b7f-9563-e51f184832f9/ml-curation/940e2e65-5bd3-4c15-8c1f-2da0705ff321-main.jpg,https://cobtsgkwcftvexaarwmo.supabase.co/storage/v1/object/public/public-assets/vendors/61a48094-7453-4b7f-9563-e51f184832f9/ml-curation/940e2e65-5bd3-4c15-8c1f-2da0705ff321-main.jpg,200,image/jpeg,JPEG,/storage/v1/object/public/public-assets/vendors/61a48094-7453-4b7f-9563-e51f184832f9/ml-curation/940e2e65-5bd3-4c15-8c1f-2da0705ff321-main.jpg,jpg,PASS,5990.00 UYU
7fe98ea9-f066-4076-a8da-77116ad2ee3f,"Masters Of The Universe Origins Beasts - Land Shark",masters-of-the-universe-origins-beasts-land-shark,https://cobtsgkwcftvexaarwmo.supabase.co/storage/v1/object/public/public-assets/ml-sync/7fe98ea9-f066-4076-a8da-77116ad2ee3f-0-1779316025667.jpg,https://cobtsgkwcftvexaarwmo.supabase.co/storage/v1/object/public/public-assets/ml-sync/7fe98ea9-f066-4076-a8da-77116ad2ee3f-0-1779316025667.jpg,200,image/jpeg,JPEG,/storage/v1/object/public/public-assets/ml-sync/7fe98ea9-f066-4076-a8da-77116ad2ee3f-0-1779316025667.jpg,jpg,PASS,3390.00 UYU
ea632421-b0c9-46dc-a779-971376d8a7d0,"Capricorn Saint Seiya Cloth Collection Vol.2  Medicos",capricorn-saint-seiya-cloth-collection-vol-2--medicos-5753,https://collectibles.uy/catalog-images/external/http2.mlstatic.com/D_721153-MLU101377870897_122025-O.jpg,https://collectibles.uy/catalog-images/external/http2.mlstatic.com/D_721153-MLU101377870897_122025-O.jpg,200,image/jpeg,JPEG,/catalog-images/external/http2.mlstatic.com/D_721153-MLU101377870897_122025-O.jpg,jpg,PASS,590.00 UYU
a96aa578-be8e-42f0-8512-2967209609a8,"Luke Skywalker Star Wars The Last Jedi Bandai",luke-skywalker-star-wars-the-last-jedi-bandai-7651,https://collectibles.uy/catalog-images/external/http2.mlstatic.com/D_737806-MLU74651565406_022024-O.jpg,https://collectibles.uy/catalog-images/external/http2.mlstatic.com/D_737806-MLU74651565406_022024-O.jpg,200,image/jpeg,JPEG,/catalog-images/external/http2.mlstatic.com/D_737806-MLU74651565406_022024-O.jpg,jpg,PASS,5990.00 UYU
530b569c-073f-4802-b28e-74482395ac8c,"Bo-katan Kryze The Mandalorian Star Wars Vintage Hasbro ",bo-katan-kryze-the-mandalorian-star-wars-vintage-hasbro--7274,https://collectibles.uy/catalog-images/external/http2.mlstatic.com/D_789369-MLU50898768731_072022-O.jpg,https://collectibles.uy/catalog-images/external/http2.mlstatic.com/D_789369-MLU50898768731_072022-O.jpg,200,image/jpeg,JPEG,/catalog-images/external/http2.mlstatic.com/D_789369-MLU50898768731_072022-O.jpg,jpg,PASS,2190.00 UYU
6addd9a7-41d9-4b46-be9e-ad00a9ffdb6a,"Robocop Ultimate Battle Damaged With Chair Neca",robocop-ultimate-battle-damaged-with-chair-neca-4418,https://collectibles.uy/catalog-images/external/http2.mlstatic.com/D_897752-MLA93744864243_092025-O.jpg,https://collectibles.uy/catalog-images/external/http2.mlstatic.com/D_897752-MLA93744864243_092025-O.jpg,200,image/jpeg,JPEG,/catalog-images/external/http2.mlstatic.com/D_897752-MLA93744864243_092025-O.jpg,jpg,PASS,9900.00 UYU
d97c2632-3895-46f4-bfdf-ae5984350540,"Cancer Saint Seiya Cloth Collection Vol.2 Medicos",cancer-saint-seiya-cloth-collection-vol-2-medicos-4006,https://collectibles.uy/catalog-images/external/http2.mlstatic.com/D_984924-MLU101377871575_122025-O.jpg,https://collectibles.uy/catalog-images/external/http2.mlstatic.com/D_984924-MLU101377871575_122025-O.jpg,200,image/jpeg,JPEG,/catalog-images/external/http2.mlstatic.com/D_984924-MLU101377871575_122025-O.jpg,jpg,PASS,590.00 UYU
e31d3791-0532-4ab5-8c80-1e876122436b,"Medias Yummy You By Twinkie Chan Rosa Chicle Estampado 11",medias-yummy-you-by-twinkie-chan-rosa-chicle-estampado-11,https://cobtsgkwcftvexaarwmo.supabase.co/storage/v1/object/public/public-assets/ml-sync/e31d3791-0532-4ab5-8c80-1e876122436b-0-1776871163356.jpg,https://cobtsgkwcftvexaarwmo.supabase.co/storage/v1/object/public/public-assets/ml-sync/e31d3791-0532-4ab5-8c80-1e876122436b-0-1776871163356.jpg,200,image/jpeg,JPEG,/storage/v1/object/public/public-assets/ml-sync/e31d3791-0532-4ab5-8c80-1e876122436b-0-1776871163356.jpg,jpg,PASS,750.00 UYU
8fda6ddd-6703-4e07-b69e-ff4db44c2f95,"Peluche So So Happy Fang (edición Limitada Comic Con) Rojo",peluche-so-so-happy-fang-edicion-limitada-comic-con-rojo,https://cobtsgkwcftvexaarwmo.supabase.co/storage/v1/object/public/public-assets/ml-sync/8fda6ddd-6703-4e07-b69e-ff4db44c2f95-0-1776871145909.jpg,https://cobtsgkwcftvexaarwmo.supabase.co/storage/v1/object/public/public-assets/ml-sync/8fda6ddd-6703-4e07-b69e-ff4db44c2f95-0-1776871145909.jpg,200,image/jpeg,JPEG,/storage/v1/object/public/public-assets/ml-sync/8fda6ddd-6703-4e07-b69e-ff4db44c2f95-0-1776871145909.jpg,jpg,PASS,1500.00 UYU
e1359aee-9697-463a-8fef-393245df06b9,"Peluche Sonic The Hedgehog La Pelicula 2 (33cm)",peluche-sonic-the-hedgehog-la-pelicula-2--33cm--1755,https://collectibles.uy/catalog-images/external/http2.mlstatic.com/D_626241-MLA96097283075_102025-O.jpg,https://collectibles.uy/catalog-images/external/http2.mlstatic.com/D_626241-MLA96097283075_102025-O.jpg,200,image/jpeg,JPEG,/catalog-images/external/http2.mlstatic.com/D_626241-MLA96097283075_102025-O.jpg,jpg,PASS,3990.00 UYU
dc0b3fce-f62e-4ca7-8f97-f0b1d552d2f3,"Koska Reeves Mandalorian Star Wars Black Series Hasbro",koska-reeves-mandalorian-star-wars-black-series-hasbro-7307,https://collectibles.uy/catalog-images/external/http2.mlstatic.com/D_831225-MLU50898796199_072022-O.jpg,https://collectibles.uy/catalog-images/external/http2.mlstatic.com/D_831225-MLU50898796199_072022-O.jpg,200,image/jpeg,JPEG,/catalog-images/external/http2.mlstatic.com/D_831225-MLU50898796199_072022-O.jpg,jpg,PASS,3990.00 UYU
450f8d15-0dfd-4c82-8a26-0a0450ab5ac2,"Din Djarin Beskar Armor Mandalorian Star Wars Black Series",din-djarin-beskar-armor-mandalorian-star-wars-black-series-7959,https://collectibles.uy/catalog-images/external/http2.mlstatic.com/D_877228-MLU48287609084_112021-O.jpg,https://collectibles.uy/catalog-images/external/http2.mlstatic.com/D_877228-MLU48287609084_112021-O.jpg,200,image/jpeg,JPEG,/catalog-images/external/http2.mlstatic.com/D_877228-MLU48287609084_112021-O.jpg,jpg,PASS,3990.00 UYU
585e8034-9a1f-4d7c-a0d8-6545ab447a98,"Neca! Body Knockers Solar Powered The Incredible Hulk",neca-body-knockers-solar-powered-the-incredible-hulk,https://cobtsgkwcftvexaarwmo.supabase.co/storage/v1/object/public/public-assets/ml-sync/585e8034-9a1f-4d7c-a0d8-6545ab447a98-0-1776870889880.jpg,https://cobtsgkwcftvexaarwmo.supabase.co/storage/v1/object/public/public-assets/ml-sync/585e8034-9a1f-4d7c-a0d8-6545ab447a98-0-1776870889880.jpg,200,image/jpeg,JPEG,/storage/v1/object/public/public-assets/ml-sync/585e8034-9a1f-4d7c-a0d8-6545ab447a98-0-1776870889880.jpg,jpg,PASS,1500.00 UYU
b4778739-2e18-4df3-aea7-2af07d308123,"Figura De Acción Neca Ultimate Miner De My Bloody Valentine Articulada Y Coleccionable",figura-de-acci-n-neca-ultimate-miner-de-my-bloody-valentine-articulada-y-coleccionable-1058,https://collectibles.uy/catalog-images/external/http2.mlstatic.com/D_630478-MLA95645866065_102025-O.jpg,https://collectibles.uy/catalog-images/external/http2.mlstatic.com/D_630478-MLA95645866065_102025-O.jpg,200,image/jpeg,JPEG,/catalog-images/external/http2.mlstatic.com/D_630478-MLA95645866065_102025-O.jpg,jpg,PASS,3990.00 UYU
c56d110b-1275-478f-abe3-c6c5956c658c,"Funko Pop! Alien Romulus - Rain",funko-pop-alien-romulus-rain,https://cobtsgkwcftvexaarwmo.supabase.co/storage/v1/object/public/public-assets/ml-sync/c56d110b-1275-478f-abe3-c6c5956c658c-0-1776871060499.jpg,https://cobtsgkwcftvexaarwmo.supabase.co/storage/v1/object/public/public-assets/ml-sync/c56d110b-1275-478f-abe3-c6c5956c658c-0-1776871060499.jpg,200,image/jpeg,JPEG,/storage/v1/object/public/public-assets/ml-sync/c56d110b-1275-478f-abe3-c6c5956c658c-0-1776871060499.jpg,jpg,PASS,1090.00 UYU
979670dd-6733-4702-87d7-7642a5c5ac6f,"Miner My Bloody Valentine Ultimate Neca",miner-my-bloody-valentine-ultimate-neca-6871,https://collectibles.uy/catalog-images/external/http2.mlstatic.com/D_716972-MLU72394212794_102023-O.jpg,https://collectibles.uy/catalog-images/external/http2.mlstatic.com/D_716972-MLU72394212794_102023-O.jpg,200,image/jpeg,JPEG,/catalog-images/external/http2.mlstatic.com/D_716972-MLU72394212794_102023-O.jpg,jpg,PASS,3990.00 UYU
f1325e38-6d74-4eeb-99d0-9e50fb63427a,"Padme Amidala Star Wars Attack Of The Clones Figuarts",padme-amidala-star-wars-attack-of-the-clones-figuarts-5132,https://collectibles.uy/catalog-images/external/http2.mlstatic.com/D_859345-MLU69862654159_062023-O.jpg,https://collectibles.uy/catalog-images/external/http2.mlstatic.com/D_859345-MLU69862654159_062023-O.jpg,200,image/jpeg,JPEG,/catalog-images/external/http2.mlstatic.com/D_859345-MLU69862654159_062023-O.jpg,jpg,PASS,19900.00 UYU
308c7679-1ff3-4c09-9145-6dfa3b66be69,"Funko Pop! Heroes- Black Lightning",funko-pop-heroes-black-lightning,https://cobtsgkwcftvexaarwmo.supabase.co/storage/v1/object/public/public-assets/ml-sync/308c7679-1ff3-4c09-9145-6dfa3b66be69-0-1779316976825.jpg,https://cobtsgkwcftvexaarwmo.supabase.co/storage/v1/object/public/public-assets/ml-sync/308c7679-1ff3-4c09-9145-6dfa3b66be69-0-1779316976825.jpg,200,image/jpeg,JPEG,/storage/v1/object/public/public-assets/ml-sync/308c7679-1ff3-4c09-9145-6dfa3b66be69-0-1779316976825.jpg,jpg,PASS,990.00 UYU
73708675-5dbd-4a89-bda2-bdcb2b166ff2,"Taurus Saint Seiya Cloth Collection Vol.2  Medicos",taurus-saint-seiya-cloth-collection-vol-2--medicos-3921,https://collectibles.uy/catalog-images/external/http2.mlstatic.com/D_964712-MLU101378238563_122025-O.jpg,https://collectibles.uy/catalog-images/external/http2.mlstatic.com/D_964712-MLU101378238563_122025-O.jpg,200,image/jpeg,JPEG,/catalog-images/external/http2.mlstatic.com/D_964712-MLU101378238563_122025-O.jpg,jpg,PASS,590.00 UYU
806b08ed-91d7-4a4d-ad85-f703d0d66de3,"Sonic 2 The Movie La Película Peluche Jakks Pacific",sonic-2-the-movie-la-pel-cula-peluche-jakks-pacific-6232,https://collectibles.uy/catalog-images/external/http2.mlstatic.com/D_832929-MLU50778508405_072022-O.jpg,https://collectibles.uy/catalog-images/external/http2.mlstatic.com/D_832929-MLU50778508405_072022-O.jpg,200,image/jpeg,JPEG,/catalog-images/external/http2.mlstatic.com/D_832929-MLU50778508405_072022-O.jpg,jpg,PASS,3990.00 UYU
566c5fd3-32e8-47db-872f-ee9b2eb6bc5d,"Mandalorian &amp; Grogu Maldo Kreis Star Wars Vintage Hasbro",mandalorian---grogu-maldo-kreis-star-wars-vintage-hasbro-8496,https://collectibles.uy/catalog-images/external/http2.mlstatic.com/D_963721-MLU50700169424_072022-O.jpg,https://collectibles.uy/catalog-images/external/http2.mlstatic.com/D_963721-MLU50700169424_072022-O.jpg,200,image/jpeg,JPEG,/catalog-images/external/http2.mlstatic.com/D_963721-MLU50700169424_072022-O.jpg,jpg,PASS,2990.00 UYU
a1ed35e8-4624-48d2-97ae-95726d28c7ac,"Rey Star Wars The Last Jedi Figuarts Bandai",rey-star-wars-the-last-jedi-figuarts-bandai-1732,https://collectibles.uy/catalog-images/external/http2.mlstatic.com/D_974320-MLU53308186172_012023-O.jpg,https://collectibles.uy/catalog-images/external/http2.mlstatic.com/D_974320-MLU53308186172_012023-O.jpg,200,image/jpeg,JPEG,/catalog-images/external/http2.mlstatic.com/D_974320-MLU53308186172_012023-O.jpg,jpg,PASS,4990.00 UYU
4b29d228-5d35-4fc2-9422-2f6727afc0ef,"Funko Pop Dumb And Dumber - Lloyd ",funko-pop-dumb-and-dumber-lloyd,https://cobtsgkwcftvexaarwmo.supabase.co/storage/v1/object/public/public-assets/ml-sync/4b29d228-5d35-4fc2-9422-2f6727afc0ef-0-1776870866103.jpg,https://cobtsgkwcftvexaarwmo.supabase.co/storage/v1/object/public/public-assets/ml-sync/4b29d228-5d35-4fc2-9422-2f6727afc0ef-0-1776870866103.jpg,200,image/jpeg,JPEG,/storage/v1/object/public/public-assets/ml-sync/4b29d228-5d35-4fc2-9422-2f6727afc0ef-0-1776870866103.jpg,jpg,PASS,990.00 UYU
75102559-efd3-43e0-9ab7-3a171357ff28,"Dr. Eggman Sonic The Hedgehog 10cm Wave 8 Jakks Pacific",dr--eggman-sonic-the-hedgehog-10cm-wave-8-jakks-pacific-8535,https://collectibles.uy/catalog-images/external/http2.mlstatic.com/D_916353-MLU49017109428_022022-O.jpg,https://collectibles.uy/catalog-images/external/http2.mlstatic.com/D_916353-MLU49017109428_022022-O.jpg,200,image/jpeg,JPEG,/catalog-images/external/http2.mlstatic.com/D_916353-MLU49017109428_022022-O.jpg,jpg,PASS,2650.00 UYU
1792619d-de2d-4f49-bc85-2ef605e5b33d,"Figgyz Pop! Magnet Street Fighter - Dhalsim",figgyz-pop-magnet-street-fighter-dhalsim,https://cobtsgkwcftvexaarwmo.supabase.co/storage/v1/object/public/public-assets/ml-sync/1792619d-de2d-4f49-bc85-2ef605e5b33d-0-1776871342153.jpg,https://cobtsgkwcftvexaarwmo.supabase.co/storage/v1/object/public/public-assets/ml-sync/1792619d-de2d-4f49-bc85-2ef605e5b33d-0-1776871342153.jpg,200,image/jpeg,JPEG,/storage/v1/object/public/public-assets/ml-sync/1792619d-de2d-4f49-bc85-2ef605e5b33d-0-1776871342153.jpg,jpg,PASS,990.00 UYU
3cf71f00-4d88-4cda-90b1-c864ef547b6e,"Din Djarin Mandalorian Star Wars Credit Collection",din-djarin-mandalorian-star-wars-credit-collection-4366,https://collectibles.uy/catalog-images/external/http2.mlstatic.com/D_676833-MLU45558456444_042021-O.jpg,https://collectibles.uy/catalog-images/external/http2.mlstatic.com/D_676833-MLU45558456444_042021-O.jpg,200,image/jpeg,JPEG,/catalog-images/external/http2.mlstatic.com/D_676833-MLU45558456444_042021-O.jpg,jpg,PASS,4990.00 UYU
42db9772-edfa-4ebb-8a54-021eef9d28a2,"Power Rangers Rise Of Heroes Card Game Idioma Inglés",power-rangers-rise-of-heroes-card-game-idioma-ingles,https://cobtsgkwcftvexaarwmo.supabase.co/storage/v1/object/public/public-assets/ml-sync/42db9772-edfa-4ebb-8a54-021eef9d28a2-0-1776871163348.jpg,https://cobtsgkwcftvexaarwmo.supabase.co/storage/v1/object/public/public-assets/ml-sync/42db9772-edfa-4ebb-8a54-021eef9d28a2-0-1776871163348.jpg,200,image/jpeg,JPEG,/storage/v1/object/public/public-assets/ml-sync/42db9772-edfa-4ebb-8a54-021eef9d28a2-0-1776871163348.jpg,jpg,PASS,250.00 UYU
f4c9b680-17ff-458a-8f08-a75f3ecfed9e,"Spiderman Marvel Legends Hasbro",spiderman-marvel-legends-hasbro-3545,https://collectibles.uy/catalog-images/external/http2.mlstatic.com/D_924257-MLU45520392042_042021-O.jpg,https://collectibles.uy/catalog-images/external/http2.mlstatic.com/D_924257-MLU45520392042_042021-O.jpg,200,image/jpeg,JPEG,/catalog-images/external/http2.mlstatic.com/D_924257-MLU45520392042_042021-O.jpg,jpg,PASS,9900.00 UYU
7e51ae95-f4d3-42cb-b195-32d26b926a71,"Tortugas Ninja Vs Cobra Kai: Leonardo Vs Miguel Diaz",tortugas-ninja-vs-cobra-kai-leonardo-vs-miguel-diaz,https://cobtsgkwcftvexaarwmo.supabase.co/storage/v1/object/public/public-assets/ml-sync/7e51ae95-f4d3-42cb-b195-32d26b926a71-0-1779316485471.jpg,https://cobtsgkwcftvexaarwmo.supabase.co/storage/v1/object/public/public-assets/ml-sync/7e51ae95-f4d3-42cb-b195-32d26b926a71-0-1779316485471.jpg,200,image/jpeg,JPEG,/storage/v1/object/public/public-assets/ml-sync/7e51ae95-f4d3-42cb-b195-32d26b926a71-0-1779316485471.jpg,jpg,PASS,3900.00 UYU
25f99bc9-b68e-489d-8fba-4c04439ed7eb,"Marvel Legends! Spiderman: Across The Spiderverse - Jessica Drew",marvel-legends-spiderman-across-the-spiderverse-jessica-drew,https://cobtsgkwcftvexaarwmo.supabase.co/storage/v1/object/public/public-assets/ml-sync/25f99bc9-b68e-489d-8fba-4c04439ed7eb-0-1776870811656.jpg,https://cobtsgkwcftvexaarwmo.supabase.co/storage/v1/object/public/public-assets/ml-sync/25f99bc9-b68e-489d-8fba-4c04439ed7eb-0-1776870811656.jpg,200,image/jpeg,JPEG,/storage/v1/object/public/public-assets/ml-sync/25f99bc9-b68e-489d-8fba-4c04439ed7eb-0-1776870811656.jpg,jpg,PASS,1490.00 UYU
441a1fd8-4686-4353-8665-6b93451b1ce4,"Figura Articulada Kotal Khan Mortal Kombat Mcfarlane Toys Pvc Coleccionable",figura-articulada-kotal-khan-mortal-kombat-mcfarlane-toys-pvc-coleccionable-9267,https://collectibles.uy/catalog-images/external/http2.mlstatic.com/D_939828-MLA99934960019_112025-O.jpg,https://collectibles.uy/catalog-images/external/http2.mlstatic.com/D_939828-MLA99934960019_112025-O.jpg,200,image/jpeg,JPEG,/catalog-images/external/http2.mlstatic.com/D_939828-MLA99934960019_112025-O.jpg,jpg,PASS,2490.00 UYU
22051af9-7bd5-4991-935f-f3610ea63bc9,"Zombi Caracubo Buckethead Plantas Vs Zombies",zombi-caracubo-buckethead-plantas-vs-zombies-7183,https://collectibles.uy/catalog-images/external/http2.mlstatic.com/D_893803-MLU73834455027_012024-O.jpg,https://collectibles.uy/catalog-images/external/http2.mlstatic.com/D_893803-MLU73834455027_012024-O.jpg,200,image/jpeg,JPEG,/catalog-images/external/http2.mlstatic.com/D_893803-MLU73834455027_012024-O.jpg,jpg,PASS,1190.00 UYU
6e1d2dee-123f-41f5-93cf-94c3f1d1f2d0,"Shadow Sonic The Hedgehog 10cm Wave 8 Jakks Pacific",shadow-sonic-the-hedgehog-10cm-wave-8-jakks-pacific-9360,https://collectibles.uy/catalog-images/external/http2.mlstatic.com/D_740914-MLU52356258875_112022-O.jpg,https://collectibles.uy/catalog-images/external/http2.mlstatic.com/D_740914-MLU52356258875_112022-O.jpg,200,image/jpeg,JPEG,/catalog-images/external/http2.mlstatic.com/D_740914-MLU52356258875_112022-O.jpg,jpg,PASS,3990.00 UYU
02a2dc92-f37d-467e-88c6-3524eac2ce67,"Scarecrow Batman The Animated Series Dc Collectibles 44",scarecrow-batman-the-animated-series-dc-collectibles-44-5888,https://collectibles.uy/catalog-images/external/http2.mlstatic.com/D_604353-MLU45541763693_042021-O.jpg,https://collectibles.uy/catalog-images/external/http2.mlstatic.com/D_604353-MLU45541763693_042021-O.jpg,200,image/jpeg,JPEG,/catalog-images/external/http2.mlstatic.com/D_604353-MLU45541763693_042021-O.jpg,jpg,PASS,9900.00 UYU
9e2d508c-3544-4589-97fb-46745026ac03,"Star Wars Black Series Archive Luke Skywalker",star-wars-black-series-archive-luke-skywalker,https://cobtsgkwcftvexaarwmo.supabase.co/storage/v1/object/public/public-assets/ml-sync/9e2d508c-3544-4589-97fb-46745026ac03-0-1776871103970.jpg,https://cobtsgkwcftvexaarwmo.supabase.co/storage/v1/object/public/public-assets/ml-sync/9e2d508c-3544-4589-97fb-46745026ac03-0-1776871103970.jpg,200,image/jpeg,JPEG,/storage/v1/object/public/public-assets/ml-sync/9e2d508c-3544-4589-97fb-46745026ac03-0-1776871103970.jpg,jpg,PASS,2990.00 UYU
1cb488b9-563c-41e5-886f-bcd7967cbd66,"Nintendo It&apos;s Me Super Mario Parlante Jakks Muñeco Figura",nintendo-it-s-me-super-mario-parlante-jakks-mu-eco-figura-7435,https://collectibles.uy/catalog-images/external/http2.mlstatic.com/D_651881-MLU48139174710_112021-O.jpg,https://collectibles.uy/catalog-images/external/http2.mlstatic.com/D_651881-MLU48139174710_112021-O.jpg,200,image/jpeg,JPEG,/catalog-images/external/http2.mlstatic.com/D_651881-MLU48139174710_112021-O.jpg,jpg,PASS,6990.00 UYU
87942584-a107-45f1-a680-aa5bbcc22a10,"Shadow Knuckles Buzz Drone Sonic 3 La Película Jakks Pacific",shadow-knuckles-buzz-drone-sonic-3-la-pel-cula-jakks-pacific-7494,https://collectibles.uy/catalog-images/external/http2.mlstatic.com/D_786971-MLU82767470867_022025-O.jpg,https://collectibles.uy/catalog-images/external/http2.mlstatic.com/D_786971-MLU82767470867_022025-O.jpg,200,image/jpeg,JPEG,/catalog-images/external/http2.mlstatic.com/D_786971-MLU82767470867_022025-O.jpg,jpg,PASS,3990.00 UYU
22457130-9e7a-4210-a48e-a576b53a9b6a,"Wild Child X-men Marvel Legends Sugar Man Baf Hasbro",wild-child-x-men-marvel-legends-sugar-man-baf-hasbro-5050,https://collectibles.uy/catalog-images/external/http2.mlstatic.com/D_788274-MLU45521213932_042021-O.jpg,https://collectibles.uy/catalog-images/external/http2.mlstatic.com/D_788274-MLU45521213932_042021-O.jpg,200,image/jpeg,JPEG,/catalog-images/external/http2.mlstatic.com/D_788274-MLU45521213932_042021-O.jpg,jpg,PASS,3650.00 UYU
4d76f197-c682-44f6-87fc-ae38cd76d4c9,"Eggrobo Sonic The Hedgehog 10cm Wave 9 Jakks Pacific",eggrobo-sonic-the-hedgehog-10cm-wave-9-jakks-pacific-9968,https://collectibles.uy/catalog-images/external/http2.mlstatic.com/D_621020-MLU51031030927_082022-O.jpg,https://collectibles.uy/catalog-images/external/http2.mlstatic.com/D_621020-MLU51031030927_082022-O.jpg,200,image/jpeg,JPEG,/catalog-images/external/http2.mlstatic.com/D_621020-MLU51031030927_082022-O.jpg,jpg,PASS,2990.00 UYU
373b350c-c7ba-4897-8237-518d5d39e43d,"Fisto He-man Motu Club Grayskull Filmation Super7 Muñeco",fisto-he-man-motu-club-grayskull-filmation-super7-mu-eco-3608,https://collectibles.uy/catalog-images/external/http2.mlstatic.com/D_828046-MLU75347567537_032024-O.jpg,https://collectibles.uy/catalog-images/external/http2.mlstatic.com/D_828046-MLU75347567537_032024-O.jpg,200,image/jpeg,JPEG,/catalog-images/external/http2.mlstatic.com/D_828046-MLU75347567537_032024-O.jpg,jpg,PASS,9900.00 UYU
478b972d-fe8b-4536-8351-b37fcdb3c288,"Espio Sonic The Hedgehog 10cm Wave 9 Jakks Pacific",espio-sonic-the-hedgehog-10cm-wave-9-jakks-pacific-8527,https://collectibles.uy/catalog-images/external/http2.mlstatic.com/D_772172-MLU51031067383_082022-O.jpg,https://collectibles.uy/catalog-images/external/http2.mlstatic.com/D_772172-MLU51031067383_082022-O.jpg,200,image/jpeg,JPEG,/catalog-images/external/http2.mlstatic.com/D_772172-MLU51031067383_082022-O.jpg,jpg,PASS,2990.00 UYU
cd1f3125-efb2-427d-8399-385818a3dd17,"Alex Delarge A Clockwork Orange Living Dead Dolls Mezco",alex-delarge-a-clockwork-orange-living-dead-dolls-mezco-6110,https://collectibles.uy/catalog-images/external/http2.mlstatic.com/D_703178-MLU75199274506_032024-O.jpg,https://collectibles.uy/catalog-images/external/http2.mlstatic.com/D_703178-MLU75199274506_032024-O.jpg,200,image/jpeg,JPEG,/catalog-images/external/http2.mlstatic.com/D_703178-MLU75199274506_032024-O.jpg,jpg,PASS,5990.00 UYU
7fd867c6-ce1e-4e0a-946a-733155d51904,"Luminara Unduli Star Wars Clone Wars Vintage Hasbro",luminara-unduli-star-wars-clone-wars-vintage-hasbro-7456,https://collectibles.uy/catalog-images/external/http2.mlstatic.com/D_759677-MLU50700028730_072022-O.jpg,https://collectibles.uy/catalog-images/external/http2.mlstatic.com/D_759677-MLU50700028730_072022-O.jpg,200,image/jpeg,JPEG,/catalog-images/external/http2.mlstatic.com/D_759677-MLU50700028730_072022-O.jpg,jpg,PASS,2190.00 UYU
40a0bc25-311b-4dff-a9d1-63772980612f,"Darth Vader Star Wars A New Hope Black Series Hasbro",darth-vader-star-wars-a-new-hope-black-series-hasbro-5653,https://collectibles.uy/catalog-images/external/http2.mlstatic.com/D_785353-MLU81893092619_012025-O.jpg,https://collectibles.uy/catalog-images/external/http2.mlstatic.com/D_785353-MLU81893092619_012025-O.jpg,200,image/jpeg,JPEG,/catalog-images/external/http2.mlstatic.com/D_785353-MLU81893092619_012025-O.jpg,jpg,PASS,3990.00 UYU
561a0144-e0e9-4fa2-8534-df9f4209018d,"Killer Croc Batman The Animated Series Dc Collectibles 47",killer-croc-batman-the-animated-series-dc-collectibles-47-3545,https://collectibles.uy/catalog-images/external/http2.mlstatic.com/D_705105-MLU45541773934_042021-O.jpg,https://collectibles.uy/catalog-images/external/http2.mlstatic.com/D_705105-MLU45541773934_042021-O.jpg,200,image/jpeg,JPEG,/catalog-images/external/http2.mlstatic.com/D_705105-MLU45541773934_042021-O.jpg,jpg,PASS,5990.00 UYU
4a9f1478-073d-4d44-841e-35c91d79b832,"Indiana Jones Raiders Of The Lost Ark Adventure Series",indiana-jones-raiders-of-the-lost-ark-adventure-series-7875,https://collectibles.uy/catalog-images/external/http2.mlstatic.com/D_729777-MLU72986176657_112023-O.jpg,https://collectibles.uy/catalog-images/external/http2.mlstatic.com/D_729777-MLU72986176657_112023-O.jpg,200,image/jpeg,JPEG,/catalog-images/external/http2.mlstatic.com/D_729777-MLU72986176657_112023-O.jpg,jpg,PASS,3990.00 UYU
215019cf-c005-4f76-bd21-15811e96a986,"Sonic The Hedgehog 30th Anniversary 6cm Jakks Pacific",sonic-the-hedgehog-30th-anniversary-6cm-jakks-pacific-1889,https://collectibles.uy/catalog-images/external/http2.mlstatic.com/D_778090-MLU52508943320_112022-O.jpg,https://collectibles.uy/catalog-images/external/http2.mlstatic.com/D_778090-MLU52508943320_112022-O.jpg,200,image/jpeg,JPEG,/catalog-images/external/http2.mlstatic.com/D_778090-MLU52508943320_112022-O.jpg,jpg,PASS,1650.00 UYU
6b53dc51-8513-4a72-afad-d415674da8b5,"Moto Bug Sonic The Hedgehog 6cm Wave 6 Jakks",moto-bug-sonic-the-hedgehog-6cm-wave-6-jakks-6978,https://collectibles.uy/catalog-images/external/http2.mlstatic.com/D_872321-MLU51330755728_082022-O.jpg,https://collectibles.uy/catalog-images/external/http2.mlstatic.com/D_872321-MLU51330755728_082022-O.jpg,200,image/jpeg,JPEG,/catalog-images/external/http2.mlstatic.com/D_872321-MLU51330755728_082022-O.jpg,jpg,PASS,990.00 UYU
ddbddeed-2d54-4a6c-98ef-4eacba45f743,"Figuras Sonic 3 Super Sonic + Super Shadow Con Luz",figuras-sonic-3-super-sonic---super-shadow-con-luz-8181,https://collectibles.uy/catalog-images/external/http2.mlstatic.com/D_625774-MLA81456587358_122024-O.jpg,https://collectibles.uy/catalog-images/external/http2.mlstatic.com/D_625774-MLA81456587358_122024-O.jpg,200,image/jpeg,JPEG,/catalog-images/external/http2.mlstatic.com/D_625774-MLA81456587358_122024-O.jpg,jpg,PASS,9900.00 UYU
2860ad81-cfbc-4d7b-9d02-00f6afe66704,"Mutagen Man Tortugas Ninja Turtles Ultimates Wave2 Super7",mutagen-man-tortugas-ninja-turtles-ultimates-wave2-super7-1589,https://collectibles.uy/catalog-images/external/http2.mlstatic.com/D_907766-MLU45527859254_042021-O.jpg,https://collectibles.uy/catalog-images/external/http2.mlstatic.com/D_907766-MLU45527859254_042021-O.jpg,200,image/jpeg,JPEG,/catalog-images/external/http2.mlstatic.com/D_907766-MLU45527859254_042021-O.jpg,jpg,PASS,4990.00 UYU
2ef86215-892f-4180-a4cd-3776a0333593,"Funko Pop! Hawkeye - Hawkeye",funko-pop-hawkeye-hawkeye,https://cobtsgkwcftvexaarwmo.supabase.co/storage/v1/object/public/public-assets/ml-sync/2ef86215-892f-4180-a4cd-3776a0333593-0-1776870663229.jpg,https://cobtsgkwcftvexaarwmo.supabase.co/storage/v1/object/public/public-assets/ml-sync/2ef86215-892f-4180-a4cd-3776a0333593-0-1776870663229.jpg,200,image/jpeg,JPEG,/storage/v1/object/public/public-assets/ml-sync/2ef86215-892f-4180-a4cd-3776a0333593-0-1776870663229.jpg,jpg,PASS,790.00 UYU
f93842a1-808f-4196-85d3-a91931dc9250,"Lion-o Thundercats Ultimates Wave1 Super7",lion-o-thundercats-ultimates-wave1-super7-6520,https://collectibles.uy/catalog-images/external/http2.mlstatic.com/D_979595-MLU45527904496_042021-O.jpg,https://collectibles.uy/catalog-images/external/http2.mlstatic.com/D_979595-MLU45527904496_042021-O.jpg,200,image/jpeg,JPEG,/catalog-images/external/http2.mlstatic.com/D_979595-MLU45527904496_042021-O.jpg,jpg,PASS,9900.00 UYU
30e9d881-b219-46fb-8717-19e7637e4d2a,"Raphael Tortugas Ninja Turtles Ultimates Wave1 Super7",raphael-tortugas-ninja-turtles-ultimates-wave1-super7-4499,https://collectibles.uy/catalog-images/external/http2.mlstatic.com/D_811018-MLU45527802702_042021-O.jpg,https://collectibles.uy/catalog-images/external/http2.mlstatic.com/D_811018-MLU45527802702_042021-O.jpg,200,image/jpeg,JPEG,/catalog-images/external/http2.mlstatic.com/D_811018-MLU45527802702_042021-O.jpg,jpg,PASS,4990.00 UYU
181cde0c-d8a3-47b8-a83a-87e5a742b2f4,"Accessory Pack Tortugas Ninja Turtles 2 Secret Ooze Neca",accessory-pack-tortugas-ninja-turtles-2-secret-ooze-neca-8797,https://collectibles.uy/catalog-images/external/http2.mlstatic.com/D_774321-MLU69485361490_052023-O.jpg,https://collectibles.uy/catalog-images/external/http2.mlstatic.com/D_774321-MLU69485361490_052023-O.jpg,200,image/jpeg,JPEG,/catalog-images/external/http2.mlstatic.com/D_774321-MLU69485361490_052023-O.jpg,jpg,PASS,5990.00 UYU
00049697-546f-4e67-bf3e-04cee864341a,"Zeddemore The Real Ghostbusters Kenner Classics Hasbro",zeddemore-the-real-ghostbusters-kenner-classics-hasbro-4678,https://collectibles.uy/catalog-images/external/http2.mlstatic.com/D_904299-MLU45556329656_042021-O.jpg,https://collectibles.uy/catalog-images/external/http2.mlstatic.com/D_904299-MLU45556329656_042021-O.jpg,200,image/jpeg,JPEG,/catalog-images/external/http2.mlstatic.com/D_904299-MLU45556329656_042021-O.jpg,jpg,PASS,2990.00 UYU
3c77caf8-310b-44d5-8db8-7ee91cb40060,"Figura Super Sonic Amarillo 13cm Sonic 3",figura-super-sonic-amarillo-13cm-sonic-3-4643,https://collectibles.uy/catalog-images/external/http2.mlstatic.com/D_743568-MLA99508200444_112025-O.jpg,https://collectibles.uy/catalog-images/external/http2.mlstatic.com/D_743568-MLA99508200444_112025-O.jpg,200,image/jpeg,JPEG,/catalog-images/external/http2.mlstatic.com/D_743568-MLA99508200444_112025-O.jpg,jpg,PASS,3990.00 UYU
65cb41f7-2672-4d30-ac94-ea9638de940f,"Jean Grey X-men Marvel Legends Sugar Man Baf Hasbro",jean-grey-x-men-marvel-legends-sugar-man-baf-hasbro-3386,https://collectibles.uy/catalog-images/external/http2.mlstatic.com/D_911732-MLU45521245829_042021-O.jpg,https://collectibles.uy/catalog-images/external/http2.mlstatic.com/D_911732-MLU45521245829_042021-O.jpg,200,image/jpeg,JPEG,/catalog-images/external/http2.mlstatic.com/D_911732-MLU45521245829_042021-O.jpg,jpg,PASS,3990.00 UYU
620cd52d-6ecb-4b1a-85d9-31abcfeeaf65,"Carnage Spiderman Marvel Legends Hasbro Target Exclusive",carnage-spiderman-marvel-legends-hasbro-target-exclusive-9216,https://collectibles.uy/catalog-images/external/http2.mlstatic.com/D_914334-MLU82382861714_022025-O.jpg,https://collectibles.uy/catalog-images/external/http2.mlstatic.com/D_914334-MLU82382861714_022025-O.jpg,200,image/jpeg,JPEG,/catalog-images/external/http2.mlstatic.com/D_914334-MLU82382861714_022025-O.jpg,jpg,PASS,9900.00 UYU
3a7ba330-be2c-4e88-acca-124b53e2dde5,"Darth Vader Star Wars The Empire Strikes Back Black Series",darth-vader-star-wars-the-empire-strikes-back-black-series-3158,https://collectibles.uy/catalog-images/external/http2.mlstatic.com/D_616450-MLU45557071037_042021-O.jpg,https://collectibles.uy/catalog-images/external/http2.mlstatic.com/D_616450-MLU45557071037_042021-O.jpg,200,image/jpeg,JPEG,/catalog-images/external/http2.mlstatic.com/D_616450-MLU45557071037_042021-O.jpg,jpg,PASS,3990.00 UYU
3fd7f72d-4325-45a5-8b62-51894390bc81,"Foxy Corn Maze Five Nights At Freddy´s Mcfarlane 38pcs",foxy-corn-maze-five-nights-at-freddy-s-mcfarlane-38pcs-2153,https://collectibles.uy/catalog-images/external/http2.mlstatic.com/D_689391-MLU45526555440_042021-O.jpg,https://collectibles.uy/catalog-images/external/http2.mlstatic.com/D_689391-MLU45526555440_042021-O.jpg,200,image/jpeg,JPEG,/catalog-images/external/http2.mlstatic.com/D_689391-MLU45526555440_042021-O.jpg,jpg,PASS,2190.00 UYU
8b51eb32-696a-493e-a46e-14868dd33fdd,"Thunderstrike Marvel Legends Joe Fixit Baf Hasbro",thunderstrike-marvel-legends-joe-fixit-baf-hasbro-1879,https://collectibles.uy/catalog-images/external/http2.mlstatic.com/D_960209-MLU45521219256_042021-O.jpg,https://collectibles.uy/catalog-images/external/http2.mlstatic.com/D_960209-MLU45521219256_042021-O.jpg,200,image/jpeg,JPEG,/catalog-images/external/http2.mlstatic.com/D_960209-MLU45521219256_042021-O.jpg,jpg,PASS,3650.00 UYU
8e1c511f-5cfd-4ad1-b355-47ae2ac853c2,"Funko Pop! Dumb And Dumber Lloyd Christmas In Tux Chase",funko-pop-dumb-and-dumber-lloyd-christmas-in-tux-chase,https://cobtsgkwcftvexaarwmo.supabase.co/storage/v1/object/public/public-assets/ml-sync/8e1c511f-5cfd-4ad1-b355-47ae2ac853c2-0-1776871130218.jpg,https://cobtsgkwcftvexaarwmo.supabase.co/storage/v1/object/public/public-assets/ml-sync/8e1c511f-5cfd-4ad1-b355-47ae2ac853c2-0-1776871130218.jpg,200,image/jpeg,JPEG,/storage/v1/object/public/public-assets/ml-sync/8e1c511f-5cfd-4ad1-b355-47ae2ac853c2-0-1776871130218.jpg,jpg,PASS,997.00 UYU
d77c03c0-abf0-4bd4-9393-07e9ef3b535e,"Moto Bug Sonic The Hedgehog 30th Anniversary 6cm Jakks",moto-bug-sonic-the-hedgehog-30th-anniversary-6cm-jakks-6629,https://collectibles.uy/catalog-images/external/http2.mlstatic.com/D_872321-MLU51330755728_082022-O.jpg,https://collectibles.uy/catalog-images/external/http2.mlstatic.com/D_872321-MLU51330755728_082022-O.jpg,200,image/jpeg,JPEG,/catalog-images/external/http2.mlstatic.com/D_872321-MLU51330755728_082022-O.jpg,jpg,PASS,990.00 UYU
fafca544-6ed1-41f6-9019-26acc418d3e2,"Wonder Woman Justice League Animated Dc Collectibles",wonder-woman-justice-league-animated-dc-collectibles-8120,https://collectibles.uy/catalog-images/external/http2.mlstatic.com/D_866043-MLU45524188976_042021-O.jpg,https://collectibles.uy/catalog-images/external/http2.mlstatic.com/D_866043-MLU45524188976_042021-O.jpg,200,image/jpeg,JPEG,/catalog-images/external/http2.mlstatic.com/D_866043-MLU45524188976_042021-O.jpg,jpg,PASS,3990.00 UYU
4676f24b-93cf-4946-9ce9-f7a72df3b4b2,"Batwing Batman The Animated Series Dc Collectibles",batwing-batman-the-animated-series-dc-collectibles-4682,https://collectibles.uy/catalog-images/external/http2.mlstatic.com/D_882012-MLU45551910804_042021-O.jpg,https://collectibles.uy/catalog-images/external/http2.mlstatic.com/D_882012-MLU45551910804_042021-O.jpg,200,image/jpeg,JPEG,/catalog-images/external/http2.mlstatic.com/D_882012-MLU45551910804_042021-O.jpg,jpg,PASS,24900.00 UYU
4fa8d214-45db-4676-a903-349b98a8337e,"Chao Sonic The Hedgehog 30th Anniversary 6cm Jakks Pacific",chao-sonic-the-hedgehog-30th-anniversary-6cm-jakks-pacific-9230,https://collectibles.uy/catalog-images/external/http2.mlstatic.com/D_952285-MLU79036336758_092024-O.jpg,https://collectibles.uy/catalog-images/external/http2.mlstatic.com/D_952285-MLU79036336758_092024-O.jpg,200,image/jpeg,JPEG,/catalog-images/external/http2.mlstatic.com/D_952285-MLU79036336758_092024-O.jpg,jpg,PASS,990.00 UYU
c95c884c-4ffa-452e-9269-08994c617ac8,"Demona Ultimate Gargoyles Disney Neca",demona-ultimate-gargoyles-disney-neca-8224,https://collectibles.uy/catalog-images/external/http2.mlstatic.com/D_663789-MLU51237745021_082022-O.jpg,https://collectibles.uy/catalog-images/external/http2.mlstatic.com/D_663789-MLU51237745021_082022-O.jpg,200,image/jpeg,JPEG,/catalog-images/external/http2.mlstatic.com/D_663789-MLU51237745021_082022-O.jpg,jpg,PASS,5990.00 UYU
d975059e-2998-4362-8e83-bb44b03c9df9,"Michelangelo Batman Vs Tmnt Dc Collectibles Sdcc2019",michelangelo-batman-vs-tmnt-dc-collectibles-sdcc2019-2845,https://collectibles.uy/catalog-images/external/http2.mlstatic.com/D_947231-MLU45656230065_042021-O.jpg,https://collectibles.uy/catalog-images/external/http2.mlstatic.com/D_947231-MLU45656230065_042021-O.jpg,200,image/jpeg,JPEG,/catalog-images/external/http2.mlstatic.com/D_947231-MLU45656230065_042021-O.jpg,jpg,PASS,3990.00 UYU
5a3f220f-6b7e-47f3-888d-e6efd7d772d8,"Ghost Rider Danny Ketch Marvel Legends 85 Years Hasbro",ghost-rider-danny-ketch-marvel-legends-85-years-hasbro-2e6w6,https://cobtsgkwcftvexaarwmo.supabase.co/storage/v1/object/public/public-assets/vendors/61a48094-7453-4b7f-9563-e51f184832f9/ml-curation/5a3f220f-6b7e-47f3-888d-e6efd7d772d8-main.jpg,https://cobtsgkwcftvexaarwmo.supabase.co/storage/v1/object/public/public-assets/vendors/61a48094-7453-4b7f-9563-e51f184832f9/ml-curation/5a3f220f-6b7e-47f3-888d-e6efd7d772d8-main.jpg,200,image/jpeg,JPEG,/storage/v1/object/public/public-assets/vendors/61a48094-7453-4b7f-9563-e51f184832f9/ml-curation/5a3f220f-6b7e-47f3-888d-e6efd7d772d8-main.jpg,jpg,PASS,7990.00 UYU
42f8b790-7c12-45b1-b8ef-6e4299041b40,"Sonic The Hedgehog X Dc - Tails Cyborg",sonic-the-hedgehog-x-dc-tails-cyborg,https://cobtsgkwcftvexaarwmo.supabase.co/storage/v1/object/public/public-assets/ml-sync/42f8b790-7c12-45b1-b8ef-6e4299041b40-0-1776872331146.jpg,https://cobtsgkwcftvexaarwmo.supabase.co/storage/v1/object/public/public-assets/ml-sync/42f8b790-7c12-45b1-b8ef-6e4299041b40-0-1776872331146.jpg,200,image/jpeg,JPEG,/storage/v1/object/public/public-assets/ml-sync/42f8b790-7c12-45b1-b8ef-6e4299041b40-0-1776872331146.jpg,jpg,PASS,1530.00 UYU
d32a3b8e-a0fc-485e-8be6-3945f157de91,"Raphael Tortugas Ninja Turtles Figuarts Bandai",raphael-tortugas-ninja-turtles-figuarts-bandai-7141,https://collectibles.uy/catalog-images/external/http2.mlstatic.com/D_620613-MLU45656953485_042021-O.jpg,https://collectibles.uy/catalog-images/external/http2.mlstatic.com/D_620613-MLU45656953485_042021-O.jpg,200,image/jpeg,JPEG,/catalog-images/external/http2.mlstatic.com/D_620613-MLU45656953485_042021-O.jpg,jpg,PASS,4990.00 UYU
65fb2df0-e98e-422f-9b0c-bfb840a60237,"Michael Myers Halloween Living Dead Dolls Mezco",michael-myers-halloween-living-dead-dolls-mezco-1519,https://collectibles.uy/catalog-images/external/http2.mlstatic.com/D_627921-MLU53553534396_012023-O.jpg,https://collectibles.uy/catalog-images/external/http2.mlstatic.com/D_627921-MLU53553534396_012023-O.jpg,200,image/jpeg,JPEG,/catalog-images/external/http2.mlstatic.com/D_627921-MLU53553534396_012023-O.jpg,jpg,PASS,5990.00 UYU
fdaa6640-ea42-4742-83d7-72adf22e9d6a,"Levi Raveille Shigeki No Kyojin Rah Medicom Toy 662",levi-raveille-shigeki-no-kyojin-rah-medicom-toy-662-5990,https://collectibles.uy/catalog-images/external/http2.mlstatic.com/D_666206-MLU45608569175_042021-O.jpg,https://collectibles.uy/catalog-images/external/http2.mlstatic.com/D_666206-MLU45608569175_042021-O.jpg,200,image/jpeg,JPEG,/catalog-images/external/http2.mlstatic.com/D_666206-MLU45608569175_042021-O.jpg,jpg,PASS,24900.00 UYU
d5b893af-16bc-482d-b133-3969072e9082,"Dr. Eggman Sonic The Hedgehog 10cm Wave 3 Jakks Pacific",dr--eggman-sonic-the-hedgehog-10cm-wave-3-jakks-pacific-2863,https://collectibles.uy/catalog-images/external/http2.mlstatic.com/D_693453-MLU51329087129_082022-O.jpg,https://collectibles.uy/catalog-images/external/http2.mlstatic.com/D_693453-MLU51329087129_082022-O.jpg,200,image/jpeg,JPEG,/catalog-images/external/http2.mlstatic.com/D_693453-MLU51329087129_082022-O.jpg,jpg,PASS,2650.00 UYU
de1dd986-af08-44b9-a462-29b921fe4af2,"Funko Pop! Wednesday Addam",funko-pop-wednesday-addam,https://cobtsgkwcftvexaarwmo.supabase.co/storage/v1/object/public/public-assets/ml-sync/de1dd986-af08-44b9-a462-29b921fe4af2-0-1776871198531.jpg,https://cobtsgkwcftvexaarwmo.supabase.co/storage/v1/object/public/public-assets/ml-sync/de1dd986-af08-44b9-a462-29b921fe4af2-0-1776871198531.jpg,200,image/jpeg,JPEG,/storage/v1/object/public/public-assets/ml-sync/de1dd986-af08-44b9-a462-29b921fe4af2-0-1776871198531.jpg,jpg,PASS,1090.00 UYU
1d1d9a94-63a3-45c0-9d3c-f2b24f1d7b7b,"Funko Pop! Beetlejuice ",funko-pop-beetlejuice,https://cobtsgkwcftvexaarwmo.supabase.co/storage/v1/object/public/public-assets/ml-sync/1d1d9a94-63a3-45c0-9d3c-f2b24f1d7b7b-0-1776871121499.jpg,https://cobtsgkwcftvexaarwmo.supabase.co/storage/v1/object/public/public-assets/ml-sync/1d1d9a94-63a3-45c0-9d3c-f2b24f1d7b7b-0-1776871121499.jpg,200,image/jpeg,JPEG,/storage/v1/object/public/public-assets/ml-sync/1d1d9a94-63a3-45c0-9d3c-f2b24f1d7b7b-0-1776871121499.jpg,jpg,PASS,1090.00 UYU
1c1ebb93-72b7-4a0f-8f99-516a56fc4ec5,"Monster Venom Marvel Legends Hasbro",monster-venom-marvel-legends-hasbro-4s8sn,https://cobtsgkwcftvexaarwmo.supabase.co/storage/v1/object/public/public-assets/vendors/61a48094-7453-4b7f-9563-e51f184832f9/ml-curation/1c1ebb93-72b7-4a0f-8f99-516a56fc4ec5-main.jpg,https://cobtsgkwcftvexaarwmo.supabase.co/storage/v1/object/public/public-assets/vendors/61a48094-7453-4b7f-9563-e51f184832f9/ml-curation/1c1ebb93-72b7-4a0f-8f99-516a56fc4ec5-main.jpg,200,image/jpeg,JPEG,/storage/v1/object/public/public-assets/vendors/61a48094-7453-4b7f-9563-e51f184832f9/ml-curation/1c1ebb93-72b7-4a0f-8f99-516a56fc4ec5-main.jpg,jpg,PASS,7990.00 UYU
99b81b61-4c00-4ba7-88f8-6b3a792cd355,"Figgyz Pop! Magnet Street Fighter - Edmond Honda",figgyz-pop-magnet-street-fighter-edmond-honda,https://cobtsgkwcftvexaarwmo.supabase.co/storage/v1/object/public/public-assets/ml-sync/99b81b61-4c00-4ba7-88f8-6b3a792cd355-0-1776872297227.jpg,https://cobtsgkwcftvexaarwmo.supabase.co/storage/v1/object/public/public-assets/ml-sync/99b81b61-4c00-4ba7-88f8-6b3a792cd355-0-1776872297227.jpg,200,image/jpeg,JPEG,/storage/v1/object/public/public-assets/ml-sync/99b81b61-4c00-4ba7-88f8-6b3a792cd355-0-1776872297227.jpg,jpg,PASS,990.00 UYU
157fe361-e5d0-43da-b150-f2036abb691b,"Hyuga Kojiro Captain Tsubasa Dasin Model",hyuga-kojiro-captain-tsubasa-dasin-model-7981,https://collectibles.uy/catalog-images/external/http2.mlstatic.com/D_937415-MLU69827024662_062023-O.jpg,https://collectibles.uy/catalog-images/external/http2.mlstatic.com/D_937415-MLU69827024662_062023-O.jpg,200,image/jpeg,JPEG,/catalog-images/external/http2.mlstatic.com/D_937415-MLU69827024662_062023-O.jpg,jpg,PASS,19900.00 UYU
5d4c5df0-e581-4041-9f6a-241ef107a277,"Super Mario Lava Castle Diorama Set Nintendo Jakks Muñeco",super-mario-lava-castle-diorama-set-nintendo-jakks-mu-eco-2586,https://collectibles.uy/catalog-images/external/http2.mlstatic.com/D_950213-MLU45662130297_042021-O.jpg,https://collectibles.uy/catalog-images/external/http2.mlstatic.com/D_950213-MLU45662130297_042021-O.jpg,200,image/jpeg,JPEG,/catalog-images/external/http2.mlstatic.com/D_950213-MLU45662130297_042021-O.jpg,jpg,PASS,2190.00 UYU
3b89ba7d-a63e-452e-9b2c-7b5d30df1a19,"Sonic The Hedgehog X Dc - Shadow Batman",sonic-the-hedgehog-x-dc-shadow-batman,https://cobtsgkwcftvexaarwmo.supabase.co/storage/v1/object/public/public-assets/ml-sync/3b89ba7d-a63e-452e-9b2c-7b5d30df1a19-0-1776872316634.jpg,https://cobtsgkwcftvexaarwmo.supabase.co/storage/v1/object/public/public-assets/ml-sync/3b89ba7d-a63e-452e-9b2c-7b5d30df1a19-0-1776872316634.jpg,200,image/jpeg,JPEG,/storage/v1/object/public/public-assets/ml-sync/3b89ba7d-a63e-452e-9b2c-7b5d30df1a19-0-1776872316634.jpg,jpg,PASS,1530.00 UYU
9c5dde5d-bf12-45bd-b152-a9340cdd5673,"Neca! The Boys! Set Of 2  Figures Starlight And Black Noir",neca-the-boys-set-of-2-figures-starlight-and-black-noir,https://cobtsgkwcftvexaarwmo.supabase.co/storage/v1/object/public/public-assets/ml-sync/9c5dde5d-bf12-45bd-b152-a9340cdd5673-0-1776870898115.jpg,https://cobtsgkwcftvexaarwmo.supabase.co/storage/v1/object/public/public-assets/ml-sync/9c5dde5d-bf12-45bd-b152-a9340cdd5673-0-1776870898115.jpg,200,image/jpeg,JPEG,/storage/v1/object/public/public-assets/ml-sync/9c5dde5d-bf12-45bd-b152-a9340cdd5673-0-1776870898115.jpg,jpg,PASS,6379.20 UYU
d8054d04-c9ee-404c-bd4f-d212018ed5c6,"Praetorian Guard Whip Staff Star Wars The Last Jedi Bandai",praetorian-guard-whip-staff-star-wars-the-last-jedi-bandai-5312,https://collectibles.uy/catalog-images/external/http2.mlstatic.com/D_965726-MLU74651409794_022024-O.jpg,https://collectibles.uy/catalog-images/external/http2.mlstatic.com/D_965726-MLU74651409794_022024-O.jpg,200,image/jpeg,JPEG,/catalog-images/external/http2.mlstatic.com/D_965726-MLU74651409794_022024-O.jpg,jpg,PASS,2190.00 UYU
a3d5a0aa-bddc-43c4-9d3f-d4c48b306f42,"Pegasus Seiya V3 Genealogical Gold Saint Cloth Myth Bandai",pegasus-seiya-v3-genealogical-gold-saint-cloth-myth-bandai-4725,https://collectibles.uy/catalog-images/external/http2.mlstatic.com/D_783834-MLU69912213717_062023-O.jpg,https://collectibles.uy/catalog-images/external/http2.mlstatic.com/D_783834-MLU69912213717_062023-O.jpg,200,image/jpeg,JPEG,/catalog-images/external/http2.mlstatic.com/D_783834-MLU69912213717_062023-O.jpg,jpg,PASS,19900.00 UYU
85e60bb4-68db-4fe3-ad75-f99b5a3a0b27,"Meryl Silverburgh Metal Gear Solid Square Enix Play Arts Kai",meryl-silverburgh-metal-gear-solid-square-enix-play-arts-kai-9687,https://collectibles.uy/catalog-images/external/http2.mlstatic.com/D_897850-MLU53553013223_012023-O.jpg,https://collectibles.uy/catalog-images/external/http2.mlstatic.com/D_897850-MLU53553013223_012023-O.jpg,200,image/jpeg,JPEG,/catalog-images/external/http2.mlstatic.com/D_897850-MLU53553013223_012023-O.jpg,jpg,PASS,9900.00 UYU
57487ea7-a50e-4596-bdc0-9f4062800a4e,"Dr. Eggman Sonic The Hedgehog 10cm Wave 5 Jakks Pacific",dr--eggman-sonic-the-hedgehog-10cm-wave-5-jakks-pacific-5159,https://collectibles.uy/catalog-images/external/http2.mlstatic.com/D_820170-MLU49110601873_022022-O.jpg,https://collectibles.uy/catalog-images/external/http2.mlstatic.com/D_820170-MLU49110601873_022022-O.jpg,200,image/jpeg,JPEG,/catalog-images/external/http2.mlstatic.com/D_820170-MLU49110601873_022022-O.jpg,jpg,PASS,2990.00 UYU
61ba4312-b8ae-426c-8968-9753c5c4d9de,"Cyborg Ninja Metal Gear Solid Square Enix Play Arts Kai",cyborg-ninja-metal-gear-solid-square-enix-play-arts-kai-7850,https://collectibles.uy/catalog-images/external/http2.mlstatic.com/D_659764-MLU53553050581_012023-O.jpg,https://collectibles.uy/catalog-images/external/http2.mlstatic.com/D_659764-MLU53553050581_012023-O.jpg,200,image/jpeg,JPEG,/catalog-images/external/http2.mlstatic.com/D_659764-MLU53553050581_012023-O.jpg,jpg,PASS,19900.00 UYU
ae47e67d-f77a-4cec-a043-3421681346f8,"Figura De Acción Deadpool Marvel Legends Para Coleccionar",figura-de-acci-n-deadpool-marvel-legends-para-coleccionar-dzyoi,https://cobtsgkwcftvexaarwmo.supabase.co/storage/v1/object/public/public-assets/vendors/61a48094-7453-4b7f-9563-e51f184832f9/ml-curation/ae47e67d-f77a-4cec-a043-3421681346f8-main.jpg,https://cobtsgkwcftvexaarwmo.supabase.co/storage/v1/object/public/public-assets/vendors/61a48094-7453-4b7f-9563-e51f184832f9/ml-curation/ae47e67d-f77a-4cec-a043-3421681346f8-main.jpg,200,image/jpeg,JPEG,/storage/v1/object/public/public-assets/vendors/61a48094-7453-4b7f-9563-e51f184832f9/ml-curation/ae47e67d-f77a-4cec-a043-3421681346f8-main.jpg,jpg,PASS,3990.00 UYU
52ed0889-3349-4dd8-8998-0753f5474763,"Ra´s Al Ghul Batman The Animated Series Dc Collectibles 24",ra-s-al-ghul-batman-the-animated-series-dc-collectibles-24-4159,https://collectibles.uy/catalog-images/external/http2.mlstatic.com/D_676786-MLU45550470792_042021-O.jpg,https://collectibles.uy/catalog-images/external/http2.mlstatic.com/D_676786-MLU45550470792_042021-O.jpg,200,image/jpeg,JPEG,/catalog-images/external/http2.mlstatic.com/D_676786-MLU45550470792_042021-O.jpg,jpg,PASS,5990.00 UYU
a9c5f142-3103-40e5-be32-502640a4ae02,"Armin Arlert Shigeki No Kyojin Rah Medicom Toy 676",armin-arlert-shigeki-no-kyojin-rah-medicom-toy-676-5050,https://collectibles.uy/catalog-images/external/http2.mlstatic.com/D_950646-MLU45608583770_042021-O.jpg,https://collectibles.uy/catalog-images/external/http2.mlstatic.com/D_950646-MLU45608583770_042021-O.jpg,200,image/jpeg,JPEG,/catalog-images/external/http2.mlstatic.com/D_950646-MLU45608583770_042021-O.jpg,jpg,PASS,39900.00 UYU
15063535-0249-4da0-9d6d-fdfc3b3e102e,"Samus Aran Zero Suit Ver. Metroid Other M Figma 306",samus-aran-zero-suit-ver--metroid-other-m-figma-306-1398,https://collectibles.uy/catalog-images/external/http2.mlstatic.com/D_737319-MLU53358868187_012023-O.jpg,https://collectibles.uy/catalog-images/external/http2.mlstatic.com/D_737319-MLU53358868187_012023-O.jpg,200,image/jpeg,JPEG,/catalog-images/external/http2.mlstatic.com/D_737319-MLU53358868187_012023-O.jpg,jpg,PASS,9900.00 UYU
50b53d2e-9120-4026-bed9-bc2c8c95e31c,"Skeletor Ultimate He-man Club Grayskull Filmation Super7",skeletor-ultimate-he-man-club-grayskull-filmation-super7-8159,https://collectibles.uy/catalog-images/external/http2.mlstatic.com/D_847189-MLU75347488855_032024-O.jpg,https://collectibles.uy/catalog-images/external/http2.mlstatic.com/D_847189-MLU75347488855_032024-O.jpg,200,image/jpeg,JPEG,/catalog-images/external/http2.mlstatic.com/D_847189-MLU75347488855_032024-O.jpg,jpg,PASS,29900.00 UYU
3a97bbe2-1312-43d0-a5b1-1ce9192f89ac,"Metalhead Tortugas Ninja Turtles Ultimates Wave3 Super7",metalhead-tortugas-ninja-turtles-ultimates-wave3-super7-9844,https://collectibles.uy/catalog-images/external/http2.mlstatic.com/D_759015-MLU47036641346_082021-O.jpg,https://collectibles.uy/catalog-images/external/http2.mlstatic.com/D_759015-MLU47036641346_082021-O.jpg,200,image/jpeg,JPEG,/catalog-images/external/http2.mlstatic.com/D_759015-MLU47036641346_082021-O.jpg,jpg,PASS,4990.00 UYU
9d087f99-a1c5-417c-ab8f-47a3cbbc7ee9,"Sonic The Hedgehog 6cm Wave 8 Jakks Pacific",sonic-the-hedgehog-6cm-wave-8-jakks-pacific-1284,https://collectibles.uy/catalog-images/external/http2.mlstatic.com/D_889179-MLU51281560768_082022-O.jpg,https://collectibles.uy/catalog-images/external/http2.mlstatic.com/D_889179-MLU51281560768_082022-O.jpg,200,image/jpeg,JPEG,/catalog-images/external/http2.mlstatic.com/D_889179-MLU51281560768_082022-O.jpg,jpg,PASS,1650.00 UYU
34207ba0-df73-42fa-8550-19a662bcb85f,"He-man Prince Adam Motu Origins Mattel Sdcc2019",he-man-prince-adam-motu-origins-mattel-sdcc2019-6078,https://collectibles.uy/catalog-images/external/http2.mlstatic.com/D_811906-MLU45553420071_042021-O.jpg,https://collectibles.uy/catalog-images/external/http2.mlstatic.com/D_811906-MLU45553420071_042021-O.jpg,200,image/jpeg,JPEG,/catalog-images/external/http2.mlstatic.com/D_811906-MLU45553420071_042021-O.jpg,jpg,PASS,19900.00 UYU
35715283-fc91-4ba1-b605-1d3a404bb0c9,"Dracula (open Mouth) Castlevania Series1 Player Select Neca",dracula--open-mouth--castlevania-series1-player-select-neca-7145,https://collectibles.uy/catalog-images/external/http2.mlstatic.com/D_802445-MLU45582458980_042021-O.jpg,https://collectibles.uy/catalog-images/external/http2.mlstatic.com/D_802445-MLU45582458980_042021-O.jpg,200,image/jpeg,JPEG,/catalog-images/external/http2.mlstatic.com/D_802445-MLU45582458980_042021-O.jpg,jpg,PASS,9900.00 UYU
2b572eff-eab6-419d-90a7-247d2f271ba1,"Btgirl Of Burnside Deluxe Icons Dc Collectibles 23",btgirl-of-burnside-deluxe-icons-dc-collectibles-23-7883,https://collectibles.uy/catalog-images/external/http2.mlstatic.com/D_684594-MLU45551714345_042021-O.jpg,https://collectibles.uy/catalog-images/external/http2.mlstatic.com/D_684594-MLU45551714345_042021-O.jpg,200,image/jpeg,JPEG,/catalog-images/external/http2.mlstatic.com/D_684594-MLU45551714345_042021-O.jpg,jpg,PASS,4990.00 UYU
52389852-a9e0-4fa7-851c-da07e0042569,"Stitch Disney Lentes De Sol Uv400 Sun Statches Stitch Gris Celeste",stitch-disney-lentes-de-sol-uv400-sun-statches-stitch-gris-celeste-3627,https://collectibles.uy/catalog-images/external/http2.mlstatic.com/D_949709-MLU45678135720_042021-O.jpg,https://collectibles.uy/catalog-images/external/http2.mlstatic.com/D_949709-MLU45678135720_042021-O.jpg,200,image/jpeg,JPEG,/catalog-images/external/http2.mlstatic.com/D_949709-MLU45678135720_042021-O.jpg,jpg,PASS,1650.00 UYU
ec93c60b-ed5b-40b1-9639-32ea9738eb45,"Peter Venkman The Real Ghostbusters Kenner Classics Hasbro",peter-venkman-the-real-ghostbusters-kenner-classics-hasbro-9805,https://collectibles.uy/catalog-images/external/http2.mlstatic.com/D_851751-MLU45556389099_042021-O.jpg,https://collectibles.uy/catalog-images/external/http2.mlstatic.com/D_851751-MLU45556389099_042021-O.jpg,200,image/jpeg,JPEG,/catalog-images/external/http2.mlstatic.com/D_851751-MLU45556389099_042021-O.jpg,jpg,PASS,2990.00 UYU
16d7f0c8-0f96-430d-b2f3-68ce4ef4ee59,"Siegfried Dubhe Alpha Saint Cloth Myth Ex Bandai",siegfried-dubhe-alpha-saint-cloth-myth-ex-bandai-9397,https://collectibles.uy/catalog-images/external/http2.mlstatic.com/D_773821-MLU53321906296_012023-O.jpg,https://collectibles.uy/catalog-images/external/http2.mlstatic.com/D_773821-MLU53321906296_012023-O.jpg,200,image/jpeg,JPEG,/catalog-images/external/http2.mlstatic.com/D_773821-MLU53321906296_012023-O.jpg,jpg,PASS,19900.00 UYU
b36a3067-a6c5-413e-a527-1ccc809b1836,"Sonic The Hedgehog 10cm Wave 5 Jakks Pacific",sonic-the-hedgehog-10cm-wave-5-jakks-pacific-6180,https://collectibles.uy/catalog-images/external/http2.mlstatic.com/D_958628-MLU49110649654_022022-O.jpg,https://collectibles.uy/catalog-images/external/http2.mlstatic.com/D_958628-MLU49110649654_022022-O.jpg,200,image/jpeg,JPEG,/catalog-images/external/http2.mlstatic.com/D_958628-MLU49110649654_022022-O.jpg,jpg,PASS,2190.00 UYU
55dad140-d320-4883-9271-f68297a07a6b,"Din Djarin Grogu Mandalorian Star Wars Black Series Hasbro",din-djarin-grogu-mandalorian-star-wars-black-series-hasbro-1771,https://collectibles.uy/catalog-images/external/http2.mlstatic.com/D_914965-MLU45556516149_042021-O.jpg,https://collectibles.uy/catalog-images/external/http2.mlstatic.com/D_914965-MLU45556516149_042021-O.jpg,200,image/jpeg,JPEG,/catalog-images/external/http2.mlstatic.com/D_914965-MLU45556516149_042021-O.jpg,jpg,PASS,7990.00 UYU
5894bdf4-e8e5-48fc-b5a3-d689c7bea104,"Cars 15 Mini Vehiculos Metal Disney Pixar Mattel 15personajesset1 Varios",cars-15-mini-vehiculos-metal-disney-pixar-mattel-15personajesset1-varios-4971,https://collectibles.uy/catalog-images/external/http2.mlstatic.com/D_916905-MLU92710053541_092025-O.jpg,https://collectibles.uy/catalog-images/external/http2.mlstatic.com/D_916905-MLU92710053541_092025-O.jpg,200,image/jpeg,JPEG,/catalog-images/external/http2.mlstatic.com/D_916905-MLU92710053541_092025-O.jpg,jpg,PASS,5990.00 UYU
35e42ea2-cb2d-496c-ab3d-90189aaef329,"Heihachi Mishima Tekken 7 Storm Collectibles",heihachi-mishima-tekken-7-storm-collectibles-3384,https://collectibles.uy/catalog-images/external/http2.mlstatic.com/D_845729-MLU53319153023_012023-O.jpg,https://collectibles.uy/catalog-images/external/http2.mlstatic.com/D_845729-MLU53319153023_012023-O.jpg,200,image/jpeg,JPEG,/catalog-images/external/http2.mlstatic.com/D_845729-MLU53319153023_012023-O.jpg,jpg,PASS,4990.00 UYU
367f0348-9bde-4fe0-ae82-29b135d90240,"Funko Pop! Spy X Family - Loid Forger",funko-pop-spy-x-family-loid-forger,https://cobtsgkwcftvexaarwmo.supabase.co/storage/v1/object/public/public-assets/ml-sync/367f0348-9bde-4fe0-ae82-29b135d90240-0-1776871220015.jpg,https://cobtsgkwcftvexaarwmo.supabase.co/storage/v1/object/public/public-assets/ml-sync/367f0348-9bde-4fe0-ae82-29b135d90240-0-1776871220015.jpg,200,image/jpeg,JPEG,/storage/v1/object/public/public-assets/ml-sync/367f0348-9bde-4fe0-ae82-29b135d90240-0-1776871220015.jpg,jpg,PASS,1090.00 UYU
34ec7d35-e280-4234-bb80-b7c069cbc26d,"Funko Pop! Marvel: The Eternals - Gilgamesh",funko-pop-marvel-the-eternals-gilgamesh,https://cobtsgkwcftvexaarwmo.supabase.co/storage/v1/object/public/public-assets/ml-sync/34ec7d35-e280-4234-bb80-b7c069cbc26d-0-1779316542412.jpg,https://cobtsgkwcftvexaarwmo.supabase.co/storage/v1/object/public/public-assets/ml-sync/34ec7d35-e280-4234-bb80-b7c069cbc26d-0-1779316542412.jpg,200,image/jpeg,JPEG,/storage/v1/object/public/public-assets/ml-sync/34ec7d35-e280-4234-bb80-b7c069cbc26d-0-1779316542412.jpg,jpg,PASS,550.00 UYU
41552310-a876-4708-ad5a-bdfea877613c,"Funko Pop! Biker Mars From Mice - Modo",funko-pop-biker-mars-from-mice-modo,https://cobtsgkwcftvexaarwmo.supabase.co/storage/v1/object/public/public-assets/ml-sync/41552310-a876-4708-ad5a-bdfea877613c-0-1776871294694.jpg,https://cobtsgkwcftvexaarwmo.supabase.co/storage/v1/object/public/public-assets/ml-sync/41552310-a876-4708-ad5a-bdfea877613c-0-1776871294694.jpg,200,image/jpeg,JPEG,/storage/v1/object/public/public-assets/ml-sync/41552310-a876-4708-ad5a-bdfea877613c-0-1776871294694.jpg,jpg,PASS,1090.00 UYU
26408632-0c51-4fa8-b0f2-1a5396fd099e,"Figuras De Acción Sonic 3 Shadow Knuckles Tails Con Luz",figuras-de-acci-n-sonic-3-shadow-knuckles-tails-con-luz-7836,https://collectibles.uy/catalog-images/external/http2.mlstatic.com/D_675335-MLA80292162849_102024-O.jpg,https://collectibles.uy/catalog-images/external/http2.mlstatic.com/D_675335-MLA80292162849_102024-O.jpg,200,image/jpeg,JPEG,/catalog-images/external/http2.mlstatic.com/D_675335-MLA80292162849_102024-O.jpg,jpg,PASS,18000.00 UYU
98b3fc03-a307-4aa3-baec-f2ea683fa52e,"Funko Plushies! Incribles 2 - Mr. Increible",funko-plushies-incribles-2-mr-increible,https://cobtsgkwcftvexaarwmo.supabase.co/storage/v1/object/public/public-assets/ml-sync/98b3fc03-a307-4aa3-baec-f2ea683fa52e-0-1776870664257.jpg,https://cobtsgkwcftvexaarwmo.supabase.co/storage/v1/object/public/public-assets/ml-sync/98b3fc03-a307-4aa3-baec-f2ea683fa52e-0-1776870664257.jpg,200,image/jpeg,JPEG,/storage/v1/object/public/public-assets/ml-sync/98b3fc03-a307-4aa3-baec-f2ea683fa52e-0-1776870664257.jpg,jpg,PASS,690.00 UYU
e20732e8-b7c9-480e-a466-bbed4c03976e,"Gray Hulk Dr. Bruce Banner Avengers Marvel Legends Hasbro",gray-hulk-dr-bruce-banner-avengers-marvel-legends-hasbro-jjl76,https://cobtsgkwcftvexaarwmo.supabase.co/storage/v1/object/public/public-assets/vendors/61a48094-7453-4b7f-9563-e51f184832f9/ml-curation/e20732e8-b7c9-480e-a466-bbed4c03976e-main.jpg,https://cobtsgkwcftvexaarwmo.supabase.co/storage/v1/object/public/public-assets/vendors/61a48094-7453-4b7f-9563-e51f184832f9/ml-curation/e20732e8-b7c9-480e-a466-bbed4c03976e-main.jpg,200,image/jpeg,JPEG,/storage/v1/object/public/public-assets/vendors/61a48094-7453-4b7f-9563-e51f184832f9/ml-curation/e20732e8-b7c9-480e-a466-bbed4c03976e-main.jpg,jpg,PASS,9900.00 UYU
e8e52f9f-d826-4fe2-940e-25a448c5b6b7,"Funko Pop! Spiderman Green Goblin ",funko-pop-spiderman-green-goblin,https://cobtsgkwcftvexaarwmo.supabase.co/storage/v1/object/public/public-assets/ml-sync/e8e52f9f-d826-4fe2-940e-25a448c5b6b7-0-1776871304393.jpg,https://cobtsgkwcftvexaarwmo.supabase.co/storage/v1/object/public/public-assets/ml-sync/e8e52f9f-d826-4fe2-940e-25a448c5b6b7-0-1776871304393.jpg,200,image/jpeg,JPEG,/storage/v1/object/public/public-assets/ml-sync/e8e52f9f-d826-4fe2-940e-25a448c5b6b7-0-1776871304393.jpg,jpg,PASS,1290.00 UYU
3895a9a8-88f0-42b8-a0e0-ca5e542402fd,"Jean Grey X-men 90&apos;s Animated Series Marvel Legends Hasbro",jean-grey-x-men-90-s-animated-series-marvel-legends-hasbro-axir9,https://cobtsgkwcftvexaarwmo.supabase.co/storage/v1/object/public/public-assets/vendors/61a48094-7453-4b7f-9563-e51f184832f9/ml-curation/3895a9a8-88f0-42b8-a0e0-ca5e542402fd-main.jpg,https://cobtsgkwcftvexaarwmo.supabase.co/storage/v1/object/public/public-assets/vendors/61a48094-7453-4b7f-9563-e51f184832f9/ml-curation/3895a9a8-88f0-42b8-a0e0-ca5e542402fd-main.jpg,200,image/jpeg,JPEG,/storage/v1/object/public/public-assets/vendors/61a48094-7453-4b7f-9563-e51f184832f9/ml-curation/3895a9a8-88f0-42b8-a0e0-ca5e542402fd-main.jpg,jpg,PASS,3990.00 UYU
635878f2-98c3-4ee6-a91a-7d6383627a2a,"Figura Acción Neca Turtles In Time Pirate Rocksteady Bebop Articulada",figura-accion-neca-turtles-in-time-pirate-rocksteady-bebop-articulada,https://cobtsgkwcftvexaarwmo.supabase.co/storage/v1/object/public/public-assets/ml-sync/635878f2-98c3-4ee6-a91a-7d6383627a2a-0-1776870889617.jpg,https://cobtsgkwcftvexaarwmo.supabase.co/storage/v1/object/public/public-assets/ml-sync/635878f2-98c3-4ee6-a91a-7d6383627a2a-0-1776870889617.jpg,200,image/jpeg,JPEG,/storage/v1/object/public/public-assets/ml-sync/635878f2-98c3-4ee6-a91a-7d6383627a2a-0-1776870889617.jpg,jpg,PASS,3710.00 UYU
95e2437c-dd06-46d7-aa06-9781f98a3612,"Miles Morales Spiderman 2 Gamerverse Marvel Legends Hasbro",miles-morales-spiderman-2-gamerverse-marvel-legends-hasbro-an6cs,https://cobtsgkwcftvexaarwmo.supabase.co/storage/v1/object/public/public-assets/vendors/61a48094-7453-4b7f-9563-e51f184832f9/ml-curation/95e2437c-dd06-46d7-aa06-9781f98a3612-main.jpg,https://cobtsgkwcftvexaarwmo.supabase.co/storage/v1/object/public/public-assets/vendors/61a48094-7453-4b7f-9563-e51f184832f9/ml-curation/95e2437c-dd06-46d7-aa06-9781f98a3612-main.jpg,200,image/jpeg,JPEG,/storage/v1/object/public/public-assets/vendors/61a48094-7453-4b7f-9563-e51f184832f9/ml-curation/95e2437c-dd06-46d7-aa06-9781f98a3612-main.jpg,jpg,PASS,3990.00 UYU
b028d332-19ac-416f-8e94-d1352e9a97c0,"Funko Pop! What If...? Infinity Killmonger",funko-pop-what-if-infinity-killmonger,https://cobtsgkwcftvexaarwmo.supabase.co/storage/v1/object/public/public-assets/ml-sync/b028d332-19ac-416f-8e94-d1352e9a97c0-0-1779316375495.jpg,https://cobtsgkwcftvexaarwmo.supabase.co/storage/v1/object/public/public-assets/ml-sync/b028d332-19ac-416f-8e94-d1352e9a97c0-0-1779316375495.jpg,200,image/jpeg,JPEG,/storage/v1/object/public/public-assets/ml-sync/b028d332-19ac-416f-8e94-d1352e9a97c0-0-1779316375495.jpg,jpg,PASS,990.00 UYU
2647bec2-2656-4830-bb09-18ebeaa50b3f,"Hobgoblin Spiderman Marvel Legends Hasbro",hobgoblin-spiderman-marvel-legends-hasbro-ds7ui,https://cobtsgkwcftvexaarwmo.supabase.co/storage/v1/object/public/public-assets/vendors/61a48094-7453-4b7f-9563-e51f184832f9/ml-curation/2647bec2-2656-4830-bb09-18ebeaa50b3f-main.jpg,https://cobtsgkwcftvexaarwmo.supabase.co/storage/v1/object/public/public-assets/vendors/61a48094-7453-4b7f-9563-e51f184832f9/ml-curation/2647bec2-2656-4830-bb09-18ebeaa50b3f-main.jpg,200,image/jpeg,JPEG,/storage/v1/object/public/public-assets/vendors/61a48094-7453-4b7f-9563-e51f184832f9/ml-curation/2647bec2-2656-4830-bb09-18ebeaa50b3f-main.jpg,jpg,PASS,3990.00 UYU
c01a1358-fe3b-4429-9599-9003862a0e02,"Funko Pop! Marvel 80 Years - Nick Fury #528",funko-pop-marvel-80-years-nick-fury-528,https://cobtsgkwcftvexaarwmo.supabase.co/storage/v1/object/public/public-assets/ml-sync/c01a1358-fe3b-4429-9599-9003862a0e02-0-1776872254474.jpg,https://cobtsgkwcftvexaarwmo.supabase.co/storage/v1/object/public/public-assets/ml-sync/c01a1358-fe3b-4429-9599-9003862a0e02-0-1776872254474.jpg,200,image/jpeg,JPEG,/storage/v1/object/public/public-assets/ml-sync/c01a1358-fe3b-4429-9599-9003862a0e02-0-1776872254474.jpg,jpg,PASS,1690.00 UYU
96c33466-138a-4fe6-9d90-adbdd3bc22f8,"Matoi Ryuko Kill La Kill Figma 220",matoi-ryuko-kill-la-kill-figma-220-9627,https://collectibles.uy/catalog-images/external/http2.mlstatic.com/D_802203-MLU53358880353_012023-O.jpg,https://collectibles.uy/catalog-images/external/http2.mlstatic.com/D_802203-MLU53358880353_012023-O.jpg,200,image/jpeg,JPEG,/catalog-images/external/http2.mlstatic.com/D_802203-MLU53358880353_012023-O.jpg,jpg,PASS,14900.00 UYU
b254438a-87e5-422a-a750-f7aef465312b,"Funko Pop! Ironman War Machine",funko-pop-ironman-war-machine,https://cobtsgkwcftvexaarwmo.supabase.co/storage/v1/object/public/public-assets/ml-sync/b254438a-87e5-422a-a750-f7aef465312b-0-1779317013101.jpg,https://cobtsgkwcftvexaarwmo.supabase.co/storage/v1/object/public/public-assets/ml-sync/b254438a-87e5-422a-a750-f7aef465312b-0-1779317013101.jpg,200,image/jpeg,JPEG,/storage/v1/object/public/public-assets/ml-sync/b254438a-87e5-422a-a750-f7aef465312b-0-1779317013101.jpg,jpg,PASS,1990.00 UYU
8aa3d9e8-7440-4afc-947d-834185546039,"Femto Birth Of The Hawk Of Darkness Ver. Figma Sp-080",femto-birth-of-the-hawk-of-darkness-ver--figma-sp-080-8579,https://collectibles.uy/catalog-images/external/http2.mlstatic.com/D_748417-MLU53358868344_012023-O.jpg,https://collectibles.uy/catalog-images/external/http2.mlstatic.com/D_748417-MLU53358868344_012023-O.jpg,200,image/jpeg,JPEG,/catalog-images/external/http2.mlstatic.com/D_748417-MLU53358868344_012023-O.jpg,jpg,PASS,19900.00 UYU
ac24fec1-74fb-4fe8-8899-0db36c9da8de,"Funko Pop! Kpop Demon Hunters - Zoey",funko-pop-kpop-demon-hunters-zoey,https://cobtsgkwcftvexaarwmo.supabase.co/storage/v1/object/public/public-assets/ml-sync/ac24fec1-74fb-4fe8-8899-0db36c9da8de-0-1776871258502.jpg,https://cobtsgkwcftvexaarwmo.supabase.co/storage/v1/object/public/public-assets/ml-sync/ac24fec1-74fb-4fe8-8899-0db36c9da8de-0-1776871258502.jpg,200,image/jpeg,JPEG,/storage/v1/object/public/public-assets/ml-sync/ac24fec1-74fb-4fe8-8899-0db36c9da8de-0-1776871258502.jpg,jpg,PASS,1090.00 UYU
7ba9e074-035b-49f0-98f1-aaf8585ae263,"Muro De Nuez Wall Nut Plantas Vs Zombies",muro-de-nuez-wall-nut-plantas-vs-zombies-8216,https://collectibles.uy/catalog-images/external/http2.mlstatic.com/D_803067-MLU54932899754_042023-O.jpg,https://collectibles.uy/catalog-images/external/http2.mlstatic.com/D_803067-MLU54932899754_042023-O.jpg,200,image/jpeg,JPEG,/catalog-images/external/http2.mlstatic.com/D_803067-MLU54932899754_042023-O.jpg,jpg,PASS,1190.00 UYU
fd2453b6-43c4-4004-b8e4-a4dc0217fdb7,"Asuka Langley Evangelion 3.0 Rah Medicom Toy 640",asuka-langley-evangelion-3-0-rah-medicom-toy-640-1774,https://collectibles.uy/catalog-images/external/http2.mlstatic.com/D_714841-MLU45608608768_042021-O.jpg,https://collectibles.uy/catalog-images/external/http2.mlstatic.com/D_714841-MLU45608608768_042021-O.jpg,200,image/jpeg,JPEG,/catalog-images/external/http2.mlstatic.com/D_714841-MLU45608608768_042021-O.jpg,jpg,PASS,19900.00 UYU
b0cfcb48-398b-4be6-bb68-c9f0c7bf960c,"Disney! Body Princess Blanca Nieve",disney-body-princess-blanca-nieve,https://cobtsgkwcftvexaarwmo.supabase.co/storage/v1/object/public/public-assets/ml-sync/b0cfcb48-398b-4be6-bb68-c9f0c7bf960c-0-1779316843082.jpg,https://cobtsgkwcftvexaarwmo.supabase.co/storage/v1/object/public/public-assets/ml-sync/b0cfcb48-398b-4be6-bb68-c9f0c7bf960c-0-1779316843082.jpg,200,image/jpeg,JPEG,/storage/v1/object/public/public-assets/ml-sync/b0cfcb48-398b-4be6-bb68-c9f0c7bf960c-0-1779316843082.jpg,jpg,PASS,990.00 UYU
febae5d1-6600-4c2b-9876-351e135379fd,"Leonardo Tortugas Ninja Turtles Classic Playmates",leonardo-tortugas-ninja-turtles-classic-playmates-8333,https://collectibles.uy/catalog-images/external/http2.mlstatic.com/D_845421-MLU49659850888_042022-O.jpg,https://collectibles.uy/catalog-images/external/http2.mlstatic.com/D_845421-MLU49659850888_042022-O.jpg,200,image/jpeg,JPEG,/catalog-images/external/http2.mlstatic.com/D_845421-MLU49659850888_042022-O.jpg,jpg,PASS,2990.00 UYU
b386dd7a-0ac1-4477-bda6-07ab9d2768ad,"Batman Beyond 5 Pack Dc Multiverse Mcfarlane",batman-beyond-5-pack-dc-multiverse-mcfarlane-8973,https://collectibles.uy/catalog-images/external/http2.mlstatic.com/D_684352-MLU51584063335_092022-O.jpg,https://collectibles.uy/catalog-images/external/http2.mlstatic.com/D_684352-MLU51584063335_092022-O.jpg,200,image/jpeg,JPEG,/catalog-images/external/http2.mlstatic.com/D_684352-MLU51584063335_092022-O.jpg,jpg,PASS,19900.00 UYU
89a8b2e2-9625-482c-84a4-19d2b05542ed,"Heist Nebula What If Marvel Legends Watcher Baf Hasbro",heist-nebula-what-if-marvel-legends-watcher-baf-hasbro-c385o,https://cobtsgkwcftvexaarwmo.supabase.co/storage/v1/object/public/public-assets/vendors/61a48094-7453-4b7f-9563-e51f184832f9/ml-curation/89a8b2e2-9625-482c-84a4-19d2b05542ed-main.jpg,https://cobtsgkwcftvexaarwmo.supabase.co/storage/v1/object/public/public-assets/vendors/61a48094-7453-4b7f-9563-e51f184832f9/ml-curation/89a8b2e2-9625-482c-84a4-19d2b05542ed-main.jpg,200,image/jpeg,JPEG,/storage/v1/object/public/public-assets/vendors/61a48094-7453-4b7f-9563-e51f184832f9/ml-curation/89a8b2e2-9625-482c-84a4-19d2b05542ed-main.jpg,jpg,PASS,2650.00 UYU
48d9c9e2-369b-4ab3-948b-b8dff05035fc,"Funko Pop! Movies Us Abraham ",funko-pop-movies-us-abraham,https://cobtsgkwcftvexaarwmo.supabase.co/storage/v1/object/public/public-assets/ml-sync/48d9c9e2-369b-4ab3-948b-b8dff05035fc-0-1776871144098.jpg,https://cobtsgkwcftvexaarwmo.supabase.co/storage/v1/object/public/public-assets/ml-sync/48d9c9e2-369b-4ab3-948b-b8dff05035fc-0-1776871144098.jpg,200,image/jpeg,JPEG,/storage/v1/object/public/public-assets/ml-sync/48d9c9e2-369b-4ab3-948b-b8dff05035fc-0-1776871144098.jpg,jpg,PASS,990.00 UYU
ccc77569-9724-421f-8f15-335e2ba08a5d,"Harry Potter! Gomee Display 10pcs - Cedric Triwizard",harry-potter-gomee-display-10pcs-cedric-triwizard,https://cobtsgkwcftvexaarwmo.supabase.co/storage/v1/object/public/public-assets/ml-sync/ccc77569-9724-421f-8f15-335e2ba08a5d-0-1779316625932.jpg,https://cobtsgkwcftvexaarwmo.supabase.co/storage/v1/object/public/public-assets/ml-sync/ccc77569-9724-421f-8f15-335e2ba08a5d-0-1779316625932.jpg,200,image/jpeg,JPEG,/storage/v1/object/public/public-assets/ml-sync/ccc77569-9724-421f-8f15-335e2ba08a5d-0-1779316625932.jpg,jpg,PASS,450.00 UYU
d061a606-4422-4723-8524-8573af83ccca,"Mjolnir Thor Love And Thunder Marvel Legends Hasbro",mjolnir-thor-love-and-thunder-marvel-legends-hasbro-4xami,https://cobtsgkwcftvexaarwmo.supabase.co/storage/v1/object/public/public-assets/vendors/61a48094-7453-4b7f-9563-e51f184832f9/ml-curation/d061a606-4422-4723-8524-8573af83ccca-main.jpg,https://cobtsgkwcftvexaarwmo.supabase.co/storage/v1/object/public/public-assets/vendors/61a48094-7453-4b7f-9563-e51f184832f9/ml-curation/d061a606-4422-4723-8524-8573af83ccca-main.jpg,200,image/jpeg,JPEG,/storage/v1/object/public/public-assets/vendors/61a48094-7453-4b7f-9563-e51f184832f9/ml-curation/d061a606-4422-4723-8524-8573af83ccca-main.jpg,jpg,PASS,9900.00 UYU
24648fe7-5d1f-4b53-88c7-03ce9b3dedfa,"Matsuyama Hikaru Captain Tsubasa Dasin Model",matsuyama-hikaru-captain-tsubasa-dasin-model-4415,https://collectibles.uy/catalog-images/external/http2.mlstatic.com/D_921772-MLU69862057101_062023-O.jpg,https://collectibles.uy/catalog-images/external/http2.mlstatic.com/D_921772-MLU69862057101_062023-O.jpg,200,image/jpeg,JPEG,/catalog-images/external/http2.mlstatic.com/D_921772-MLU69862057101_062023-O.jpg,jpg,PASS,5990.00 UYU
33e65acf-abdd-423c-a0da-8b06f0367f07,"Ghostbuster 1985 Plasma Series - Dana Barrett ",ghostbuster-1985-plasma-series-dana-barrett,https://cobtsgkwcftvexaarwmo.supabase.co/storage/v1/object/public/public-assets/ml-sync/33e65acf-abdd-423c-a0da-8b06f0367f07-0-1779316229587.jpg,https://cobtsgkwcftvexaarwmo.supabase.co/storage/v1/object/public/public-assets/ml-sync/33e65acf-abdd-423c-a0da-8b06f0367f07-0-1779316229587.jpg,200,image/jpeg,JPEG,/storage/v1/object/public/public-assets/ml-sync/33e65acf-abdd-423c-a0da-8b06f0367f07-0-1779316229587.jpg,jpg,PASS,2790.00 UYU
2d1051c5-355c-4675-8698-1eb3783c08b8,"Venom Spiderman Marvel Legends Hasbro Pulse Exclusive",venom-spiderman-marvel-legends-hasbro-pulse-exclusive-3znm0,https://cobtsgkwcftvexaarwmo.supabase.co/storage/v1/object/public/public-assets/vendors/61a48094-7453-4b7f-9563-e51f184832f9/ml-curation/2d1051c5-355c-4675-8698-1eb3783c08b8-main.jpg,https://cobtsgkwcftvexaarwmo.supabase.co/storage/v1/object/public/public-assets/vendors/61a48094-7453-4b7f-9563-e51f184832f9/ml-curation/2d1051c5-355c-4675-8698-1eb3783c08b8-main.jpg,200,image/jpeg,JPEG,/storage/v1/object/public/public-assets/vendors/61a48094-7453-4b7f-9563-e51f184832f9/ml-curation/2d1051c5-355c-4675-8698-1eb3783c08b8-main.jpg,jpg,PASS,9900.00 UYU
62b358b3-e2e1-4031-b7ce-615dcd5cf2ea,"Nite Owl Mandalorian Star Wars Black Series Hasbro",nite-owl-mandalorian-star-wars-black-series-hasbro-1476,https://collectibles.uy/catalog-images/external/http2.mlstatic.com/D_842434-MLU81621986838_012025-O.jpg,https://collectibles.uy/catalog-images/external/http2.mlstatic.com/D_842434-MLU81621986838_012025-O.jpg,200,image/jpeg,JPEG,/catalog-images/external/http2.mlstatic.com/D_842434-MLU81621986838_012025-O.jpg,jpg,PASS,1990.00 UYU
01ab9b06-ae11-47b5-8b1f-8c24a8ca06b7,"Marvel Legends Series House Of X Cyclops Hasbro",marvel-legends-series-house-of-x-cyclops-hasbro-r5ppy,https://cobtsgkwcftvexaarwmo.supabase.co/storage/v1/object/public/public-assets/vendors/61a48094-7453-4b7f-9563-e51f184832f9/ml-curation/01ab9b06-ae11-47b5-8b1f-8c24a8ca06b7-main.jpg,https://cobtsgkwcftvexaarwmo.supabase.co/storage/v1/object/public/public-assets/vendors/61a48094-7453-4b7f-9563-e51f184832f9/ml-curation/01ab9b06-ae11-47b5-8b1f-8c24a8ca06b7-main.jpg,200,image/jpeg,JPEG,/storage/v1/object/public/public-assets/vendors/61a48094-7453-4b7f-9563-e51f184832f9/ml-curation/01ab9b06-ae11-47b5-8b1f-8c24a8ca06b7-main.jpg,jpg,PASS,3990.00 UYU
b7044b0c-eb35-4730-b0d7-bdfb95a262bc,"Ghostbuster 2021 After Life Series - Peter Venkman",ghostbuster-2021-after-life-series-peter-venkman,https://cobtsgkwcftvexaarwmo.supabase.co/storage/v1/object/public/public-assets/ml-sync/b7044b0c-eb35-4730-b0d7-bdfb95a262bc-0-1779316197914.jpg,https://cobtsgkwcftvexaarwmo.supabase.co/storage/v1/object/public/public-assets/ml-sync/b7044b0c-eb35-4730-b0d7-bdfb95a262bc-0-1779316197914.jpg,200,image/jpeg,JPEG,/storage/v1/object/public/public-assets/ml-sync/b7044b0c-eb35-4730-b0d7-bdfb95a262bc-0-1779316197914.jpg,jpg,PASS,2790.00 UYU
34ac5e3f-4e9c-4a3d-98b8-cec0911a609a,"Pinocchio Disney Ultimates Wave1 Super7",pinocchio-disney-ultimates-wave1-super7-3809,https://collectibles.uy/catalog-images/external/http2.mlstatic.com/D_667762-MLU75347180187_032024-O.jpg,https://collectibles.uy/catalog-images/external/http2.mlstatic.com/D_667762-MLU75347180187_032024-O.jpg,200,image/jpeg,JPEG,/catalog-images/external/http2.mlstatic.com/D_667762-MLU75347180187_032024-O.jpg,jpg,PASS,4990.00 UYU
ccc75ebf-af40-4eba-a91d-92af38672200,"Ghostbuster 2021 After Life Series - Ray Stantz",ghostbuster-2021-after-life-series-ray-stantz,https://cobtsgkwcftvexaarwmo.supabase.co/storage/v1/object/public/public-assets/ml-sync/ccc75ebf-af40-4eba-a91d-92af38672200-0-1779316223963.jpg,https://cobtsgkwcftvexaarwmo.supabase.co/storage/v1/object/public/public-assets/ml-sync/ccc75ebf-af40-4eba-a91d-92af38672200-0-1779316223963.jpg,200,image/jpeg,JPEG,/storage/v1/object/public/public-assets/ml-sync/ccc75ebf-af40-4eba-a91d-92af38672200-0-1779316223963.jpg,jpg,PASS,1390.00 UYU
aba0e7f4-ae51-419d-9051-3b93ceebd678,"Funko Pop! Rick &amp; Morty - Morty W/ Glorzo #954",funko-pop-rick-morty-morty-w-glorzo-954,https://cobtsgkwcftvexaarwmo.supabase.co/storage/v1/object/public/public-assets/ml-sync/aba0e7f4-ae51-419d-9051-3b93ceebd678-0-1776872310172.jpg,https://cobtsgkwcftvexaarwmo.supabase.co/storage/v1/object/public/public-assets/ml-sync/aba0e7f4-ae51-419d-9051-3b93ceebd678-0-1776872310172.jpg,200,image/jpeg,JPEG,/storage/v1/object/public/public-assets/ml-sync/aba0e7f4-ae51-419d-9051-3b93ceebd678-0-1776872310172.jpg,jpg,PASS,1290.00 UYU
76a1bcc3-3568-4d07-a689-c4c1704b9f0b,"Marvel Heroclix: Wolverine Vs. Cyclops X-men Regenesis",marvel-heroclix-wolverine-vs-cyclops-x-men-regenesis,https://cobtsgkwcftvexaarwmo.supabase.co/storage/v1/object/public/public-assets/ml-sync/76a1bcc3-3568-4d07-a689-c4c1704b9f0b-0-1776870866086.jpg,https://cobtsgkwcftvexaarwmo.supabase.co/storage/v1/object/public/public-assets/ml-sync/76a1bcc3-3568-4d07-a689-c4c1704b9f0b-0-1776870866086.jpg,200,image/jpeg,JPEG,/storage/v1/object/public/public-assets/ml-sync/76a1bcc3-3568-4d07-a689-c4c1704b9f0b-0-1776870866086.jpg,jpg,PASS,100.00 UYU
c9b0a147-f4b6-4ac2-828f-c4014f5ebb87,"Cars Mack Haul Transporter Mini Racers Disney Pixar Mattel Mack Lightning Mcqueen Mini Racers",cars-mack-haul-transporter-mini-racers-disney-pixar-mattel-mack-lightning-mcqueen-mini-racers-1438,https://collectibles.uy/catalog-images/external/http2.mlstatic.com/D_727310-MLU92311996086_092025-O.jpg,https://collectibles.uy/catalog-images/external/http2.mlstatic.com/D_727310-MLU92311996086_092025-O.jpg,200,image/jpeg,JPEG,/catalog-images/external/http2.mlstatic.com/D_727310-MLU92311996086_092025-O.jpg,jpg,PASS,3990.00 UYU
13b8c746-f3df-43ce-9c0b-0903ca050394,"Hermione Granger Harry Potter Peluche Lego",hermione-granger-harry-potter-peluche-lego-1905,https://collectibles.uy/catalog-images/external/http2.mlstatic.com/D_730690-MLU69539760634_052023-O.jpg,https://collectibles.uy/catalog-images/external/http2.mlstatic.com/D_730690-MLU69539760634_052023-O.jpg,200,image/jpeg,JPEG,/catalog-images/external/http2.mlstatic.com/D_730690-MLU69539760634_052023-O.jpg,jpg,PASS,2990.00 UYU
a877e20a-8d87-4556-8083-caed67521661,"Funko Pop! Squid Game - Il-nam 001",funko-pop-squid-game-il-nam-001,https://cobtsgkwcftvexaarwmo.supabase.co/storage/v1/object/public/public-assets/ml-sync/a877e20a-8d87-4556-8083-caed67521661-0-1779316441001.jpg,https://cobtsgkwcftvexaarwmo.supabase.co/storage/v1/object/public/public-assets/ml-sync/a877e20a-8d87-4556-8083-caed67521661-0-1779316441001.jpg,200,image/jpeg,JPEG,/storage/v1/object/public/public-assets/ml-sync/a877e20a-8d87-4556-8083-caed67521661-0-1779316441001.jpg,jpg,PASS,750.00 UYU
0cc46613-17f5-4ebb-9e4a-bcbe76a574c8,"Harry Potter! Sombrero Escolar - Ravenclaw Negro Y Plata",harry-potter-sombrero-escolar-ravenclaw-negro-y-plata,https://cobtsgkwcftvexaarwmo.supabase.co/storage/v1/object/public/public-assets/ml-sync/0cc46613-17f5-4ebb-9e4a-bcbe76a574c8-0-1779316245320.jpg,https://cobtsgkwcftvexaarwmo.supabase.co/storage/v1/object/public/public-assets/ml-sync/0cc46613-17f5-4ebb-9e4a-bcbe76a574c8-0-1779316245320.jpg,200,image/jpeg,JPEG,/storage/v1/object/public/public-assets/ml-sync/0cc46613-17f5-4ebb-9e4a-bcbe76a574c8-0-1779316245320.jpg,jpg,PASS,690.00 UYU
00e1193e-4a8f-4a4f-8594-b311a093a593,"Ahsoka Tano Grogu Mandalorian Star Wars Vintage Deluxe",ahsoka-tano-grogu-mandalorian-star-wars-vintage-deluxe-7789,https://collectibles.uy/catalog-images/external/http2.mlstatic.com/D_861997-MLM51268547681_082022-O.jpg,https://collectibles.uy/catalog-images/external/http2.mlstatic.com/D_861997-MLM51268547681_082022-O.jpg,200,image/jpeg,JPEG,/catalog-images/external/http2.mlstatic.com/D_861997-MLM51268547681_082022-O.jpg,jpg,PASS,2990.00 UYU
1e10730a-3c39-4069-a677-01d87ed3fced,"Goliath Ultimate Gargoyles Disney Neca",goliath-ultimate-gargoyles-disney-neca-4741,https://collectibles.uy/catalog-images/external/http2.mlstatic.com/D_745803-MLU51155474600_082022-O.jpg,https://collectibles.uy/catalog-images/external/http2.mlstatic.com/D_745803-MLU51155474600_082022-O.jpg,200,image/jpeg,JPEG,/catalog-images/external/http2.mlstatic.com/D_745803-MLU51155474600_082022-O.jpg,jpg,PASS,5990.00 UYU
d739ab73-8791-4636-8c8c-f515b5915127,"Hudson Ultimate Gargoyles Disney Neca",hudson-ultimate-gargoyles-disney-neca-1457,https://collectibles.uy/catalog-images/external/http2.mlstatic.com/D_862409-MLU52512975377_112022-O.jpg,https://collectibles.uy/catalog-images/external/http2.mlstatic.com/D_862409-MLU52512975377_112022-O.jpg,200,image/jpeg,JPEG,/catalog-images/external/http2.mlstatic.com/D_862409-MLU52512975377_112022-O.jpg,jpg,PASS,5990.00 UYU
7b84d971-4ea9-4bbc-90ce-49e03ec3957e,"Thailog Ultimate Gargoyles Disney Neca",thailog-ultimate-gargoyles-disney-neca-6963,https://collectibles.uy/catalog-images/external/http2.mlstatic.com/D_762344-MLM50987686549_082022-O.jpg,https://collectibles.uy/catalog-images/external/http2.mlstatic.com/D_762344-MLM50987686549_082022-O.jpg,200,image/jpeg,JPEG,/catalog-images/external/http2.mlstatic.com/D_762344-MLM50987686549_082022-O.jpg,jpg,PASS,5990.00 UYU
b01d72d6-d674-4bb3-bbd0-c255996a0b8c,"Spawn Mortal Kombat 11 Sword Espada Mcfarlane Toys",spawn-mortal-kombat-11-sword-espada-mcfarlane-toys-8349,https://collectibles.uy/catalog-images/external/http2.mlstatic.com/D_779237-MLA99452288372_112025-O.jpg,https://collectibles.uy/catalog-images/external/http2.mlstatic.com/D_779237-MLA99452288372_112025-O.jpg,200,image/jpeg,JPEG,/catalog-images/external/http2.mlstatic.com/D_779237-MLA99452288372_112025-O.jpg,jpg,PASS,5990.00 UYU
c25e1cee-502e-43c1-86b1-b3830e81585b,"Baloo Talespin Disney Afternoon Funko",baloo-talespin-disney-afternoon-funko-2703,https://collectibles.uy/catalog-images/external/http2.mlstatic.com/D_961094-MLU45689840245_042021-O.jpg,https://collectibles.uy/catalog-images/external/http2.mlstatic.com/D_961094-MLU45689840245_042021-O.jpg,200,image/jpeg,JPEG,/catalog-images/external/http2.mlstatic.com/D_961094-MLU45689840245_042021-O.jpg,jpg,PASS,1650.00 UYU
64b66c6d-f974-4bd4-be78-77bc2ee02e0a,"X-ray Skeleton Esqueleto Disfraz Halloween Hyde And Eek! X-ray Skeleton S",x-ray-skeleton-esqueleto-disfraz-halloween-hyde-and-eek--x-ray-skeleton-s-8058,https://collectibles.uy/catalog-images/external/http2.mlstatic.com/D_666204-MLU92312720352_092025-O.jpg,https://collectibles.uy/catalog-images/external/http2.mlstatic.com/D_666204-MLU92312720352_092025-O.jpg,200,image/jpeg,JPEG,/catalog-images/external/http2.mlstatic.com/D_666204-MLU92312720352_092025-O.jpg,jpg,PASS,2990.00 UYU
4df16fb1-296a-4f8a-8880-ce1d9421bcf9,"Funko Pop Player 001: Oh Il-nam 1223 Round 6",funko-pop-player-001-oh-il-nam-1223-round-6,https://cobtsgkwcftvexaarwmo.supabase.co/storage/v1/object/public/public-assets/ml-sync/4df16fb1-296a-4f8a-8880-ce1d9421bcf9-0-1776871348833.jpg,https://cobtsgkwcftvexaarwmo.supabase.co/storage/v1/object/public/public-assets/ml-sync/4df16fb1-296a-4f8a-8880-ce1d9421bcf9-0-1776871348833.jpg,200,image/jpeg,JPEG,/storage/v1/object/public/public-assets/ml-sync/4df16fb1-296a-4f8a-8880-ce1d9421bcf9-0-1776871348833.jpg,jpg,PASS,790.00 UYU
f3925732-d557-4e4f-8b8e-6ac471f1b1a2,"Ruler Jeanne D&apos;arc Fate Grand Order Figma 366",ruler-jeanne-d-arc-fate-grand-order-figma-366-6825,https://collectibles.uy/catalog-images/external/http2.mlstatic.com/D_643886-MLU53358868806_012023-O.jpg,https://collectibles.uy/catalog-images/external/http2.mlstatic.com/D_643886-MLU53358868806_012023-O.jpg,200,image/jpeg,JPEG,/catalog-images/external/http2.mlstatic.com/D_643886-MLU53358868806_012023-O.jpg,jpg,PASS,9900.00 UYU
dad7fbd5-c876-42e8-9875-5d78ed45d316,"Tails Sonic The Hedgehog 10cm Wave 1 Jakks Pacific",tails-sonic-the-hedgehog-10cm-wave-1-jakks-pacific-5880,https://collectibles.uy/catalog-images/external/http2.mlstatic.com/D_972004-MLU51031045755_082022-O.jpg,https://collectibles.uy/catalog-images/external/http2.mlstatic.com/D_972004-MLU51031045755_082022-O.jpg,200,image/jpeg,JPEG,/catalog-images/external/http2.mlstatic.com/D_972004-MLU51031045755_082022-O.jpg,jpg,PASS,2190.00 UYU
374b9868-8721-4f6e-867c-32bee022bd04,"Michelangelo Tortugas Ninja Turtles Figuarts Bandai",michelangelo-tortugas-ninja-turtles-figuarts-bandai-4253,https://collectibles.uy/catalog-images/external/http2.mlstatic.com/D_709883-MLU45656959299_042021-O.jpg,https://collectibles.uy/catalog-images/external/http2.mlstatic.com/D_709883-MLU45656959299_042021-O.jpg,200,image/jpeg,JPEG,/catalog-images/external/http2.mlstatic.com/D_709883-MLU45656959299_042021-O.jpg,jpg,PASS,4990.00 UYU
129d52df-aabf-4d5b-baf5-1558488a2492,"Warrior Ultimate Predator 2 Depredador Neca",warrior-ultimate-predator-2-depredador-neca-5851,https://collectibles.uy/catalog-images/external/http2.mlstatic.com/D_881028-MLU51593773780_092022-O.jpg,https://collectibles.uy/catalog-images/external/http2.mlstatic.com/D_881028-MLU51593773780_092022-O.jpg,200,image/jpeg,JPEG,/catalog-images/external/http2.mlstatic.com/D_881028-MLU51593773780_092022-O.jpg,jpg,PASS,5990.00 UYU
481884a6-6c24-4604-b7e9-6a08c31d91a0,"E.t. The Extra-terrestrial Ultimate 40th Anniversary Neca",e-t--the-extra-terrestrial-ultimate-40th-anniversary-neca-6854,https://collectibles.uy/catalog-images/external/http2.mlstatic.com/D_829581-MLU70418962250_072023-O.jpg,https://collectibles.uy/catalog-images/external/http2.mlstatic.com/D_829581-MLU70418962250_072023-O.jpg,200,image/jpeg,JPEG,/catalog-images/external/http2.mlstatic.com/D_829581-MLU70418962250_072023-O.jpg,jpg,PASS,3990.00 UYU
408df201-a93e-4e4c-b4ea-60efcd6f3a26,"Rogue X-men Marvel Legends Colossus Baf Hasbro",rogue-x-men-marvel-legends-colossus-baf-hasbro-vewrf,https://cobtsgkwcftvexaarwmo.supabase.co/storage/v1/object/public/public-assets/vendors/61a48094-7453-4b7f-9563-e51f184832f9/ml-curation/408df201-a93e-4e4c-b4ea-60efcd6f3a26-main.jpg,https://cobtsgkwcftvexaarwmo.supabase.co/storage/v1/object/public/public-assets/vendors/61a48094-7453-4b7f-9563-e51f184832f9/ml-curation/408df201-a93e-4e4c-b4ea-60efcd6f3a26-main.jpg,200,image/jpeg,JPEG,/storage/v1/object/public/public-assets/vendors/61a48094-7453-4b7f-9563-e51f184832f9/ml-curation/408df201-a93e-4e4c-b4ea-60efcd6f3a26-main.jpg,jpg,PASS,2990.00 UYU
f3eabbdb-f1cc-4a89-9316-415b605284a0,"Neca Body Knocker Solar Power Marvel - Dr Strange",neca-body-knocker-solar-power-marvel-dr-strange,https://cobtsgkwcftvexaarwmo.supabase.co/storage/v1/object/public/public-assets/ml-sync/f3eabbdb-f1cc-4a89-9316-415b605284a0-0-1776871294691.jpg,https://cobtsgkwcftvexaarwmo.supabase.co/storage/v1/object/public/public-assets/ml-sync/f3eabbdb-f1cc-4a89-9316-415b605284a0-0-1776871294691.jpg,200,image/jpeg,JPEG,/storage/v1/object/public/public-assets/ml-sync/f3eabbdb-f1cc-4a89-9316-415b605284a0-0-1776871294691.jpg,jpg,PASS,1890.00 UYU
29bb115f-f96b-48b6-afbf-c35acd391202,"Funko Pop! Street Sharks - Big Slammu ",funko-pop-street-sharks-big-slammu,https://cobtsgkwcftvexaarwmo.supabase.co/storage/v1/object/public/public-assets/ml-sync/29bb115f-f96b-48b6-afbf-c35acd391202-0-1776871231024.jpg,https://cobtsgkwcftvexaarwmo.supabase.co/storage/v1/object/public/public-assets/ml-sync/29bb115f-f96b-48b6-afbf-c35acd391202-0-1776871231024.jpg,200,image/jpeg,JPEG,/storage/v1/object/public/public-assets/ml-sync/29bb115f-f96b-48b6-afbf-c35acd391202-0-1776871231024.jpg,jpg,PASS,1090.00 UYU
ccb7320e-057c-4233-b911-39090fd43682,"Cars Mini Racers Pista Launch &amp; Criss Cross Disney Mattel Launch Criss-cross Glow In The Dark Playset",cars-mini-racers-pista-launch---criss-cross-disney-mattel-launch-criss-cross-glow-in-the-dark-playset-4793,https://collectibles.uy/catalog-images/external/http2.mlstatic.com/D_696471-MLU92718286513_092025-O.jpg,https://collectibles.uy/catalog-images/external/http2.mlstatic.com/D_696471-MLU92718286513_092025-O.jpg,200,image/jpeg,JPEG,/catalog-images/external/http2.mlstatic.com/D_696471-MLU92718286513_092025-O.jpg,jpg,PASS,5990.00 UYU
d7a80f83-2d20-4778-9239-6cb7818600c1,"Dracula! Figura Universal Monsters Jada Toys",dracula-figura-universal-monsters-jada-toys,https://cobtsgkwcftvexaarwmo.supabase.co/storage/v1/object/public/public-assets/ml-sync/d7a80f83-2d20-4778-9239-6cb7818600c1-0-1776871095389.jpg,https://cobtsgkwcftvexaarwmo.supabase.co/storage/v1/object/public/public-assets/ml-sync/d7a80f83-2d20-4778-9239-6cb7818600c1-0-1776871095389.jpg,200,image/jpeg,JPEG,/storage/v1/object/public/public-assets/ml-sync/d7a80f83-2d20-4778-9239-6cb7818600c1-0-1776871095389.jpg,jpg,PASS,3980.00 UYU
00055f0d-645e-43f3-b533-35681cd65c81,"Harry Potter! Eraser Gomee (c/u) Varios Modelos",harry-potter-eraser-gomee-c-u-varios-modelos,https://cobtsgkwcftvexaarwmo.supabase.co/storage/v1/object/public/public-assets/ml-sync/00055f0d-645e-43f3-b533-35681cd65c81-0-1779316251699.jpg,https://cobtsgkwcftvexaarwmo.supabase.co/storage/v1/object/public/public-assets/ml-sync/00055f0d-645e-43f3-b533-35681cd65c81-0-1779316251699.jpg,200,image/jpeg,JPEG,/storage/v1/object/public/public-assets/ml-sync/00055f0d-645e-43f3-b533-35681cd65c81-0-1779316251699.jpg,jpg,PASS,150.00 UYU
b6cfcede-8d22-490c-9cb4-a2840cb7dde6,"Cars 10 Vehículos Metal Disney Pixar Mattel Autos",cars-10-veh-culos-metal-disney-pixar-mattel-autos-7659,https://collectibles.uy/catalog-images/external/http2.mlstatic.com/D_967410-MLU92303095986_092025-O.jpg,https://collectibles.uy/catalog-images/external/http2.mlstatic.com/D_967410-MLU92303095986_092025-O.jpg,200,image/jpeg,JPEG,/catalog-images/external/http2.mlstatic.com/D_967410-MLU92303095986_092025-O.jpg,jpg,PASS,5990.00 UYU
9389f977-e498-4c40-9895-518004889ea0,"Ahsoka Tano Mandalore Star Wars Clone Wars Vintage Hasbro",ahsoka-tano-mandalore-star-wars-clone-wars-vintage-hasbro-5607,https://collectibles.uy/catalog-images/external/http2.mlstatic.com/D_854607-MLU48771136294_012022-O.jpg,https://collectibles.uy/catalog-images/external/http2.mlstatic.com/D_854607-MLU48771136294_012022-O.jpg,200,image/jpeg,JPEG,/catalog-images/external/http2.mlstatic.com/D_854607-MLU48771136294_012022-O.jpg,jpg,PASS,2190.00 UYU
d35054c8-f97e-46c2-ad45-c26ac7a23a17,"Pelota De Playa Multicolor Rojo Arcoíris",pelota-de-playa-multicolor-rojo-arcoiris,https://cobtsgkwcftvexaarwmo.supabase.co/storage/v1/object/public/public-assets/ml-sync/d35054c8-f97e-46c2-ad45-c26ac7a23a17-0-1776871170407.jpg,https://cobtsgkwcftvexaarwmo.supabase.co/storage/v1/object/public/public-assets/ml-sync/d35054c8-f97e-46c2-ad45-c26ac7a23a17-0-1776871170407.jpg,200,image/jpeg,JPEG,/storage/v1/object/public/public-assets/ml-sync/d35054c8-f97e-46c2-ad45-c26ac7a23a17-0-1776871170407.jpg,jpg,PASS,200.00 UYU
a4c339f8-e30e-4e32-a2be-d8fda8c5a021,"Ariel Sparkling Look Sirenita Princesas Disney Mattel",ariel-sparkling-look-sirenita-princesas-disney-mattel-1549,https://collectibles.uy/catalog-images/external/http2.mlstatic.com/D_820872-MLU76550034177_052024-O.jpg,https://collectibles.uy/catalog-images/external/http2.mlstatic.com/D_820872-MLU76550034177_052024-O.jpg,200,image/jpeg,JPEG,/catalog-images/external/http2.mlstatic.com/D_820872-MLU76550034177_052024-O.jpg,jpg,PASS,1490.00 UYU
a84c464a-e87f-4863-9766-82067d88c083,"Disney! Body Princess Cenicienta",disney-body-princess-cenicienta,https://cobtsgkwcftvexaarwmo.supabase.co/storage/v1/object/public/public-assets/ml-sync/a84c464a-e87f-4863-9766-82067d88c083-0-1779316788311.jpg,https://cobtsgkwcftvexaarwmo.supabase.co/storage/v1/object/public/public-assets/ml-sync/a84c464a-e87f-4863-9766-82067d88c083-0-1779316788311.jpg,200,image/jpeg,JPEG,/storage/v1/object/public/public-assets/ml-sync/a84c464a-e87f-4863-9766-82067d88c083-0-1779316788311.jpg,jpg,PASS,990.00 UYU
950f2e19-4b54-4e6e-acdf-bf480b323c63,"Master Chief Halo Disfraz Musculoso Reflectivo Disguise",master-chief-halo-disfraz-musculoso-reflectivo-disguise-9325,https://collectibles.uy/catalog-images/external/http2.mlstatic.com/D_675246-MLU74266673111_012024-O.jpg,https://collectibles.uy/catalog-images/external/http2.mlstatic.com/D_675246-MLU74266673111_012024-O.jpg,200,image/jpeg,JPEG,/catalog-images/external/http2.mlstatic.com/D_675246-MLU74266673111_012024-O.jpg,jpg,PASS,4990.00 UYU
5340d8df-b736-4e18-90ce-8e0511b39cec,"Slash Tortugas Ninja Turtles Ultimates Wave5 Super7",slash-tortugas-ninja-turtles-ultimates-wave5-super7-4957,https://collectibles.uy/catalog-images/external/http2.mlstatic.com/D_816079-MLU53554055200_022023-O.jpg,https://collectibles.uy/catalog-images/external/http2.mlstatic.com/D_816079-MLU53554055200_022023-O.jpg,200,image/jpeg,JPEG,/catalog-images/external/http2.mlstatic.com/D_816079-MLU53554055200_022023-O.jpg,jpg,PASS,4990.00 UYU
8f20441a-7f59-4f17-9faf-94a75126d1aa,"Figuras Hasbro Dungeons And Dragons Golden Archive - Simon",figuras-hasbro-dungeons-and-dragons-golden-archive-simon,https://cobtsgkwcftvexaarwmo.supabase.co/storage/v1/object/public/public-assets/ml-sync/8f20441a-7f59-4f17-9faf-94a75126d1aa-0-1776870704014.jpg,https://cobtsgkwcftvexaarwmo.supabase.co/storage/v1/object/public/public-assets/ml-sync/8f20441a-7f59-4f17-9faf-94a75126d1aa-0-1776870704014.jpg,200,image/jpeg,JPEG,/storage/v1/object/public/public-assets/ml-sync/8f20441a-7f59-4f17-9faf-94a75126d1aa-0-1776870704014.jpg,jpg,PASS,1900.00 UYU
719ccf39-bd2b-496e-b38d-2fe2ac779e08,"Funko Pop! Squid Game - Cho Sang-woo 218",funko-pop-squid-game-cho-sang-woo-218,https://cobtsgkwcftvexaarwmo.supabase.co/storage/v1/object/public/public-assets/ml-sync/719ccf39-bd2b-496e-b38d-2fe2ac779e08-0-1776870811615.jpg,https://cobtsgkwcftvexaarwmo.supabase.co/storage/v1/object/public/public-assets/ml-sync/719ccf39-bd2b-496e-b38d-2fe2ac779e08-0-1776870811615.jpg,200,image/jpeg,JPEG,/storage/v1/object/public/public-assets/ml-sync/719ccf39-bd2b-496e-b38d-2fe2ac779e08-0-1776870811615.jpg,jpg,PASS,790.00 UYU
d2d3b323-2df0-45e5-ac69-e5d8fe695f5c,"Ishizaki Ryo Taki Hajime Captain Tsubasa Dasin Model",ishizaki-ryo-taki-hajime-captain-tsubasa-dasin-model-2905,https://collectibles.uy/catalog-images/external/http2.mlstatic.com/D_972957-MLU69844828802_062023-O.jpg,https://collectibles.uy/catalog-images/external/http2.mlstatic.com/D_972957-MLU69844828802_062023-O.jpg,200,image/jpeg,JPEG,/catalog-images/external/http2.mlstatic.com/D_972957-MLU69844828802_062023-O.jpg,jpg,PASS,9900.00 UYU
f416659e-e390-4820-921c-e145c4736e81,"Majorette! Autos De Metal Anniversary 60th Edition",majorette-autos-de-metal-anniversary-60th-edition,https://cobtsgkwcftvexaarwmo.supabase.co/storage/v1/object/public/public-assets/ml-sync/f416659e-e390-4820-921c-e145c4736e81-0-1776871077826.jpg,https://cobtsgkwcftvexaarwmo.supabase.co/storage/v1/object/public/public-assets/ml-sync/f416659e-e390-4820-921c-e145c4736e81-0-1776871077826.jpg,200,image/jpeg,JPEG,/storage/v1/object/public/public-assets/ml-sync/f416659e-e390-4820-921c-e145c4736e81-0-1776871077826.jpg,jpg,PASS,290.00 UYU
13ae351a-f3ac-43bc-a21e-6bac7eb60cc0,"Venom Spiderman Marvel Legends 85 Years Walmart Exclusive",venom-spiderman-marvel-legends-85-years-walmart-exclusive-il3jb,https://cobtsgkwcftvexaarwmo.supabase.co/storage/v1/object/public/public-assets/vendors/61a48094-7453-4b7f-9563-e51f184832f9/ml-curation/13ae351a-f3ac-43bc-a21e-6bac7eb60cc0-main.jpg,https://cobtsgkwcftvexaarwmo.supabase.co/storage/v1/object/public/public-assets/vendors/61a48094-7453-4b7f-9563-e51f184832f9/ml-curation/13ae351a-f3ac-43bc-a21e-6bac7eb60cc0-main.jpg,200,image/jpeg,JPEG,/storage/v1/object/public/public-assets/vendors/61a48094-7453-4b7f-9563-e51f184832f9/ml-curation/13ae351a-f3ac-43bc-a21e-6bac7eb60cc0-main.jpg,jpg,PASS,5990.00 UYU
1f97eb61-cf75-4c63-b300-55d10806b3b1,"Ursula Villains Princesas Disney Sirenita Disfraz Disguise Ursula S",ursula-villains-princesas-disney-sirenita-disfraz-disguise-ursula-s-4254,https://collectibles.uy/catalog-images/external/http2.mlstatic.com/D_905001-MLU92719058085_092025-O.jpg,https://collectibles.uy/catalog-images/external/http2.mlstatic.com/D_905001-MLU92719058085_092025-O.jpg,200,image/jpeg,JPEG,/catalog-images/external/http2.mlstatic.com/D_905001-MLU92719058085_092025-O.jpg,jpg,PASS,2990.00 UYU
fa9bf02e-e421-4f8b-852c-98bbf40f1425,"Figura Articulada Tortugas Ninja Vs Cobra Kai Leonardo Vs Miguel Diaz 15cm Playmates",figura-articulada-tortugas-ninja-vs-cobra-kai-leonardo-vs-miguel-diaz-15cm-playmates,https://cobtsgkwcftvexaarwmo.supabase.co/storage/v1/object/public/public-assets/ml-sync/fa9bf02e-e421-4f8b-852c-98bbf40f1425-0-1776871044805.jpg,https://cobtsgkwcftvexaarwmo.supabase.co/storage/v1/object/public/public-assets/ml-sync/fa9bf02e-e421-4f8b-852c-98bbf40f1425-0-1776871044805.jpg,200,image/jpeg,JPEG,/storage/v1/object/public/public-assets/ml-sync/fa9bf02e-e421-4f8b-852c-98bbf40f1425-0-1776871044805.jpg,jpg,PASS,3900.00 UYU
a956ab1a-e6f8-4d46-b676-d55e59db9f07,"El Principito The Little Prince Boss Fight Studio",el-principito-the-little-prince-boss-fight-studio-4182,https://collectibles.uy/catalog-images/external/http2.mlstatic.com/D_823984-MLU75347485831_032024-O.jpg,https://collectibles.uy/catalog-images/external/http2.mlstatic.com/D_823984-MLU75347485831_032024-O.jpg,200,image/jpeg,JPEG,/catalog-images/external/http2.mlstatic.com/D_823984-MLU75347485831_032024-O.jpg,jpg,PASS,4990.00 UYU
4334e228-e4c1-43e1-9061-1cb828e82af2,"Book Of Boba Fett Throne Room Star Wars Black Series Hasbro",book-of-boba-fett-throne-room-star-wars-black-series-hasbro-2760,https://collectibles.uy/catalog-images/external/http2.mlstatic.com/D_738419-MLU50756508747_072022-O.jpg,https://collectibles.uy/catalog-images/external/http2.mlstatic.com/D_738419-MLU50756508747_072022-O.jpg,200,image/jpeg,JPEG,/catalog-images/external/http2.mlstatic.com/D_738419-MLU50756508747_072022-O.jpg,jpg,PASS,2990.00 UYU
a781ab36-2569-4205-ac30-b277d0d13b97,"Cars Lightning Mcqueen Frank Escape Stunt Race Disney Mattel Frank Escape Stunt Race Playset",cars-lightning-mcqueen-frank-escape-stunt-race-disney-mattel-frank-escape-stunt-race-playset-5461,https://collectibles.uy/catalog-images/external/http2.mlstatic.com/D_999029-MLU92310002934_092025-O.jpg,https://collectibles.uy/catalog-images/external/http2.mlstatic.com/D_999029-MLU92310002934_092025-O.jpg,200,image/jpeg,JPEG,/catalog-images/external/http2.mlstatic.com/D_999029-MLU92310002934_092025-O.jpg,jpg,PASS,3990.00 UYU
75c4281a-db14-46aa-bcc5-1072042284a8,"Cherry Planet Terror Grindhouse Neca",cherry-planet-terror-grindhouse-neca-6517,https://collectibles.uy/catalog-images/external/http2.mlstatic.com/D_734355-MLU45584884240_042021-O.jpg,https://collectibles.uy/catalog-images/external/http2.mlstatic.com/D_734355-MLU45584884240_042021-O.jpg,200,image/jpeg,JPEG,/catalog-images/external/http2.mlstatic.com/D_734355-MLU45584884240_042021-O.jpg,jpg,PASS,2990.00 UYU
3520cf22-d794-47cc-bdbd-d24d97d0bd67,"Grand Pope Saint Cloth Myth Bandai",grand-pope-saint-cloth-myth-bandai-3033,https://collectibles.uy/catalog-images/external/http2.mlstatic.com/D_710158-MLU45777284232_052021-O.jpg,https://collectibles.uy/catalog-images/external/http2.mlstatic.com/D_710158-MLU45777284232_052021-O.jpg,200,image/jpeg,JPEG,/catalog-images/external/http2.mlstatic.com/D_710158-MLU45777284232_052021-O.jpg,jpg,PASS,9990.00 UYU
7c1b2c32-a7d4-4faa-93f6-64678f1f1d2f,"Kyo Kusanagi The King Of Fighters 98 Storm Collectibles",kyo-kusanagi-the-king-of-fighters-98-storm-collectibles-5505,https://collectibles.uy/catalog-images/external/http2.mlstatic.com/D_702598-MLU53319255453_012023-O.jpg,https://collectibles.uy/catalog-images/external/http2.mlstatic.com/D_702598-MLU53319255453_012023-O.jpg,200,image/jpeg,JPEG,/catalog-images/external/http2.mlstatic.com/D_702598-MLU53319255453_012023-O.jpg,jpg,PASS,9900.00 UYU
bed39ef1-f906-4ea1-9592-e4fa49a91a75,"Lucario Pokemon Center Peluche 30cm",lucario-pokemon-center-peluche-30cm-4752,https://collectibles.uy/catalog-images/external/http2.mlstatic.com/D_986023-MLU48878034191_012022-O.jpg,https://collectibles.uy/catalog-images/external/http2.mlstatic.com/D_986023-MLU48878034191_012022-O.jpg,200,image/jpeg,JPEG,/catalog-images/external/http2.mlstatic.com/D_986023-MLU48878034191_012022-O.jpg,jpg,PASS,2190.00 UYU
7b5a4a95-d9e5-4bb3-a73d-2e6549681621,"Rayquaza Pokemon Center Peluche 75cm Rayquaza",rayquaza-pokemon-center-peluche-75cm-rayquaza-5067,https://collectibles.uy/catalog-images/external/http2.mlstatic.com/D_897401-MLU92301968316_092025-O.jpg,https://collectibles.uy/catalog-images/external/http2.mlstatic.com/D_897401-MLU92301968316_092025-O.jpg,200,image/jpeg,JPEG,/catalog-images/external/http2.mlstatic.com/D_897401-MLU92301968316_092025-O.jpg,jpg,PASS,2650.00 UYU
b9fde2ce-abf3-4669-a405-ecb52b4e217c,"Captain Marvel Avengers Endgame Marvel Figuarts Bandai",captain-marvel-avengers-endgame-marvel-figuarts-bandai-7694,https://collectibles.uy/catalog-images/external/http2.mlstatic.com/D_738326-MLU75199390378_032024-O.jpg,https://collectibles.uy/catalog-images/external/http2.mlstatic.com/D_738326-MLU75199390378_032024-O.jpg,200,image/jpeg,JPEG,/catalog-images/external/http2.mlstatic.com/D_738326-MLU75199390378_032024-O.jpg,jpg,PASS,4900.00 UYU
102a7ba6-fb0e-46c3-82c4-a3cd29711e10,"Umbreon Eevee Pokemon Center Peluche 20cm",umbreon-eevee-pokemon-center-peluche-20cm-9093,https://collectibles.uy/catalog-images/external/http2.mlstatic.com/D_950206-MLU46032945624_052021-O.jpg,https://collectibles.uy/catalog-images/external/http2.mlstatic.com/D_950206-MLU46032945624_052021-O.jpg,200,image/jpeg,JPEG,/catalog-images/external/http2.mlstatic.com/D_950206-MLU46032945624_052021-O.jpg,jpg,PASS,1390.00 UYU
92141865-68ca-412f-9226-26e74768d529,"Glamrock Chica Five Nights Freddy´s Security Breach Funko",glamrock-chica-five-nights-freddy-s-security-breach-funko-2397,https://collectibles.uy/catalog-images/external/http2.mlstatic.com/D_902022-MLU45676873036_042021-O.jpg,https://collectibles.uy/catalog-images/external/http2.mlstatic.com/D_902022-MLU45676873036_042021-O.jpg,200,image/jpeg,JPEG,/catalog-images/external/http2.mlstatic.com/D_902022-MLU45676873036_042021-O.jpg,jpg,PASS,2650.00 UYU
694ee480-09fd-46c8-91d4-b28029ade19c,"Raziel (material Plane) Legacy Of Kain Soul Reaver Neca",raziel--material-plane--legacy-of-kain-soul-reaver-neca-8978,https://collectibles.uy/catalog-images/external/http2.mlstatic.com/D_868718-MLU45582540444_042021-O.jpg,https://collectibles.uy/catalog-images/external/http2.mlstatic.com/D_868718-MLU45582540444_042021-O.jpg,200,image/jpeg,JPEG,/catalog-images/external/http2.mlstatic.com/D_868718-MLU45582540444_042021-O.jpg,jpg,PASS,9900.00 UYU
bdbb5bc5-fbbf-44a3-9504-0a1ab1603a3c,"Albus Dumbledore Harry Potter Peluche Lego",albus-dumbledore-harry-potter-peluche-lego-2876,https://collectibles.uy/catalog-images/external/http2.mlstatic.com/D_999692-MLU69680043078_052023-O.jpg,https://collectibles.uy/catalog-images/external/http2.mlstatic.com/D_999692-MLU69680043078_052023-O.jpg,200,image/jpeg,JPEG,/catalog-images/external/http2.mlstatic.com/D_999692-MLU69680043078_052023-O.jpg,jpg,PASS,2990.00 UYU
5951b489-628c-46f1-911d-b2ee8202a47b,"Leafon Eevee Pokemon Center Peluche 20cm",leafon-eevee-pokemon-center-peluche-20cm-8928,https://collectibles.uy/catalog-images/external/http2.mlstatic.com/D_860628-MLU45839243433_052021-O.jpg,https://collectibles.uy/catalog-images/external/http2.mlstatic.com/D_860628-MLU45839243433_052021-O.jpg,200,image/jpeg,JPEG,/catalog-images/external/http2.mlstatic.com/D_860628-MLU45839243433_052021-O.jpg,jpg,PASS,1390.00 UYU
4d594e7b-66d5-4ab4-8ed0-23b26542a9e5,"Eevee Pokemon Center Peluche 15cm",eevee-pokemon-center-peluche-15cm-2356,https://collectibles.uy/catalog-images/external/http2.mlstatic.com/D_836155-MLU48921074328_012022-O.jpg,https://collectibles.uy/catalog-images/external/http2.mlstatic.com/D_836155-MLU48921074328_012022-O.jpg,200,image/jpeg,JPEG,/catalog-images/external/http2.mlstatic.com/D_836155-MLU48921074328_012022-O.jpg,jpg,PASS,990.00 UYU
9c8c0f36-ee4a-4dba-96d3-00ee8a8c67f0,"Jolteon Eevee Pokemon Center Peluche 28cm",jolteon-eevee-pokemon-center-peluche-28cm-5553,https://collectibles.uy/catalog-images/external/http2.mlstatic.com/D_647676-MLU70009315466_062023-O.jpg,https://collectibles.uy/catalog-images/external/http2.mlstatic.com/D_647676-MLU70009315466_062023-O.jpg,200,image/jpeg,JPEG,/catalog-images/external/http2.mlstatic.com/D_647676-MLU70009315466_062023-O.jpg,jpg,PASS,2190.00 UYU
ee37918d-8f40-401b-ba5d-d973c0d99127,"Sam Ultimate Trick Or Treat Neca",sam-ultimate-trick-or-treat-neca-5382,https://collectibles.uy/catalog-images/external/http2.mlstatic.com/D_839651-MLU45575037512_042021-O.jpg,https://collectibles.uy/catalog-images/external/http2.mlstatic.com/D_839651-MLU45575037512_042021-O.jpg,200,image/jpeg,JPEG,/catalog-images/external/http2.mlstatic.com/D_839651-MLU45575037512_042021-O.jpg,jpg,PASS,3990.00 UYU
4554aa00-ad21-4823-ab78-a1a83b016284,"Harry Potter! Llaveros Plush - Fleur Delacour",harry-potter-llaveros-plush-fleur-delacour,https://cobtsgkwcftvexaarwmo.supabase.co/storage/v1/object/public/public-assets/ml-sync/4554aa00-ad21-4823-ab78-a1a83b016284-0-1779316172048.jpg,https://cobtsgkwcftvexaarwmo.supabase.co/storage/v1/object/public/public-assets/ml-sync/4554aa00-ad21-4823-ab78-a1a83b016284-0-1779316172048.jpg,200,image/jpeg,JPEG,/storage/v1/object/public/public-assets/ml-sync/4554aa00-ad21-4823-ab78-a1a83b016284-0-1779316172048.jpg,jpg,PASS,390.00 UYU
8b92dab4-b634-4bd3-b295-b4b7d91df6a2,"Harry Potter! Guantes Screentouch - Hufflepuff",harry-potter-guantes-screentouch-hufflepuff,https://cobtsgkwcftvexaarwmo.supabase.co/storage/v1/object/public/public-assets/ml-sync/8b92dab4-b634-4bd3-b295-b4b7d91df6a2-0-1779316151537.jpg,https://cobtsgkwcftvexaarwmo.supabase.co/storage/v1/object/public/public-assets/ml-sync/8b92dab4-b634-4bd3-b295-b4b7d91df6a2-0-1779316151537.jpg,200,image/jpeg,JPEG,/storage/v1/object/public/public-assets/ml-sync/8b92dab4-b634-4bd3-b295-b4b7d91df6a2-0-1779316151537.jpg,jpg,PASS,1200.00 UYU
51ff35a2-c0df-48e1-bf28-5b073f674185,"Emma Frost X-men Marvel Legends Hasbro Walrgeens Exclusive",emma-frost-x-men-marvel-legends-hasbro-walrgeens-exclusive-1937,https://collectibles.uy/catalog-images/external/http2.mlstatic.com/D_802359-MLU45528902538_042021-O.jpg,https://collectibles.uy/catalog-images/external/http2.mlstatic.com/D_802359-MLU45528902538_042021-O.jpg,200,image/jpeg,JPEG,/catalog-images/external/http2.mlstatic.com/D_802359-MLU45528902538_042021-O.jpg,jpg,PASS,3990.00 UYU
8898d568-895c-442b-bf10-1d6f569c2c09,"Harry Potter! Guantes Screentouch - Ravenclaw",harry-potter-guantes-screentouch-ravenclaw,https://cobtsgkwcftvexaarwmo.supabase.co/storage/v1/object/public/public-assets/ml-sync/8898d568-895c-442b-bf10-1d6f569c2c09-0-1779316158646.jpg,https://cobtsgkwcftvexaarwmo.supabase.co/storage/v1/object/public/public-assets/ml-sync/8898d568-895c-442b-bf10-1d6f569c2c09-0-1779316158646.jpg,200,image/jpeg,JPEG,/storage/v1/object/public/public-assets/ml-sync/8898d568-895c-442b-bf10-1d6f569c2c09-0-1779316158646.jpg,jpg,PASS,1200.00 UYU
6974e3f2-1ff1-4dc3-85ca-96a39e1627c2,"Charmander Pokemon Takara Tomy Peluche 20cm",charmander-pokemon-takara-tomy-peluche-20cm-9146,https://collectibles.uy/catalog-images/external/http2.mlstatic.com/D_614109-MLU106668081272_022026-O.jpg,https://collectibles.uy/catalog-images/external/http2.mlstatic.com/D_614109-MLU106668081272_022026-O.jpg,200,image/jpeg,JPEG,/catalog-images/external/http2.mlstatic.com/D_614109-MLU106668081272_022026-O.jpg,jpg,PASS,2190.00 UYU
a10cfa75-6d3e-495c-8953-1158eee46f40,"Harry Potter! Túnica De Quidditch Gryffindor Personalizada",harry-potter-tunica-de-quidditch-gryffindor-personalizada,https://cobtsgkwcftvexaarwmo.supabase.co/storage/v1/object/public/public-assets/ml-sync/a10cfa75-6d3e-495c-8953-1158eee46f40-0-1779316506160.jpg,https://cobtsgkwcftvexaarwmo.supabase.co/storage/v1/object/public/public-assets/ml-sync/a10cfa75-6d3e-495c-8953-1158eee46f40-0-1779316506160.jpg,200,image/jpeg,JPEG,/storage/v1/object/public/public-assets/ml-sync/a10cfa75-6d3e-495c-8953-1158eee46f40-0-1779316506160.jpg,jpg,PASS,2990.00 UYU
51ea9ecb-8764-480f-8fa8-cd1834df83bc,"Tweak Octonautas Peluche Grande 30cm",tweak-octonautas-peluche-grande-30cm-4607,https://collectibles.uy/catalog-images/external/http2.mlstatic.com/D_763789-MLU46033040603_052021-O.jpg,https://collectibles.uy/catalog-images/external/http2.mlstatic.com/D_763789-MLU46033040603_052021-O.jpg,200,image/jpeg,JPEG,/catalog-images/external/http2.mlstatic.com/D_763789-MLU46033040603_052021-O.jpg,jpg,PASS,2190.00 UYU
f9967e75-14ad-47ca-a84d-075739334fd1,"Iron Studios! Harry Potter - Voldemort Bds Art Scale 1/10",iron-studios-harry-potter-voldemort-bds-art-scale-1-10,https://cobtsgkwcftvexaarwmo.supabase.co/storage/v1/object/public/public-assets/ml-sync/f9967e75-14ad-47ca-a84d-075739334fd1-0-1779316792964.jpg,https://cobtsgkwcftvexaarwmo.supabase.co/storage/v1/object/public/public-assets/ml-sync/f9967e75-14ad-47ca-a84d-075739334fd1-0-1779316792964.jpg,200,image/jpeg,JPEG,/storage/v1/object/public/public-assets/ml-sync/f9967e75-14ad-47ca-a84d-075739334fd1-0-1779316792964.jpg,jpg,PASS,10900.00 UYU
ece0e840-385f-4220-9541-644f89d91605,"Foxy Five Nights At Freddy´s Funko",foxy-five-nights-at-freddy-s-funko-8012,https://collectibles.uy/catalog-images/external/http2.mlstatic.com/D_789601-MLU45675676428_042021-O.jpg,https://collectibles.uy/catalog-images/external/http2.mlstatic.com/D_789601-MLU45675676428_042021-O.jpg,200,image/jpeg,JPEG,/catalog-images/external/http2.mlstatic.com/D_789601-MLU45675676428_042021-O.jpg,jpg,PASS,3990.00 UYU
42bdb8c0-9254-4cdc-b277-2b464fe863df,"Venom Agony Riot Marvel Legends Hasbro",venom-agony-riot-marvel-legends-hasbro-63zrv,https://cobtsgkwcftvexaarwmo.supabase.co/storage/v1/object/public/public-assets/vendors/61a48094-7453-4b7f-9563-e51f184832f9/ml-curation/42bdb8c0-9254-4cdc-b277-2b464fe863df-main.jpg,https://cobtsgkwcftvexaarwmo.supabase.co/storage/v1/object/public/public-assets/vendors/61a48094-7453-4b7f-9563-e51f184832f9/ml-curation/42bdb8c0-9254-4cdc-b277-2b464fe863df-main.jpg,200,image/jpeg,JPEG,/storage/v1/object/public/public-assets/vendors/61a48094-7453-4b7f-9563-e51f184832f9/ml-curation/42bdb8c0-9254-4cdc-b277-2b464fe863df-main.jpg,jpg,PASS,11900.00 UYU
ca1e094b-08fb-40ce-a9a7-ca89256c3776,"Funko Five Nights At Freddy&apos;s Articulado Golden Freddy Figur",funko-five-nights-at-freddy-s-articulado-golden-freddy-figur-6988,https://collectibles.uy/catalog-images/external/http2.mlstatic.com/D_915984-MLA95168723532_102025-O.jpg,https://collectibles.uy/catalog-images/external/http2.mlstatic.com/D_915984-MLA95168723532_102025-O.jpg,200,image/jpeg,JPEG,/catalog-images/external/http2.mlstatic.com/D_915984-MLA95168723532_102025-O.jpg,jpg,PASS,3990.00 UYU
cc0fff7f-a96f-49fc-b103-f70ddeec21f3,"Magikarp The Pokemon Company Peluche 30cm",magikarp-the-pokemon-company-peluche-30cm-5069,https://collectibles.uy/catalog-images/external/http2.mlstatic.com/D_672266-MLU48919241348_012022-O.jpg,https://collectibles.uy/catalog-images/external/http2.mlstatic.com/D_672266-MLU48919241348_012022-O.jpg,200,image/jpeg,JPEG,/catalog-images/external/http2.mlstatic.com/D_672266-MLU48919241348_012022-O.jpg,jpg,PASS,2190.00 UYU
22b5a630-7cb1-471a-aed3-282f58e46efe,"Squirtle Pokemon Moncolle-ex Takara Tomy Emc_17",squirtle-pokemon-moncolle-ex-takara-tomy-emc-17-8847,https://collectibles.uy/catalog-images/external/http2.mlstatic.com/D_946200-MLU105128145379_012026-O.jpg,https://collectibles.uy/catalog-images/external/http2.mlstatic.com/D_946200-MLU105128145379_012026-O.jpg,200,image/jpeg,JPEG,/catalog-images/external/http2.mlstatic.com/D_946200-MLU105128145379_012026-O.jpg,jpg,PASS,990.00 UYU
e5bdad13-b496-414d-a554-3a0f94d65c3c,"Five Nights At Freddy&apos;s - Captain Foxy - Curse Of Dread Bear",five-nights-at-freddy-s---captain-foxy---curse-of-dread-bear-6010,https://collectibles.uy/catalog-images/external/http2.mlstatic.com/D_889098-MLA99951957799_112025-O.jpg,https://collectibles.uy/catalog-images/external/http2.mlstatic.com/D_889098-MLA99951957799_112025-O.jpg,200,image/jpeg,JPEG,/catalog-images/external/http2.mlstatic.com/D_889098-MLA99951957799_112025-O.jpg,jpg,PASS,2990.00 UYU
0446ec92-cba0-4719-9158-a76c886692d9,"Figura Articulada Thailog De Gárgolas Neca Coleccionable Plástico 20cm",figura-articulada-thailog-de-g-rgolas-neca-coleccionable-pl-stico-20cm-6888,https://collectibles.uy/catalog-images/external/http2.mlstatic.com/D_913856-MLA95503822253_102025-O.jpg,https://collectibles.uy/catalog-images/external/http2.mlstatic.com/D_913856-MLA95503822253_102025-O.jpg,200,image/jpeg,JPEG,/catalog-images/external/http2.mlstatic.com/D_913856-MLA95503822253_102025-O.jpg,jpg,PASS,5990.00 UYU
bc042f50-a78c-4a2a-9b3b-8ab85fa4b798,"Harry Potter! Body Hogwarts Logos Blanco/verde/azul/rojo/ Negro 12  Meses",harry-potter-body-hogwarts-logos-blanco-verde-azul-rojo-negro-12-meses,https://cobtsgkwcftvexaarwmo.supabase.co/storage/v1/object/public/public-assets/ml-sync/bc042f50-a78c-4a2a-9b3b-8ab85fa4b798-0-1776870592981.jpg,https://cobtsgkwcftvexaarwmo.supabase.co/storage/v1/object/public/public-assets/ml-sync/bc042f50-a78c-4a2a-9b3b-8ab85fa4b798-0-1776870592981.jpg,200,image/jpeg,JPEG,/storage/v1/object/public/public-assets/ml-sync/bc042f50-a78c-4a2a-9b3b-8ab85fa4b798-0-1776870592981.jpg,jpg,PASS,990.00 UYU
1f544b3d-27f7-4c23-b56e-fd13eb551889,"Amy Sonic The Hedgehog 6cm Wave 7 Jakks Pacific",amy-sonic-the-hedgehog-6cm-wave-7-jakks-pacific-4083,https://collectibles.uy/catalog-images/external/http2.mlstatic.com/D_773478-MLU50990289225_082022-O.jpg,https://collectibles.uy/catalog-images/external/http2.mlstatic.com/D_773478-MLU50990289225_082022-O.jpg,200,image/jpeg,JPEG,/catalog-images/external/http2.mlstatic.com/D_773478-MLU50990289225_082022-O.jpg,jpg,PASS,1650.00 UYU
484771dc-9e17-416a-93fc-c42053269480,"Golden Freddy Five Nights At Freddy´s Funko",golden-freddy-five-nights-at-freddy-s-funko-7569,https://collectibles.uy/catalog-images/external/http2.mlstatic.com/D_603399-MLU45675681037_042021-O.jpg,https://collectibles.uy/catalog-images/external/http2.mlstatic.com/D_603399-MLU45675681037_042021-O.jpg,200,image/jpeg,JPEG,/catalog-images/external/http2.mlstatic.com/D_603399-MLU45675681037_042021-O.jpg,jpg,PASS,3990.00 UYU
0294fd04-4f28-4961-90b7-f0b2016c2a1a,"Wolverine X-men 90&apos;s Animated Series Marvel Legends Hasbro",wolverine-x-men-90-s-animated-series-marvel-legends-hasbro-q60gy,https://cobtsgkwcftvexaarwmo.supabase.co/storage/v1/object/public/public-assets/vendors/61a48094-7453-4b7f-9563-e51f184832f9/ml-curation/0294fd04-4f28-4961-90b7-f0b2016c2a1a-main.jpg,https://cobtsgkwcftvexaarwmo.supabase.co/storage/v1/object/public/public-assets/vendors/61a48094-7453-4b7f-9563-e51f184832f9/ml-curation/0294fd04-4f28-4961-90b7-f0b2016c2a1a-main.jpg,200,image/jpeg,JPEG,/storage/v1/object/public/public-assets/vendors/61a48094-7453-4b7f-9563-e51f184832f9/ml-curation/0294fd04-4f28-4961-90b7-f0b2016c2a1a-main.jpg,jpg,PASS,5990.00 UYU
9fae8fcc-e623-4226-8fee-219cc2bf4c15,"Zeraora Pokemon Center Peluche 25cm",zeraora-pokemon-center-peluche-25cm-2837,https://collectibles.uy/catalog-images/external/http2.mlstatic.com/D_785400-MLU46355208032_062021-O.jpg,https://collectibles.uy/catalog-images/external/http2.mlstatic.com/D_785400-MLU46355208032_062021-O.jpg,200,image/jpeg,JPEG,/catalog-images/external/http2.mlstatic.com/D_785400-MLU46355208032_062021-O.jpg,jpg,PASS,2190.00 UYU
8f2844c0-d9aa-435b-899b-1cebf20edea2,"Harry Potter! Set de accesorios para el cabello - Slytherin ",harry-potter-set-de-accesorios-para-el-cabello-slytherin-2,https://cobtsgkwcftvexaarwmo.supabase.co/storage/v1/object/public/public-assets/ml-sync/8f2844c0-d9aa-435b-899b-1cebf20edea2-0-1779316117622.jpg,https://cobtsgkwcftvexaarwmo.supabase.co/storage/v1/object/public/public-assets/ml-sync/8f2844c0-d9aa-435b-899b-1cebf20edea2-0-1779316117622.jpg,200,image/jpeg,JPEG,/storage/v1/object/public/public-assets/ml-sync/8f2844c0-d9aa-435b-899b-1cebf20edea2-0-1779316117622.jpg,jpg,PASS,390.00 UYU
eb77e5af-a08e-4a2e-9681-6de4340eaa8b,"Teela He-man Motu Club Grayskull Filmation Super7 Muñeco",teela-he-man-motu-club-grayskull-filmation-super7-mu-eco-6279,https://collectibles.uy/catalog-images/external/http2.mlstatic.com/D_735530-MLU110899334121_042026-O.jpg,https://collectibles.uy/catalog-images/external/http2.mlstatic.com/D_735530-MLU110899334121_042026-O.jpg,200,image/jpeg,JPEG,/catalog-images/external/http2.mlstatic.com/D_735530-MLU110899334121_042026-O.jpg,jpg,PASS,29900.00 UYU
90013ddf-db66-4917-b848-7b792018a2e1,"Warbird Dark Avengers Marvel Legends Hasbro",warbird-dark-avengers-marvel-legends-hasbro-vvpb7,https://cobtsgkwcftvexaarwmo.supabase.co/storage/v1/object/public/public-assets/vendors/61a48094-7453-4b7f-9563-e51f184832f9/ml-curation/90013ddf-db66-4917-b848-7b792018a2e1-main.jpg,https://cobtsgkwcftvexaarwmo.supabase.co/storage/v1/object/public/public-assets/vendors/61a48094-7453-4b7f-9563-e51f184832f9/ml-curation/90013ddf-db66-4917-b848-7b792018a2e1-main.jpg,200,image/jpeg,JPEG,/storage/v1/object/public/public-assets/vendors/61a48094-7453-4b7f-9563-e51f184832f9/ml-curation/90013ddf-db66-4917-b848-7b792018a2e1-main.jpg,jpg,PASS,3990.00 UYU
519d027b-c88a-41e4-a645-2595ab0fb1fe,"Captain America Avengers Infinity Saga Marvel Legends Hasbro",captain-america-avengers-infinity-saga-marvel-legends-hasbro-9izuv,https://cobtsgkwcftvexaarwmo.supabase.co/storage/v1/object/public/public-assets/vendors/61a48094-7453-4b7f-9563-e51f184832f9/ml-curation/519d027b-c88a-41e4-a645-2595ab0fb1fe-main.jpg,https://cobtsgkwcftvexaarwmo.supabase.co/storage/v1/object/public/public-assets/vendors/61a48094-7453-4b7f-9563-e51f184832f9/ml-curation/519d027b-c88a-41e4-a645-2595ab0fb1fe-main.jpg,200,image/jpeg,JPEG,/storage/v1/object/public/public-assets/vendors/61a48094-7453-4b7f-9563-e51f184832f9/ml-curation/519d027b-c88a-41e4-a645-2595ab0fb1fe-main.jpg,jpg,PASS,3990.00 UYU
ed230195-e283-4b45-a9b0-a60ba3f97c82,"Gray Beast X-men Marvel Legends Hasbro",gray-beast-x-men-marvel-legends-hasbro-4773,https://collectibles.uy/catalog-images/external/http2.mlstatic.com/D_940948-MLU77825654634_072024-O.jpg,https://collectibles.uy/catalog-images/external/http2.mlstatic.com/D_940948-MLU77825654634_072024-O.jpg,200,image/jpeg,JPEG,/catalog-images/external/http2.mlstatic.com/D_940948-MLU77825654634_072024-O.jpg,jpg,PASS,3990.00 UYU
08d074d4-0cfb-41b2-a802-59dcebbca8c6,"Flareon Eevee Pokemon Center Peluche 20cm",flareon-eevee-pokemon-center-peluche-20cm-4221,https://collectibles.uy/catalog-images/external/http2.mlstatic.com/D_869220-MLU45839282252_052021-O.jpg,https://collectibles.uy/catalog-images/external/http2.mlstatic.com/D_869220-MLU45839282252_052021-O.jpg,200,image/jpeg,JPEG,/catalog-images/external/http2.mlstatic.com/D_869220-MLU45839282252_052021-O.jpg,jpg,PASS,1390.00 UYU
734cc0df-0942-485f-a64b-a445fb2e1311,"Shadow Sonic 3 La Película Wave 1 Jakks Pacific",shadow-sonic-3-la-pel-cula-wave-1-jakks-pacific-4338,https://collectibles.uy/catalog-images/external/http2.mlstatic.com/D_854773-MLU80050764423_102024-O.jpg,https://collectibles.uy/catalog-images/external/http2.mlstatic.com/D_854773-MLU80050764423_102024-O.jpg,200,image/jpeg,JPEG,/catalog-images/external/http2.mlstatic.com/D_854773-MLU80050764423_102024-O.jpg,jpg,PASS,4990.00 UYU
e86e8b9e-e960-46cf-a97a-0d71a888d55a,"Black Heart Bonnie Five Nights At Freddy&apos;s Funko",black-heart-bonnie-five-nights-at-freddy-s-funko-6274,https://collectibles.uy/catalog-images/external/http2.mlstatic.com/D_807985-MLU77526657639_072024-O.jpg,https://collectibles.uy/catalog-images/external/http2.mlstatic.com/D_807985-MLU77526657639_072024-O.jpg,200,image/jpeg,JPEG,/catalog-images/external/http2.mlstatic.com/D_807985-MLU77526657639_072024-O.jpg,jpg,PASS,4990.00 UYU
f9722980-433c-4d5d-be4b-c3b76e3c88b0,"Ironheart Marvel Legends Ursa Major Baf Hasbro",ironheart-marvel-legends-ursa-major-baf-hasbro-73xac,https://cobtsgkwcftvexaarwmo.supabase.co/storage/v1/object/public/public-assets/vendors/61a48094-7453-4b7f-9563-e51f184832f9/ml-curation/f9722980-433c-4d5d-be4b-c3b76e3c88b0-main.jpg,https://cobtsgkwcftvexaarwmo.supabase.co/storage/v1/object/public/public-assets/vendors/61a48094-7453-4b7f-9563-e51f184832f9/ml-curation/f9722980-433c-4d5d-be4b-c3b76e3c88b0-main.jpg,200,image/jpeg,JPEG,/storage/v1/object/public/public-assets/vendors/61a48094-7453-4b7f-9563-e51f184832f9/ml-curation/f9722980-433c-4d5d-be4b-c3b76e3c88b0-main.jpg,jpg,PASS,2650.00 UYU
d549b21f-e45f-4d74-a385-6b2699753f7b,"Dormammu Marvel Legends Xenmu Baf Hasbro",dormammu-marvel-legends-xenmu-baf-hasbro-1mvth,https://cobtsgkwcftvexaarwmo.supabase.co/storage/v1/object/public/public-assets/vendors/61a48094-7453-4b7f-9563-e51f184832f9/ml-curation/d549b21f-e45f-4d74-a385-6b2699753f7b-main.jpg,https://cobtsgkwcftvexaarwmo.supabase.co/storage/v1/object/public/public-assets/vendors/61a48094-7453-4b7f-9563-e51f184832f9/ml-curation/d549b21f-e45f-4d74-a385-6b2699753f7b-main.jpg,200,image/jpeg,JPEG,/storage/v1/object/public/public-assets/vendors/61a48094-7453-4b7f-9563-e51f184832f9/ml-curation/d549b21f-e45f-4d74-a385-6b2699753f7b-main.jpg,jpg,PASS,3990.00 UYU
11b4a5e1-f28a-41fb-b7b8-1b1ff18b2b4c,"Super Mario Bros Galaxy Mario With Star Mini Figura 1.5",super-mario-bros-galaxy-mario-with-star-mini-figura-1-5-,https://cobtsgkwcftvexaarwmo.supabase.co/storage/v1/object/public/public-assets/1785012007644-d-nq-np-2x-947246-mlu110826872622-052026-f.webp,https://cobtsgkwcftvexaarwmo.supabase.co/storage/v1/object/public/public-assets/1785012007644-d-nq-np-2x-947246-mlu110826872622-052026-f.webp,200,image/webp,WEBP,/storage/v1/object/public/public-assets/1785012007644-d-nq-np-2x-947246-mlu110826872622-052026-f.webp,webp,PASS,1190.00 UYU
6312d0ca-b837-42d8-87bc-308fdab6aa62,"Eevee The Pokemon Company Peluche 25cm",eevee-the-pokemon-company-peluche-25cm-6687,https://collectibles.uy/catalog-images/external/http2.mlstatic.com/D_832770-MLU51505683877_092022-O.jpg,https://collectibles.uy/catalog-images/external/http2.mlstatic.com/D_832770-MLU51505683877_092022-O.jpg,200,image/jpeg,JPEG,/catalog-images/external/http2.mlstatic.com/D_832770-MLU51505683877_092022-O.jpg,jpg,PASS,2190.00 UYU
e3c4a4d9-11c8-42ed-af9a-81baa4d67091,"Harry Potter! Set Escolar Artes Oscuras",harry-potter-set-escolar-artes-oscuras,https://cobtsgkwcftvexaarwmo.supabase.co/storage/v1/object/public/public-assets/ml-sync/e3c4a4d9-11c8-42ed-af9a-81baa4d67091-0-1779316404238.jpg,https://cobtsgkwcftvexaarwmo.supabase.co/storage/v1/object/public/public-assets/ml-sync/e3c4a4d9-11c8-42ed-af9a-81baa4d67091-0-1779316404238.jpg,200,image/jpeg,JPEG,/storage/v1/object/public/public-assets/ml-sync/e3c4a4d9-11c8-42ed-af9a-81baa4d67091-0-1779316404238.jpg,jpg,PASS,990.00 UYU
2b75213f-f0ba-4287-bae0-50a08081bd5b,"Captain Hammerhead Thundercats Ultimates Super 7 Wave 5",captain-hammerhead-thundercats-ultimates-super-7-wave-5,https://cobtsgkwcftvexaarwmo.supabase.co/storage/v1/object/public/public-assets/ml-sync/2b75213f-f0ba-4287-bae0-50a08081bd5b-0-1776870623483.jpg,https://cobtsgkwcftvexaarwmo.supabase.co/storage/v1/object/public/public-assets/ml-sync/2b75213f-f0ba-4287-bae0-50a08081bd5b-0-1776870623483.jpg,200,image/jpeg,JPEG,/storage/v1/object/public/public-assets/ml-sync/2b75213f-f0ba-4287-bae0-50a08081bd5b-0-1776870623483.jpg,jpg,PASS,4990.00 UYU
3a86edfe-c427-4057-9bc6-7416456764e8,"Gray Hulk Dr. Bruce Banner Avengers Marvel Legends Hasbro",gray-hulk-dr-bruce-banner-avengers-marvel-legends-hasbro-myovt,https://cobtsgkwcftvexaarwmo.supabase.co/storage/v1/object/public/public-assets/vendors/61a48094-7453-4b7f-9563-e51f184832f9/ml-curation/3a86edfe-c427-4057-9bc6-7416456764e8-main.jpg,https://cobtsgkwcftvexaarwmo.supabase.co/storage/v1/object/public/public-assets/vendors/61a48094-7453-4b7f-9563-e51f184832f9/ml-curation/3a86edfe-c427-4057-9bc6-7416456764e8-main.jpg,200,image/jpeg,JPEG,/storage/v1/object/public/public-assets/vendors/61a48094-7453-4b7f-9563-e51f184832f9/ml-curation/3a86edfe-c427-4057-9bc6-7416456764e8-main.jpg,jpg,PASS,9900.00 UYU
06cab99c-dd6f-4b8a-ae16-786df4d1420c,"Warrior Gamora What If Marvel Legends Hydra Stomper Baf",warrior-gamora-what-if-marvel-legends-hydra-stomper-baf-sk7rz,https://cobtsgkwcftvexaarwmo.supabase.co/storage/v1/object/public/public-assets/vendors/61a48094-7453-4b7f-9563-e51f184832f9/ml-curation/06cab99c-dd6f-4b8a-ae16-786df4d1420c-main.jpg,https://cobtsgkwcftvexaarwmo.supabase.co/storage/v1/object/public/public-assets/vendors/61a48094-7453-4b7f-9563-e51f184832f9/ml-curation/06cab99c-dd6f-4b8a-ae16-786df4d1420c-main.jpg,200,image/jpeg,JPEG,/storage/v1/object/public/public-assets/vendors/61a48094-7453-4b7f-9563-e51f184832f9/ml-curation/06cab99c-dd6f-4b8a-ae16-786df4d1420c-main.jpg,jpg,PASS,2990.00 UYU
f4023092-ff66-42b0-a569-0e44e759bd4d,"Harry Potter! Set Escolar Hogwarts Houses",harry-potter-set-escolar-hogwarts-houses,https://cobtsgkwcftvexaarwmo.supabase.co/storage/v1/object/public/public-assets/ml-sync/f4023092-ff66-42b0-a569-0e44e759bd4d-0-1779316447453.jpg,https://cobtsgkwcftvexaarwmo.supabase.co/storage/v1/object/public/public-assets/ml-sync/f4023092-ff66-42b0-a569-0e44e759bd4d-0-1779316447453.jpg,200,image/jpeg,JPEG,/storage/v1/object/public/public-assets/ml-sync/f4023092-ff66-42b0-a569-0e44e759bd4d-0-1779316447453.jpg,jpg,PASS,990.00 UYU
46115eb4-4af9-4f45-a96f-8d1a1dcfe0d7,"Dragon Shiryu Saint Seiya Cosmo Memoir Bandai Banpresto",dragon-shiryu-saint-seiya-cosmo-memoir-bandai-banpresto-3158,https://collectibles.uy/catalog-images/external/http2.mlstatic.com/D_817357-MLA95252791388_102025-O.jpg,https://collectibles.uy/catalog-images/external/http2.mlstatic.com/D_817357-MLA95252791388_102025-O.jpg,200,image/jpeg,JPEG,/catalog-images/external/http2.mlstatic.com/D_817357-MLA95252791388_102025-O.jpg,jpg,PASS,2990.00 UYU
3a2a7e55-bc22-4965-82f9-255aa3b948fd,"Jolteon Eevee Pokemon Center Peluche 20cm",jolteon-eevee-pokemon-center-peluche-20cm-6929,https://collectibles.uy/catalog-images/external/http2.mlstatic.com/D_833596-MLU45839140922_052021-O.jpg,https://collectibles.uy/catalog-images/external/http2.mlstatic.com/D_833596-MLU45839140922_052021-O.jpg,200,image/jpeg,JPEG,/catalog-images/external/http2.mlstatic.com/D_833596-MLU45839140922_052021-O.jpg,jpg,PASS,1390.00 UYU
7e63a49a-59e0-4c2f-ade9-aa5021b3c8b3,"Sylveon Eevee Pokemon Center Peluche 20cm",sylveon-eevee-pokemon-center-peluche-20cm-1752,https://collectibles.uy/catalog-images/external/http2.mlstatic.com/D_638077-MLU45839186205_052021-O.jpg,https://collectibles.uy/catalog-images/external/http2.mlstatic.com/D_638077-MLU45839186205_052021-O.jpg,200,image/jpeg,JPEG,/catalog-images/external/http2.mlstatic.com/D_638077-MLU45839186205_052021-O.jpg,jpg,PASS,1390.00 UYU
da5b751c-a92b-45ee-afe2-b4193c19156e,"Wow Stuff! Harry Potter Capa De Invisibilidad Versión Clasic Verde Oscuro/azul/gris",wow-stuff-harry-potter-capa-de-invisibilidad-version-clasic-verde-oscuro-azul-gris,https://cobtsgkwcftvexaarwmo.supabase.co/storage/v1/object/public/public-assets/ml-sync/da5b751c-a92b-45ee-afe2-b4193c19156e-0-1776870695830.jpg,https://cobtsgkwcftvexaarwmo.supabase.co/storage/v1/object/public/public-assets/ml-sync/da5b751c-a92b-45ee-afe2-b4193c19156e-0-1776870695830.jpg,200,image/jpeg,JPEG,/storage/v1/object/public/public-assets/ml-sync/da5b751c-a92b-45ee-afe2-b4193c19156e-0-1776870695830.jpg,jpg,PASS,2900.00 UYU
c8690278-f69e-4399-8d70-deabb1207b57,"Harry Potter! Gomee Voldemort Display 10pcs",harry-potter-gomee-voldemort-display-10pcs,https://cobtsgkwcftvexaarwmo.supabase.co/storage/v1/object/public/public-assets/ml-sync/c8690278-f69e-4399-8d70-deabb1207b57-0-1779316166356.jpg,https://cobtsgkwcftvexaarwmo.supabase.co/storage/v1/object/public/public-assets/ml-sync/c8690278-f69e-4399-8d70-deabb1207b57-0-1779316166356.jpg,200,image/jpeg,JPEG,/storage/v1/object/public/public-assets/ml-sync/c8690278-f69e-4399-8d70-deabb1207b57-0-1779316166356.jpg,jpg,PASS,450.00 UYU
598ff075-7edd-4775-8605-34258df21491,"Dragon Ball Super - Dragon Stars Series - Super Sayain 4 Goku Daima 17cm",dragon-ball-super-dragon-stars-series-super-sayain-4-goku-daima-17cm-sy2p1,https://cobtsgkwcftvexaarwmo.supabase.co/storage/v1/object/public/public-assets/1784672659717-mesa-de-trabajo-5.png,https://cobtsgkwcftvexaarwmo.supabase.co/storage/v1/object/public/public-assets/1784672659717-mesa-de-trabajo-5.png,200,image/png,PNG,/storage/v1/object/public/public-assets/1784672659717-mesa-de-trabajo-5.png,png,PASS,1990.00 UYU
2f1ec798-b026-4408-9df0-3d1a59847301,"Scarlet Witch Wandavision Marvel Legends Flight Gear Baf",scarlet-witch-wandavision-marvel-legends-flight-gear-baf-lpd96,https://cobtsgkwcftvexaarwmo.supabase.co/storage/v1/object/public/public-assets/vendors/61a48094-7453-4b7f-9563-e51f184832f9/ml-curation/2f1ec798-b026-4408-9df0-3d1a59847301-main.jpg,https://cobtsgkwcftvexaarwmo.supabase.co/storage/v1/object/public/public-assets/vendors/61a48094-7453-4b7f-9563-e51f184832f9/ml-curation/2f1ec798-b026-4408-9df0-3d1a59847301-main.jpg,200,image/jpeg,JPEG,/storage/v1/object/public/public-assets/vendors/61a48094-7453-4b7f-9563-e51f184832f9/ml-curation/2f1ec798-b026-4408-9df0-3d1a59847301-main.jpg,jpg,PASS,3990.00 UYU
038d8409-fa25-4e9a-8f16-dafa048ccf69,"Figura de acción de Drácula de Universal Monsters de 6 Pulgadas",figura-coleccionable-metal-dracula-universal-monsters-jada-neca,https://cobtsgkwcftvexaarwmo.supabase.co/storage/v1/object/public/public-assets/ml-sync/038d8409-fa25-4e9a-8f16-dafa048ccf69-0-1776871112967.jpg,https://cobtsgkwcftvexaarwmo.supabase.co/storage/v1/object/public/public-assets/ml-sync/038d8409-fa25-4e9a-8f16-dafa048ccf69-0-1776871112967.jpg,200,image/jpeg,JPEG,/storage/v1/object/public/public-assets/ml-sync/038d8409-fa25-4e9a-8f16-dafa048ccf69-0-1776871112967.jpg,jpg,PASS,3980.00 UYU
4ba5e0c6-3402-4ce1-8a70-6e5e6f95978e,"Harry Potter! Cuaderno Hufflepuff",harry-potter-cuaderno-hufflepuff,https://cobtsgkwcftvexaarwmo.supabase.co/storage/v1/object/public/public-assets/ml-sync/4ba5e0c6-3402-4ce1-8a70-6e5e6f95978e-0-1776870907081.jpg,https://cobtsgkwcftvexaarwmo.supabase.co/storage/v1/object/public/public-assets/ml-sync/4ba5e0c6-3402-4ce1-8a70-6e5e6f95978e-0-1776870907081.jpg,200,image/jpeg,JPEG,/storage/v1/object/public/public-assets/ml-sync/4ba5e0c6-3402-4ce1-8a70-6e5e6f95978e-0-1776870907081.jpg,jpg,PASS,590.00 UYU
7c343d68-7e18-41a5-b6bb-badd3104096c,"Shiny Greninja Pokemon Peluche 30cm Shiny Greninja",shiny-greninja-pokemon-peluche-30cm-shiny-greninja-9906,https://collectibles.uy/catalog-images/external/http2.mlstatic.com/D_780102-MLU83201149154_042025-O.jpg,https://collectibles.uy/catalog-images/external/http2.mlstatic.com/D_780102-MLU83201149154_042025-O.jpg,200,image/jpeg,JPEG,/catalog-images/external/http2.mlstatic.com/D_780102-MLU83201149154_042025-O.jpg,jpg,PASS,2190.00 UYU
92016fe1-8732-4d33-802d-7d9b57d4d4c6,"Peluche Charlie Brown Amarillo",peluche-charlie-brown-amarillo,https://cobtsgkwcftvexaarwmo.supabase.co/storage/v1/object/public/public-assets/ml-sync/92016fe1-8732-4d33-802d-7d9b57d4d4c6-0-1776871138997.jpg,https://cobtsgkwcftvexaarwmo.supabase.co/storage/v1/object/public/public-assets/ml-sync/92016fe1-8732-4d33-802d-7d9b57d4d4c6-0-1776871138997.jpg,200,image/jpeg,JPEG,/storage/v1/object/public/public-assets/ml-sync/92016fe1-8732-4d33-802d-7d9b57d4d4c6-0-1776871138997.jpg,jpg,PASS,650.00 UYU
1f04d02f-6497-48f7-a009-c2f5e6fb1e60,"Armored Assassin Ultimate Predator Depredador Neca Deluxe",armored-assassin-ultimate-predator-depredador-neca-deluxe-1111,https://collectibles.uy/catalog-images/external/http2.mlstatic.com/D_621708-MLU45572158024_042021-O.jpg,https://collectibles.uy/catalog-images/external/http2.mlstatic.com/D_621708-MLU45572158024_042021-O.jpg,200,image/jpeg,JPEG,/catalog-images/external/http2.mlstatic.com/D_621708-MLU45572158024_042021-O.jpg,jpg,PASS,7990.00 UYU
bf28ce5d-c80f-4434-bda6-003f895b8141,"Funko Pop! Fantastic Four Galactus With Silver Surfer",funko-pop-fantastic-four-galactus-with-silver-surfer,https://cobtsgkwcftvexaarwmo.supabase.co/storage/v1/object/public/public-assets/ml-sync/bf28ce5d-c80f-4434-bda6-003f895b8141-0-1776870914193.jpg,https://cobtsgkwcftvexaarwmo.supabase.co/storage/v1/object/public/public-assets/ml-sync/bf28ce5d-c80f-4434-bda6-003f895b8141-0-1776870914193.jpg,200,image/jpeg,JPEG,/storage/v1/object/public/public-assets/ml-sync/bf28ce5d-c80f-4434-bda6-003f895b8141-0-1776870914193.jpg,jpg,PASS,4690.00 UYU
89d6adc9-d266-49e2-b39a-6092819df185,"Super Mario Bros Galaxy Luigi With Star Mini Figura 1.5 ",super-mario-bros-galaxy-mario-with-star-mini-figura-1-5--copia-8239,https://cobtsgkwcftvexaarwmo.supabase.co/storage/v1/object/public/public-assets/1785014515458-luigi-2x-633425-mlu110827856978-052026-f.webp,https://cobtsgkwcftvexaarwmo.supabase.co/storage/v1/object/public/public-assets/1785014515458-luigi-2x-633425-mlu110827856978-052026-f.webp,200,image/webp,WEBP,/storage/v1/object/public/public-assets/1785014515458-luigi-2x-633425-mlu110827856978-052026-f.webp,webp,PASS,1190.00 UYU
badd2c2e-febc-40de-a3c5-ec6355f29c3a,"Ultra Pro 9-pocket Silver Series (c/u)",ultra-pro-9-pocket-silver-series-c-u,https://cobtsgkwcftvexaarwmo.supabase.co/storage/v1/object/public/public-assets/ml-sync/badd2c2e-febc-40de-a3c5-ec6355f29c3a-0-1779316905285.jpg,https://cobtsgkwcftvexaarwmo.supabase.co/storage/v1/object/public/public-assets/ml-sync/badd2c2e-febc-40de-a3c5-ec6355f29c3a-0-1779316905285.jpg,200,image/jpeg,JPEG,/storage/v1/object/public/public-assets/ml-sync/badd2c2e-febc-40de-a3c5-ec6355f29c3a-0-1779316905285.jpg,jpg,PASS,120.00 UYU
b31c3bc3-dcb3-44ab-b2c8-f0749743d516,"Funko Pop! Tokyo Ghoul: Re- Ginshi Shirazu",funko-pop-tokyo-ghoul-re-ginshi-shirazu,https://cobtsgkwcftvexaarwmo.supabase.co/storage/v1/object/public/public-assets/ml-sync/b31c3bc3-dcb3-44ab-b2c8-f0749743d516-0-1779317029827.jpg,https://cobtsgkwcftvexaarwmo.supabase.co/storage/v1/object/public/public-assets/ml-sync/b31c3bc3-dcb3-44ab-b2c8-f0749743d516-0-1779317029827.jpg,200,image/jpeg,JPEG,/storage/v1/object/public/public-assets/ml-sync/b31c3bc3-dcb3-44ab-b2c8-f0749743d516-0-1779317029827.jpg,jpg,PASS,1090.00 UYU
3223bdf0-7d3b-4a12-a9f9-377beb6ef631,"Funko Plush! Mopeez Civil War Negro",funko-plush-mopeez-civil-war-negro,https://cobtsgkwcftvexaarwmo.supabase.co/storage/v1/object/public/public-assets/ml-sync/3223bdf0-7d3b-4a12-a9f9-377beb6ef631-0-1776871154429.jpg,https://cobtsgkwcftvexaarwmo.supabase.co/storage/v1/object/public/public-assets/ml-sync/3223bdf0-7d3b-4a12-a9f9-377beb6ef631-0-1776871154429.jpg,200,image/jpeg,JPEG,/storage/v1/object/public/public-assets/ml-sync/3223bdf0-7d3b-4a12-a9f9-377beb6ef631-0-1776871154429.jpg,jpg,PASS,380.00 UYU
ffe7952f-fab9-442c-9fd8-0a60dae587b5,"Terminator 2: Judgement Day Ultimate T-1000 (motorcycle Cop)",terminator-2-judgement-day-ultimate-t-1000-motorcycle-cop,https://cobtsgkwcftvexaarwmo.supabase.co/storage/v1/object/public/public-assets/ml-sync/ffe7952f-fab9-442c-9fd8-0a60dae587b5-0-1779316994486.jpg,https://cobtsgkwcftvexaarwmo.supabase.co/storage/v1/object/public/public-assets/ml-sync/ffe7952f-fab9-442c-9fd8-0a60dae587b5-0-1779316994486.jpg,200,image/jpeg,JPEG,/storage/v1/object/public/public-assets/ml-sync/ffe7952f-fab9-442c-9fd8-0a60dae587b5-0-1779316994486.jpg,jpg,PASS,3987.00 UYU
573a969d-017d-4418-8ee7-5715eeb61812,"Marvel Heroclix: Avengers War Of The Realms Booster",marvel-heroclix-avengers-war-of-the-realms-booster,https://cobtsgkwcftvexaarwmo.supabase.co/storage/v1/object/public/public-assets/ml-sync/573a969d-017d-4418-8ee7-5715eeb61812-0-1779316613589.jpg,https://cobtsgkwcftvexaarwmo.supabase.co/storage/v1/object/public/public-assets/ml-sync/573a969d-017d-4418-8ee7-5715eeb61812-0-1779316613589.jpg,200,image/jpeg,JPEG,/storage/v1/object/public/public-assets/ml-sync/573a969d-017d-4418-8ee7-5715eeb61812-0-1779316613589.jpg,jpg,PASS,890.00 UYU
b581126e-b756-443f-a111-9ee0e867915e,"Neca - Back To The Future Part 2 Ultimate Doc Brown (2015)",neca-back-to-the-future-part-2-ultimate-doc-brown-2015,https://cobtsgkwcftvexaarwmo.supabase.co/storage/v1/object/public/public-assets/ml-sync/b581126e-b756-443f-a111-9ee0e867915e-0-1779316949121.jpg,https://cobtsgkwcftvexaarwmo.supabase.co/storage/v1/object/public/public-assets/ml-sync/b581126e-b756-443f-a111-9ee0e867915e-0-1779316949121.jpg,200,image/jpeg,JPEG,/storage/v1/object/public/public-assets/ml-sync/b581126e-b756-443f-a111-9ee0e867915e-0-1779316949121.jpg,jpg,PASS,3980.00 UYU
c4ca96ba-5a0b-4283-88a4-0990d89d414d,"Funko Pop! Movies Us Umbrae",funko-pop-movies-us-umbrae,https://cobtsgkwcftvexaarwmo.supabase.co/storage/v1/object/public/public-assets/ml-sync/c4ca96ba-5a0b-4283-88a4-0990d89d414d-0-1776871210595.jpg,https://cobtsgkwcftvexaarwmo.supabase.co/storage/v1/object/public/public-assets/ml-sync/c4ca96ba-5a0b-4283-88a4-0990d89d414d-0-1776871210595.jpg,200,image/jpeg,JPEG,/storage/v1/object/public/public-assets/ml-sync/c4ca96ba-5a0b-4283-88a4-0990d89d414d-0-1776871210595.jpg,jpg,PASS,990.00 UYU
b0013bee-9a34-43e7-a6e7-d55b6de7f316,"Shellington Octonautas Peluche 30cm",shellington-octonautas-peluche-30cm-1178,https://collectibles.uy/catalog-images/external/http2.mlstatic.com/D_667840-MLU46033042037_052021-O.jpg,https://collectibles.uy/catalog-images/external/http2.mlstatic.com/D_667840-MLU46033042037_052021-O.jpg,200,image/jpeg,JPEG,/catalog-images/external/http2.mlstatic.com/D_667840-MLU46033042037_052021-O.jpg,jpg,PASS,2190.00 UYU
ee860a08-75fd-41f1-832d-21cecb342dcc,"Miles Morales Spiderman Into Spider-verse Hot Toys Mms567",miles-morales-spiderman-into-spider-verse-hot-toys-mms567-1297,https://collectibles.uy/catalog-images/external/http2.mlstatic.com/D_756905-MLU77602819050_072024-O.jpg,https://collectibles.uy/catalog-images/external/http2.mlstatic.com/D_756905-MLU77602819050_072024-O.jpg,200,image/jpeg,JPEG,/catalog-images/external/http2.mlstatic.com/D_756905-MLU77602819050_072024-O.jpg,jpg,PASS,26500.00 UYU
841a0a30-1630-413c-98d2-54b68f9ecb23,"Freddy Krueger A Nighmare On Elm Street Mascara Doble Rubies Freddy Krueger",freddy-krueger-a-nighmare-on-elm-street-mascara-doble-rubies-freddy-krueger-8284,https://collectibles.uy/catalog-images/external/http2.mlstatic.com/D_942111-MLU92709713077_092025-O.jpg,https://collectibles.uy/catalog-images/external/http2.mlstatic.com/D_942111-MLU92709713077_092025-O.jpg,200,image/jpeg,JPEG,/catalog-images/external/http2.mlstatic.com/D_942111-MLU92709713077_092025-O.jpg,jpg,PASS,7990.00 UYU
4cef7580-aad1-473d-b312-d943bf3f2f60,"Alola Vulpix Pokemon Center Peluche 20cm",alola-vulpix-pokemon-center-peluche-20cm-9810,https://collectibles.uy/catalog-images/external/http2.mlstatic.com/D_685427-MLU46421031832_062021-O.jpg,https://collectibles.uy/catalog-images/external/http2.mlstatic.com/D_685427-MLU46421031832_062021-O.jpg,200,image/jpeg,JPEG,/catalog-images/external/http2.mlstatic.com/D_685427-MLU46421031832_062021-O.jpg,jpg,PASS,2190.00 UYU
fd9a757a-950f-4706-99e3-9853b57483a8,"Diana Acróbata Dungeons &amp; Dragons Cartoon Series Wave 1",diana-acrobata-dungeons-dragons-cartoon-series-wave-1,https://cobtsgkwcftvexaarwmo.supabase.co/storage/v1/object/public/public-assets/ml-sync/fd9a757a-950f-4706-99e3-9853b57483a8-0-1776870647666.jpg,https://cobtsgkwcftvexaarwmo.supabase.co/storage/v1/object/public/public-assets/ml-sync/fd9a757a-950f-4706-99e3-9853b57483a8-0-1776870647666.jpg,200,image/jpeg,JPEG,/storage/v1/object/public/public-assets/ml-sync/fd9a757a-950f-4706-99e3-9853b57483a8-0-1776870647666.jpg,jpg,PASS,1637.00 UYU
5caaffc9-7bb8-40f5-845e-8da40c8dd98b,"Knull Venom King In Black Marvel Legends Hasbro",knull-venom-king-in-black-marvel-legends-hasbro-2703,https://collectibles.uy/catalog-images/external/http2.mlstatic.com/D_826321-MLU51724083883_092022-O.jpg,https://collectibles.uy/catalog-images/external/http2.mlstatic.com/D_826321-MLU51724083883_092022-O.jpg,200,image/jpeg,JPEG,/catalog-images/external/http2.mlstatic.com/D_826321-MLU51724083883_092022-O.jpg,jpg,PASS,9990.00 UYU
81a68825-c668-4955-80ea-852f78188212,"Fifa World Cup 2026! Mascota de Mexico - Zayu 25cm",fifa-world-cup-2026-mascota-de-mexico-zayu-25cm,https://cobtsgkwcftvexaarwmo.supabase.co/storage/v1/object/public/public-assets/ml-sync/81a68825-c668-4955-80ea-852f78188212-0-1779807732210.jpg,https://cobtsgkwcftvexaarwmo.supabase.co/storage/v1/object/public/public-assets/ml-sync/81a68825-c668-4955-80ea-852f78188212-0-1779807732210.jpg,200,image/jpeg,JPEG,/storage/v1/object/public/public-assets/ml-sync/81a68825-c668-4955-80ea-852f78188212-0-1779807732210.jpg,jpg,PASS,990.00 UYU
07d076bb-cc7e-45a8-b0a7-c402bd6a9c21,"Kwazii Octonautas Peluche Grande 30cm",kwazii-octonautas-peluche-grande-30cm-2313,https://collectibles.uy/catalog-images/external/http2.mlstatic.com/D_677614-MLU46041293090_052021-O.jpg,https://collectibles.uy/catalog-images/external/http2.mlstatic.com/D_677614-MLU46041293090_052021-O.jpg,200,image/jpeg,JPEG,/catalog-images/external/http2.mlstatic.com/D_677614-MLU46041293090_052021-O.jpg,jpg,PASS,2190.00 UYU
022235fb-cc52-40e9-889b-83f678d6e5e1,"Multiverse Suicide Squad Deadshot 9  Action Figure",multiverse-suicide-squad-deadshot-9-action-figure,https://cobtsgkwcftvexaarwmo.supabase.co/storage/v1/object/public/public-assets/ml-sync/022235fb-cc52-40e9-889b-83f678d6e5e1-0-1776870663205.jpg,https://cobtsgkwcftvexaarwmo.supabase.co/storage/v1/object/public/public-assets/ml-sync/022235fb-cc52-40e9-889b-83f678d6e5e1-0-1776870663205.jpg,200,image/jpeg,JPEG,/storage/v1/object/public/public-assets/ml-sync/022235fb-cc52-40e9-889b-83f678d6e5e1-0-1776870663205.jpg,jpg,PASS,2000.00 UYU
385cb2e9-6b0f-4e26-9ab2-b879302a66ce,"X-men Marvel Lcd Video Game Tiger Electronics Hasbro",x-men-marvel-lcd-video-game-tiger-electronics-hasbro-8636,https://collectibles.uy/catalog-images/external/http2.mlstatic.com/D_702901-MLU45777167318_052021-O.jpg,https://collectibles.uy/catalog-images/external/http2.mlstatic.com/D_702901-MLU45777167318_052021-O.jpg,200,image/jpeg,JPEG,/catalog-images/external/http2.mlstatic.com/D_702901-MLU45777167318_052021-O.jpg,jpg,PASS,2190.00 UYU
0da42f0d-dea6-458c-9779-a7c63942145f,"Vulpix The Pokemon Company Peluche 25cm",vulpix-the-pokemon-company-peluche-25cm-2186,https://collectibles.uy/catalog-images/external/http2.mlstatic.com/D_871140-MLU48825434124_012022-O.jpg,https://collectibles.uy/catalog-images/external/http2.mlstatic.com/D_871140-MLU48825434124_012022-O.jpg,200,image/jpeg,JPEG,/catalog-images/external/http2.mlstatic.com/D_871140-MLU48825434124_012022-O.jpg,jpg,PASS,2650.00 UYU
2f9e5d9c-2b00-4132-873f-1bd007e3ca19,"Pinhead Hellraiser 3 Hell On Earth Mascara Ghoulish Pinhead",pinhead-hellraiser-3-hell-on-earth-mascara-ghoulish-pinhead-6664,https://collectibles.uy/catalog-images/external/http2.mlstatic.com/D_749702-MLU92301650820_092025-O.jpg,https://collectibles.uy/catalog-images/external/http2.mlstatic.com/D_749702-MLU92301650820_092025-O.jpg,200,image/jpeg,JPEG,/catalog-images/external/http2.mlstatic.com/D_749702-MLU92301650820_092025-O.jpg,jpg,PASS,7990.00 UYU
e2768ffd-b2fb-4911-b101-65af465cd692,"NECA Back To The Future Ultimate Doc Brown ",neca-back-to-the-future-ultimate-doc-brown,https://cobtsgkwcftvexaarwmo.supabase.co/storage/v1/object/public/public-assets/ml-sync/e2768ffd-b2fb-4911-b101-65af465cd692-0-1779316885226.jpg,https://cobtsgkwcftvexaarwmo.supabase.co/storage/v1/object/public/public-assets/ml-sync/e2768ffd-b2fb-4911-b101-65af465cd692-0-1779316885226.jpg,200,image/jpeg,JPEG,/storage/v1/object/public/public-assets/ml-sync/e2768ffd-b2fb-4911-b101-65af465cd692-0-1779316885226.jpg,jpg,PASS,3980.00 UYU
29a26c65-f83e-4f0a-9907-01ad6ef83a5e,"Venusaur Pokemon Moncolle Ex Takara Tomy Ms 14",venusaur-pokemon-moncolle-ex-takara-tomy-ms-14-1449,https://collectibles.uy/catalog-images/external/http2.mlstatic.com/D_959347-MLU81627455562_012025-O.jpg,https://collectibles.uy/catalog-images/external/http2.mlstatic.com/D_959347-MLU81627455562_012025-O.jpg,200,image/jpeg,JPEG,/catalog-images/external/http2.mlstatic.com/D_959347-MLU81627455562_012025-O.jpg,jpg,PASS,1390.00 UYU
6aa07a12-59de-4cf8-8ec0-ba5f4e7d47a1,"Latios Pokemon Center Peluche",latios-pokemon-center-peluche-4538,https://collectibles.uy/catalog-images/external/http2.mlstatic.com/D_964470-MLU79177273981_092024-O.jpg,https://collectibles.uy/catalog-images/external/http2.mlstatic.com/D_964470-MLU79177273981_092024-O.jpg,200,image/jpeg,JPEG,/catalog-images/external/http2.mlstatic.com/D_964470-MLU79177273981_092024-O.jpg,jpg,PASS,2190.00 UYU
8f2bf3b2-7290-41d4-9a8f-f0be2245e54d,"Eevee Pokemon Center Sp Edition Peluche 30cm",eevee-pokemon-center-sp-edition-peluche-30cm-9574,https://collectibles.uy/catalog-images/external/http2.mlstatic.com/D_885972-MLU46863369114_072021-O.jpg,https://collectibles.uy/catalog-images/external/http2.mlstatic.com/D_885972-MLU46863369114_072021-O.jpg,200,image/jpeg,JPEG,/catalog-images/external/http2.mlstatic.com/D_885972-MLU46863369114_072021-O.jpg,jpg,PASS,2990.00 UYU
b6c3edba-868f-4ade-a3d2-2aa30f835587,"Inkling Octonautas Peluche 25cm",inkling-octonautas-peluche-25cm-3475,https://collectibles.uy/catalog-images/external/http2.mlstatic.com/D_608094-MLU46033000893_052021-O.jpg,https://collectibles.uy/catalog-images/external/http2.mlstatic.com/D_608094-MLU46033000893_052021-O.jpg,200,image/jpeg,JPEG,/catalog-images/external/http2.mlstatic.com/D_608094-MLU46033000893_052021-O.jpg,jpg,PASS,2190.00 UYU
8984c8ae-97aa-463b-9719-6230cabf4203,"Heroclix! Booster Marvel - X Men Rise And Fall",heroclix-booster-marvel-x-men-rise-and-fall,https://cobtsgkwcftvexaarwmo.supabase.co/storage/v1/object/public/public-assets/ml-sync/8984c8ae-97aa-463b-9719-6230cabf4203-0-1779316595237.jpg,https://cobtsgkwcftvexaarwmo.supabase.co/storage/v1/object/public/public-assets/ml-sync/8984c8ae-97aa-463b-9719-6230cabf4203-0-1779316595237.jpg,200,image/jpeg,JPEG,/storage/v1/object/public/public-assets/ml-sync/8984c8ae-97aa-463b-9719-6230cabf4203-0-1779316595237.jpg,jpg,PASS,890.00 UYU
35b95042-c28e-4d3b-a36c-2196fa0d42a4,"Terminator 2! Judgment Day Ultimate T-1000 Figure",terminator-2-judgment-day-ultimate-t-1000-figure,https://cobtsgkwcftvexaarwmo.supabase.co/storage/v1/object/public/public-assets/ml-sync/35b95042-c28e-4d3b-a36c-2196fa0d42a4-0-1776870599694.jpg,https://cobtsgkwcftvexaarwmo.supabase.co/storage/v1/object/public/public-assets/ml-sync/35b95042-c28e-4d3b-a36c-2196fa0d42a4-0-1776870599694.jpg,200,image/jpeg,JPEG,/storage/v1/object/public/public-assets/ml-sync/35b95042-c28e-4d3b-a36c-2196fa0d42a4-0-1776870599694.jpg,jpg,PASS,3987.00 UYU
c3d180a0-f16c-402c-91da-4da11884e84c,"Peluche Funko Infec-ted",peluche-funko-infec-ted,https://cobtsgkwcftvexaarwmo.supabase.co/storage/v1/object/public/public-assets/ml-sync/c3d180a0-f16c-402c-91da-4da11884e84c-0-1776870873886.jpg,https://cobtsgkwcftvexaarwmo.supabase.co/storage/v1/object/public/public-assets/ml-sync/c3d180a0-f16c-402c-91da-4da11884e84c-0-1776870873886.jpg,200,image/jpeg,JPEG,/storage/v1/object/public/public-assets/ml-sync/c3d180a0-f16c-402c-91da-4da11884e84c-0-1776870873886.jpg,jpg,PASS,895.00 UYU
30b595ca-600f-4e5a-bb3a-416aa06989a1,"Cinderance Evolución Scorbunny Pokémon Peluche",cinderance-evoluci-n-scorbunny-pok-mon-peluche-9058,https://collectibles.uy/catalog-images/external/http2.mlstatic.com/D_627692-MLU105685677488_012026-O.jpg,https://collectibles.uy/catalog-images/external/http2.mlstatic.com/D_627692-MLU105685677488_012026-O.jpg,200,image/jpeg,JPEG,/catalog-images/external/http2.mlstatic.com/D_627692-MLU105685677488_012026-O.jpg,jpg,PASS,2990.00 UYU
2559d2d2-3cad-43c9-b960-aa986a8dcc59,"Zombie Pigman Minecraft Disfraz Disguise Zombie Pigman S",zombie-pigman-minecraft-disfraz-disguise-zombie-pigman-s-7337,https://collectibles.uy/catalog-images/external/http2.mlstatic.com/D_766803-MLU92302046150_092025-O.jpg,https://collectibles.uy/catalog-images/external/http2.mlstatic.com/D_766803-MLU92302046150_092025-O.jpg,200,image/jpeg,JPEG,/catalog-images/external/http2.mlstatic.com/D_766803-MLU92302046150_092025-O.jpg,jpg,PASS,2990.00 UYU
3f2a826c-a461-4064-9c27-e3256c6bfbf4,"Red Hood Batman The Adventures Continue Dc Collectibles",red-hood-batman-the-adventures-continue-dc-collectibles-4609,https://collectibles.uy/catalog-images/external/http2.mlstatic.com/D_657173-MLU45541492892_042021-O.jpg,https://collectibles.uy/catalog-images/external/http2.mlstatic.com/D_657173-MLU45541492892_042021-O.jpg,200,image/jpeg,JPEG,/catalog-images/external/http2.mlstatic.com/D_657173-MLU45541492892_042021-O.jpg,jpg,PASS,9900.00 UYU
8dcdf851-a09f-4101-a93d-46abfe77e48c,"Body De Bebes Liga De La Justicia - Super Girls Rosa 24 Meses Lisa",body-de-bebes-liga-de-la-justicia-super-girls-rosa-24-meses-lisa,https://cobtsgkwcftvexaarwmo.supabase.co/storage/v1/object/public/public-assets/ml-sync/8dcdf851-a09f-4101-a93d-46abfe77e48c-0-1776872277079.jpg,https://cobtsgkwcftvexaarwmo.supabase.co/storage/v1/object/public/public-assets/ml-sync/8dcdf851-a09f-4101-a93d-46abfe77e48c-0-1776872277079.jpg,200,image/jpeg,JPEG,/storage/v1/object/public/public-assets/ml-sync/8dcdf851-a09f-4101-a93d-46abfe77e48c-0-1776872277079.jpg,jpg,PASS,990.00 UYU
4bb54f38-ec71-4922-bf61-f58ee41a2656,"Iron Studios! It Chapter Two Pennywise Delux Art Scale  1/10",iron-studios-it-chapter-two-pennywise-delux-art-scale-1-10,https://cobtsgkwcftvexaarwmo.supabase.co/storage/v1/object/public/public-assets/ml-sync/4bb54f38-ec71-4922-bf61-f58ee41a2656-0-1779316746140.jpg,https://cobtsgkwcftvexaarwmo.supabase.co/storage/v1/object/public/public-assets/ml-sync/4bb54f38-ec71-4922-bf61-f58ee41a2656-0-1779316746140.jpg,200,image/jpeg,JPEG,/storage/v1/object/public/public-assets/ml-sync/4bb54f38-ec71-4922-bf61-f58ee41a2656-0-1779316746140.jpg,jpg,PASS,14890.00 UYU
94275b41-3c59-4778-9903-eb3b3eb80a8b,"Plushies! Toki Doki- Cerulean Mermicorno (small)",plushies-toki-doki-cerulean-mermicorno-small,https://cobtsgkwcftvexaarwmo.supabase.co/storage/v1/object/public/public-assets/ml-sync/94275b41-3c59-4778-9903-eb3b3eb80a8b-0-1779316001771.jpg,https://cobtsgkwcftvexaarwmo.supabase.co/storage/v1/object/public/public-assets/ml-sync/94275b41-3c59-4778-9903-eb3b3eb80a8b-0-1779316001771.jpg,200,image/jpeg,JPEG,/storage/v1/object/public/public-assets/ml-sync/94275b41-3c59-4778-9903-eb3b3eb80a8b-0-1779316001771.jpg,jpg,PASS,965.00 UYU
d7b40664-d202-45f9-9d30-12f2305a1efc,"Zeraora Pokemon Moncolle Ex Takara Tomy Ms 09",zeraora-pokemon-moncolle-ex-takara-tomy-ms-09-1602,https://collectibles.uy/catalog-images/external/http2.mlstatic.com/D_889747-MLU79894115124_102024-O.jpg,https://collectibles.uy/catalog-images/external/http2.mlstatic.com/D_889747-MLU79894115124_102024-O.jpg,200,image/jpeg,JPEG,/catalog-images/external/http2.mlstatic.com/D_889747-MLU79894115124_102024-O.jpg,jpg,PASS,1390.00 UYU
3592a831-9ae5-47f5-b94c-ed3163cf0e3c,"Marvel Heroclix: Avenger Fantastic Four Empyre Booster",marvel-heroclix-avenger-fantastic-four-empyre-booster,https://cobtsgkwcftvexaarwmo.supabase.co/storage/v1/object/public/public-assets/ml-sync/3592a831-9ae5-47f5-b94c-ed3163cf0e3c-0-1779316600652.jpg,https://cobtsgkwcftvexaarwmo.supabase.co/storage/v1/object/public/public-assets/ml-sync/3592a831-9ae5-47f5-b94c-ed3163cf0e3c-0-1779316600652.jpg,200,image/jpeg,JPEG,/storage/v1/object/public/public-assets/ml-sync/3592a831-9ae5-47f5-b94c-ed3163cf0e3c-0-1779316600652.jpg,jpg,PASS,800.00 UYU
60112fae-a6e5-4d2e-83d2-cbdab9bdc8dc,"NECA Gremlins 2 The New Batch Demolition Gremlins Two-pack",neca-gremlins-2-the-new-batch-demolition-gremlins-two-pack,https://cobtsgkwcftvexaarwmo.supabase.co/storage/v1/object/public/public-assets/ml-sync/60112fae-a6e5-4d2e-83d2-cbdab9bdc8dc-0-1776870607503.jpg,https://cobtsgkwcftvexaarwmo.supabase.co/storage/v1/object/public/public-assets/ml-sync/60112fae-a6e5-4d2e-83d2-cbdab9bdc8dc-0-1776870607503.jpg,200,image/jpeg,JPEG,/storage/v1/object/public/public-assets/ml-sync/60112fae-a6e5-4d2e-83d2-cbdab9bdc8dc-0-1776870607503.jpg,jpg,PASS,5590.00 UYU
a5333f4b-85c5-4534-a7d5-91e2adf4de4c,"Funko POP! Games: Mortal Kombat 11 - Scorpion",funko-pop-mortal-kombat-scorpion-,https://cobtsgkwcftvexaarwmo.supabase.co/storage/v1/object/public/public-assets/1779903543128-61g-vly9b3l--ac-sl1300-.jpg,https://cobtsgkwcftvexaarwmo.supabase.co/storage/v1/object/public/public-assets/1779903543128-61g-vly9b3l--ac-sl1300-.jpg,200,image/jpeg,JPEG,/storage/v1/object/public/public-assets/1779903543128-61g-vly9b3l--ac-sl1300-.jpg,jpg,PASS,1090.00 UYU
584c5e69-cec8-4cb0-bf7e-41ac482f3583,"Dinosaurio Jurassic World Renace Distortus Rex Mutante",dinosaurio-jurassic-world-renace-distortus-rex-mutante-8126,https://collectibles.uy/catalog-images/external/http2.mlstatic.com/D_690294-MLA99500308868_112025-O.jpg,https://collectibles.uy/catalog-images/external/http2.mlstatic.com/D_690294-MLA99500308868_112025-O.jpg,200,image/jpeg,JPEG,/catalog-images/external/http2.mlstatic.com/D_690294-MLA99500308868_112025-O.jpg,jpg,PASS,9900.00 UYU
9a194831-ba23-4b4e-b742-8ae77d996bed,"Pikazard Pikachu Mega Charizard Pokemon Center Peluche Pikazard",pikazard-pikachu-mega-charizard-pokemon-center-peluche-pikazard-3110,https://collectibles.uy/catalog-images/external/http2.mlstatic.com/D_614774-MLU92312805894_092025-O.jpg,https://collectibles.uy/catalog-images/external/http2.mlstatic.com/D_614774-MLU92312805894_092025-O.jpg,200,image/jpeg,JPEG,/catalog-images/external/http2.mlstatic.com/D_614774-MLU92312805894_092025-O.jpg,jpg,PASS,1650.00 UYU
036f5be4-d6fd-43da-9323-7d2e231e12f8,"Gunther Funhouse Mascara Trick Or Treat Studios Gunther",gunther-funhouse-mascara-trick-or-treat-studios-gunther-5678,https://collectibles.uy/catalog-images/external/http2.mlstatic.com/D_657677-MLU92301887044_092025-O.jpg,https://collectibles.uy/catalog-images/external/http2.mlstatic.com/D_657677-MLU92301887044_092025-O.jpg,200,image/jpeg,JPEG,/catalog-images/external/http2.mlstatic.com/D_657677-MLU92301887044_092025-O.jpg,jpg,PASS,7990.00 UYU
4e972383-b753-4eac-9c47-6a30db3f62e9,"Sudadera Capitán América Para Bebés Y Niños 24 Meses Azul Blanco Rojo",sudadera-capitan-america-para-bebes-y-ninos-24-meses-azul-blanco-rojo,https://cobtsgkwcftvexaarwmo.supabase.co/storage/v1/object/public/public-assets/ml-sync/4e972383-b753-4eac-9c47-6a30db3f62e9-0-1779316867738.jpg,https://cobtsgkwcftvexaarwmo.supabase.co/storage/v1/object/public/public-assets/ml-sync/4e972383-b753-4eac-9c47-6a30db3f62e9-0-1779316867738.jpg,200,image/jpeg,JPEG,/storage/v1/object/public/public-assets/ml-sync/4e972383-b753-4eac-9c47-6a30db3f62e9-0-1779316867738.jpg,jpg,PASS,840.00 UYU
3bbd4372-ab03-442e-8373-8dcc0dffd645,"Tyranitar Pokemon Moncolle Ex Takara Tomy Ms 19",tyranitar-pokemon-moncolle-ex-takara-tomy-ms-19-5968,https://collectibles.uy/catalog-images/external/http2.mlstatic.com/D_852055-MLU81627315302_012025-O.jpg,https://collectibles.uy/catalog-images/external/http2.mlstatic.com/D_852055-MLU81627315302_012025-O.jpg,200,image/jpeg,JPEG,/catalog-images/external/http2.mlstatic.com/D_852055-MLU81627315302_012025-O.jpg,jpg,PASS,1390.00 UYU
5fa2be45-1c55-4bcd-843c-f558ea440e91,"Wartortle The Pokemon Company Peluche 22cm",wartortle-the-pokemon-company-peluche-22cm-1662,https://collectibles.uy/catalog-images/external/http2.mlstatic.com/D_993664-MLU50841601340_072022-O.jpg,https://collectibles.uy/catalog-images/external/http2.mlstatic.com/D_993664-MLU50841601340_072022-O.jpg,200,image/jpeg,JPEG,/catalog-images/external/http2.mlstatic.com/D_993664-MLU50841601340_072022-O.jpg,jpg,PASS,2190.00 UYU
6fc06f1e-697d-4d8d-a58a-c682dc793c3f,"Vaporeon Eevee Pokemon Takara Tomy Peluche 30cm",vaporeon-eevee-pokemon-takara-tomy-peluche-30cm-4457,https://collectibles.uy/catalog-images/external/http2.mlstatic.com/D_849186-MLU47036669723_082021-O.jpg,https://collectibles.uy/catalog-images/external/http2.mlstatic.com/D_849186-MLU47036669723_082021-O.jpg,200,image/jpeg,JPEG,/catalog-images/external/http2.mlstatic.com/D_849186-MLU47036669723_082021-O.jpg,jpg,PASS,2990.00 UYU
e479060e-ff7b-492e-b123-6237de043621," Spiderman 2 Gamerverse Marvel Legends Hasbro",spiderman-2-gamerverse-marvel-legends-hasbro-0sd7a,https://cobtsgkwcftvexaarwmo.supabase.co/storage/v1/object/public/public-assets/vendors/61a48094-7453-4b7f-9563-e51f184832f9/ml-curation/e479060e-ff7b-492e-b123-6237de043621-main.jpg,https://cobtsgkwcftvexaarwmo.supabase.co/storage/v1/object/public/public-assets/vendors/61a48094-7453-4b7f-9563-e51f184832f9/ml-curation/e479060e-ff7b-492e-b123-6237de043621-main.jpg,200,image/jpeg,JPEG,/storage/v1/object/public/public-assets/vendors/61a48094-7453-4b7f-9563-e51f184832f9/ml-curation/e479060e-ff7b-492e-b123-6237de043621-main.jpg,jpg,PASS,9900.00 UYU
aa6db702-777a-423b-8086-afabee4cf1ce,"Iron Spiderman No Way Home Disfraz Musculoso Con Luz",iron-spiderman-no-way-home-disfraz-musculoso-con-luz-8754,https://collectibles.uy/catalog-images/external/http2.mlstatic.com/D_992550-MLU71968886174_092023-O.jpg,https://collectibles.uy/catalog-images/external/http2.mlstatic.com/D_992550-MLU71968886174_092023-O.jpg,200,image/jpeg,JPEG,/catalog-images/external/http2.mlstatic.com/D_992550-MLU71968886174_092023-O.jpg,jpg,PASS,3990.00 UYU
1c42b0dd-ad8d-4520-9123-3871cb76b371,"Masters of the Universe Origins Figura de acción 200X Principe Adam",masters-of-the-universe-origins-figura-de-acci-n-200x-principe-adam-,https://cobtsgkwcftvexaarwmo.supabase.co/storage/v1/object/public/public-assets/1780242348696-heman-box.jpg,https://cobtsgkwcftvexaarwmo.supabase.co/storage/v1/object/public/public-assets/1780242348696-heman-box.jpg,200,image/jpeg,JPEG,/storage/v1/object/public/public-assets/1780242348696-heman-box.jpg,jpg,PASS,1890.00 UYU
3cb51639-277f-491a-80d9-8969ded9b4b1,"Bulbasaur The Pokemon Company Peluche 30x30cm",bulbasaur-the-pokemon-company-peluche-30x30cm-2220,https://collectibles.uy/catalog-images/external/http2.mlstatic.com/D_619112-MLU46355190156_062021-O.jpg,https://collectibles.uy/catalog-images/external/http2.mlstatic.com/D_619112-MLU46355190156_062021-O.jpg,200,image/jpeg,JPEG,/catalog-images/external/http2.mlstatic.com/D_619112-MLU46355190156_062021-O.jpg,jpg,PASS,3990.00 UYU
28f951af-6024-4c84-9c64-d080ff70b9b8,"Beyblade X - Fang Leon T 4-60U CX, Tipo Balance",beyblade-x-fang-leon-t-4-60u-cx-tipo-balance-3uptf,https://cobtsgkwcftvexaarwmo.supabase.co/storage/v1/object/public/public-assets/1779847660178-beyblade-x-fang-leon-t-4-60u-cx.jpg,https://cobtsgkwcftvexaarwmo.supabase.co/storage/v1/object/public/public-assets/1779847660178-beyblade-x-fang-leon-t-4-60u-cx.jpg,200,image/jpeg,JPEG,/storage/v1/object/public/public-assets/1779847660178-beyblade-x-fang-leon-t-4-60u-cx.jpg,jpg,PASS,1790.00 UYU
e37ecb4c-3c9b-4556-b622-e5d6c4eb3c00,"Riolu Pokemon Jazwares Peluche 25cm Riolu",riolu-pokemon-jazwares-peluche-25cm-riolu-6507,https://collectibles.uy/catalog-images/external/http2.mlstatic.com/D_855979-MLU92709788903_092025-O.jpg,https://collectibles.uy/catalog-images/external/http2.mlstatic.com/D_855979-MLU92709788903_092025-O.jpg,200,image/jpeg,JPEG,/catalog-images/external/http2.mlstatic.com/D_855979-MLU92709788903_092025-O.jpg,jpg,PASS,1990.00 UYU
73beb01f-82de-4a38-98b8-d09491ffb07f,"Twisty Clown American Horror Story Mascara Trick Or Treat Twisty The Clown",twisty-clown-american-horror-story-mascara-trick-or-treat-twisty-the-clown-4859,https://collectibles.uy/catalog-images/external/http2.mlstatic.com/D_926949-MLU92709849349_092025-O.jpg,https://collectibles.uy/catalog-images/external/http2.mlstatic.com/D_926949-MLU92709849349_092025-O.jpg,200,image/jpeg,JPEG,/catalog-images/external/http2.mlstatic.com/D_926949-MLU92709849349_092025-O.jpg,jpg,PASS,7990.00 UYU
69062b74-a345-4ef8-9d4e-b72dc70753a6,"Mortal Kombat Pack Deluxe Scorpion Vs Raiden",mortal-kombat-pack-deluxe-scorpion-vs-raiden,https://cobtsgkwcftvexaarwmo.supabase.co/storage/v1/object/public/public-assets/ml-sync/69062b74-a345-4ef8-9d4e-b72dc70753a6-0-1776871266150.jpg,https://cobtsgkwcftvexaarwmo.supabase.co/storage/v1/object/public/public-assets/ml-sync/69062b74-a345-4ef8-9d4e-b72dc70753a6-0-1776871266150.jpg,200,image/jpeg,JPEG,/storage/v1/object/public/public-assets/ml-sync/69062b74-a345-4ef8-9d4e-b72dc70753a6-0-1776871266150.jpg,jpg,PASS,7900.00 UYU
e37dec2e-e5fc-4a51-b00c-40645ef02cbe,"Umbreon Eevee Pokemon Center Peluche 28cm",umbreon-eevee-pokemon-center-peluche-28cm-9778,https://collectibles.uy/catalog-images/external/http2.mlstatic.com/D_616569-MLU69571249267_052023-O.jpg,https://collectibles.uy/catalog-images/external/http2.mlstatic.com/D_616569-MLU69571249267_052023-O.jpg,200,image/jpeg,JPEG,/catalog-images/external/http2.mlstatic.com/D_616569-MLU69571249267_052023-O.jpg,jpg,PASS,2190.00 UYU
a5ca9a9f-3352-480d-8c47-9f2ed83c99c2,"Piplup The Pokemon Company Peluche 25cm",piplup-the-pokemon-company-peluche-25cm-6579,https://collectibles.uy/catalog-images/external/http2.mlstatic.com/D_686146-MLU46326128393_062021-O.jpg,https://collectibles.uy/catalog-images/external/http2.mlstatic.com/D_686146-MLU46326128393_062021-O.jpg,200,image/jpeg,JPEG,/catalog-images/external/http2.mlstatic.com/D_686146-MLU46326128393_062021-O.jpg,jpg,PASS,2650.00 UYU
4f030fdb-9204-474e-8436-8df5a025b70d,"Iron Studios! Minico Thundercats - Panthro",iron-studios-minico-thundercats-panthro,https://cobtsgkwcftvexaarwmo.supabase.co/storage/v1/object/public/public-assets/ml-sync/4f030fdb-9204-474e-8436-8df5a025b70d-0-1779316770140.jpg,https://cobtsgkwcftvexaarwmo.supabase.co/storage/v1/object/public/public-assets/ml-sync/4f030fdb-9204-474e-8436-8df5a025b70d-0-1779316770140.jpg,200,image/jpeg,JPEG,/storage/v1/object/public/public-assets/ml-sync/4f030fdb-9204-474e-8436-8df5a025b70d-0-1779316770140.jpg,jpg,PASS,2900.00 UYU
2191890b-098a-4bb2-a612-646bcc197fe2,"Captain America Falcon Avengers Disfraz Musculoso Jazwares Captain America L",captain-america-falcon-avengers-disfraz-musculoso-jazwares-captain-america-l-5553,https://collectibles.uy/catalog-images/external/http2.mlstatic.com/D_758506-MLU92709918247_092025-O.jpg,https://collectibles.uy/catalog-images/external/http2.mlstatic.com/D_758506-MLU92709918247_092025-O.jpg,200,image/jpeg,JPEG,/catalog-images/external/http2.mlstatic.com/D_758506-MLU92709918247_092025-O.jpg,jpg,PASS,2990.00 UYU
9365f6a2-a7cb-478d-875c-d711dc9d8ce7,"Dragon Ball Super - Dragon Stars Series - Son Gohan Beast 17cm",dragon-ball-super-dragon-stars-series-son-gohan-beast-17cm-s2o1k,https://cobtsgkwcftvexaarwmo.supabase.co/storage/v1/object/public/public-assets/1784672209325-mesa-de-trabajo-28.png,https://cobtsgkwcftvexaarwmo.supabase.co/storage/v1/object/public/public-assets/1784672209325-mesa-de-trabajo-28.png,200,image/png,PNG,/storage/v1/object/public/public-assets/1784672209325-mesa-de-trabajo-28.png,png,PASS,1990.00 UYU
3b0bb754-7962-4f8a-ab74-bea6899af381,"Charizard Gigantamax Pokemon Center Peluche Articulado 40cm",charizard-gigantamax-pokemon-center-peluche-articulado-40cm-9484,https://collectibles.uy/catalog-images/external/http2.mlstatic.com/D_738024-MLU48861710853_012022-O.jpg,https://collectibles.uy/catalog-images/external/http2.mlstatic.com/D_738024-MLU48861710853_012022-O.jpg,200,image/jpeg,JPEG,/catalog-images/external/http2.mlstatic.com/D_738024-MLU48861710853_012022-O.jpg,jpg,PASS,4990.00 UYU
125aa502-d757-4fe3-a2ac-68acd672b6f2,"Funko Mortal Kombat X Liu Kang Action Figure",funko-mortal-kombat-x-liu-kang-action-figure,https://cobtsgkwcftvexaarwmo.supabase.co/storage/v1/object/public/public-assets/ml-sync/125aa502-d757-4fe3-a2ac-68acd672b6f2-0-1779316092798.jpg,https://cobtsgkwcftvexaarwmo.supabase.co/storage/v1/object/public/public-assets/ml-sync/125aa502-d757-4fe3-a2ac-68acd672b6f2-0-1779316092798.jpg,200,image/jpeg,JPEG,/storage/v1/object/public/public-assets/ml-sync/125aa502-d757-4fe3-a2ac-68acd672b6f2-0-1779316092798.jpg,jpg,PASS,1200.00 UYU
b0f0d888-b558-4ac0-b718-eeb9285b8249,"Cinderace Pokemon Moncolle Ex Takara Tomy Ms 35",cinderace-pokemon-moncolle-ex-takara-tomy-ms-35-5638,https://collectibles.uy/catalog-images/external/http2.mlstatic.com/D_634280-MLU78566115280_082024-O.jpg,https://collectibles.uy/catalog-images/external/http2.mlstatic.com/D_634280-MLU78566115280_082024-O.jpg,200,image/jpeg,JPEG,/catalog-images/external/http2.mlstatic.com/D_634280-MLU78566115280_082024-O.jpg,jpg,PASS,1390.00 UYU
05ac4c86-884e-4956-8643-07748fdf0f98,"Articuno Pokemon Center Peluche 28cm",articuno-pokemon-center-peluche-28cm-2008,https://collectibles.uy/catalog-images/external/http2.mlstatic.com/D_726543-MLU46421146435_062021-O.jpg,https://collectibles.uy/catalog-images/external/http2.mlstatic.com/D_726543-MLU46421146435_062021-O.jpg,200,image/jpeg,JPEG,/catalog-images/external/http2.mlstatic.com/D_726543-MLU46421146435_062021-O.jpg,jpg,PASS,2990.00 UYU
c37e5717-d75f-4586-b36c-22336bab87ee,"Sandman Spiderman Marvel Legends Hasbro",sandman-spiderman-marvel-legends-hasbro-i7si4,https://cobtsgkwcftvexaarwmo.supabase.co/storage/v1/object/public/public-assets/vendors/61a48094-7453-4b7f-9563-e51f184832f9/ml-curation/c37e5717-d75f-4586-b36c-22336bab87ee-main.jpg,https://cobtsgkwcftvexaarwmo.supabase.co/storage/v1/object/public/public-assets/vendors/61a48094-7453-4b7f-9563-e51f184832f9/ml-curation/c37e5717-d75f-4586-b36c-22336bab87ee-main.jpg,200,image/jpeg,JPEG,/storage/v1/object/public/public-assets/vendors/61a48094-7453-4b7f-9563-e51f184832f9/ml-curation/c37e5717-d75f-4586-b36c-22336bab87ee-main.jpg,jpg,PASS,7990.00 UYU
bf70953c-9c41-4f5d-96d1-c630f4868e50,"Pikachu Pokemon Figuarts Bandai",pikachu-pokemon-figuarts-bandai-3383,https://collectibles.uy/catalog-images/external/http2.mlstatic.com/D_810266-MLU53308329604_012023-O.jpg,https://collectibles.uy/catalog-images/external/http2.mlstatic.com/D_810266-MLU53308329604_012023-O.jpg,200,image/jpeg,JPEG,/catalog-images/external/http2.mlstatic.com/D_810266-MLU53308329604_012023-O.jpg,jpg,PASS,4990.00 UYU
047b3d14-a6b6-4acb-87cd-62fb7bc2e301,"Funko Pop! Dumb And Dumber - Lloyd Christmas",funko-pop-dumb-and-dumber-lloyd-christmas,https://cobtsgkwcftvexaarwmo.supabase.co/storage/v1/object/public/public-assets/ml-sync/047b3d14-a6b6-4acb-87cd-62fb7bc2e301-0-1779316105547.jpg,https://cobtsgkwcftvexaarwmo.supabase.co/storage/v1/object/public/public-assets/ml-sync/047b3d14-a6b6-4acb-87cd-62fb7bc2e301-0-1779316105547.jpg,200,image/jpeg,JPEG,/storage/v1/object/public/public-assets/ml-sync/047b3d14-a6b6-4acb-87cd-62fb7bc2e301-0-1779316105547.jpg,jpg,PASS,897.00 UYU
94c1df13-7f75-4c5a-b6db-e9b348483421,"Charizard The Pokemon Company Peluche 28cm",charizard-the-pokemon-company-peluche-28cm-1042,https://collectibles.uy/catalog-images/external/http2.mlstatic.com/D_680106-MLU48825313887_012022-O.jpg,https://collectibles.uy/catalog-images/external/http2.mlstatic.com/D_680106-MLU48825313887_012022-O.jpg,200,image/jpeg,JPEG,/catalog-images/external/http2.mlstatic.com/D_680106-MLU48825313887_012022-O.jpg,jpg,PASS,2990.00 UYU
62d4da8b-655f-4874-80ee-222a00f31187,"Harry Potter! Gomee Fleur Delacour Display 10pcs",harry-potter-gomee-fleur-delacour-display-10pcs,https://cobtsgkwcftvexaarwmo.supabase.co/storage/v1/object/public/public-assets/ml-sync/62d4da8b-655f-4874-80ee-222a00f31187-0-1779316305304.jpg,https://cobtsgkwcftvexaarwmo.supabase.co/storage/v1/object/public/public-assets/ml-sync/62d4da8b-655f-4874-80ee-222a00f31187-0-1779316305304.jpg,200,image/jpeg,JPEG,/storage/v1/object/public/public-assets/ml-sync/62d4da8b-655f-4874-80ee-222a00f31187-0-1779316305304.jpg,jpg,PASS,490.00 UYU
8c83e048-473b-43f2-a391-ead2c883df3d,"Mega Lucario Pokemon Moncolle Ex Takara Tomy Ms-52",mega-lucario-pokemon-moncolle-ex-takara-tomy-ms-52-3118,https://collectibles.uy/catalog-images/external/http2.mlstatic.com/D_685511-MLU78800061551_082024-O.jpg,https://collectibles.uy/catalog-images/external/http2.mlstatic.com/D_685511-MLU78800061551_082024-O.jpg,200,image/jpeg,JPEG,/catalog-images/external/http2.mlstatic.com/D_685511-MLU78800061551_082024-O.jpg,jpg,PASS,1390.00 UYU
8aad621b-fb45-4d4c-86ce-6be68d57dc74,"Ghostbusters After Life Plasma Series - Ecto 1",ghostbusters-after-life-plasma-series-ecto-1,https://cobtsgkwcftvexaarwmo.supabase.co/storage/v1/object/public/public-assets/ml-sync/8aad621b-fb45-4d4c-86ce-6be68d57dc74-0-1779316272577.jpg,https://cobtsgkwcftvexaarwmo.supabase.co/storage/v1/object/public/public-assets/ml-sync/8aad621b-fb45-4d4c-86ce-6be68d57dc74-0-1779316272577.jpg,200,image/jpeg,JPEG,/storage/v1/object/public/public-assets/ml-sync/8aad621b-fb45-4d4c-86ce-6be68d57dc74-0-1779316272577.jpg,jpg,PASS,7200.00 UYU
969d8856-4d60-49b3-a97b-a9ddf631dde9,"Meowth Pokemon Moncolle Ex Takara Tomy Ms_48",meowth-pokemon-moncolle-ex-takara-tomy-ms-48-1239,https://collectibles.uy/catalog-images/external/http2.mlstatic.com/D_606438-MLU45609020073_042021-O.jpg,https://collectibles.uy/catalog-images/external/http2.mlstatic.com/D_606438-MLU45609020073_042021-O.jpg,200,image/jpeg,JPEG,/catalog-images/external/http2.mlstatic.com/D_606438-MLU45609020073_042021-O.jpg,jpg,PASS,990.00 UYU
b79baf47-1fd5-4bfc-992e-572a2828288d,"Charmander Pokemon Moncolle-ex Takara Tomy Emc_16",charmander-pokemon-moncolle-ex-takara-tomy-emc-16-2062,https://collectibles.uy/catalog-images/external/http2.mlstatic.com/D_604669-MLU53553891683_022023-O.jpg,https://collectibles.uy/catalog-images/external/http2.mlstatic.com/D_604669-MLU53553891683_022023-O.jpg,200,image/jpeg,JPEG,/catalog-images/external/http2.mlstatic.com/D_604669-MLU53553891683_022023-O.jpg,jpg,PASS,990.00 UYU
42c702e0-1551-4cab-8c71-9c1402e584d4,"Harry Potter Gryffindor Hufflepuff Capa Tunica Disguise Amarillo/negro M (talle Único)",harry-potter-gryffindor-hufflepuff-capa-tunica-disguise-amarillo-negro-m--talle--nico--6270,https://collectibles.uy/catalog-images/external/http2.mlstatic.com/D_765076-MLU92311358586_092025-O.jpg,https://collectibles.uy/catalog-images/external/http2.mlstatic.com/D_765076-MLU92311358586_092025-O.jpg,200,image/jpeg,JPEG,/catalog-images/external/http2.mlstatic.com/D_765076-MLU92311358586_092025-O.jpg,jpg,PASS,2990.00 UYU
b96cd3f7-34fd-47c6-a494-e7ab5cdc8b11,"Glaceon Eevee Pokemon Center Peluche 20cm",glaceon-eevee-pokemon-center-peluche-20cm-3208,https://collectibles.uy/catalog-images/external/http2.mlstatic.com/D_609741-MLU45839375043_052021-O.jpg,https://collectibles.uy/catalog-images/external/http2.mlstatic.com/D_609741-MLU45839375043_052021-O.jpg,200,image/jpeg,JPEG,/catalog-images/external/http2.mlstatic.com/D_609741-MLU45839375043_052021-O.jpg,jpg,PASS,1390.00 UYU
9e576c32-87fe-4494-9fe9-8d97cb83ccd4,"Groot Who Dances Body Knocker - Solar Power - Neca",groot-who-dances-body-knocker-solar-power-neca,https://cobtsgkwcftvexaarwmo.supabase.co/storage/v1/object/public/public-assets/ml-sync/9e576c32-87fe-4494-9fe9-8d97cb83ccd4-0-1776871086054.jpg,https://cobtsgkwcftvexaarwmo.supabase.co/storage/v1/object/public/public-assets/ml-sync/9e576c32-87fe-4494-9fe9-8d97cb83ccd4-0-1776871086054.jpg,200,image/jpeg,JPEG,/storage/v1/object/public/public-assets/ml-sync/9e576c32-87fe-4494-9fe9-8d97cb83ccd4-0-1776871086054.jpg,jpg,PASS,1500.00 UYU
85e8fe81-1dca-46f0-bd8b-e196b25d0f3d,"Knull Venom King In Black Marvel Legends Hasbro",knull-venom-king-in-black-marvel-legends-hasbro-bzwth,https://cobtsgkwcftvexaarwmo.supabase.co/storage/v1/object/public/public-assets/vendors/61a48094-7453-4b7f-9563-e51f184832f9/ml-curation/85e8fe81-1dca-46f0-bd8b-e196b25d0f3d-main.jpg,https://cobtsgkwcftvexaarwmo.supabase.co/storage/v1/object/public/public-assets/vendors/61a48094-7453-4b7f-9563-e51f184832f9/ml-curation/85e8fe81-1dca-46f0-bd8b-e196b25d0f3d-main.jpg,200,image/jpeg,JPEG,/storage/v1/object/public/public-assets/vendors/61a48094-7453-4b7f-9563-e51f184832f9/ml-curation/85e8fe81-1dca-46f0-bd8b-e196b25d0f3d-main.jpg,jpg,PASS,9990.00 UYU
cce35447-755e-475c-a9cb-0cdd557e98e4,"Litten Pokemon Moncolle Ex Takara Tomy Emc_04",litten-pokemon-moncolle-ex-takara-tomy-emc-04-4798,https://collectibles.uy/catalog-images/external/http2.mlstatic.com/D_622660-MLU45609046346_042021-O.jpg,https://collectibles.uy/catalog-images/external/http2.mlstatic.com/D_622660-MLU45609046346_042021-O.jpg,200,image/jpeg,JPEG,/catalog-images/external/http2.mlstatic.com/D_622660-MLU45609046346_042021-O.jpg,jpg,PASS,990.00 UYU
505f013f-aedd-455d-b447-df9042858aa6,"Jolteon Pokemon Moncolle Ex Takara Tomy Emc_23",jolteon-pokemon-moncolle-ex-takara-tomy-emc-23-3843,https://collectibles.uy/catalog-images/external/http2.mlstatic.com/D_649434-MLU79176065951_092024-O.jpg,https://collectibles.uy/catalog-images/external/http2.mlstatic.com/D_649434-MLU79176065951_092024-O.jpg,200,image/jpeg,JPEG,/catalog-images/external/http2.mlstatic.com/D_649434-MLU79176065951_092024-O.jpg,jpg,PASS,990.00 UYU
d7cda0f9-b8af-44c6-8365-16a465bfd794,"Funko POP! -  Freddy 25th Exclusive De Funko",funko-pop-freddy-25th-exclusive-de-funko,https://cobtsgkwcftvexaarwmo.supabase.co/storage/v1/object/public/public-assets/ml-sync/d7cda0f9-b8af-44c6-8365-16a465bfd794-0-1776872309971.jpg,https://cobtsgkwcftvexaarwmo.supabase.co/storage/v1/object/public/public-assets/ml-sync/d7cda0f9-b8af-44c6-8365-16a465bfd794-0-1776872309971.jpg,200,image/jpeg,JPEG,/storage/v1/object/public/public-assets/ml-sync/d7cda0f9-b8af-44c6-8365-16a465bfd794-0-1776872309971.jpg,jpg,PASS,2590.00 UYU
13af6be0-5138-4acf-b21e-4f5705e334df,"Figuras Hasbro Dungeons And Dragons Golden Archive - Forge",figuras-hasbro-dungeons-and-dragons-golden-archive-forge,https://cobtsgkwcftvexaarwmo.supabase.co/storage/v1/object/public/public-assets/ml-sync/13af6be0-5138-4acf-b21e-4f5705e334df-0-1776870672196.jpg,https://cobtsgkwcftvexaarwmo.supabase.co/storage/v1/object/public/public-assets/ml-sync/13af6be0-5138-4acf-b21e-4f5705e334df-0-1776870672196.jpg,200,image/jpeg,JPEG,/storage/v1/object/public/public-assets/ml-sync/13af6be0-5138-4acf-b21e-4f5705e334df-0-1776870672196.jpg,jpg,PASS,1890.00 UYU
cce3e967-c4f2-4332-9efa-767ea7226090,"Gengar Durmiendo Pokemon Peluche 20cm Violeta",gengar-durmiendo-pokemon-peluche-20cm-violeta-1920,https://collectibles.uy/catalog-images/external/http2.mlstatic.com/D_676765-MLU107535397535_022026-O.jpg,https://collectibles.uy/catalog-images/external/http2.mlstatic.com/D_676765-MLU107535397535_022026-O.jpg,200,image/jpeg,JPEG,/catalog-images/external/http2.mlstatic.com/D_676765-MLU107535397535_022026-O.jpg,jpg,PASS,2190.00 UYU
75aafd3e-d4a5-4e16-8051-0ffebfa7a58f,"Fantastic Beasts! Llaveros Plush - Newt Scamander",fantastic-beasts-llaveros-plush-newt-scamander,https://cobtsgkwcftvexaarwmo.supabase.co/storage/v1/object/public/public-assets/ml-sync/75aafd3e-d4a5-4e16-8051-0ffebfa7a58f-0-1779316144876.jpg,https://cobtsgkwcftvexaarwmo.supabase.co/storage/v1/object/public/public-assets/ml-sync/75aafd3e-d4a5-4e16-8051-0ffebfa7a58f-0-1779316144876.jpg,200,image/jpeg,JPEG,/storage/v1/object/public/public-assets/ml-sync/75aafd3e-d4a5-4e16-8051-0ffebfa7a58f-0-1779316144876.jpg,jpg,PASS,536.00 UYU
d7d404de-da0c-4112-b13f-9a0cfde86f47,"Lycanroc Midnight Form Pokemon Center Peluche 28cm",lycanroc-midnight-form-pokemon-center-peluche-28cm-7126,https://collectibles.uy/catalog-images/external/http2.mlstatic.com/D_778089-MLU47051853725_082021-O.jpg,https://collectibles.uy/catalog-images/external/http2.mlstatic.com/D_778089-MLU47051853725_082021-O.jpg,200,image/jpeg,JPEG,/catalog-images/external/http2.mlstatic.com/D_778089-MLU47051853725_082021-O.jpg,jpg,PASS,2190.00 UYU
d5a24e8c-502d-4c74-800e-dcc52a50ecb7,"Marvel Heroclix: Wolverine Vs. Cyclops X-men Regenesis ",marvel-heroclix-wolverine-vs-cyclops-x-men-regenesis-2,https://cobtsgkwcftvexaarwmo.supabase.co/storage/v1/object/public/public-assets/ml-sync/d5a24e8c-502d-4c74-800e-dcc52a50ecb7-0-1779316086248.jpg,https://cobtsgkwcftvexaarwmo.supabase.co/storage/v1/object/public/public-assets/ml-sync/d5a24e8c-502d-4c74-800e-dcc52a50ecb7-0-1779316086248.jpg,200,image/jpeg,JPEG,/storage/v1/object/public/public-assets/ml-sync/d5a24e8c-502d-4c74-800e-dcc52a50ecb7-0-1779316086248.jpg,jpg,PASS,100.00 UYU
5959edb2-6a85-4c85-948f-0a264c267cad,"Funko Pop! The Exorcist Regan",funko-pop-the-exorcist-regan,https://cobtsgkwcftvexaarwmo.supabase.co/storage/v1/object/public/public-assets/ml-sync/5959edb2-6a85-4c85-948f-0a264c267cad-0-1776871332192.jpg,https://cobtsgkwcftvexaarwmo.supabase.co/storage/v1/object/public/public-assets/ml-sync/5959edb2-6a85-4c85-948f-0a264c267cad-0-1776871332192.jpg,200,image/jpeg,JPEG,/storage/v1/object/public/public-assets/ml-sync/5959edb2-6a85-4c85-948f-0a264c267cad-0-1776871332192.jpg,jpg,PASS,1090.00 UYU
32875fa6-1161-44e6-8542-967b1389cd9e,"Funko Plushies! Lucha Libre - El Héroe Invicto (iroman)",funko-plushies-lucha-libre-el-heroe-invicto-iroman,https://cobtsgkwcftvexaarwmo.supabase.co/storage/v1/object/public/public-assets/ml-sync/32875fa6-1161-44e6-8542-967b1389cd9e-0-1779316071193.jpg,https://cobtsgkwcftvexaarwmo.supabase.co/storage/v1/object/public/public-assets/ml-sync/32875fa6-1161-44e6-8542-967b1389cd9e-0-1779316071193.jpg,200,image/jpeg,JPEG,/storage/v1/object/public/public-assets/ml-sync/32875fa6-1161-44e6-8542-967b1389cd9e-0-1779316071193.jpg,jpg,PASS,1200.00 UYU
d1417c31-e5a9-4e0e-a6f1-7760519f2ec7,"Mewtwo Pokemon Peluche 30cm",mewtwo-pokemon-peluche-30cm-1328,https://collectibles.uy/catalog-images/external/http2.mlstatic.com/D_920099-MLU70419200954_072023-O.jpg,https://collectibles.uy/catalog-images/external/http2.mlstatic.com/D_920099-MLU70419200954_072023-O.jpg,200,image/jpeg,JPEG,/catalog-images/external/http2.mlstatic.com/D_920099-MLU70419200954_072023-O.jpg,jpg,PASS,2190.00 UYU
944d1735-366f-4b07-8a9f-0e8e182b7eb3,"Bo-katan Kryze Mandalorian Star Wars Black Series Hasbro",bo-katan-kryze-mandalorian-star-wars-black-series-hasbro-1230,https://collectibles.uy/catalog-images/external/http2.mlstatic.com/D_918477-MLU46083199869_052021-O.jpg,https://collectibles.uy/catalog-images/external/http2.mlstatic.com/D_918477-MLU46083199869_052021-O.jpg,200,image/jpeg,JPEG,/catalog-images/external/http2.mlstatic.com/D_918477-MLU46083199869_052021-O.jpg,jpg,PASS,3990.00 UYU
46c732b3-fb5b-4f7f-9cad-0dbeb64c3e25,"Mega Charizard X Pokemon Moncolle Ex Takara Tomy Ms-51",mega-charizard-x-pokemon-moncolle-ex-takara-tomy-ms-51-4786,https://collectibles.uy/catalog-images/external/http2.mlstatic.com/D_713166-MLA95186450610_102025-O.jpg,https://collectibles.uy/catalog-images/external/http2.mlstatic.com/D_713166-MLA95186450610_102025-O.jpg,200,image/jpeg,JPEG,/catalog-images/external/http2.mlstatic.com/D_713166-MLA95186450610_102025-O.jpg,jpg,PASS,1390.00 UYU
57e6f20a-ba38-480e-82e4-838dbc64084a,"Ultra Pro Páginas Silver 9 Bolsillos Para Cartas Coleccionables Pókemon",ultra-pro-paginas-silver-9-bolsillos-para-cartas-coleccionables-pokemon,https://cobtsgkwcftvexaarwmo.supabase.co/storage/v1/object/public/public-assets/ml-sync/57e6f20a-ba38-480e-82e4-838dbc64084a-0-1776871044770.jpg,https://cobtsgkwcftvexaarwmo.supabase.co/storage/v1/object/public/public-assets/ml-sync/57e6f20a-ba38-480e-82e4-838dbc64084a-0-1776871044770.jpg,200,image/jpeg,JPEG,/storage/v1/object/public/public-assets/ml-sync/57e6f20a-ba38-480e-82e4-838dbc64084a-0-1776871044770.jpg,jpg,PASS,120.00 UYU
c20ba329-4ecb-4398-a24e-46bcf286a1dd,"Ghostbuster 1985 Plasma Series - Ray Stantz ",ghostbuster-1985-plasma-series-ray-stantz,https://cobtsgkwcftvexaarwmo.supabase.co/storage/v1/object/public/public-assets/ml-sync/c20ba329-4ecb-4398-a24e-46bcf286a1dd-0-1779316211824.jpg,https://cobtsgkwcftvexaarwmo.supabase.co/storage/v1/object/public/public-assets/ml-sync/c20ba329-4ecb-4398-a24e-46bcf286a1dd-0-1779316211824.jpg,200,image/jpeg,JPEG,/storage/v1/object/public/public-assets/ml-sync/c20ba329-4ecb-4398-a24e-46bcf286a1dd-0-1779316211824.jpg,jpg,PASS,2790.00 UYU
e27e5041-346d-45d1-b749-2096ab1e6a98,"Eevee Peluche Compañero Para Dormir Pokemon Marrón Claro",eevee-peluche-compa-ero-para-dormir-pokemon-marr-n-claro-6206,https://collectibles.uy/catalog-images/external/http2.mlstatic.com/D_835683-MLU107523076781_022026-O.jpg,https://collectibles.uy/catalog-images/external/http2.mlstatic.com/D_835683-MLU107523076781_022026-O.jpg,200,image/jpeg,JPEG,/catalog-images/external/http2.mlstatic.com/D_835683-MLU107523076781_022026-O.jpg,jpg,PASS,2190.00 UYU
e3e8f04d-a1d6-4cec-be0b-8108e373ad5e,"Doctor Strange Marvel Legends Hasbro",doctor-strange-marvel-legends-hasbro-1vnha,https://cobtsgkwcftvexaarwmo.supabase.co/storage/v1/object/public/public-assets/vendors/61a48094-7453-4b7f-9563-e51f184832f9/ml-curation/e3e8f04d-a1d6-4cec-be0b-8108e373ad5e-main.jpg,https://cobtsgkwcftvexaarwmo.supabase.co/storage/v1/object/public/public-assets/vendors/61a48094-7453-4b7f-9563-e51f184832f9/ml-curation/e3e8f04d-a1d6-4cec-be0b-8108e373ad5e-main.jpg,200,image/jpeg,JPEG,/storage/v1/object/public/public-assets/vendors/61a48094-7453-4b7f-9563-e51f184832f9/ml-curation/e3e8f04d-a1d6-4cec-be0b-8108e373ad5e-main.jpg,jpg,PASS,5990.00 UYU
e781a184-adbc-4174-b1a9-b56b867ad45d,"Rogue X-men 97 Marvel Legends Hasbro",rogue-x-men-97-marvel-legends-hasbro-aepb4,https://cobtsgkwcftvexaarwmo.supabase.co/storage/v1/object/public/public-assets/vendors/61a48094-7453-4b7f-9563-e51f184832f9/ml-curation/e781a184-adbc-4174-b1a9-b56b867ad45d-main.jpg,https://cobtsgkwcftvexaarwmo.supabase.co/storage/v1/object/public/public-assets/vendors/61a48094-7453-4b7f-9563-e51f184832f9/ml-curation/e781a184-adbc-4174-b1a9-b56b867ad45d-main.jpg,200,image/jpeg,JPEG,/storage/v1/object/public/public-assets/vendors/61a48094-7453-4b7f-9563-e51f184832f9/ml-curation/e781a184-adbc-4174-b1a9-b56b867ad45d-main.jpg,jpg,PASS,7990.00 UYU
3ea38cff-cdd0-477b-8ee8-4bdacc094707,"NECA Universal Monsters Ultimate The Wolf Man",neca-universal-monsters-ultimate-the-wolf-man,https://cobtsgkwcftvexaarwmo.supabase.co/storage/v1/object/public/public-assets/ml-sync/3ea38cff-cdd0-477b-8ee8-4bdacc094707-0-1776870607575.jpg,https://cobtsgkwcftvexaarwmo.supabase.co/storage/v1/object/public/public-assets/ml-sync/3ea38cff-cdd0-477b-8ee8-4bdacc094707-0-1776870607575.jpg,200,image/jpeg,JPEG,/storage/v1/object/public/public-assets/ml-sync/3ea38cff-cdd0-477b-8ee8-4bdacc094707-0-1776870607575.jpg,jpg,PASS,3987.00 UYU
5054b937-eced-4fee-abd4-0cb36c0ac77e,"Funko Pop! Hunchback Of Notre Dame - Quasimodo ( Fool )",funko-pop-hunchback-of-notre-dame-quasimodo-fool,https://cobtsgkwcftvexaarwmo.supabase.co/storage/v1/object/public/public-assets/ml-sync/5054b937-eced-4fee-abd4-0cb36c0ac77e-0-1779316045454.jpg,https://cobtsgkwcftvexaarwmo.supabase.co/storage/v1/object/public/public-assets/ml-sync/5054b937-eced-4fee-abd4-0cb36c0ac77e-0-1779316045454.jpg,200,image/jpeg,JPEG,/storage/v1/object/public/public-assets/ml-sync/5054b937-eced-4fee-abd4-0cb36c0ac77e-0-1779316045454.jpg,jpg,PASS,1090.00 UYU
7d24845d-a139-466d-88e9-ba48dcc738de,"Greninja Pokemon Jazwares Peluche 35cm",greninja-pokemon-jazwares-peluche-35cm-1183,https://collectibles.uy/catalog-images/external/http2.mlstatic.com/D_777116-MLU48825221987_012022-O.jpg,https://collectibles.uy/catalog-images/external/http2.mlstatic.com/D_777116-MLU48825221987_012022-O.jpg,200,image/jpeg,JPEG,/catalog-images/external/http2.mlstatic.com/D_777116-MLU48825221987_012022-O.jpg,jpg,PASS,2650.00 UYU
fd633409-bc22-469a-95dd-9e6489ff1dc9,"Neca Body Knockers Solar Predador Figura Coleccionable Marvel Pvc 15cm",neca-body-knockers-solar-predador-figura-coleccionable-marvel-pvc-15cm,https://cobtsgkwcftvexaarwmo.supabase.co/storage/v1/object/public/public-assets/ml-sync/fd633409-bc22-469a-95dd-9e6489ff1dc9-0-1776871044957.jpg,https://cobtsgkwcftvexaarwmo.supabase.co/storage/v1/object/public/public-assets/ml-sync/fd633409-bc22-469a-95dd-9e6489ff1dc9-0-1776871044957.jpg,200,image/jpeg,JPEG,/storage/v1/object/public/public-assets/ml-sync/fd633409-bc22-469a-95dd-9e6489ff1dc9-0-1776871044957.jpg,jpg,PASS,1500.00 UYU
0a81f25f-0549-47cc-9beb-1ad97e0d05d9,"Funko Pop! Sports Nba Harlem Globetrotters #99",funko-pop-sports-nba-harlem-globetrotters-99,https://cobtsgkwcftvexaarwmo.supabase.co/storage/v1/object/public/public-assets/ml-sync/0a81f25f-0549-47cc-9beb-1ad97e0d05d9-0-1776872304005.jpg,https://cobtsgkwcftvexaarwmo.supabase.co/storage/v1/object/public/public-assets/ml-sync/0a81f25f-0549-47cc-9beb-1ad97e0d05d9-0-1776872304005.jpg,200,image/jpeg,JPEG,/storage/v1/object/public/public-assets/ml-sync/0a81f25f-0549-47cc-9beb-1ad97e0d05d9-0-1776872304005.jpg,jpg,PASS,1690.00 UYU
e536e9a5-2389-4ed6-b2fd-1985e32992cd,"Carnage Spiderman Marvel Legends Hasbro Target Exclusive",carnage-spiderman-marvel-legends-hasbro-target-exclusive-kgh15,https://cobtsgkwcftvexaarwmo.supabase.co/storage/v1/object/public/public-assets/vendors/61a48094-7453-4b7f-9563-e51f184832f9/ml-curation/e536e9a5-2389-4ed6-b2fd-1985e32992cd-main.jpg,https://cobtsgkwcftvexaarwmo.supabase.co/storage/v1/object/public/public-assets/vendors/61a48094-7453-4b7f-9563-e51f184832f9/ml-curation/e536e9a5-2389-4ed6-b2fd-1985e32992cd-main.jpg,200,image/jpeg,JPEG,/storage/v1/object/public/public-assets/vendors/61a48094-7453-4b7f-9563-e51f184832f9/ml-curation/e536e9a5-2389-4ed6-b2fd-1985e32992cd-main.jpg,jpg,PASS,9900.00 UYU
bcf2dc55-25ec-4a0d-8226-a26113cdcccb,"Mewtwo Pokemon D-arts Bandai",mewtwo-pokemon-d-arts-bandai-2386,https://collectibles.uy/catalog-images/external/http2.mlstatic.com/D_675911-MLU70143220122_062023-O.jpg,https://collectibles.uy/catalog-images/external/http2.mlstatic.com/D_675911-MLU70143220122_062023-O.jpg,200,image/jpeg,JPEG,/catalog-images/external/http2.mlstatic.com/D_675911-MLU70143220122_062023-O.jpg,jpg,PASS,5990.00 UYU
5314c705-0d59-433e-818e-18b46b04a1b7,"Pikachu Pokemon Center Peluche 20cm",pikachu-pokemon-center-peluche-20cm-2934,https://collectibles.uy/catalog-images/external/http2.mlstatic.com/D_771286-MLU49393999755_032022-O.jpg,https://collectibles.uy/catalog-images/external/http2.mlstatic.com/D_771286-MLU49393999755_032022-O.jpg,200,image/jpeg,JPEG,/catalog-images/external/http2.mlstatic.com/D_771286-MLU49393999755_032022-O.jpg,jpg,PASS,1390.00 UYU
bba8342e-9571-4477-94e8-8f5d31cc40a1,"Iron Fist Luke Cage Marvel Legends 85 Years Hasbro",iron-fist-luke-cage-marvel-legends-85-years-hasbro-zif9x,https://cobtsgkwcftvexaarwmo.supabase.co/storage/v1/object/public/public-assets/vendors/61a48094-7453-4b7f-9563-e51f184832f9/ml-curation/bba8342e-9571-4477-94e8-8f5d31cc40a1-main.jpg,https://cobtsgkwcftvexaarwmo.supabase.co/storage/v1/object/public/public-assets/vendors/61a48094-7453-4b7f-9563-e51f184832f9/ml-curation/bba8342e-9571-4477-94e8-8f5d31cc40a1-main.jpg,200,image/jpeg,JPEG,/storage/v1/object/public/public-assets/vendors/61a48094-7453-4b7f-9563-e51f184832f9/ml-curation/bba8342e-9571-4477-94e8-8f5d31cc40a1-main.jpg,jpg,PASS,7990.00 UYU
9e611fc6-f028-446a-a045-53e8dc43a7d3,"Chocolate Bonnie Five Nights Freddy´s Special Delivery Funko",chocolate-bonnie-five-nights-freddy-s-special-delivery-funko-4192,https://collectibles.uy/catalog-images/external/http2.mlstatic.com/D_906570-MLU45585620973_042021-O.jpg,https://collectibles.uy/catalog-images/external/http2.mlstatic.com/D_906570-MLU45585620973_042021-O.jpg,200,image/jpeg,JPEG,/catalog-images/external/http2.mlstatic.com/D_906570-MLU45585620973_042021-O.jpg,jpg,PASS,2650.00 UYU
aeb5c723-f02f-4a4f-bf48-3ee7565707dc,"Thrilljoy Pix! Terrifier Art The Clown 9999 Pcs Limited Edit",thrilljoy-pix-terrifier-art-the-clown-9999-pcs-limited-edit,https://cobtsgkwcftvexaarwmo.supabase.co/storage/v1/object/public/public-assets/ml-sync/aeb5c723-f02f-4a4f-bf48-3ee7565707dc-0-1776871342178.jpg,https://cobtsgkwcftvexaarwmo.supabase.co/storage/v1/object/public/public-assets/ml-sync/aeb5c723-f02f-4a4f-bf48-3ee7565707dc-0-1776871342178.jpg,200,image/jpeg,JPEG,/storage/v1/object/public/public-assets/ml-sync/aeb5c723-f02f-4a4f-bf48-3ee7565707dc-0-1776871342178.jpg,jpg,PASS,1790.00 UYU
70fa2af1-b5f9-42bc-b87a-922446fcfc46,"Articuno Pokemon Moncolle Ex Takara Tomy Ehp_03",articuno-pokemon-moncolle-ex-takara-tomy-ehp-03-3467,https://collectibles.uy/catalog-images/external/http2.mlstatic.com/D_647084-MLU75199655940_032024-O.jpg,https://collectibles.uy/catalog-images/external/http2.mlstatic.com/D_647084-MLU75199655940_032024-O.jpg,200,image/jpeg,JPEG,/catalog-images/external/http2.mlstatic.com/D_647084-MLU75199655940_032024-O.jpg,jpg,PASS,2990.00 UYU
f1162e3b-6f89-4c09-b75a-c6e6fc3d3a15,"Marvel Legends Comics! Retro Iron Man Model 09",marvel-legends-comics-retro-iron-man-model-09,https://cobtsgkwcftvexaarwmo.supabase.co/storage/v1/object/public/public-assets/ml-sync/f1162e3b-6f89-4c09-b75a-c6e6fc3d3a15-0-1776871104339.jpg,https://cobtsgkwcftvexaarwmo.supabase.co/storage/v1/object/public/public-assets/ml-sync/f1162e3b-6f89-4c09-b75a-c6e6fc3d3a15-0-1776871104339.jpg,200,image/jpeg,JPEG,/storage/v1/object/public/public-assets/ml-sync/f1162e3b-6f89-4c09-b75a-c6e6fc3d3a15-0-1776871104339.jpg,jpg,PASS,2790.00 UYU
6215ac11-7d18-4b3a-adc5-8bbd2569cd24,"Espeon Eevee Pokemon Center Peluche 20cm",espeon-eevee-pokemon-center-peluche-20cm-9332,https://collectibles.uy/catalog-images/external/http2.mlstatic.com/D_820560-MLU48904777130_012022-O.jpg,https://collectibles.uy/catalog-images/external/http2.mlstatic.com/D_820560-MLU48904777130_012022-O.jpg,200,image/jpeg,JPEG,/catalog-images/external/http2.mlstatic.com/D_820560-MLU48904777130_012022-O.jpg,jpg,PASS,1390.00 UYU
013bfbd4-d6a8-4830-a78a-b13cd41e3773,"Gizmo Ultimate Gremlins Neca",gizmo-ultimate-gremlins-neca-5101,https://collectibles.uy/catalog-images/external/http2.mlstatic.com/D_777568-MLU45584422482_042021-O.jpg,https://collectibles.uy/catalog-images/external/http2.mlstatic.com/D_777568-MLU45584422482_042021-O.jpg,200,image/jpeg,JPEG,/catalog-images/external/http2.mlstatic.com/D_777568-MLU45584422482_042021-O.jpg,jpg,PASS,3990.00 UYU
946195bd-d25c-4502-a50e-59c5e94a7f43,"Ghostbuster 2021 After Life Plasma Series - Phoebe&apos;s Lucky.",ghostbuster-2021-after-life-plasma-series-phoebe-s-lucky,https://cobtsgkwcftvexaarwmo.supabase.co/storage/v1/object/public/public-assets/ml-sync/946195bd-d25c-4502-a50e-59c5e94a7f43-0-1779316240048.jpg,https://cobtsgkwcftvexaarwmo.supabase.co/storage/v1/object/public/public-assets/ml-sync/946195bd-d25c-4502-a50e-59c5e94a7f43-0-1779316240048.jpg,200,image/jpeg,JPEG,/storage/v1/object/public/public-assets/ml-sync/946195bd-d25c-4502-a50e-59c5e94a7f43-0-1779316240048.jpg,jpg,PASS,1390.00 UYU
b5eac731-ab4d-4c6c-bdb2-f6dff0ae5234,"Captain America Avengers Endgame Marvel Legends Fat Thor Baf",captain-america-avengers-endgame-marvel-legends-fat-thor-baf-8084,https://collectibles.uy/catalog-images/external/http2.mlstatic.com/D_605739-MLU45521514775_042021-O.jpg,https://collectibles.uy/catalog-images/external/http2.mlstatic.com/D_605739-MLU45521514775_042021-O.jpg,200,image/jpeg,JPEG,/catalog-images/external/http2.mlstatic.com/D_605739-MLU45521514775_042021-O.jpg,jpg,PASS,3650.00 UYU
c55a299c-9e52-4dc5-8892-fecde74e103f,"Beyblade X - Courage Dran S 6-60V CX, Tipo de Ataque",beyblade-x-courage-dran-s-6-60v-cx-tipo-de-ataque-z3yuj,https://cobtsgkwcftvexaarwmo.supabase.co/storage/v1/object/public/public-assets/1779847645105-bey-blade-x-courage-dran-s-6-60v-cx.jpg,https://cobtsgkwcftvexaarwmo.supabase.co/storage/v1/object/public/public-assets/1779847645105-bey-blade-x-courage-dran-s-6-60v-cx.jpg,200,image/jpeg,JPEG,/storage/v1/object/public/public-assets/1779847645105-bey-blade-x-courage-dran-s-6-60v-cx.jpg,jpg,PASS,1790.00 UYU
4fc3f990-3b2d-48d0-9acf-0b1a69bfc89d,"Blaziken Pokemon Moncolle Ex Takara Tomy Ms 38",blaziken-pokemon-moncolle-ex-takara-tomy-ms-38-3454,https://collectibles.uy/catalog-images/external/http2.mlstatic.com/D_823123-MLU81899255343_012025-O.jpg,https://collectibles.uy/catalog-images/external/http2.mlstatic.com/D_823123-MLU81899255343_012025-O.jpg,200,image/jpeg,JPEG,/catalog-images/external/http2.mlstatic.com/D_823123-MLU81899255343_012025-O.jpg,jpg,PASS,1390.00 UYU
70196654-df34-40f0-87ab-6edd774a16bd,"Lapras Pokemon Moncolle Ex Takara Tomy Ehp_06",lapras-pokemon-moncolle-ex-takara-tomy-ehp-06-6306,https://collectibles.uy/catalog-images/external/http2.mlstatic.com/D_857777-MLU78800496451_082024-O.jpg,https://collectibles.uy/catalog-images/external/http2.mlstatic.com/D_857777-MLU78800496451_082024-O.jpg,200,image/jpeg,JPEG,/catalog-images/external/http2.mlstatic.com/D_857777-MLU78800496451_082024-O.jpg,jpg,PASS,2990.00 UYU
4bd4dd3c-72e2-45a8-8b92-c135c3057a04,"Decidueye Pokemon Moncolle Ex Takara Tomy Ms 11",decidueye-pokemon-moncolle-ex-takara-tomy-ms-11-1241,https://collectibles.uy/catalog-images/external/http2.mlstatic.com/D_800559-MLU81911626251_012025-O.jpg,https://collectibles.uy/catalog-images/external/http2.mlstatic.com/D_800559-MLU81911626251_012025-O.jpg,200,image/jpeg,JPEG,/catalog-images/external/http2.mlstatic.com/D_800559-MLU81911626251_012025-O.jpg,jpg,PASS,1390.00 UYU
64d56669-123e-4f2f-bfb4-ba792ca244e4,"Sonic The Hedgehog 10cm Wave 7 Jakks Pacific",sonic-the-hedgehog-10cm-wave-7-jakks-pacific-4555,https://collectibles.uy/catalog-images/external/http2.mlstatic.com/D_968172-MLU49110667522_022022-O.jpg,https://collectibles.uy/catalog-images/external/http2.mlstatic.com/D_968172-MLU49110667522_022022-O.jpg,200,image/jpeg,JPEG,/catalog-images/external/http2.mlstatic.com/D_968172-MLU49110667522_022022-O.jpg,jpg,PASS,2190.00 UYU
04f00da1-eb16-4cba-87bd-1fc760ee0c6f,"Man Bat Batman The Animated Series Kenner Muñeco Figura",man-bat-batman-the-animated-series-kenner-mu-eco-figura-8749,https://collectibles.uy/catalog-images/external/http2.mlstatic.com/D_862856-MLU98222896782_112025-O.jpg,https://collectibles.uy/catalog-images/external/http2.mlstatic.com/D_862856-MLU98222896782_112025-O.jpg,200,image/jpeg,JPEG,/catalog-images/external/http2.mlstatic.com/D_862856-MLU98222896782_112025-O.jpg,jpg,PASS,4990.00 UYU
d6196694-5e27-4587-a8bb-e4b0e48a8ff9,"Anime Heroes - One Piece - Monkey D. Luffy Gear5 17 cm",anime-heroes-one-piece-monkey-d-luffy-gear5-17-cm-tdrlt,https://cobtsgkwcftvexaarwmo.supabase.co/storage/v1/object/public/public-assets/productos/1779859654933-anime-heroes---one-piece---monkey-d--luffy-gear5.jpg,https://cobtsgkwcftvexaarwmo.supabase.co/storage/v1/object/public/public-assets/productos/1779859654933-anime-heroes---one-piece---monkey-d--luffy-gear5.jpg,200,image/jpeg,JPEG,/storage/v1/object/public/public-assets/productos/1779859654933-anime-heroes---one-piece---monkey-d--luffy-gear5.jpg,jpg,PASS,1990.00 UYU
ecfcbae6-be1a-4970-b5b3-c2308116005e,"Anime Heroes - One Piece - Crocodile",anime-heroes-one-piece-crocodile-5crs3,https://cobtsgkwcftvexaarwmo.supabase.co/storage/v1/object/public/public-assets/productos/1779859651142-anime-heroes---one-piece---crocodile.jpg,https://cobtsgkwcftvexaarwmo.supabase.co/storage/v1/object/public/public-assets/productos/1779859651142-anime-heroes---one-piece---crocodile.jpg,200,image/jpeg,JPEG,/storage/v1/object/public/public-assets/productos/1779859651142-anime-heroes---one-piece---crocodile.jpg,jpg,PASS,1990.00 UYU
06c848b2-294d-48f7-a432-f1e6ce91e8eb,"Jigglypuff The Pokemon Company Peluche 25cm",jigglypuff-the-pokemon-company-peluche-25cm-8354,https://collectibles.uy/catalog-images/external/http2.mlstatic.com/D_694495-MLU48825374388_012022-O.jpg,https://collectibles.uy/catalog-images/external/http2.mlstatic.com/D_694495-MLU48825374388_012022-O.jpg,200,image/jpeg,JPEG,/catalog-images/external/http2.mlstatic.com/D_694495-MLU48825374388_012022-O.jpg,jpg,PASS,2650.00 UYU
b9e1e606-15ab-4413-b5e3-320c33678b3f,"Growlithe The Pokemon Company Peluche 25cm",growlithe-the-pokemon-company-peluche-25cm-7392,https://collectibles.uy/catalog-images/external/http2.mlstatic.com/D_616671-MLU48919223659_012022-O.jpg,https://collectibles.uy/catalog-images/external/http2.mlstatic.com/D_616671-MLU48919223659_012022-O.jpg,200,image/jpeg,JPEG,/catalog-images/external/http2.mlstatic.com/D_616671-MLU48919223659_012022-O.jpg,jpg,PASS,2190.00 UYU
4117f732-58fb-422f-b975-e2b431d09fd1,"Rowlet The Pokemon Company Peluche 25cm",rowlet-the-pokemon-company-peluche-25cm-3195,https://collectibles.uy/catalog-images/external/http2.mlstatic.com/D_744159-MLU48919255128_012022-O.jpg,https://collectibles.uy/catalog-images/external/http2.mlstatic.com/D_744159-MLU48919255128_012022-O.jpg,200,image/jpeg,JPEG,/catalog-images/external/http2.mlstatic.com/D_744159-MLU48919255128_012022-O.jpg,jpg,PASS,2650.00 UYU
fb164236-70be-418e-9066-f952b100a6ae,"Mew The Pokemon Company Peluche 25cm",mew-the-pokemon-company-peluche-25cm-7695,https://collectibles.uy/catalog-images/external/http2.mlstatic.com/D_999205-MLU90432133286_082025-O.jpg,https://collectibles.uy/catalog-images/external/http2.mlstatic.com/D_999205-MLU90432133286_082025-O.jpg,200,image/jpeg,JPEG,/catalog-images/external/http2.mlstatic.com/D_999205-MLU90432133286_082025-O.jpg,jpg,PASS,2190.00 UYU
3da2bfb1-192b-445a-b406-f26195bedc96,"Harry Potter! Llaveros Plush - Cedric Diggory",harry-potter-llaveros-plush-cedric-diggory,https://cobtsgkwcftvexaarwmo.supabase.co/storage/v1/object/public/public-assets/ml-sync/3da2bfb1-192b-445a-b406-f26195bedc96-0-1779316124485.jpg,https://cobtsgkwcftvexaarwmo.supabase.co/storage/v1/object/public/public-assets/ml-sync/3da2bfb1-192b-445a-b406-f26195bedc96-0-1779316124485.jpg,200,image/jpeg,JPEG,/storage/v1/object/public/public-assets/ml-sync/3da2bfb1-192b-445a-b406-f26195bedc96-0-1779316124485.jpg,jpg,PASS,390.00 UYU
58d6ff3d-e1dd-41f0-af56-b671c80758a1,"Iron Studios! Minico Harley Quinn Dc Comics",iron-studios-minico-harley-quinn-dc-comics,https://cobtsgkwcftvexaarwmo.supabase.co/storage/v1/object/public/public-assets/ml-sync/58d6ff3d-e1dd-41f0-af56-b671c80758a1-0-1779316328904.jpg,https://cobtsgkwcftvexaarwmo.supabase.co/storage/v1/object/public/public-assets/ml-sync/58d6ff3d-e1dd-41f0-af56-b671c80758a1-0-1779316328904.jpg,200,image/jpeg,JPEG,/storage/v1/object/public/public-assets/ml-sync/58d6ff3d-e1dd-41f0-af56-b671c80758a1-0-1779316328904.jpg,jpg,PASS,3400.00 UYU
80403933-f3af-408d-b433-b32203855b80,"Marvel Legends X-men Age Of Apocalypse - Marvel&apos;s Shadowcat",marvel-legends-x-men-age-of-apocalypse-marvel-s-shadowcat,https://cobtsgkwcftvexaarwmo.supabase.co/storage/v1/object/public/public-assets/ml-sync/80403933-f3af-408d-b433-b32203855b80-0-1779316382044.jpg,https://cobtsgkwcftvexaarwmo.supabase.co/storage/v1/object/public/public-assets/ml-sync/80403933-f3af-408d-b433-b32203855b80-0-1779316382044.jpg,200,image/jpeg,JPEG,/storage/v1/object/public/public-assets/ml-sync/80403933-f3af-408d-b433-b32203855b80-0-1779316382044.jpg,jpg,PASS,2890.00 UYU
3fd89e47-b138-4541-a291-8e1fd0ed907c,"Funko Pop! Masters Of The Universe - He-man #106",funko-pop-masters-of-the-universe-he-man-106,https://cobtsgkwcftvexaarwmo.supabase.co/storage/v1/object/public/public-assets/ml-sync/3fd89e47-b138-4541-a291-8e1fd0ed907c-0-1776872331465.jpg,https://cobtsgkwcftvexaarwmo.supabase.co/storage/v1/object/public/public-assets/ml-sync/3fd89e47-b138-4541-a291-8e1fd0ed907c-0-1776872331465.jpg,200,image/jpeg,JPEG,/storage/v1/object/public/public-assets/ml-sync/3fd89e47-b138-4541-a291-8e1fd0ed907c-0-1776872331465.jpg,jpg,PASS,1920.00 UYU
7c046cd2-fb6b-4441-88ee-fcca0f0dd88e,"Funko Pop! Beetlejuice Chase",funko-pop-beetlejuice-chase,https://cobtsgkwcftvexaarwmo.supabase.co/storage/v1/object/public/public-assets/ml-sync/7c046cd2-fb6b-4441-88ee-fcca0f0dd88e-0-1776871060302.jpg,https://cobtsgkwcftvexaarwmo.supabase.co/storage/v1/object/public/public-assets/ml-sync/7c046cd2-fb6b-4441-88ee-fcca0f0dd88e-0-1776871060302.jpg,200,image/jpeg,JPEG,/storage/v1/object/public/public-assets/ml-sync/7c046cd2-fb6b-4441-88ee-fcca0f0dd88e-0-1776871060302.jpg,jpg,PASS,1290.00 UYU
f32a6a4e-de20-4ce9-8f31-95384b0614f0,"Funko Pop! Wednesday - Enid Sinclair ",funko-pop-wednesday-enid-sinclair,https://cobtsgkwcftvexaarwmo.supabase.co/storage/v1/object/public/public-assets/ml-sync/f32a6a4e-de20-4ce9-8f31-95384b0614f0-0-1776871053282.jpg,https://cobtsgkwcftvexaarwmo.supabase.co/storage/v1/object/public/public-assets/ml-sync/f32a6a4e-de20-4ce9-8f31-95384b0614f0-0-1776871053282.jpg,200,image/jpeg,JPEG,/storage/v1/object/public/public-assets/ml-sync/f32a6a4e-de20-4ce9-8f31-95384b0614f0-0-1776871053282.jpg,jpg,PASS,1090.00 UYU
fccb30ae-9066-4931-b7b5-a69aa2a8b812,"Lapras Pikachu Pokemon Center Peluche 25cm",lapras-pikachu-pokemon-center-peluche-25cm-1780,https://collectibles.uy/catalog-images/external/http2.mlstatic.com/D_847052-MLU46325973274_062021-O.jpg,https://collectibles.uy/catalog-images/external/http2.mlstatic.com/D_847052-MLU46325973274_062021-O.jpg,200,image/jpeg,JPEG,/catalog-images/external/http2.mlstatic.com/D_847052-MLU46325973274_062021-O.jpg,jpg,PASS,2990.00 UYU
3d203c49-700c-4d5e-945a-f85b4d6f3c21,"Gengar The Pokemon Company Peluche 25cm",gengar-the-pokemon-company-peluche-25cm-6544,https://collectibles.uy/catalog-images/external/http2.mlstatic.com/D_949914-MLU46405896203_062021-O.jpg,https://collectibles.uy/catalog-images/external/http2.mlstatic.com/D_949914-MLU46405896203_062021-O.jpg,200,image/jpeg,JPEG,/catalog-images/external/http2.mlstatic.com/D_949914-MLU46405896203_062021-O.jpg,jpg,PASS,2650.00 UYU
832c169e-2f9c-4942-a538-abb066b27aa4,"Iron Studios! Spiderman No Way Home Amazing Spiderman 1/10",iron-studios-spiderman-no-way-home-amazing-spiderman-1-10,https://cobtsgkwcftvexaarwmo.supabase.co/storage/v1/object/public/public-assets/ml-sync/832c169e-2f9c-4942-a538-abb066b27aa4-0-1776870818408.jpg,https://cobtsgkwcftvexaarwmo.supabase.co/storage/v1/object/public/public-assets/ml-sync/832c169e-2f9c-4942-a538-abb066b27aa4-0-1776870818408.jpg,200,image/jpeg,JPEG,/storage/v1/object/public/public-assets/ml-sync/832c169e-2f9c-4942-a538-abb066b27aa4-0-1776870818408.jpg,jpg,PASS,14890.00 UYU
ef11976e-28f0-4bee-ad5d-88e1cc869361,"Pokemon Moncolle Ex Blaziken Takara Tomy",pokemon-moncolle-ex-blaziken-takara-tomy-1614,https://collectibles.uy/catalog-images/external/http2.mlstatic.com/D_813502-MLA95121387638_102025-O.jpg,https://collectibles.uy/catalog-images/external/http2.mlstatic.com/D_813502-MLA95121387638_102025-O.jpg,200,image/jpeg,JPEG,/catalog-images/external/http2.mlstatic.com/D_813502-MLA95121387638_102025-O.jpg,jpg,PASS,1390.00 UYU
afb7e181-adcd-4b01-a6f1-f081fe0b7e02,"Beerus Dragon Ball Super Evolve Bandai",beerus-dragon-ball-super-evolve-bandai-2099,https://collectibles.uy/catalog-images/external/http2.mlstatic.com/D_736435-MLU74322186378_022024-O.jpg,https://collectibles.uy/catalog-images/external/http2.mlstatic.com/D_736435-MLU74322186378_022024-O.jpg,200,image/jpeg,JPEG,/catalog-images/external/http2.mlstatic.com/D_736435-MLU74322186378_022024-O.jpg,jpg,PASS,2190.00 UYU
4d901718-a2c6-48cf-8fc8-7043613785b4,"Catwoman Batman Returns Living Dead Dolls Mezco",catwoman-batman-returns-living-dead-dolls-mezco-5116,https://collectibles.uy/catalog-images/external/http2.mlstatic.com/D_887221-MLU53553490675_012023-O.jpg,https://collectibles.uy/catalog-images/external/http2.mlstatic.com/D_887221-MLU53553490675_012023-O.jpg,200,image/jpeg,JPEG,/catalog-images/external/http2.mlstatic.com/D_887221-MLU53553490675_012023-O.jpg,jpg,PASS,5990.00 UYU
0df2fb32-2110-4714-b9f6-f78cdf894d7f,"Chewbacca Star Wars A New Hope Figuarts Bandai",chewbacca-star-wars-a-new-hope-figuarts-bandai-1522,https://collectibles.uy/catalog-images/external/http2.mlstatic.com/D_859828-MLU53308104984_012023-O.jpg,https://collectibles.uy/catalog-images/external/http2.mlstatic.com/D_859828-MLU53308104984_012023-O.jpg,200,image/jpeg,JPEG,/catalog-images/external/http2.mlstatic.com/D_859828-MLU53308104984_012023-O.jpg,jpg,PASS,9900.00 UYU
cb2492a8-59f6-46b8-a9cc-c5fbfb1b1a09,"Harry Potter! Cuaderno Marauder&apos;s Map",harry-potter-cuaderno-marauder-s-map,https://cobtsgkwcftvexaarwmo.supabase.co/storage/v1/object/public/public-assets/ml-sync/cb2492a8-59f6-46b8-a9cc-c5fbfb1b1a09-0-1776870711916.jpg,https://cobtsgkwcftvexaarwmo.supabase.co/storage/v1/object/public/public-assets/ml-sync/cb2492a8-59f6-46b8-a9cc-c5fbfb1b1a09-0-1776870711916.jpg,200,image/jpeg,JPEG,/storage/v1/object/public/public-assets/ml-sync/cb2492a8-59f6-46b8-a9cc-c5fbfb1b1a09-0-1776870711916.jpg,jpg,PASS,590.00 UYU
3e07cf38-8017-4603-a795-4962cb9123b0,"Super Saiyan Goku Full Power Dragon Ball Figuarts Bandai",super-saiyan-goku-full-power-dragon-ball-figuarts-bandai-4616,https://collectibles.uy/catalog-images/external/http2.mlstatic.com/D_846579-MLU53308288373_012023-O.jpg,https://collectibles.uy/catalog-images/external/http2.mlstatic.com/D_846579-MLU53308288373_012023-O.jpg,200,image/jpeg,JPEG,/catalog-images/external/http2.mlstatic.com/D_846579-MLU53308288373_012023-O.jpg,jpg,PASS,4990.00 UYU
65e51927-06b7-43cc-81d0-5215053cd975,"Bulma Dragon Ball Figuarts Bandai",bulma-dragon-ball-figuarts-bandai-3198,https://collectibles.uy/catalog-images/external/http2.mlstatic.com/D_653582-MLU53313592241_012023-O.jpg,https://collectibles.uy/catalog-images/external/http2.mlstatic.com/D_653582-MLU53313592241_012023-O.jpg,200,image/jpeg,JPEG,/catalog-images/external/http2.mlstatic.com/D_653582-MLU53313592241_012023-O.jpg,jpg,PASS,4990.00 UYU
71146e1c-8229-4e69-9847-a3d3b5be3248,"Harry Potter! Set Escolar Harry Potter &amp; Friends",harry-potter-set-escolar-harry-potter-friends,https://cobtsgkwcftvexaarwmo.supabase.co/storage/v1/object/public/public-assets/ml-sync/71146e1c-8229-4e69-9847-a3d3b5be3248-0-1779316466181.jpg,https://cobtsgkwcftvexaarwmo.supabase.co/storage/v1/object/public/public-assets/ml-sync/71146e1c-8229-4e69-9847-a3d3b5be3248-0-1779316466181.jpg,200,image/jpeg,JPEG,/storage/v1/object/public/public-assets/ml-sync/71146e1c-8229-4e69-9847-a3d3b5be3248-0-1779316466181.jpg,jpg,PASS,990.00 UYU
4025c5e1-1cdc-4dc5-b680-9c36e2a99e6f,"Latias Pokemon Moncolle Ex Takara Tomy Ms 47",latias-pokemon-moncolle-ex-takara-tomy-ms-47-2717,https://collectibles.uy/catalog-images/external/http2.mlstatic.com/D_705168-MLU79872207502_102024-O.jpg,https://collectibles.uy/catalog-images/external/http2.mlstatic.com/D_705168-MLU79872207502_102024-O.jpg,200,image/jpeg,JPEG,/catalog-images/external/http2.mlstatic.com/D_705168-MLU79872207502_102024-O.jpg,jpg,PASS,1390.00 UYU
59903a4b-81cf-4e0a-8ee1-f679f29e814e,"Vegeta Dragon Ball Super Evolve Bandai",vegeta-dragon-ball-super-evolve-bandai-7210,https://collectibles.uy/catalog-images/external/http2.mlstatic.com/D_918149-MLU77982951037_072024-O.jpg,https://collectibles.uy/catalog-images/external/http2.mlstatic.com/D_918149-MLU77982951037_072024-O.jpg,200,image/jpeg,JPEG,/catalog-images/external/http2.mlstatic.com/D_918149-MLU77982951037_072024-O.jpg,jpg,PASS,2190.00 UYU
e1113f3a-dcbc-448f-a385-4ed334273118,"Latias Pikachu Pokemon Center Peluche 28cm",latias-pikachu-pokemon-center-peluche-28cm-7289,https://collectibles.uy/catalog-images/external/http2.mlstatic.com/D_661948-MLU46352537046_062021-O.jpg,https://collectibles.uy/catalog-images/external/http2.mlstatic.com/D_661948-MLU46352537046_062021-O.jpg,200,image/jpeg,JPEG,/catalog-images/external/http2.mlstatic.com/D_661948-MLU46352537046_062021-O.jpg,jpg,PASS,2650.00 UYU
9c01c3d3-e9b7-460c-9b1d-fd66cb6241c8,"Majin-boo Dragon Ball Figuarts Bandai",majin-boo-dragon-ball-figuarts-bandai-1841,https://collectibles.uy/catalog-images/external/http2.mlstatic.com/D_698667-MLU53309799822_012023-O.jpg,https://collectibles.uy/catalog-images/external/http2.mlstatic.com/D_698667-MLU53309799822_012023-O.jpg,200,image/jpeg,JPEG,/catalog-images/external/http2.mlstatic.com/D_698667-MLU53309799822_012023-O.jpg,jpg,PASS,9900.00 UYU
b727f10b-8465-49cd-86f5-a4c60350ef04,"Meowth The Pokemon Company Peluche 30cm",meowth-the-pokemon-company-peluche-30cm-8388,https://collectibles.uy/catalog-images/external/http2.mlstatic.com/D_969122-MLU48825374488_012022-O.jpg,https://collectibles.uy/catalog-images/external/http2.mlstatic.com/D_969122-MLU48825374488_012022-O.jpg,200,image/jpeg,JPEG,/catalog-images/external/http2.mlstatic.com/D_969122-MLU48825374488_012022-O.jpg,jpg,PASS,2650.00 UYU
01e20b9d-0159-44ab-aa43-9a56aa1b2ab6,"Koraidon Pokemon Center Peluche 30cm",koraidon-pokemon-center-peluche-30cm-9590,https://collectibles.uy/catalog-images/external/http2.mlstatic.com/D_791903-MLU71302564248_082023-O.jpg,https://collectibles.uy/catalog-images/external/http2.mlstatic.com/D_791903-MLU71302564248_082023-O.jpg,200,image/jpeg,JPEG,/catalog-images/external/http2.mlstatic.com/D_791903-MLU71302564248_082023-O.jpg,jpg,PASS,2990.00 UYU
5c6cc6de-2e84-4426-b216-b2c758be293e,"Marill The Pokemon Company Peluche 25cm",marill-the-pokemon-company-peluche-25cm-2322,https://collectibles.uy/catalog-images/external/http2.mlstatic.com/D_600993-MLU71302664748_082023-O.jpg,https://collectibles.uy/catalog-images/external/http2.mlstatic.com/D_600993-MLU71302664748_082023-O.jpg,200,image/jpeg,JPEG,/catalog-images/external/http2.mlstatic.com/D_600993-MLU71302664748_082023-O.jpg,jpg,PASS,2650.00 UYU
7c84ee94-1cfd-4859-9d5f-e78848dfa91b,"Charizard Pokemon D-arts Bandai",charizard-pokemon-d-arts-bandai-7389,https://collectibles.uy/catalog-images/external/http2.mlstatic.com/D_894504-MLU53553974845_022023-O.jpg,https://collectibles.uy/catalog-images/external/http2.mlstatic.com/D_894504-MLU53553974845_022023-O.jpg,200,image/jpeg,JPEG,/catalog-images/external/http2.mlstatic.com/D_894504-MLU53553974845_022023-O.jpg,jpg,PASS,9900.00 UYU
98ce17b4-40a6-4ba3-a1d5-f8a4305cb174,"Storm Forge Jubilee X-men Marvel Legends Hasbro",storm-forge-jubilee-x-men-marvel-legends-hasbro-6155,https://collectibles.uy/catalog-images/external/http2.mlstatic.com/D_671604-MLU69762987373_062023-O.jpg,https://collectibles.uy/catalog-images/external/http2.mlstatic.com/D_671604-MLU69762987373_062023-O.jpg,200,image/jpeg,JPEG,/catalog-images/external/http2.mlstatic.com/D_671604-MLU69762987373_062023-O.jpg,jpg,PASS,11900.00 UYU
1e3083b5-f01d-4d01-964e-764131fca2e6,"Vaporeon Eevee Pokemon Center Peluche 20cm",vaporeon-eevee-pokemon-center-peluche-20cm-4209,https://collectibles.uy/catalog-images/external/http2.mlstatic.com/D_737170-MLU46032936960_052021-O.jpg,https://collectibles.uy/catalog-images/external/http2.mlstatic.com/D_737170-MLU46032936960_052021-O.jpg,200,image/jpeg,JPEG,/catalog-images/external/http2.mlstatic.com/D_737170-MLU46032936960_052021-O.jpg,jpg,PASS,1390.00 UYU
d419789a-c65a-4f36-b15a-45e79dba8026,"T-800 Police Station Assault Ultimate Terminator Neca",t-800-police-station-assault-ultimate-terminator-neca-7000,https://collectibles.uy/catalog-images/external/http2.mlstatic.com/D_730340-MLU47037069062_082021-O.jpg,https://collectibles.uy/catalog-images/external/http2.mlstatic.com/D_730340-MLU47037069062_082021-O.jpg,200,image/jpeg,JPEG,/catalog-images/external/http2.mlstatic.com/D_730340-MLU47037069062_082021-O.jpg,jpg,PASS,5990.00 UYU
170e938e-6ad1-4e62-af63-0a65fca1fca2,"Clefairy The Pokemon Company Peluche 20cm",clefairy-the-pokemon-company-peluche-20cm-9024,https://collectibles.uy/catalog-images/external/http2.mlstatic.com/D_649261-MLU79464447915_092024-O.jpg,https://collectibles.uy/catalog-images/external/http2.mlstatic.com/D_649261-MLU79464447915_092024-O.jpg,200,image/jpeg,JPEG,/catalog-images/external/http2.mlstatic.com/D_649261-MLU79464447915_092024-O.jpg,jpg,PASS,2190.00 UYU
a84f7e5c-46a9-46c3-9c5d-5b0122451d47,"Super Saiyan God Ss Goku Dragon Ball Evolve Bandai",super-saiyan-god-ss-goku-dragon-ball-evolve-bandai-9977,https://collectibles.uy/catalog-images/external/http2.mlstatic.com/D_961750-MLU74233332962_022024-O.jpg,https://collectibles.uy/catalog-images/external/http2.mlstatic.com/D_961750-MLU74233332962_022024-O.jpg,200,image/jpeg,JPEG,/catalog-images/external/http2.mlstatic.com/D_961750-MLU74233332962_022024-O.jpg,jpg,PASS,2190.00 UYU
75ee3c68-a909-4fa7-b645-96d501a58c63,"Figura De Acción Charizard Ms-15 De Takara Tomy Monster Collection Ex",figura-de-acci-n-charizard-ms-15-de-takara-tomy-monster-collection-ex-9361,https://collectibles.uy/catalog-images/external/http2.mlstatic.com/D_774385-MLA96419826845_102025-O.jpg,https://collectibles.uy/catalog-images/external/http2.mlstatic.com/D_774385-MLA96419826845_102025-O.jpg,200,image/jpeg,JPEG,/catalog-images/external/http2.mlstatic.com/D_774385-MLA96419826845_102025-O.jpg,jpg,PASS,1390.00 UYU
5b9ea6f4-b3d2-4c00-811c-c80f97a1e0b4,"Mega Charizard X Pokemon Center Peluche 25cm",mega-charizard-x-pokemon-center-peluche-25cm-1311,https://collectibles.uy/catalog-images/external/http2.mlstatic.com/D_709289-MLU50153720683_062022-O.jpg,https://collectibles.uy/catalog-images/external/http2.mlstatic.com/D_709289-MLU50153720683_062022-O.jpg,200,image/jpeg,JPEG,/catalog-images/external/http2.mlstatic.com/D_709289-MLU50153720683_062022-O.jpg,jpg,PASS,2190.00 UYU
8339fbc4-4588-45b3-bcbf-fd7f7594ad98,"Charizard Gigantamax Pokemon Peluche 25cm",charizard-gigantamax-pokemon-peluche-25cm-8638,https://collectibles.uy/catalog-images/external/http2.mlstatic.com/D_977336-MLU69571796947_052023-O.jpg,https://collectibles.uy/catalog-images/external/http2.mlstatic.com/D_977336-MLU69571796947_052023-O.jpg,200,image/jpeg,JPEG,/catalog-images/external/http2.mlstatic.com/D_977336-MLU69571796947_052023-O.jpg,jpg,PASS,2190.00 UYU
458ab9e6-19d0-4cd7-9431-10d5c6010de8,"Pikachu Pokemon Moncolle Ex Takara Tomy Mc.070",pikachu-pokemon-moncolle-ex-takara-tomy-mc-070-1124,https://collectibles.uy/catalog-images/external/http2.mlstatic.com/D_655986-MLU75355127131_032024-O.jpg,https://collectibles.uy/catalog-images/external/http2.mlstatic.com/D_655986-MLU75355127131_032024-O.jpg,200,image/jpeg,JPEG,/catalog-images/external/http2.mlstatic.com/D_655986-MLU75355127131_032024-O.jpg,jpg,PASS,990.00 UYU
560d6d7e-652f-4b5a-ad10-1bc4ae3981ef,"Tortugas Ninja Vs Cobra Kai: Raphael Vs John Kreese",tortugas-ninja-vs-cobra-kai-raphael-vs-john-kreese,https://cobtsgkwcftvexaarwmo.supabase.co/storage/v1/object/public/public-assets/ml-sync/560d6d7e-652f-4b5a-ad10-1bc4ae3981ef-0-1779316477604.jpg,https://cobtsgkwcftvexaarwmo.supabase.co/storage/v1/object/public/public-assets/ml-sync/560d6d7e-652f-4b5a-ad10-1bc4ae3981ef-0-1779316477604.jpg,200,image/jpeg,JPEG,/storage/v1/object/public/public-assets/ml-sync/560d6d7e-652f-4b5a-ad10-1bc4ae3981ef-0-1779316477604.jpg,jpg,PASS,3900.00 UYU
facc89c0-40e0-4988-8e4e-e677fdafd982,"Golden Frieza Dragon Ball Shodo Vol.2 Bandai",golden-frieza-dragon-ball-shodo-vol-2-bandai-8574,https://collectibles.uy/catalog-images/external/http2.mlstatic.com/D_920207-MLU53563534821_022023-O.jpg,https://collectibles.uy/catalog-images/external/http2.mlstatic.com/D_920207-MLU53563534821_022023-O.jpg,200,image/jpeg,JPEG,/catalog-images/external/http2.mlstatic.com/D_920207-MLU53563534821_022023-O.jpg,jpg,PASS,1990.00 UYU
f2520869-e6c4-41f7-981a-7c3d245b7814,"Goku Ultra Instinto Plata Dragon Ball Super Evolve Bandai",goku-ultra-instinto-plata-dragon-ball-super-evolve-bandai-7191,https://collectibles.uy/catalog-images/external/http2.mlstatic.com/D_753301-MLU74233354378_022024-O.jpg,https://collectibles.uy/catalog-images/external/http2.mlstatic.com/D_753301-MLU74233354378_022024-O.jpg,200,image/jpeg,JPEG,/catalog-images/external/http2.mlstatic.com/D_753301-MLU74233354378_022024-O.jpg,jpg,PASS,2190.00 UYU
5de44788-296f-475f-a4de-e1380dd30ec0,"Tie-dye Springtrap Five Nights At Freddy&apos;s Funko",tie-dye-springtrap-five-nights-at-freddy-s-funko-3039,https://collectibles.uy/catalog-images/external/http2.mlstatic.com/D_832800-MLU78621630136_092024-O.jpg,https://collectibles.uy/catalog-images/external/http2.mlstatic.com/D_832800-MLU78621630136_092024-O.jpg,200,image/jpeg,JPEG,/catalog-images/external/http2.mlstatic.com/D_832800-MLU78621630136_092024-O.jpg,jpg,PASS,2990.00 UYU
69a7d9eb-6ca5-479d-a6ea-493ca8ec5da0,"Marvel Legends! Fantastic Four Psycho- Man",marvel-legends-fantastic-four-psycho-man,https://cobtsgkwcftvexaarwmo.supabase.co/storage/v1/object/public/public-assets/ml-sync/69a7d9eb-6ca5-479d-a6ea-493ca8ec5da0-0-1776870315659.jpg,https://cobtsgkwcftvexaarwmo.supabase.co/storage/v1/object/public/public-assets/ml-sync/69a7d9eb-6ca5-479d-a6ea-493ca8ec5da0-0-1776870315659.jpg,200,image/jpeg,JPEG,/storage/v1/object/public/public-assets/ml-sync/69a7d9eb-6ca5-479d-a6ea-493ca8ec5da0-0-1776870315659.jpg,jpg,PASS,2790.00 UYU
65f8f7b2-ee47-49cc-95e7-b349cbbe5936,"Sonic The Hedgehog X Dc  -  Knuckles Superman",sonic-the-hedgehog-x-dc-knuckles-superman,https://cobtsgkwcftvexaarwmo.supabase.co/storage/v1/object/public/public-assets/ml-sync/65f8f7b2-ee47-49cc-95e7-b349cbbe5936-0-1776872316642.jpg,https://cobtsgkwcftvexaarwmo.supabase.co/storage/v1/object/public/public-assets/ml-sync/65f8f7b2-ee47-49cc-95e7-b349cbbe5936-0-1776872316642.jpg,200,image/jpeg,JPEG,/storage/v1/object/public/public-assets/ml-sync/65f8f7b2-ee47-49cc-95e7-b349cbbe5936-0-1776872316642.jpg,jpg,PASS,1530.00 UYU
21c35963-9b87-4f92-8187-3c55a008cbc8,"Poppolio Pokemon Moncolle Ex Takara Tomy Emc_03",poppolio-pokemon-moncolle-ex-takara-tomy-emc-03-1079,https://collectibles.uy/catalog-images/external/http2.mlstatic.com/D_926658-MLU45609093016_042021-O.jpg,https://collectibles.uy/catalog-images/external/http2.mlstatic.com/D_926658-MLU45609093016_042021-O.jpg,200,image/jpeg,JPEG,/catalog-images/external/http2.mlstatic.com/D_926658-MLU45609093016_042021-O.jpg,jpg,PASS,990.00 UYU
d7ef6f14-fea2-4dd5-93f4-b4c0ef2a2c4b,"Anime Heroes - One Piece - Monkey D. Luffy Renewal 17 cm",anime-heroes-one-piece-monkey-d-luffy-renewal-17-cm-5daf8,https://cobtsgkwcftvexaarwmo.supabase.co/storage/v1/object/public/public-assets/productos/1779859657713-anime-heroes---one-piece---monkey-d--luffy-renewal.jpg,https://cobtsgkwcftvexaarwmo.supabase.co/storage/v1/object/public/public-assets/productos/1779859657713-anime-heroes---one-piece---monkey-d--luffy-renewal.jpg,200,image/jpeg,JPEG,/storage/v1/object/public/public-assets/productos/1779859657713-anime-heroes---one-piece---monkey-d--luffy-renewal.jpg,jpg,PASS,1990.00 UYU
1258a982-3330-4c8d-926c-09576512a1dc,"Coronation Starscream Transformers Studio Series 86-12",coronation-starscream-transformers-studio-series-86-12-6710,https://collectibles.uy/catalog-images/external/http2.mlstatic.com/D_932248-MLU54275440269_032023-O.jpg,https://collectibles.uy/catalog-images/external/http2.mlstatic.com/D_932248-MLU54275440269_032023-O.jpg,200,image/jpeg,JPEG,/catalog-images/external/http2.mlstatic.com/D_932248-MLU54275440269_032023-O.jpg,jpg,PASS,5990.00 UYU
d9e8f25b-8ecd-46de-985e-746b4789c1db,"Dragon Ball Super - Dragon Stars Series - Cell Final Form 17cm",dragon-ball-super-dragon-stars-series-cell-final-form-17cm-z290u,https://cobtsgkwcftvexaarwmo.supabase.co/storage/v1/object/public/public-assets/productos/1779859669340-dragon-ball-super---dragon-stars-series---cell-final-form.jpg,https://cobtsgkwcftvexaarwmo.supabase.co/storage/v1/object/public/public-assets/productos/1779859669340-dragon-ball-super---dragon-stars-series---cell-final-form.jpg,200,image/jpeg,JPEG,/storage/v1/object/public/public-assets/productos/1779859669340-dragon-ball-super---dragon-stars-series---cell-final-form.jpg,jpg,PASS,1990.00 UYU
ded1c924-d642-4f6c-9ca2-12118833837b,"Iron Studios! Harry Potter Minico Ron Weasley",iron-studios-harry-potter-minico-ron-weasley,https://cobtsgkwcftvexaarwmo.supabase.co/storage/v1/object/public/public-assets/ml-sync/ded1c924-d642-4f6c-9ca2-12118833837b-0-1776870835302.jpg,https://cobtsgkwcftvexaarwmo.supabase.co/storage/v1/object/public/public-assets/ml-sync/ded1c924-d642-4f6c-9ca2-12118833837b-0-1776870835302.jpg,200,image/jpeg,JPEG,/storage/v1/object/public/public-assets/ml-sync/ded1c924-d642-4f6c-9ca2-12118833837b-0-1776870835302.jpg,jpg,PASS,2900.00 UYU
a530d015-0efc-430f-8595-ed985928824b,"Power Rangers Rise Of Heroes Card Game Power Rangers Inglés",power-rangers-rise-of-heroes-card-game-power-rangers-ingles,https://cobtsgkwcftvexaarwmo.supabase.co/storage/v1/object/public/public-assets/ml-sync/a530d015-0efc-430f-8595-ed985928824b-0-1776871163311.jpg,https://cobtsgkwcftvexaarwmo.supabase.co/storage/v1/object/public/public-assets/ml-sync/a530d015-0efc-430f-8595-ed985928824b-0-1776871163311.jpg,200,image/jpeg,JPEG,/storage/v1/object/public/public-assets/ml-sync/a530d015-0efc-430f-8595-ed985928824b-0-1776871163311.jpg,jpg,PASS,250.00 UYU
f9bfaa81-83fc-4f9c-9d8b-dc86ef2de9fb,"Funko Pop! Kool Aid Packet #82",funko-pop-kool-aid-packet-82,https://cobtsgkwcftvexaarwmo.supabase.co/storage/v1/object/public/public-assets/ml-sync/f9bfaa81-83fc-4f9c-9d8b-dc86ef2de9fb-0-1776871342188.jpg,https://cobtsgkwcftvexaarwmo.supabase.co/storage/v1/object/public/public-assets/ml-sync/f9bfaa81-83fc-4f9c-9d8b-dc86ef2de9fb-0-1776871342188.jpg,200,image/jpeg,JPEG,/storage/v1/object/public/public-assets/ml-sync/f9bfaa81-83fc-4f9c-9d8b-dc86ef2de9fb-0-1776871342188.jpg,jpg,PASS,1690.00 UYU
f8cc1590-dafc-4d9c-9de5-ced46d9fd018,"Power Rangers Card Game Power Ranger Inglés",power-rangers-card-game-power-ranger-ingles,https://cobtsgkwcftvexaarwmo.supabase.co/storage/v1/object/public/public-assets/ml-sync/f8cc1590-dafc-4d9c-9de5-ced46d9fd018-0-1776871163693.jpg,https://cobtsgkwcftvexaarwmo.supabase.co/storage/v1/object/public/public-assets/ml-sync/f8cc1590-dafc-4d9c-9de5-ced46d9fd018-0-1776871163693.jpg,200,image/jpeg,JPEG,/storage/v1/object/public/public-assets/ml-sync/f8cc1590-dafc-4d9c-9de5-ced46d9fd018-0-1776871163693.jpg,jpg,PASS,450.00 UYU
460ecafe-152a-4151-810e-1fc56ae233ef,"Dragon Ball Super - Limit Breaker Series - Vegeta 30cm",dragon-ball-super-limit-breaker-series-vegeta-30cm-3iaij,https://cobtsgkwcftvexaarwmo.supabase.co/storage/v1/object/public/public-assets/productos/1779859687492-dragon-ball-super---limit-breaker-series---vegeta.webp,https://cobtsgkwcftvexaarwmo.supabase.co/storage/v1/object/public/public-assets/productos/1779859687492-dragon-ball-super---limit-breaker-series---vegeta.webp,200,image/webp,WEBP,/storage/v1/object/public/public-assets/productos/1779859687492-dragon-ball-super---limit-breaker-series---vegeta.webp,webp,PASS,1490.00 UYU
ecab95da-554e-4b42-995d-cffff61ff75d,"Palkia Origin Form Pokemon Banpresto Peluche 32cm",palkia-origin-form-pokemon-banpresto-peluche-32cm-3779,https://collectibles.uy/catalog-images/external/http2.mlstatic.com/D_974488-MLU71302728822_082023-O.jpg,https://collectibles.uy/catalog-images/external/http2.mlstatic.com/D_974488-MLU71302728822_082023-O.jpg,200,image/jpeg,JPEG,/catalog-images/external/http2.mlstatic.com/D_974488-MLU71302728822_082023-O.jpg,jpg,PASS,2990.00 UYU
ca59e0ad-6b6c-4a41-854a-1bc6754ff3cb,"Masters Of The Universe Origins - Eternian Goddess",masters-of-the-universe-origins-eternian-goddess-,https://cobtsgkwcftvexaarwmo.supabase.co/storage/v1/object/public/public-assets/1779738614130-eternalgodness.jpg,https://cobtsgkwcftvexaarwmo.supabase.co/storage/v1/object/public/public-assets/1779738614130-eternalgodness.jpg,200,image/jpeg,JPEG,/storage/v1/object/public/public-assets/1779738614130-eternalgodness.jpg,jpg,PASS,1450.00 UYU
3faa2646-8dd4-4bfc-b560-182278603ebd,"Dragon Ball Super - Limit Breaker Series - Gohan 30cm",dragon-ball-super-limit-breaker-series-gohan-30cm-cs1kc,https://cobtsgkwcftvexaarwmo.supabase.co/storage/v1/object/public/public-assets/productos/1779859689092-gohan.jpg,https://cobtsgkwcftvexaarwmo.supabase.co/storage/v1/object/public/public-assets/productos/1779859689092-gohan.jpg,200,image/jpeg,JPEG,/storage/v1/object/public/public-assets/productos/1779859689092-gohan.jpg,jpg,PASS,1490.00 UYU
9782e5d3-8a07-4b28-b4e0-9730849717d0,"Dragon Ball Super - Dragon Stars Series - Vegeta 17cm",dragon-ball-super-dragon-stars-series-vegeta-17cm-lrc3j,https://cobtsgkwcftvexaarwmo.supabase.co/storage/v1/object/public/public-assets/1784672027571-mesa-de-trabajo-9.png,https://cobtsgkwcftvexaarwmo.supabase.co/storage/v1/object/public/public-assets/1784672027571-mesa-de-trabajo-9.png,200,image/png,PNG,/storage/v1/object/public/public-assets/1784672027571-mesa-de-trabajo-9.png,png,PASS,1990.00 UYU
8fa7b770-6af1-4621-8a14-b86c7beecb0c,"Dragon Ball Super - Dragon Stars Series - Goku 17cm",dragon-ball-super-dragon-stars-series-goku-17cm-9khti,https://cobtsgkwcftvexaarwmo.supabase.co/storage/v1/object/public/public-assets/1784672500828-mesa-de-trabajo-1.png,https://cobtsgkwcftvexaarwmo.supabase.co/storage/v1/object/public/public-assets/1784672500828-mesa-de-trabajo-1.png,200,image/png,PNG,/storage/v1/object/public/public-assets/1784672500828-mesa-de-trabajo-1.png,png,PASS,1990.00 UYU
2bb5daed-e6ff-4d68-bce5-157843906e75,"Dragon Ball Super - Dragon Stars Series - Super Sayain 3 Vegeta Daima 17cm",dragon-ball-super-dragon-stars-series-super-sayain-3-vegeta-daima-17cm-0hzaj,https://cobtsgkwcftvexaarwmo.supabase.co/storage/v1/object/public/public-assets/1784671862283-mesa-de-trabajo-21.png,https://cobtsgkwcftvexaarwmo.supabase.co/storage/v1/object/public/public-assets/1784671862283-mesa-de-trabajo-21.png,200,image/png,PNG,/storage/v1/object/public/public-assets/1784671862283-mesa-de-trabajo-21.png,png,PASS,1990.00 UYU
e7094cd9-9f50-4ee6-b70c-37ae117db369,"Dragon Ball Super - Dragon Stars Series - Mystic Gohan 17cm",dragon-ball-super-dragon-stars-series-mystic-gohan-17cm-9zhei,https://cobtsgkwcftvexaarwmo.supabase.co/storage/v1/object/public/public-assets/1784991215719-mesa-de-trabajo-17.png,https://cobtsgkwcftvexaarwmo.supabase.co/storage/v1/object/public/public-assets/1784991215719-mesa-de-trabajo-17.png,200,image/png,PNG,/storage/v1/object/public/public-assets/1784991215719-mesa-de-trabajo-17.png,png,PASS,1990.00 UYU
906efff6-bd52-4a5f-99b2-7ac88bf1fa2b,"Red Skull What If Marvel Legends Khonshu Baf",red-skull-what-if-marvel-legends-khonshu-baf-k4do5,https://cobtsgkwcftvexaarwmo.supabase.co/storage/v1/object/public/public-assets/vendors/61a48094-7453-4b7f-9563-e51f184832f9/ml-curation/906efff6-bd52-4a5f-99b2-7ac88bf1fa2b-main.jpg,https://cobtsgkwcftvexaarwmo.supabase.co/storage/v1/object/public/public-assets/vendors/61a48094-7453-4b7f-9563-e51f184832f9/ml-curation/906efff6-bd52-4a5f-99b2-7ac88bf1fa2b-main.jpg,200,image/jpeg,JPEG,/storage/v1/object/public/public-assets/vendors/61a48094-7453-4b7f-9563-e51f184832f9/ml-curation/906efff6-bd52-4a5f-99b2-7ac88bf1fa2b-main.jpg,jpg,PASS,3990.00 UYU
3af3cd69-7f06-4655-adc1-7dcf46f4b1e9,"America Chavez Multiverse Of Darkness Marvel Legends Rintrah",america-chavez-multiverse-of-darkness-marvel-legends-rintrah-40x2b,https://cobtsgkwcftvexaarwmo.supabase.co/storage/v1/object/public/public-assets/vendors/61a48094-7453-4b7f-9563-e51f184832f9/ml-curation/3af3cd69-7f06-4655-adc1-7dcf46f4b1e9-main.jpg,https://cobtsgkwcftvexaarwmo.supabase.co/storage/v1/object/public/public-assets/vendors/61a48094-7453-4b7f-9563-e51f184832f9/ml-curation/3af3cd69-7f06-4655-adc1-7dcf46f4b1e9-main.jpg,200,image/jpeg,JPEG,/storage/v1/object/public/public-assets/vendors/61a48094-7453-4b7f-9563-e51f184832f9/ml-curation/3af3cd69-7f06-4655-adc1-7dcf46f4b1e9-main.jpg,jpg,PASS,2990.00 UYU
cbba2bb6-11ae-4ebe-b920-ecb47990b333,"Cyborg Spiderman Across Spider-verse Marvel Legends",cyborg-spiderman-across-spider-verse-marvel-legends-bp7xm,https://cobtsgkwcftvexaarwmo.supabase.co/storage/v1/object/public/public-assets/vendors/61a48094-7453-4b7f-9563-e51f184832f9/ml-curation/cbba2bb6-11ae-4ebe-b920-ecb47990b333-main.jpg,https://cobtsgkwcftvexaarwmo.supabase.co/storage/v1/object/public/public-assets/vendors/61a48094-7453-4b7f-9563-e51f184832f9/ml-curation/cbba2bb6-11ae-4ebe-b920-ecb47990b333-main.jpg,200,image/jpeg,JPEG,/storage/v1/object/public/public-assets/vendors/61a48094-7453-4b7f-9563-e51f184832f9/ml-curation/cbba2bb6-11ae-4ebe-b920-ecb47990b333-main.jpg,jpg,PASS,6990.00 UYU
eeb944ff-9c34-49fc-989f-7ae99e3f2be3,"Hal Nameless One Minecraft Dungeons Mattel Muñeco Figura",hal-nameless-one-minecraft-dungeons-mattel-mu-eco-figura-5138,https://collectibles.uy/catalog-images/external/http2.mlstatic.com/D_985558-MLU45514831062_042021-O.jpg,https://collectibles.uy/catalog-images/external/http2.mlstatic.com/D_985558-MLU45514831062_042021-O.jpg,200,image/jpeg,JPEG,/catalog-images/external/http2.mlstatic.com/D_985558-MLU45514831062_042021-O.jpg,jpg,PASS,2650.00 UYU
331fef7b-7597-4086-aa47-0d3492baebda,"Springtrap Freddy Five Nights At Freddy´s Snaps Funko",springtrap-freddy-five-nights-at-freddy-s-snaps-funko-1066,https://collectibles.uy/catalog-images/external/http2.mlstatic.com/D_667273-MLU73554608736_122023-O.jpg,https://collectibles.uy/catalog-images/external/http2.mlstatic.com/D_667273-MLU73554608736_122023-O.jpg,200,image/jpeg,JPEG,/catalog-images/external/http2.mlstatic.com/D_667273-MLU73554608736_122023-O.jpg,jpg,PASS,3990.00 UYU
3d074881-80a8-4853-9107-3839f03432b1,"Uzumaki Naruto Shippuden Best Selection Figuarts Bandai",uzumaki-naruto-shippuden-best-selection-figuarts-bandai-1116,https://collectibles.uy/catalog-images/external/http2.mlstatic.com/D_900517-MLU70083815951_062023-O.jpg,https://collectibles.uy/catalog-images/external/http2.mlstatic.com/D_900517-MLU70083815951_062023-O.jpg,200,image/jpeg,JPEG,/catalog-images/external/http2.mlstatic.com/D_900517-MLU70083815951_062023-O.jpg,jpg,PASS,3990.00 UYU
568311c4-8573-4a15-b86e-7ac3bd7c2727,"Uzumaki Naruto Shippuden Jinchuuriki Entrusted Hope Figuarts",uzumaki-naruto-shippuden-jinchuuriki-entrusted-hope-figuarts-5659,https://collectibles.uy/catalog-images/external/http2.mlstatic.com/D_970502-MLU70141879608_062023-O.jpg,https://collectibles.uy/catalog-images/external/http2.mlstatic.com/D_970502-MLU70141879608_062023-O.jpg,200,image/jpeg,JPEG,/catalog-images/external/http2.mlstatic.com/D_970502-MLU70141879608_062023-O.jpg,jpg,PASS,4990.00 UYU
30b61bc5-b249-4c88-b861-d54b1de4da16,"Jack O Bonnie Five Nights At Freddy´s Curse Dreadbear Funko",jack-o-bonnie-five-nights-at-freddy-s-curse-dreadbear-funko-9791,https://collectibles.uy/catalog-images/external/http2.mlstatic.com/D_643956-MLU48273226465_112021-O.jpg,https://collectibles.uy/catalog-images/external/http2.mlstatic.com/D_643956-MLU48273226465_112021-O.jpg,200,image/jpeg,JPEG,/catalog-images/external/http2.mlstatic.com/D_643956-MLU48273226465_112021-O.jpg,jpg,PASS,2650.00 UYU
5fa8fa4d-0d66-4b32-988a-b044aa8eda68,"Nutcracker Foxy Five Nights At Freddy&apos;s Funko",nutcracker-foxy-five-nights-at-freddy-s-funko-1414,https://collectibles.uy/catalog-images/external/http2.mlstatic.com/D_791973-MLU76819238826_062024-O.jpg,https://collectibles.uy/catalog-images/external/http2.mlstatic.com/D_791973-MLU76819238826_062024-O.jpg,200,image/jpeg,JPEG,/catalog-images/external/http2.mlstatic.com/D_791973-MLU76819238826_062024-O.jpg,jpg,PASS,2990.00 UYU
ec57e608-b8bd-4d6a-ab69-b71df6a8087b,"Itachi Naruto Ultimate Legends Bandai",itachi-naruto-ultimate-legends-bandai-2544,https://collectibles.uy/catalog-images/external/http2.mlstatic.com/D_831965-MLU74719202641_022024-O.jpg,https://collectibles.uy/catalog-images/external/http2.mlstatic.com/D_831965-MLU74719202641_022024-O.jpg,200,image/jpeg,JPEG,/catalog-images/external/http2.mlstatic.com/D_831965-MLU74719202641_022024-O.jpg,jpg,PASS,2190.00 UYU
fca972e9-a993-48da-98fd-dee0034ffe0e,"Black Widow Marvel Legends Hasbro",black-widow-marvel-legends-hasbro-pg6do,https://cobtsgkwcftvexaarwmo.supabase.co/storage/v1/object/public/public-assets/vendors/61a48094-7453-4b7f-9563-e51f184832f9/ml-curation/fca972e9-a993-48da-98fd-dee0034ffe0e-main.jpg,https://cobtsgkwcftvexaarwmo.supabase.co/storage/v1/object/public/public-assets/vendors/61a48094-7453-4b7f-9563-e51f184832f9/ml-curation/fca972e9-a993-48da-98fd-dee0034ffe0e-main.jpg,200,image/jpeg,JPEG,/storage/v1/object/public/public-assets/vendors/61a48094-7453-4b7f-9563-e51f184832f9/ml-curation/fca972e9-a993-48da-98fd-dee0034ffe0e-main.jpg,jpg,PASS,3990.00 UYU
bb2e1c2d-38a2-4dc0-8484-2ed5d86d21d9,"Mr. Freeze Batman The Animated Series Dc Collectibles 48",mr--freeze-batman-the-animated-series-dc-collectibles-48-9341,https://collectibles.uy/catalog-images/external/http2.mlstatic.com/D_785367-MLU45541794503_042021-O.jpg,https://collectibles.uy/catalog-images/external/http2.mlstatic.com/D_785367-MLU45541794503_042021-O.jpg,200,image/jpeg,JPEG,/catalog-images/external/http2.mlstatic.com/D_785367-MLU45541794503_042021-O.jpg,jpg,PASS,5990.00 UYU
051325fd-9b70-41c7-811d-7b57f326bb70,"Brooklyn Ultimate Gargoyles Disney Neca",brooklyn-ultimate-gargoyles-disney-neca-1754,https://collectibles.uy/catalog-images/external/http2.mlstatic.com/D_686915-MLU69823804592_062023-O.jpg,https://collectibles.uy/catalog-images/external/http2.mlstatic.com/D_686915-MLU69823804592_062023-O.jpg,200,image/jpeg,JPEG,/catalog-images/external/http2.mlstatic.com/D_686915-MLU69823804592_062023-O.jpg,jpg,PASS,5990.00 UYU
7a706ad4-f5f0-4af0-95c4-a0563a77459c,"Peluche So So Happy Iribe Verde Lima",peluche-so-so-happy-iribe-verde-lima,https://cobtsgkwcftvexaarwmo.supabase.co/storage/v1/object/public/public-assets/ml-sync/7a706ad4-f5f0-4af0-95c4-a0563a77459c-0-1776871158809.jpg,https://cobtsgkwcftvexaarwmo.supabase.co/storage/v1/object/public/public-assets/ml-sync/7a706ad4-f5f0-4af0-95c4-a0563a77459c-0-1776871158809.jpg,200,image/jpeg,JPEG,/storage/v1/object/public/public-assets/ml-sync/7a706ad4-f5f0-4af0-95c4-a0563a77459c-0-1776871158809.jpg,jpg,PASS,650.00 UYU
3dfaa7db-e346-483c-8cf9-f7b7323955b8,"Five Nights At Freddy´s Curse Of Dreadbear Funko",five-nights-at-freddy-s-curse-of-dreadbear-funko-4758,https://collectibles.uy/catalog-images/external/http2.mlstatic.com/D_626100-MLU48127522520_112021-O.jpg,https://collectibles.uy/catalog-images/external/http2.mlstatic.com/D_626100-MLU48127522520_112021-O.jpg,200,image/jpeg,JPEG,/catalog-images/external/http2.mlstatic.com/D_626100-MLU48127522520_112021-O.jpg,jpg,PASS,2990.00 UYU
f2cebec3-6452-4461-9e38-310865f77d98,"Gengar Pokemon Moncolle Ex Takara Tomy Ms 26",gengar-pokemon-moncolle-ex-takara-tomy-ms-26-9049,https://collectibles.uy/catalog-images/external/http2.mlstatic.com/D_842461-MLU80147373745_102024-O.jpg,https://collectibles.uy/catalog-images/external/http2.mlstatic.com/D_842461-MLU80147373745_102024-O.jpg,200,image/jpeg,JPEG,/catalog-images/external/http2.mlstatic.com/D_842461-MLU80147373745_102024-O.jpg,jpg,PASS,1390.00 UYU
1d3d9692-7138-4d3b-9795-8172694925ca,"Harley Quinn Batman The Adventures Continue Dc Collectibles",harley-quinn-batman-the-adventures-continue-dc-collectibles-1292,https://collectibles.uy/catalog-images/external/http2.mlstatic.com/D_809445-MLU45541546863_042021-O.jpg,https://collectibles.uy/catalog-images/external/http2.mlstatic.com/D_809445-MLU45541546863_042021-O.jpg,200,image/jpeg,JPEG,/catalog-images/external/http2.mlstatic.com/D_809445-MLU45541546863_042021-O.jpg,jpg,PASS,3990.00 UYU
51d327f7-fd5c-4356-86fc-3947f980bd52,"Funko Pop! Marvel Doctor Strange in the Multiverse Of Madness - Sara",funko-pop-marvel-doctor-strange-in-the-multiverse-of-madness-sara,https://cobtsgkwcftvexaarwmo.supabase.co/storage/v1/object/public/public-assets/ml-sync/51d327f7-fd5c-4356-86fc-3947f980bd52-0-1776870850762.jpg,https://cobtsgkwcftvexaarwmo.supabase.co/storage/v1/object/public/public-assets/ml-sync/51d327f7-fd5c-4356-86fc-3947f980bd52-0-1776870850762.jpg,200,image/jpeg,JPEG,/storage/v1/object/public/public-assets/ml-sync/51d327f7-fd5c-4356-86fc-3947f980bd52-0-1776870850762.jpg,jpg,PASS,550.00 UYU
31dbbb03-ca27-4fcf-ab8f-54f34ebc6599,"Funko Pop! The Real Ghostbusters Egon Spengler",funko-pop-the-real-ghostbusters-egon-spengler,https://cobtsgkwcftvexaarwmo.supabase.co/storage/v1/object/public/public-assets/ml-sync/31dbbb03-ca27-4fcf-ab8f-54f34ebc6599-0-1776872264380.jpg,https://cobtsgkwcftvexaarwmo.supabase.co/storage/v1/object/public/public-assets/ml-sync/31dbbb03-ca27-4fcf-ab8f-54f34ebc6599-0-1776872264380.jpg,200,image/jpeg,JPEG,/storage/v1/object/public/public-assets/ml-sync/31dbbb03-ca27-4fcf-ab8f-54f34ebc6599-0-1776872264380.jpg,jpg,PASS,1290.00 UYU
bae0e7d4-2496-44a9-87ee-f149bcbe2af3,"Wonder Woman 84 Golden Armor Hot Toys Mms578 Deluxe Version",wonder-woman-84-golden-armor-hot-toys-mms578-deluxe-version-5749,https://collectibles.uy/catalog-images/external/http2.mlstatic.com/D_642687-MLU77821004167_072024-O.jpg,https://collectibles.uy/catalog-images/external/http2.mlstatic.com/D_642687-MLU77821004167_072024-O.jpg,200,image/jpeg,JPEG,/catalog-images/external/http2.mlstatic.com/D_642687-MLU77821004167_072024-O.jpg,jpg,PASS,36500.00 UYU
36fb575c-cdba-4e9e-ab5d-99e2b9d2bc8e,"Red Skull What If Marvel Legends Khonshu Baf",red-skull-what-if-marvel-legends-khonshu-baf-ueitp,https://cobtsgkwcftvexaarwmo.supabase.co/storage/v1/object/public/public-assets/vendors/61a48094-7453-4b7f-9563-e51f184832f9/ml-curation/36fb575c-cdba-4e9e-ab5d-99e2b9d2bc8e-main.jpg,https://cobtsgkwcftvexaarwmo.supabase.co/storage/v1/object/public/public-assets/vendors/61a48094-7453-4b7f-9563-e51f184832f9/ml-curation/36fb575c-cdba-4e9e-ab5d-99e2b9d2bc8e-main.jpg,200,image/jpeg,JPEG,/storage/v1/object/public/public-assets/vendors/61a48094-7453-4b7f-9563-e51f184832f9/ml-curation/36fb575c-cdba-4e9e-ab5d-99e2b9d2bc8e-main.jpg,jpg,PASS,3990.00 UYU
bf9fb1bd-695d-475a-b6df-b70ab50dcfee,"Zombie Iron Man What If Marvel Legends Khonshu Baf Hasbro",zombie-iron-man-what-if-marvel-legends-khonshu-baf-hasbro-iyrmn,https://cobtsgkwcftvexaarwmo.supabase.co/storage/v1/object/public/public-assets/vendors/61a48094-7453-4b7f-9563-e51f184832f9/ml-curation/bf9fb1bd-695d-475a-b6df-b70ab50dcfee-main.jpg,https://cobtsgkwcftvexaarwmo.supabase.co/storage/v1/object/public/public-assets/vendors/61a48094-7453-4b7f-9563-e51f184832f9/ml-curation/bf9fb1bd-695d-475a-b6df-b70ab50dcfee-main.jpg,200,image/jpeg,JPEG,/storage/v1/object/public/public-assets/vendors/61a48094-7453-4b7f-9563-e51f184832f9/ml-curation/bf9fb1bd-695d-475a-b6df-b70ab50dcfee-main.jpg,jpg,PASS,3990.00 UYU
3ad52a67-1424-478b-9ea3-15bffe701ee4,"Crabmeat Sonic The Hedgehog 6cm Wave 6 Jakks",crabmeat-sonic-the-hedgehog-6cm-wave-6-jakks-1499,https://collectibles.uy/catalog-images/external/http2.mlstatic.com/D_634585-MLU79036335590_092024-O.jpg,https://collectibles.uy/catalog-images/external/http2.mlstatic.com/D_634585-MLU79036335590_092024-O.jpg,200,image/jpeg,JPEG,/catalog-images/external/http2.mlstatic.com/D_634585-MLU79036335590_092024-O.jpg,jpg,PASS,990.00 UYU
72e7c6a5-2ab3-49fa-9fe3-ec076d6a7c04,"Funko Plush: Marvel - Ironman",funko-plush-marvel-ironman,https://cobtsgkwcftvexaarwmo.supabase.co/storage/v1/object/public/public-assets/ml-sync/72e7c6a5-2ab3-49fa-9fe3-ec076d6a7c04-0-1776871095422.jpg,https://cobtsgkwcftvexaarwmo.supabase.co/storage/v1/object/public/public-assets/ml-sync/72e7c6a5-2ab3-49fa-9fe3-ec076d6a7c04-0-1776871095422.jpg,200,image/jpeg,JPEG,/storage/v1/object/public/public-assets/ml-sync/72e7c6a5-2ab3-49fa-9fe3-ec076d6a7c04-0-1776871095422.jpg,jpg,PASS,650.00 UYU
e6173562-eb0d-4422-a39f-ffb7ea915867,"Peluche Chainsaw Man  29cm Play By Play Naranja",peluche-chainsaw-man-29cm-play-by-play-naranja,https://cobtsgkwcftvexaarwmo.supabase.co/storage/v1/object/public/public-assets/ml-sync/e6173562-eb0d-4422-a39f-ffb7ea915867-0-1776871305781.jpg,https://cobtsgkwcftvexaarwmo.supabase.co/storage/v1/object/public/public-assets/ml-sync/e6173562-eb0d-4422-a39f-ffb7ea915867-0-1776871305781.jpg,200,image/jpeg,JPEG,/storage/v1/object/public/public-assets/ml-sync/e6173562-eb0d-4422-a39f-ffb7ea915867-0-1776871305781.jpg,jpg,PASS,1990.00 UYU
ef3473a5-7966-4793-b475-1c2459eea90e,"Liberty Chica Five Nights Freddy´s Special Delivery Funko",liberty-chica-five-nights-freddy-s-special-delivery-funko-7603,https://collectibles.uy/catalog-images/external/http2.mlstatic.com/D_965976-MLU53563237907_022023-O.jpg,https://collectibles.uy/catalog-images/external/http2.mlstatic.com/D_965976-MLU53563237907_022023-O.jpg,200,image/jpeg,JPEG,/catalog-images/external/http2.mlstatic.com/D_965976-MLU53563237907_022023-O.jpg,jpg,PASS,2650.00 UYU
d1c24cfb-d887-4ead-9bd4-0a70baa135be,"Snake Ultimate Predator 2 Depredador Neca",snake-ultimate-predator-2-depredador-neca-8511,https://collectibles.uy/catalog-images/external/http2.mlstatic.com/D_617980-MLU53266595984_012023-O.jpg,https://collectibles.uy/catalog-images/external/http2.mlstatic.com/D_617980-MLU53266595984_012023-O.jpg,200,image/jpeg,JPEG,/catalog-images/external/http2.mlstatic.com/D_617980-MLU53266595984_012023-O.jpg,jpg,PASS,5990.00 UYU
1c60539f-b885-47e2-8aa9-4e7d7f22aedf,"Funko Snaps Five Nightsat At Freddys Springtrap And Freddy",funko-snaps-five-nightsat-at-freddys-springtrap-and-freddy-7532,https://collectibles.uy/catalog-images/external/http2.mlstatic.com/D_734522-MLA99941672383_112025-O.jpg,https://collectibles.uy/catalog-images/external/http2.mlstatic.com/D_734522-MLA99941672383_112025-O.jpg,200,image/jpeg,JPEG,/catalog-images/external/http2.mlstatic.com/D_734522-MLA99941672383_112025-O.jpg,jpg,PASS,3990.00 UYU
c3897ee8-458e-41e5-ac82-ddcb3fe4e793,"The Legend Of Zelda A Link Between Worlds Figma Ex-032",the-legend-of-zelda-a-link-between-worlds-figma-ex-032-1980,https://collectibles.uy/catalog-images/external/http2.mlstatic.com/D_995070-MLU53358952059_012023-O.jpg,https://collectibles.uy/catalog-images/external/http2.mlstatic.com/D_995070-MLU53358952059_012023-O.jpg,200,image/jpeg,JPEG,/catalog-images/external/http2.mlstatic.com/D_995070-MLU53358952059_012023-O.jpg,jpg,PASS,5990.00 UYU
98edfd48-3b35-4afb-96a8-cf6982df18ce,"Funko Pop! Ironman Model 4 (deluxe)",funko-pop-ironman-model-4-deluxe,https://cobtsgkwcftvexaarwmo.supabase.co/storage/v1/object/public/public-assets/ml-sync/98edfd48-3b35-4afb-96a8-cf6982df18ce-0-1779316878828.jpg,https://cobtsgkwcftvexaarwmo.supabase.co/storage/v1/object/public/public-assets/ml-sync/98edfd48-3b35-4afb-96a8-cf6982df18ce-0-1779316878828.jpg,200,image/jpeg,JPEG,/storage/v1/object/public/public-assets/ml-sync/98edfd48-3b35-4afb-96a8-cf6982df18ce-0-1779316878828.jpg,jpg,PASS,1500.00 UYU
8a24cd21-7289-427a-9019-3b80e69b67f0,"Cenicienta Princesas Disney Baby Bebe Disfraz Disguise Cenicienta Baby 6-12meses",cenicienta-princesas-disney-baby-bebe-disfraz-disguise-cenicienta-baby-6-12meses-3302,https://collectibles.uy/catalog-images/external/http2.mlstatic.com/D_970299-MLU92718834905_092025-O.jpg,https://collectibles.uy/catalog-images/external/http2.mlstatic.com/D_970299-MLU92718834905_092025-O.jpg,200,image/jpeg,JPEG,/catalog-images/external/http2.mlstatic.com/D_970299-MLU92718834905_092025-O.jpg,jpg,PASS,1990.00 UYU
36f9a0de-4018-493c-aefc-0d395ee3131c,"Peluche So So Happy Lulu Amarillo",peluche-so-so-happy-lulu-amarillo,https://cobtsgkwcftvexaarwmo.supabase.co/storage/v1/object/public/public-assets/ml-sync/36f9a0de-4018-493c-aefc-0d395ee3131c-0-1776871164332.jpg,https://cobtsgkwcftvexaarwmo.supabase.co/storage/v1/object/public/public-assets/ml-sync/36f9a0de-4018-493c-aefc-0d395ee3131c-0-1776871164332.jpg,200,image/jpeg,JPEG,/storage/v1/object/public/public-assets/ml-sync/36f9a0de-4018-493c-aefc-0d395ee3131c-0-1776871164332.jpg,jpg,PASS,650.00 UYU
780b2ca7-2eff-4f98-bc8a-956206c21051,"Indominus Rex Camouflage Battle Jurassic World Dino Trackers",indominus-rex-camouflage-battle-jurassic-world-dino-trackers-7891,https://collectibles.uy/catalog-images/external/http2.mlstatic.com/D_922045-MLU71110925416_082023-O.jpg,https://collectibles.uy/catalog-images/external/http2.mlstatic.com/D_922045-MLU71110925416_082023-O.jpg,200,image/jpeg,JPEG,/catalog-images/external/http2.mlstatic.com/D_922045-MLU71110925416_082023-O.jpg,jpg,PASS,7990.00 UYU
185a5c98-5c7a-4a3f-a058-95cf7e16cd8d,"Anime Heroes Mega - One Piece - Monkey D. Luffy 30 cm",anime-heroes-mega-one-piece-monkey-d-luffy-30-cm-lgclh,https://cobtsgkwcftvexaarwmo.supabase.co/storage/v1/object/public/public-assets/productos/1779859664177-anime-heroes-mega---one-piece---monkey-d--luffy-30-cm.jpg,https://cobtsgkwcftvexaarwmo.supabase.co/storage/v1/object/public/public-assets/productos/1779859664177-anime-heroes-mega---one-piece---monkey-d--luffy-30-cm.jpg,200,image/jpeg,JPEG,/storage/v1/object/public/public-assets/productos/1779859664177-anime-heroes-mega---one-piece---monkey-d--luffy-30-cm.jpg,jpg,PASS,1490.00 UYU
b2376bbc-1e0c-41bf-bf92-0b91389efd56,"Super Sonic The Hedgehog Knuckles Tails 10cm Jakks Pacific",super-sonic-the-hedgehog-knuckles-tails-10cm-jakks-pacific-6810,https://collectibles.uy/catalog-images/external/http2.mlstatic.com/D_697806-MLU78869608601_092024-O.jpg,https://collectibles.uy/catalog-images/external/http2.mlstatic.com/D_697806-MLU78869608601_092024-O.jpg,200,image/jpeg,JPEG,/catalog-images/external/http2.mlstatic.com/D_697806-MLU78869608601_092024-O.jpg,jpg,PASS,3990.00 UYU
f2c452db-604f-491f-aa8f-6fa3c80b229b,"Ahsoka Tano Mandalorian Star Wars Credit Collection",ahsoka-tano-mandalorian-star-wars-credit-collection-8810,https://collectibles.uy/catalog-images/external/http2.mlstatic.com/D_648560-MLU69539765758_052023-O.jpg,https://collectibles.uy/catalog-images/external/http2.mlstatic.com/D_648560-MLU69539765758_052023-O.jpg,200,image/jpeg,JPEG,/catalog-images/external/http2.mlstatic.com/D_648560-MLU69539765758_052023-O.jpg,jpg,PASS,3990.00 UYU
adec27eb-e5fb-4fa1-accc-ff8d42eeae83,"Kakashi Naruto Shippuden Playmobil 71099",kakashi-naruto-shippuden-playmobil-71099-9356,https://collectibles.uy/catalog-images/external/http2.mlstatic.com/D_714459-MLU70028214073_062023-O.jpg,https://collectibles.uy/catalog-images/external/http2.mlstatic.com/D_714459-MLU70028214073_062023-O.jpg,200,image/jpeg,JPEG,/catalog-images/external/http2.mlstatic.com/D_714459-MLU70028214073_062023-O.jpg,jpg,PASS,1650.00 UYU
43b02669-74ca-4018-87b8-00a5129852b0,"Panini Fifa World Class 2024 Sobre Figuritas 10 + Album Fifa Wold Class Estadio",panini-fifa-world-class-2024-sobre-figuritas-10-album-fifa-wold-class-estadio,https://cobtsgkwcftvexaarwmo.supabase.co/storage/v1/object/public/public-assets/ml-sync/43b02669-74ca-4018-87b8-00a5129852b0-0-1776871146730.jpg,https://cobtsgkwcftvexaarwmo.supabase.co/storage/v1/object/public/public-assets/ml-sync/43b02669-74ca-4018-87b8-00a5129852b0-0-1776871146730.jpg,200,image/jpeg,JPEG,/storage/v1/object/public/public-assets/ml-sync/43b02669-74ca-4018-87b8-00a5129852b0-0-1776871146730.jpg,jpg,PASS,780.00 UYU
4eb651a7-9df7-4e5a-8064-5a4e1c231705,"Uzumaki Naruto Shippuden Playmobil 71096",uzumaki-naruto-shippuden-playmobil-71096-7015,https://collectibles.uy/catalog-images/external/http2.mlstatic.com/D_723957-MLU70008827550_062023-O.jpg,https://collectibles.uy/catalog-images/external/http2.mlstatic.com/D_723957-MLU70008827550_062023-O.jpg,200,image/jpeg,JPEG,/catalog-images/external/http2.mlstatic.com/D_723957-MLU70008827550_062023-O.jpg,jpg,PASS,1650.00 UYU
ded13982-1377-4ac9-b685-55a093e29d3a,"Livewire Freddy Five Nights Freddy´s Special Delivery Funko",livewire-freddy-five-nights-freddy-s-special-delivery-funko-8458,https://collectibles.uy/catalog-images/external/http2.mlstatic.com/D_666709-MLU75556913026_042024-O.jpg,https://collectibles.uy/catalog-images/external/http2.mlstatic.com/D_666709-MLU75556913026_042024-O.jpg,200,image/jpeg,JPEG,/catalog-images/external/http2.mlstatic.com/D_666709-MLU75556913026_042024-O.jpg,jpg,PASS,2650.00 UYU
6e4fdde5-2fe5-4607-8e50-5340ccdf1392,"Boba Fett The Mandalorian Star Wars Credit Collection Hasbro",boba-fett-the-mandalorian-star-wars-credit-collection-hasbro-9086,https://collectibles.uy/catalog-images/external/http2.mlstatic.com/D_702081-MLU75783776771_042024-O.jpg,https://collectibles.uy/catalog-images/external/http2.mlstatic.com/D_702081-MLU75783776771_042024-O.jpg,200,image/jpeg,JPEG,/catalog-images/external/http2.mlstatic.com/D_702081-MLU75783776771_042024-O.jpg,jpg,PASS,2650.00 UYU
6346a259-9d42-448c-9783-1fd9ba0fdd93,"Funko Pop! Spider-man Across The Spider-verse - Spider 2099",funko-pop-spider-man-across-the-spider-verse-spider-2099,https://cobtsgkwcftvexaarwmo.supabase.co/storage/v1/object/public/public-assets/ml-sync/6346a259-9d42-448c-9783-1fd9ba0fdd93-0-1776871198073.jpg,https://cobtsgkwcftvexaarwmo.supabase.co/storage/v1/object/public/public-assets/ml-sync/6346a259-9d42-448c-9783-1fd9ba0fdd93-0-1776871198073.jpg,200,image/jpeg,JPEG,/storage/v1/object/public/public-assets/ml-sync/6346a259-9d42-448c-9783-1fd9ba0fdd93-0-1776871198073.jpg,jpg,PASS,1090.00 UYU
28f83ff2-d534-489f-bc84-7fd7c4a638b3,"Piccolo Dragon Ball Super Evolve Bandai",piccolo-dragon-ball-super-evolve-bandai-8011,https://collectibles.uy/catalog-images/external/http2.mlstatic.com/D_814938-MLU74321752496_022024-O.jpg,https://collectibles.uy/catalog-images/external/http2.mlstatic.com/D_814938-MLU74321752496_022024-O.jpg,200,image/jpeg,JPEG,/catalog-images/external/http2.mlstatic.com/D_814938-MLU74321752496_022024-O.jpg,jpg,PASS,2190.00 UYU
18955d5d-ca10-42a0-acd3-79aa00133d24,"Amazing Spiderman No Way Home Andrew Garfield Marvel Legends",amazing-spiderman-no-way-home-andrew-garfield-marvel-legends-2215,https://collectibles.uy/catalog-images/external/http2.mlstatic.com/D_960050-MLU73532469950_122023-O.jpg,https://collectibles.uy/catalog-images/external/http2.mlstatic.com/D_960050-MLU73532469950_122023-O.jpg,200,image/jpeg,JPEG,/catalog-images/external/http2.mlstatic.com/D_960050-MLU73532469950_122023-O.jpg,jpg,PASS,5990.00 UYU
dccd7d8d-b495-41b5-91fe-b3163938711d,"Funko Pop Albums: News Of The World - Queen",funko-pop-albums-news-of-the-world-queen,https://cobtsgkwcftvexaarwmo.supabase.co/storage/v1/object/public/public-assets/ml-sync/dccd7d8d-b495-41b5-91fe-b3163938711d-0-1776870797148.jpg,https://cobtsgkwcftvexaarwmo.supabase.co/storage/v1/object/public/public-assets/ml-sync/dccd7d8d-b495-41b5-91fe-b3163938711d-0-1776870797148.jpg,200,image/jpeg,JPEG,/storage/v1/object/public/public-assets/ml-sync/dccd7d8d-b495-41b5-91fe-b3163938711d-0-1776870797148.jpg,jpg,PASS,1500.00 UYU
5607fdad-f53f-4357-bec8-e833dbb13fa3,"Ryu Street Fighter V Figuarts Bandai",ryu-street-fighter-v-figuarts-bandai-4404,https://collectibles.uy/catalog-images/external/http2.mlstatic.com/D_849080-MLU53308006436_012023-O.jpg,https://collectibles.uy/catalog-images/external/http2.mlstatic.com/D_849080-MLU53308006436_012023-O.jpg,200,image/jpeg,JPEG,/catalog-images/external/http2.mlstatic.com/D_849080-MLU53308006436_012023-O.jpg,jpg,PASS,4990.00 UYU
fe5589a8-63e5-4ab2-bb06-ebecf8ee8f57,"Cars Showtime Story Pack Disney Pixar Mattel 4 Pack Showtime Story Pack",cars-showtime-story-pack-disney-pixar-mattel-4-pack-showtime-story-pack-6248,https://collectibles.uy/catalog-images/external/http2.mlstatic.com/D_840432-MLU92710282063_092025-O.jpg,https://collectibles.uy/catalog-images/external/http2.mlstatic.com/D_840432-MLU92710282063_092025-O.jpg,200,image/jpeg,JPEG,/catalog-images/external/http2.mlstatic.com/D_840432-MLU92710282063_092025-O.jpg,jpg,PASS,3990.00 UYU
f8dd1458-3a0d-4852-93b5-bbac3ed0733e,"Gaara Naruto Shippuden Figuarts Bandai",gaara-naruto-shippuden-figuarts-bandai-8823,https://collectibles.uy/catalog-images/external/http2.mlstatic.com/D_643411-MLU53308321623_012023-O.jpg,https://collectibles.uy/catalog-images/external/http2.mlstatic.com/D_643411-MLU53308321623_012023-O.jpg,200,image/jpeg,JPEG,/catalog-images/external/http2.mlstatic.com/D_643411-MLU53308321623_012023-O.jpg,jpg,PASS,4990.00 UYU
8a29c179-538e-486b-aff0-09b3f6172028,"Moon Five Nights Freddy´s Security Breach Funko",moon-five-nights-freddy-s-security-breach-funko-6744,https://collectibles.uy/catalog-images/external/http2.mlstatic.com/D_938322-MLU75523005823_042024-O.jpg,https://collectibles.uy/catalog-images/external/http2.mlstatic.com/D_938322-MLU75523005823_042024-O.jpg,200,image/jpeg,JPEG,/catalog-images/external/http2.mlstatic.com/D_938322-MLU75523005823_042024-O.jpg,jpg,PASS,3990.00 UYU
ca0fa203-61c1-4376-a748-87788d5ac9e9,"Saint Seiya Petit Chara Land Vol.2 Megahouse",saint-seiya-petit-chara-land-vol-2-megahouse-7580,https://collectibles.uy/catalog-images/external/http2.mlstatic.com/D_652905-MLU75980227173_042024-O.jpg,https://collectibles.uy/catalog-images/external/http2.mlstatic.com/D_652905-MLU75980227173_042024-O.jpg,200,image/jpeg,JPEG,/catalog-images/external/http2.mlstatic.com/D_652905-MLU75980227173_042024-O.jpg,jpg,PASS,590.00 UYU
64bce7ac-7c3e-4c81-b503-6d160737a6b5,"Anime Heroes - One Piece - Trafalgar Law 17 cm",anime-heroes-one-piece-trafalgar-law-17-cm-07a11,https://cobtsgkwcftvexaarwmo.supabase.co/storage/v1/object/public/public-assets/productos/1779859660732-anime-heroes---one-piece---trafalgar-law.jpg,https://cobtsgkwcftvexaarwmo.supabase.co/storage/v1/object/public/public-assets/productos/1779859660732-anime-heroes---one-piece---trafalgar-law.jpg,200,image/jpeg,JPEG,/storage/v1/object/public/public-assets/productos/1779859660732-anime-heroes---one-piece---trafalgar-law.jpg,jpg,PASS,1990.00 UYU
6e786c9f-a5e1-4c50-99c8-d444d734ffa3,"Cyborg Spiderman Across Spider-verse Marvel Legends",cyborg-spiderman-across-spider-verse-marvel-legends-qglku,https://cobtsgkwcftvexaarwmo.supabase.co/storage/v1/object/public/public-assets/vendors/61a48094-7453-4b7f-9563-e51f184832f9/ml-curation/6e786c9f-a5e1-4c50-99c8-d444d734ffa3-main.jpg,https://cobtsgkwcftvexaarwmo.supabase.co/storage/v1/object/public/public-assets/vendors/61a48094-7453-4b7f-9563-e51f184832f9/ml-curation/6e786c9f-a5e1-4c50-99c8-d444d734ffa3-main.jpg,200,image/jpeg,JPEG,/storage/v1/object/public/public-assets/vendors/61a48094-7453-4b7f-9563-e51f184832f9/ml-curation/6e786c9f-a5e1-4c50-99c8-d444d734ffa3-main.jpg,jpg,PASS,6990.00 UYU
fc97fb41-b0e3-47b4-bd14-e4ba8d9315c0,"Dragon Ball Super Limit Breaker Series - Cell 30cm",dragon-ball-super-limit-breaker-series-cell-30cm-afsg1,https://cobtsgkwcftvexaarwmo.supabase.co/storage/v1/object/public/public-assets/productos/1779859666294-cell-0.jpg,https://cobtsgkwcftvexaarwmo.supabase.co/storage/v1/object/public/public-assets/productos/1779859666294-cell-0.jpg,200,image/jpeg,JPEG,/storage/v1/object/public/public-assets/productos/1779859666294-cell-0.jpg,jpg,PASS,1490.00 UYU
82f21cc9-fd5c-4709-8791-46daa4fb97ed,"Michelangelo Tortugas Ninja Movie Star Playmates",michelangelo-tortugas-ninja-movie-star-playmates-8820,https://collectibles.uy/catalog-images/external/http2.mlstatic.com/D_604337-MLU47864819945_102021-O.jpg,https://collectibles.uy/catalog-images/external/http2.mlstatic.com/D_604337-MLU47864819945_102021-O.jpg,200,image/jpeg,JPEG,/catalog-images/external/http2.mlstatic.com/D_604337-MLU47864819945_102021-O.jpg,jpg,PASS,2190.00 UYU
7ba97245-49e8-4829-8f28-7ca8212e575d,"Shiny Umbreon Eevee Pokemon Center Peluche 20cm Shiny Umbreon",shiny-umbreon-eevee-pokemon-center-peluche-20cm-shiny-umbreon-6428,https://collectibles.uy/catalog-images/external/http2.mlstatic.com/D_839843-MLU92721318871_092025-O.jpg,https://collectibles.uy/catalog-images/external/http2.mlstatic.com/D_839843-MLU92721318871_092025-O.jpg,200,image/jpeg,JPEG,/catalog-images/external/http2.mlstatic.com/D_839843-MLU92721318871_092025-O.jpg,jpg,PASS,1390.00 UYU
0c229970-b67a-4fe4-922e-f07b5aec486f,"Funko Five Nights At Freddys Tie Dye Springtrap Figura Origi",funko-five-nights-at-freddys-tie-dye-springtrap-figura-origi-9365,https://collectibles.uy/catalog-images/external/http2.mlstatic.com/D_646414-MLA99878896559_112025-O.jpg,https://collectibles.uy/catalog-images/external/http2.mlstatic.com/D_646414-MLA99878896559_112025-O.jpg,200,image/jpeg,JPEG,/catalog-images/external/http2.mlstatic.com/D_646414-MLA99878896559_112025-O.jpg,jpg,PASS,2990.00 UYU
2ec86965-0976-41b4-9042-ecea5637ee61,"Robin Wonder Boy Batman Forever Dc Hot Toys",robin-wonder-boy-batman-forever-dc-hot-toys-5513,https://collectibles.uy/catalog-images/external/http2.mlstatic.com/D_825384-MLA99452273734_112025-O.jpg,https://collectibles.uy/catalog-images/external/http2.mlstatic.com/D_825384-MLA99452273734_112025-O.jpg,200,image/jpeg,JPEG,/catalog-images/external/http2.mlstatic.com/D_825384-MLA99452273734_112025-O.jpg,jpg,PASS,29900.00 UYU
74482bd0-5b78-45b0-964b-0fa96f39279c,"Party Wagon Tortugas Ninja Turtles Playmates",party-wagon-tortugas-ninja-turtles-playmates-4513,https://collectibles.uy/catalog-images/external/http2.mlstatic.com/D_811563-MLU50702765131_072022-O.jpg,https://collectibles.uy/catalog-images/external/http2.mlstatic.com/D_811563-MLU50702765131_072022-O.jpg,200,image/jpeg,JPEG,/catalog-images/external/http2.mlstatic.com/D_811563-MLU50702765131_072022-O.jpg,jpg,PASS,7990.00 UYU
fb02525e-b35b-487b-9eb6-faf9f4b6e383,"Slash Tortugas Ninja Turtles Archie Comics Neca",slash-tortugas-ninja-turtles-archie-comics-neca-3409,https://collectibles.uy/catalog-images/external/http2.mlstatic.com/D_943366-MLU75199348512_032024-O.jpg,https://collectibles.uy/catalog-images/external/http2.mlstatic.com/D_943366-MLU75199348512_032024-O.jpg,200,image/jpeg,JPEG,/catalog-images/external/http2.mlstatic.com/D_943366-MLU75199348512_032024-O.jpg,jpg,PASS,2990.00 UYU
ef7d6623-68ff-4fc3-a9dd-ae5be801c172,"MINECRAFT! CAPSULA CON LLAVERO 2.16&quot;",minecraft-capsula-con-llavero-2-16,https://cobtsgkwcftvexaarwmo.supabase.co/storage/v1/object/public/public-assets/1786392131397-minecraft-acrilico--con-llavero-5-5--capsula.png,https://cobtsgkwcftvexaarwmo.supabase.co/storage/v1/object/public/public-assets/1786392131397-minecraft-acrilico--con-llavero-5-5--capsula.png,200,image/png,PNG,/storage/v1/object/public/public-assets/1786392131397-minecraft-acrilico--con-llavero-5-5--capsula.png,png,PASS,390.00 UYU
3bb77e6d-f896-4cb9-89f0-390beae73105,"Misugi Jun Captain Tsubasa Dasin Model",misugi-jun-captain-tsubasa-dasin-model-3434,https://collectibles.uy/catalog-images/external/http2.mlstatic.com/D_720824-MLU69862104729_062023-O.jpg,https://collectibles.uy/catalog-images/external/http2.mlstatic.com/D_720824-MLU69862104729_062023-O.jpg,200,image/jpeg,JPEG,/catalog-images/external/http2.mlstatic.com/D_720824-MLU69862104729_062023-O.jpg,jpg,PASS,5990.00 UYU
6a17354a-da8b-4ce3-b3b7-b422f52866ff,"Arctic Ballora Five Nights Freddy&apos;s Special Delivery Funko",arctic-ballora-five-nights-freddy-s-special-delivery-funko-3485,https://collectibles.uy/catalog-images/external/http2.mlstatic.com/D_889759-MLU112036857670_062026-O.jpg,https://collectibles.uy/catalog-images/external/http2.mlstatic.com/D_889759-MLU112036857670_062026-O.jpg,200,image/jpeg,JPEG,/catalog-images/external/http2.mlstatic.com/D_889759-MLU112036857670_062026-O.jpg,jpg,PASS,2650.00 UYU
f00e9855-e725-4163-8a1a-717478fc6d16,"Cyborg The Return Of Superman Mafex Medicom No.164",cyborg-the-return-of-superman-mafex-medicom-no-164-4212,https://collectibles.uy/catalog-images/external/http2.mlstatic.com/D_812932-MLU74299087064_022024-O.jpg,https://collectibles.uy/catalog-images/external/http2.mlstatic.com/D_812932-MLU74299087064_022024-O.jpg,200,image/jpeg,JPEG,/catalog-images/external/http2.mlstatic.com/D_812932-MLU74299087064_022024-O.jpg,jpg,PASS,9900.00 UYU
ef347659-7585-4200-a3a7-5ac6e14a0b30,"Psylocke Nimrod Fantomex X-men Marvel Legends Hasbro",psylocke-nimrod-fantomex-x-men-marvel-legends-hasbro-6574,https://collectibles.uy/catalog-images/external/http2.mlstatic.com/D_775543-MLU45520736956_042021-O.jpg,https://collectibles.uy/catalog-images/external/http2.mlstatic.com/D_775543-MLU45520736956_042021-O.jpg,200,image/jpeg,JPEG,/catalog-images/external/http2.mlstatic.com/D_775543-MLU45520736956_042021-O.jpg,jpg,PASS,12500.00 UYU
58382c4a-785a-4c8c-a784-a886ec165af0,"Figura Pokemon Moncolle Ms-30 Lapras",figura-pokemon-moncolle-ms-30-lapras-9597,https://collectibles.uy/catalog-images/external/http2.mlstatic.com/D_753833-MLA95156789828_102025-O.jpg,https://collectibles.uy/catalog-images/external/http2.mlstatic.com/D_753833-MLA95156789828_102025-O.jpg,200,image/jpeg,JPEG,/catalog-images/external/http2.mlstatic.com/D_753833-MLA95156789828_102025-O.jpg,jpg,PASS,1390.00 UYU
1e63a0f2-ad4b-4dd2-853f-7340a19704d8,"Upgraded Suit Spiderman No Way Home Marvel Legends Hasbro",upgraded-suit-spiderman-no-way-home-marvel-legends-hasbro-tf029,https://cobtsgkwcftvexaarwmo.supabase.co/storage/v1/object/public/public-assets/vendors/61a48094-7453-4b7f-9563-e51f184832f9/ml-curation/1e63a0f2-ad4b-4dd2-853f-7340a19704d8-main.jpg,https://cobtsgkwcftvexaarwmo.supabase.co/storage/v1/object/public/public-assets/vendors/61a48094-7453-4b7f-9563-e51f184832f9/ml-curation/1e63a0f2-ad4b-4dd2-853f-7340a19704d8-main.jpg,200,image/jpeg,JPEG,/storage/v1/object/public/public-assets/vendors/61a48094-7453-4b7f-9563-e51f184832f9/ml-curation/1e63a0f2-ad4b-4dd2-853f-7340a19704d8-main.jpg,jpg,PASS,3990.00 UYU
d04a82f3-2988-43de-a3e8-a4b751740d8f,"Sandman Spiderman Marvel Legends Hasbro",sandman-spiderman-marvel-legends-hasbro-j0vy6,https://cobtsgkwcftvexaarwmo.supabase.co/storage/v1/object/public/public-assets/vendors/61a48094-7453-4b7f-9563-e51f184832f9/ml-curation/d04a82f3-2988-43de-a3e8-a4b751740d8f-main.jpg,https://cobtsgkwcftvexaarwmo.supabase.co/storage/v1/object/public/public-assets/vendors/61a48094-7453-4b7f-9563-e51f184832f9/ml-curation/d04a82f3-2988-43de-a3e8-a4b751740d8f-main.jpg,200,image/jpeg,JPEG,/storage/v1/object/public/public-assets/vendors/61a48094-7453-4b7f-9563-e51f184832f9/ml-curation/d04a82f3-2988-43de-a3e8-a4b751740d8f-main.jpg,jpg,PASS,7990.00 UYU
b03a858a-08da-4fb4-a555-cff4aa65be30,"Headpool Logan Deadpool &amp; Wolverine Marvel Legends Hasbro",headpool-logan-deadpool-wolverine-marvel-legends-hasbro-v4wwr,https://cobtsgkwcftvexaarwmo.supabase.co/storage/v1/object/public/public-assets/vendors/61a48094-7453-4b7f-9563-e51f184832f9/ml-curation/b03a858a-08da-4fb4-a555-cff4aa65be30-main.jpg,https://cobtsgkwcftvexaarwmo.supabase.co/storage/v1/object/public/public-assets/vendors/61a48094-7453-4b7f-9563-e51f184832f9/ml-curation/b03a858a-08da-4fb4-a555-cff4aa65be30-main.jpg,200,image/jpeg,JPEG,/storage/v1/object/public/public-assets/vendors/61a48094-7453-4b7f-9563-e51f184832f9/ml-curation/b03a858a-08da-4fb4-a555-cff4aa65be30-main.jpg,jpg,PASS,2990.00 UYU
57796bc0-1552-4af0-a1d6-33e2c94e2b74,"Captain Carter Stealth Suit What If Marvel Legends Hasbro",captain-carter-stealth-suit-what-if-marvel-legends-hasbro-iq855,https://cobtsgkwcftvexaarwmo.supabase.co/storage/v1/object/public/public-assets/vendors/61a48094-7453-4b7f-9563-e51f184832f9/ml-curation/57796bc0-1552-4af0-a1d6-33e2c94e2b74-main.jpg,https://cobtsgkwcftvexaarwmo.supabase.co/storage/v1/object/public/public-assets/vendors/61a48094-7453-4b7f-9563-e51f184832f9/ml-curation/57796bc0-1552-4af0-a1d6-33e2c94e2b74-main.jpg,200,image/jpeg,JPEG,/storage/v1/object/public/public-assets/vendors/61a48094-7453-4b7f-9563-e51f184832f9/ml-curation/57796bc0-1552-4af0-a1d6-33e2c94e2b74-main.jpg,jpg,PASS,3990.00 UYU
c2938ddf-dc4b-4076-b579-64e005450cc2,"Magneto X-men Age Of Apocalypse Marvel Legends Hasbro",magneto-x-men-age-of-apocalypse-marvel-legends-hasbro-b9j0h,https://cobtsgkwcftvexaarwmo.supabase.co/storage/v1/object/public/public-assets/vendors/61a48094-7453-4b7f-9563-e51f184832f9/ml-curation/c2938ddf-dc4b-4076-b579-64e005450cc2-main.jpg,https://cobtsgkwcftvexaarwmo.supabase.co/storage/v1/object/public/public-assets/vendors/61a48094-7453-4b7f-9563-e51f184832f9/ml-curation/c2938ddf-dc4b-4076-b579-64e005450cc2-main.jpg,200,image/jpeg,JPEG,/storage/v1/object/public/public-assets/vendors/61a48094-7453-4b7f-9563-e51f184832f9/ml-curation/c2938ddf-dc4b-4076-b579-64e005450cc2-main.jpg,jpg,PASS,3990.00 UYU
67a048af-0849-470c-b30c-0212132702c0,"Spider-armor Mk1 Spiderman Retro Marvel Legends Hasbro",spider-armor-mk1-spiderman-retro-marvel-legends-hasbro-esyo5,https://cobtsgkwcftvexaarwmo.supabase.co/storage/v1/object/public/public-assets/vendors/61a48094-7453-4b7f-9563-e51f184832f9/ml-curation/67a048af-0849-470c-b30c-0212132702c0-main.jpg,https://cobtsgkwcftvexaarwmo.supabase.co/storage/v1/object/public/public-assets/vendors/61a48094-7453-4b7f-9563-e51f184832f9/ml-curation/67a048af-0849-470c-b30c-0212132702c0-main.jpg,200,image/jpeg,JPEG,/storage/v1/object/public/public-assets/vendors/61a48094-7453-4b7f-9563-e51f184832f9/ml-curation/67a048af-0849-470c-b30c-0212132702c0-main.jpg,jpg,PASS,3990.00 UYU
d92d9fe4-0f5e-4123-aba3-1fed2d7b97ff,"Marvel Legends! X-men Age Of Apocalypse - Legion",marvel-legends-x-men-age-of-apocalypse-legion,https://cobtsgkwcftvexaarwmo.supabase.co/storage/v1/object/public/public-assets/ml-sync/d92d9fe4-0f5e-4123-aba3-1fed2d7b97ff-0-1779316780910.jpg,https://cobtsgkwcftvexaarwmo.supabase.co/storage/v1/object/public/public-assets/ml-sync/d92d9fe4-0f5e-4123-aba3-1fed2d7b97ff-0-1779316780910.jpg,200,image/jpeg,JPEG,/storage/v1/object/public/public-assets/ml-sync/d92d9fe4-0f5e-4123-aba3-1fed2d7b97ff-0-1779316780910.jpg,jpg,PASS,2790.00 UYU
4938bb8f-4e49-4a0e-b2fb-331ee05e0a1a,"Funko Snaps Nightmare Bonnie Armable Five Nights At Freddy&apos;s",funko-snaps-nightmare-bonnie-armable-five-nights-at-freddy-s-4979,https://collectibles.uy/catalog-images/external/http2.mlstatic.com/D_722764-MLU73755766875_012024-O.jpg,https://collectibles.uy/catalog-images/external/http2.mlstatic.com/D_722764-MLU73755766875_012024-O.jpg,200,image/jpeg,JPEG,/catalog-images/external/http2.mlstatic.com/D_722764-MLU73755766875_012024-O.jpg,jpg,PASS,2650.00 UYU
9fc5916e-4fab-4426-9193-b68cdf91e630,"Justice League! Body Aquaman Naranja/ Verde 0-3",justice-league-body-aquaman-naranja-verde-0-3,https://cobtsgkwcftvexaarwmo.supabase.co/storage/v1/object/public/public-assets/ml-sync/9fc5916e-4fab-4426-9193-b68cdf91e630-0-1779316813950.jpg,https://cobtsgkwcftvexaarwmo.supabase.co/storage/v1/object/public/public-assets/ml-sync/9fc5916e-4fab-4426-9193-b68cdf91e630-0-1779316813950.jpg,200,image/jpeg,JPEG,/storage/v1/object/public/public-assets/ml-sync/9fc5916e-4fab-4426-9193-b68cdf91e630-0-1779316813950.jpg,jpg,PASS,990.00 UYU
ef0acce1-f4e0-4214-8dcb-10b7aeab6bbc,"Figura Plasma Series Stantz (ghostbusters Afterlife)",figura-plasma-series-stantz-ghostbusters-afterlife,https://cobtsgkwcftvexaarwmo.supabase.co/storage/v1/object/public/public-assets/ml-sync/ef0acce1-f4e0-4214-8dcb-10b7aeab6bbc-0-1776870631300.jpg,https://cobtsgkwcftvexaarwmo.supabase.co/storage/v1/object/public/public-assets/ml-sync/ef0acce1-f4e0-4214-8dcb-10b7aeab6bbc-0-1776870631300.jpg,200,image/jpeg,JPEG,/storage/v1/object/public/public-assets/ml-sync/ef0acce1-f4e0-4214-8dcb-10b7aeab6bbc-0-1776870631300.jpg,jpg,PASS,1390.00 UYU
5ce9f473-1028-4ba8-a911-6a9156f63d0b,"Beyonder Secret Wars Marvel Legends Hasbro",beyonder-secret-wars-marvel-legends-hasbro-pnswf,https://cobtsgkwcftvexaarwmo.supabase.co/storage/v1/object/public/public-assets/vendors/61a48094-7453-4b7f-9563-e51f184832f9/ml-curation/5ce9f473-1028-4ba8-a911-6a9156f63d0b-main.jpg,https://cobtsgkwcftvexaarwmo.supabase.co/storage/v1/object/public/public-assets/vendors/61a48094-7453-4b7f-9563-e51f184832f9/ml-curation/5ce9f473-1028-4ba8-a911-6a9156f63d0b-main.jpg,200,image/jpeg,JPEG,/storage/v1/object/public/public-assets/vendors/61a48094-7453-4b7f-9563-e51f184832f9/ml-curation/5ce9f473-1028-4ba8-a911-6a9156f63d0b-main.jpg,jpg,PASS,3990.00 UYU
474f8cf0-a818-4ef4-b771-71a7ee303746,"Super Saiyan God Ss Vegito Vegetto Dragon Ball Evolve Bandai",super-saiyan-god-ss-vegito-vegetto-dragon-ball-evolve-bandai-9188,https://collectibles.uy/catalog-images/external/http2.mlstatic.com/D_819782-MLU74803080354_032024-O.jpg,https://collectibles.uy/catalog-images/external/http2.mlstatic.com/D_819782-MLU74803080354_032024-O.jpg,200,image/jpeg,JPEG,/catalog-images/external/http2.mlstatic.com/D_819782-MLU74803080354_032024-O.jpg,jpg,PASS,2190.00 UYU
1e42a2bf-bf0c-4ea2-8609-dd34d409edf5,"Iron Man Nano Guantelete Infinito Marvel Legends Hasbro",iron-man-nano-guantelete-infinito-marvel-legends-hasbro-y0mwb,https://cobtsgkwcftvexaarwmo.supabase.co/storage/v1/object/public/public-assets/vendors/61a48094-7453-4b7f-9563-e51f184832f9/ml-curation/1e42a2bf-bf0c-4ea2-8609-dd34d409edf5-main.jpg,https://cobtsgkwcftvexaarwmo.supabase.co/storage/v1/object/public/public-assets/vendors/61a48094-7453-4b7f-9563-e51f184832f9/ml-curation/1e42a2bf-bf0c-4ea2-8609-dd34d409edf5-main.jpg,200,image/jpeg,JPEG,/storage/v1/object/public/public-assets/vendors/61a48094-7453-4b7f-9563-e51f184832f9/ml-curation/1e42a2bf-bf0c-4ea2-8609-dd34d409edf5-main.jpg,jpg,PASS,9900.00 UYU
e05cdf52-a406-44ef-bfca-f65b523d5e7f,"Yondu Guardians Of The Galaxy Marvel Legends Hasbro",yondu-guardians-of-the-galaxy-marvel-legends-hasbro-vfwme,https://cobtsgkwcftvexaarwmo.supabase.co/storage/v1/object/public/public-assets/vendors/61a48094-7453-4b7f-9563-e51f184832f9/ml-curation/e05cdf52-a406-44ef-bfca-f65b523d5e7f-main.jpg,https://cobtsgkwcftvexaarwmo.supabase.co/storage/v1/object/public/public-assets/vendors/61a48094-7453-4b7f-9563-e51f184832f9/ml-curation/e05cdf52-a406-44ef-bfca-f65b523d5e7f-main.jpg,200,image/jpeg,JPEG,/storage/v1/object/public/public-assets/vendors/61a48094-7453-4b7f-9563-e51f184832f9/ml-curation/e05cdf52-a406-44ef-bfca-f65b523d5e7f-main.jpg,jpg,PASS,3990.00 UYU
c61d4ba9-e41a-4922-9547-b0c7f821f482,"Magneto Professor X X-men Marvel Legends Hasbro",magneto-professor-x-x-men-marvel-legends-hasbro-4465,https://collectibles.uy/catalog-images/external/http2.mlstatic.com/D_970808-MLU45520678638_042021-O.jpg,https://collectibles.uy/catalog-images/external/http2.mlstatic.com/D_970808-MLU45520678638_042021-O.jpg,200,image/jpeg,JPEG,/catalog-images/external/http2.mlstatic.com/D_970808-MLU45520678638_042021-O.jpg,jpg,PASS,5990.00 UYU
aed60190-cad8-46fd-a313-855fa4879802,"Ig-11  Mandalorian Star Wars Credit Collection",ig-11--mandalorian-star-wars-credit-collection-7964,https://collectibles.uy/catalog-images/external/http2.mlstatic.com/D_832930-MLU45557367974_042021-O.jpg,https://collectibles.uy/catalog-images/external/http2.mlstatic.com/D_832930-MLU45557367974_042021-O.jpg,200,image/jpeg,JPEG,/catalog-images/external/http2.mlstatic.com/D_832930-MLU45557367974_042021-O.jpg,jpg,PASS,4990.00 UYU
d77a4024-921c-429a-afdf-d8dc9b01764c,"Dragon Ball Daima - Limit Breaker Series - Super Sayain 3 Vegeta 30cm",dragon-ball-daima-limit-breaker-series-super-sayain-3-vegeta-30cm-59rhn,https://cobtsgkwcftvexaarwmo.supabase.co/storage/v1/object/public/public-assets/productos/1779859668147-dragon-ball-daima---limit-breaker-series---super-sayain-3-vegeta-30cm.jpg,https://cobtsgkwcftvexaarwmo.supabase.co/storage/v1/object/public/public-assets/productos/1779859668147-dragon-ball-daima---limit-breaker-series---super-sayain-3-vegeta-30cm.jpg,200,image/jpeg,JPEG,/storage/v1/object/public/public-assets/productos/1779859668147-dragon-ball-daima---limit-breaker-series---super-sayain-3-vegeta-30cm.jpg,jpg,PASS,1490.00 UYU
94409aed-cc08-4dc0-ac92-1bcdff6a4d8a,"Iron Man Proton Cannon Marvel Legends Hasbro",iron-man-proton-cannon-marvel-legends-hasbro-2z9eg,https://cobtsgkwcftvexaarwmo.supabase.co/storage/v1/object/public/public-assets/vendors/61a48094-7453-4b7f-9563-e51f184832f9/ml-curation/94409aed-cc08-4dc0-ac92-1bcdff6a4d8a-main.jpg,https://cobtsgkwcftvexaarwmo.supabase.co/storage/v1/object/public/public-assets/vendors/61a48094-7453-4b7f-9563-e51f184832f9/ml-curation/94409aed-cc08-4dc0-ac92-1bcdff6a4d8a-main.jpg,200,image/jpeg,JPEG,/storage/v1/object/public/public-assets/vendors/61a48094-7453-4b7f-9563-e51f184832f9/ml-curation/94409aed-cc08-4dc0-ac92-1bcdff6a4d8a-main.jpg,jpg,PASS,7990.00 UYU
10548859-d6f9-437c-a3dd-fb576bc54a35,"Mandalorian Nite Owl Star Wars Black Series",mandalorian-nite-owl-star-wars-black-series-5721,https://collectibles.uy/catalog-images/external/http2.mlstatic.com/D_674187-MLA99884605417_112025-O.jpg,https://collectibles.uy/catalog-images/external/http2.mlstatic.com/D_674187-MLA99884605417_112025-O.jpg,200,image/jpeg,JPEG,/catalog-images/external/http2.mlstatic.com/D_674187-MLA99884605417_112025-O.jpg,jpg,PASS,1990.00 UYU
b06b6913-2eea-4256-b4a6-e19b3a7c2928,"Figuras Hasbro Dungeons And Dragons Golden Archive - Edgin",figuras-hasbro-dungeons-and-dragons-golden-archive-edgin,https://cobtsgkwcftvexaarwmo.supabase.co/storage/v1/object/public/public-assets/ml-sync/b06b6913-2eea-4256-b4a6-e19b3a7c2928-0-1776870685402.jpg,https://cobtsgkwcftvexaarwmo.supabase.co/storage/v1/object/public/public-assets/ml-sync/b06b6913-2eea-4256-b4a6-e19b3a7c2928-0-1776870685402.jpg,200,image/jpeg,JPEG,/storage/v1/object/public/public-assets/ml-sync/b06b6913-2eea-4256-b4a6-e19b3a7c2928-0-1776870685402.jpg,jpg,PASS,1900.00 UYU
0e4e033a-3325-4b6a-b5db-c5f6821b255e,"Snackin&apos; Grogu Baby Yoda Animatronic Mandalorian Star Wars",snackin--grogu-baby-yoda-animatronic-mandalorian-star-wars-1117,https://collectibles.uy/catalog-images/external/http2.mlstatic.com/D_788886-MLA51034463960_082022-O.jpg,https://collectibles.uy/catalog-images/external/http2.mlstatic.com/D_788886-MLA51034463960_082022-O.jpg,200,image/jpeg,JPEG,/catalog-images/external/http2.mlstatic.com/D_788886-MLA51034463960_082022-O.jpg,jpg,PASS,4990.00 UYU
30b6e778-7ec1-42b2-8bdf-e3e1e0881d0e,"The Mandalorian &amp; Grogu Star Wars Hot Toys Tms052 Deluxe",the-mandalorian---grogu-star-wars-hot-toys-tms052-deluxe-5201,https://collectibles.uy/catalog-images/external/http2.mlstatic.com/D_794807-MLU77600789364_072024-O.jpg,https://collectibles.uy/catalog-images/external/http2.mlstatic.com/D_794807-MLU77600789364_072024-O.jpg,200,image/jpeg,JPEG,/catalog-images/external/http2.mlstatic.com/D_794807-MLU77600789364_072024-O.jpg,jpg,PASS,44900.00 UYU
d41e5f77-f99a-4d94-9ea3-1da4faa2fe83,"Kang Marvel Legends Joe Fixit Baf Hasbro",kang-marvel-legends-joe-fixit-baf-hasbro-8957,https://collectibles.uy/catalog-images/external/http2.mlstatic.com/D_908844-MLU45521182923_042021-O.jpg,https://collectibles.uy/catalog-images/external/http2.mlstatic.com/D_908844-MLU45521182923_042021-O.jpg,200,image/jpeg,JPEG,/catalog-images/external/http2.mlstatic.com/D_908844-MLU45521182923_042021-O.jpg,jpg,PASS,3650.00 UYU
ee08a336-9f80-45c1-a40b-a37b27da7458,"Figura De Acción Slash Neca Para Colección Tortugas Ninja Mutantes, 15 Cm Articulada",figura-de-acci-n-slash-neca-para-colecci-n-tortugas-ninja-mutantes--15-cm-articulada-1413,https://collectibles.uy/catalog-images/external/http2.mlstatic.com/D_662661-MLA95225079886_102025-O.jpg,https://collectibles.uy/catalog-images/external/http2.mlstatic.com/D_662661-MLA95225079886_102025-O.jpg,200,image/jpeg,JPEG,/catalog-images/external/http2.mlstatic.com/D_662661-MLA95225079886_102025-O.jpg,jpg,PASS,2990.00 UYU
271cb0f5-eddf-4dca-81da-ce55823ca557,"Vanny Freddy Five Nights At Freddy´s Snaps Funko",vanny-freddy-five-nights-at-freddy-s-snaps-funko-6548,https://collectibles.uy/catalog-images/external/http2.mlstatic.com/D_709355-MLU78278858674_082024-O.jpg,https://collectibles.uy/catalog-images/external/http2.mlstatic.com/D_709355-MLU78278858674_082024-O.jpg,200,image/jpeg,JPEG,/catalog-images/external/http2.mlstatic.com/D_709355-MLU78278858674_082024-O.jpg,jpg,PASS,2650.00 UYU
37106d31-4312-4034-abc4-1f575903aa5e,"Funko Pop! TV: Wednesday - Marilyn Thornhill (#1580)",funko-pop-marilyn-thornhill-wednesday,https://cobtsgkwcftvexaarwmo.supabase.co/storage/v1/object/public/public-assets/ml-sync/37106d31-4312-4034-abc4-1f575903aa5e-0-1776871210627.jpg,https://cobtsgkwcftvexaarwmo.supabase.co/storage/v1/object/public/public-assets/ml-sync/37106d31-4312-4034-abc4-1f575903aa5e-0-1776871210627.jpg,200,image/jpeg,JPEG,/storage/v1/object/public/public-assets/ml-sync/37106d31-4312-4034-abc4-1f575903aa5e-0-1776871210627.jpg,jpg,PASS,1090.00 UYU
105bcce1-6421-4266-aca8-013eb1a53b68,"Black Widow &amp; Effect Avengers Infinity War Marvel Figuarts",black-widow---effect-avengers-infinity-war-marvel-figuarts-1486,https://collectibles.uy/catalog-images/external/http2.mlstatic.com/D_749671-MLU53310092085_012023-O.jpg,https://collectibles.uy/catalog-images/external/http2.mlstatic.com/D_749671-MLU53310092085_012023-O.jpg,200,image/jpeg,JPEG,/catalog-images/external/http2.mlstatic.com/D_749671-MLU53310092085_012023-O.jpg,jpg,PASS,4990.00 UYU
4f10c338-2ef5-45d4-ac22-7f01d8bb44b8,"Road Rage Transformers Generations War For Cybertron Wfc-k41",road-rage-transformers-generations-war-for-cybertron-wfc-k41-8182,https://collectibles.uy/catalog-images/external/http2.mlstatic.com/D_971220-MLU69122889802_042023-O.jpg,https://collectibles.uy/catalog-images/external/http2.mlstatic.com/D_971220-MLU69122889802_042023-O.jpg,200,image/jpeg,JPEG,/catalog-images/external/http2.mlstatic.com/D_971220-MLU69122889802_042023-O.jpg,jpg,PASS,3990.00 UYU
45f85507-eff3-4cf3-a22c-563560e216d9,"Arcade Marvel Legends Xenmu Baf Hasbro",arcade-marvel-legends-xenmu-baf-hasbro-ban6q,https://cobtsgkwcftvexaarwmo.supabase.co/storage/v1/object/public/public-assets/vendors/61a48094-7453-4b7f-9563-e51f184832f9/ml-curation/45f85507-eff3-4cf3-a22c-563560e216d9-main.jpg,https://cobtsgkwcftvexaarwmo.supabase.co/storage/v1/object/public/public-assets/vendors/61a48094-7453-4b7f-9563-e51f184832f9/ml-curation/45f85507-eff3-4cf3-a22c-563560e216d9-main.jpg,200,image/jpeg,JPEG,/storage/v1/object/public/public-assets/vendors/61a48094-7453-4b7f-9563-e51f184832f9/ml-curation/45f85507-eff3-4cf3-a22c-563560e216d9-main.jpg,jpg,PASS,3990.00 UYU
85f7026b-131e-412f-b5b6-cae651f0f93d,"Figura De Acción De Neca Ultimate",figura-de-accion-de-neca-ultimate,https://cobtsgkwcftvexaarwmo.supabase.co/storage/v1/object/public/public-assets/ml-sync/85f7026b-131e-412f-b5b6-cae651f0f93d-0-1776870656407.jpg,https://cobtsgkwcftvexaarwmo.supabase.co/storage/v1/object/public/public-assets/ml-sync/85f7026b-131e-412f-b5b6-cae651f0f93d-0-1776870656407.jpg,200,image/jpeg,JPEG,/storage/v1/object/public/public-assets/ml-sync/85f7026b-131e-412f-b5b6-cae651f0f93d-0-1776870656407.jpg,jpg,PASS,3987.00 UYU
8ca47704-7ff7-4e81-9a25-245766d89e33,"Dragon Ball Super - Limit Breaker Series - Super Sayain Blue Goku 30cm",dragon-ball-super-limit-breaker-series-super-sayain-blue-goku-30cm-s1vgx,https://cobtsgkwcftvexaarwmo.supabase.co/storage/v1/object/public/public-assets/productos/1779859685191-dragon-ball-super---limit-breaker-series---super-sayain-blue-goku-30cm.webp,https://cobtsgkwcftvexaarwmo.supabase.co/storage/v1/object/public/public-assets/productos/1779859685191-dragon-ball-super---limit-breaker-series---super-sayain-blue-goku-30cm.webp,200,image/webp,WEBP,/storage/v1/object/public/public-assets/productos/1779859685191-dragon-ball-super---limit-breaker-series---super-sayain-blue-goku-30cm.webp,webp,PASS,1490.00 UYU
60e7e533-e215-4542-b94c-3f29e46d4256,"Hex Full Metal Armor Battle Chest Minecraft Dungeons Mattel",hex-full-metal-armor-battle-chest-minecraft-dungeons-mattel-2566,https://collectibles.uy/catalog-images/external/http2.mlstatic.com/D_669626-MLU45516707427_042021-O.jpg,https://collectibles.uy/catalog-images/external/http2.mlstatic.com/D_669626-MLU45516707427_042021-O.jpg,200,image/jpeg,JPEG,/catalog-images/external/http2.mlstatic.com/D_669626-MLU45516707427_042021-O.jpg,jpg,PASS,2650.00 UYU
dc7a21cb-d78f-4571-a43d-d644ac329b46,"Pegasus Seiya V3 Saint Cloth Myth Bandai",pegasus-seiya-v3-saint-cloth-myth-bandai-9986,https://collectibles.uy/catalog-images/external/http2.mlstatic.com/D_946456-MLU45589239777_042021-O.jpg,https://collectibles.uy/catalog-images/external/http2.mlstatic.com/D_946456-MLU45589239777_042021-O.jpg,200,image/jpeg,JPEG,/catalog-images/external/http2.mlstatic.com/D_946456-MLU45589239777_042021-O.jpg,jpg,PASS,9900.00 UYU
6d3ca400-cb2d-4781-b8dc-f91f5c9d2401,"Figura Mafex Cyborg Superman",figura-mafex-cyborg-superman-9689,https://collectibles.uy/catalog-images/external/http2.mlstatic.com/D_885550-MLA93868352352_102025-O.jpg,https://collectibles.uy/catalog-images/external/http2.mlstatic.com/D_885550-MLA93868352352_102025-O.jpg,200,image/jpeg,JPEG,/catalog-images/external/http2.mlstatic.com/D_885550-MLA93868352352_102025-O.jpg,jpg,PASS,9900.00 UYU
bfb1532c-12f0-4bc2-b052-3ea67e0aa87c,"Thomas Amigos Percy Diesel Kana Gordon Tren Fisher Price Thomas Percy Diesel Celeste",thomas-amigos-percy-diesel-kana-gordon-tren-fisher-price-thomas-percy-diesel-celeste-8147,https://collectibles.uy/catalog-images/external/http2.mlstatic.com/D_999599-MLU92312416432_092025-O.jpg,https://collectibles.uy/catalog-images/external/http2.mlstatic.com/D_999599-MLU92312416432_092025-O.jpg,200,image/jpeg,JPEG,/catalog-images/external/http2.mlstatic.com/D_999599-MLU92312416432_092025-O.jpg,jpg,PASS,5990.00 UYU
e64effb7-4320-45ce-a8b5-56097793b6f4,"Shadowcat X-men Marvel Legends Colossus Baf Hasbro",shadowcat-x-men-marvel-legends-colossus-baf-hasbro-xv7zp,https://cobtsgkwcftvexaarwmo.supabase.co/storage/v1/object/public/public-assets/vendors/61a48094-7453-4b7f-9563-e51f184832f9/ml-curation/e64effb7-4320-45ce-a8b5-56097793b6f4-main.jpg,https://cobtsgkwcftvexaarwmo.supabase.co/storage/v1/object/public/public-assets/vendors/61a48094-7453-4b7f-9563-e51f184832f9/ml-curation/e64effb7-4320-45ce-a8b5-56097793b6f4-main.jpg,200,image/jpeg,JPEG,/storage/v1/object/public/public-assets/vendors/61a48094-7453-4b7f-9563-e51f184832f9/ml-curation/e64effb7-4320-45ce-a8b5-56097793b6f4-main.jpg,jpg,PASS,3990.00 UYU
94be0ed8-c2fc-49d9-aec5-d5621cbeaf97,"Hasbro Marvel Legends Series Retro Cyclops Cíclope X Men 97",hasbro-marvel-legends-series-retro-cyclops-c-clope-x-men-97-mtk5i,https://cobtsgkwcftvexaarwmo.supabase.co/storage/v1/object/public/public-assets/vendors/61a48094-7453-4b7f-9563-e51f184832f9/ml-curation/94be0ed8-c2fc-49d9-aec5-d5621cbeaf97-main.jpg,https://cobtsgkwcftvexaarwmo.supabase.co/storage/v1/object/public/public-assets/vendors/61a48094-7453-4b7f-9563-e51f184832f9/ml-curation/94be0ed8-c2fc-49d9-aec5-d5621cbeaf97-main.jpg,200,image/jpeg,JPEG,/storage/v1/object/public/public-assets/vendors/61a48094-7453-4b7f-9563-e51f184832f9/ml-curation/94be0ed8-c2fc-49d9-aec5-d5621cbeaf97-main.jpg,jpg,PASS,7990.00 UYU
9ba65746-4d11-41b7-9671-5e16fdaf3806,"Jean Grey X-men 90&apos;s Animated Series Marvel Legends Hasbro",jean-grey-x-men-90-s-animated-series-marvel-legends-hasbro-tox16,https://cobtsgkwcftvexaarwmo.supabase.co/storage/v1/object/public/public-assets/vendors/61a48094-7453-4b7f-9563-e51f184832f9/ml-curation/9ba65746-4d11-41b7-9671-5e16fdaf3806-main.jpg,https://cobtsgkwcftvexaarwmo.supabase.co/storage/v1/object/public/public-assets/vendors/61a48094-7453-4b7f-9563-e51f184832f9/ml-curation/9ba65746-4d11-41b7-9671-5e16fdaf3806-main.jpg,200,image/jpeg,JPEG,/storage/v1/object/public/public-assets/vendors/61a48094-7453-4b7f-9563-e51f184832f9/ml-curation/9ba65746-4d11-41b7-9671-5e16fdaf3806-main.jpg,jpg,PASS,3990.00 UYU
c7bf48ab-1ce3-49a4-adaf-dc3e957721a8,"Armored David Xanatos Ultimate Gargoyles Disney Neca",armored-david-xanatos-ultimate-gargoyles-disney-neca-9245,https://collectibles.uy/catalog-images/external/http2.mlstatic.com/D_691768-MLU75992196661_042024-O.jpg,https://collectibles.uy/catalog-images/external/http2.mlstatic.com/D_691768-MLU75992196661_042024-O.jpg,200,image/jpeg,JPEG,/catalog-images/external/http2.mlstatic.com/D_691768-MLU75992196661_042024-O.jpg,jpg,PASS,7990.00 UYU
6e038340-05f0-4859-94ba-34b60356a1c1,"Stone Heart Predator Concrete Jungle Depredador Neca Deluxe",stone-heart-predator-concrete-jungle-depredador-neca-deluxe-7121,https://collectibles.uy/catalog-images/external/http2.mlstatic.com/D_767141-MLU52599634846_112022-O.jpg,https://collectibles.uy/catalog-images/external/http2.mlstatic.com/D_767141-MLU52599634846_112022-O.jpg,200,image/jpeg,JPEG,/catalog-images/external/http2.mlstatic.com/D_767141-MLU52599634846_112022-O.jpg,jpg,PASS,7990.00 UYU
e019ce6d-c33c-4018-a34d-5e1edf9e2903,"Figura Articulada Baxter Stockman Tortugas Ninja Neca 17.78cm Articulaciones",figura-articulada-baxter-stockman-tortugas-ninja-neca-17-78cm-articulaciones,https://cobtsgkwcftvexaarwmo.supabase.co/storage/v1/object/public/public-assets/ml-sync/e019ce6d-c33c-4018-a34d-5e1edf9e2903-0-1776870865895.jpg,https://cobtsgkwcftvexaarwmo.supabase.co/storage/v1/object/public/public-assets/ml-sync/e019ce6d-c33c-4018-a34d-5e1edf9e2903-0-1776870865895.jpg,200,image/jpeg,JPEG,/storage/v1/object/public/public-assets/ml-sync/e019ce6d-c33c-4018-a34d-5e1edf9e2903-0-1776870865895.jpg,jpg,PASS,2980.00 UYU
d87aaa17-59a4-40ad-ab7e-78de4929bc9f,"Storm Forge Jubilee X-men Marvel Legends Hasbro",storm-forge-jubilee-x-men-marvel-legends-hasbro-kvac2,https://cobtsgkwcftvexaarwmo.supabase.co/storage/v1/object/public/public-assets/vendors/61a48094-7453-4b7f-9563-e51f184832f9/ml-curation/d87aaa17-59a4-40ad-ab7e-78de4929bc9f-main.jpg,https://cobtsgkwcftvexaarwmo.supabase.co/storage/v1/object/public/public-assets/vendors/61a48094-7453-4b7f-9563-e51f184832f9/ml-curation/d87aaa17-59a4-40ad-ab7e-78de4929bc9f-main.jpg,200,image/jpeg,JPEG,/storage/v1/object/public/public-assets/vendors/61a48094-7453-4b7f-9563-e51f184832f9/ml-curation/d87aaa17-59a4-40ad-ab7e-78de4929bc9f-main.jpg,jpg,PASS,9900.00 UYU
ae15ef2e-d037-45d8-8eab-468e81b50234,"Sun Five Nights Freddy´s Security Breach Funko",sun-five-nights-freddy-s-security-breach-funko-2147,https://collectibles.uy/catalog-images/external/http2.mlstatic.com/D_748151-MLU70699765166_072023-O.jpg,https://collectibles.uy/catalog-images/external/http2.mlstatic.com/D_748151-MLU70699765166_072023-O.jpg,200,image/jpeg,JPEG,/catalog-images/external/http2.mlstatic.com/D_748151-MLU70699765166_072023-O.jpg,jpg,PASS,3990.00 UYU
7873fae0-53b0-4a17-8f3a-3e0c149ff4f8,"Jiren Dragon Ball Super Stars Series 5 Bandai",jiren-dragon-ball-super-stars-series-5-bandai-5574,https://collectibles.uy/catalog-images/external/http2.mlstatic.com/D_796938-MLU45782110509_052021-O.jpg,https://collectibles.uy/catalog-images/external/http2.mlstatic.com/D_796938-MLU45782110509_052021-O.jpg,200,image/jpeg,JPEG,/catalog-images/external/http2.mlstatic.com/D_796938-MLU45782110509_052021-O.jpg,jpg,PASS,4990.00 UYU
d9306058-a147-47a1-95a2-40b282ecddf2,"Harley Quinn! Camiseta Bebé Estampada",harley-quinn-camiseta-bebe-estampada,https://cobtsgkwcftvexaarwmo.supabase.co/storage/v1/object/public/public-assets/ml-sync/d9306058-a147-47a1-95a2-40b282ecddf2-0-1779316696794.jpg,https://cobtsgkwcftvexaarwmo.supabase.co/storage/v1/object/public/public-assets/ml-sync/d9306058-a147-47a1-95a2-40b282ecddf2-0-1779316696794.jpg,200,image/jpeg,JPEG,/storage/v1/object/public/public-assets/ml-sync/d9306058-a147-47a1-95a2-40b282ecddf2-0-1779316696794.jpg,jpg,PASS,150.00 UYU
b4802c6f-8bdf-46ca-b4f4-4c2527c41d92,"Body De Bebes Liga De La Justicia - Super Girls Rosa 18 Meses Lisa",body-de-bebes-liga-de-la-justicia-super-girls-rosa-18-meses-lisa,https://cobtsgkwcftvexaarwmo.supabase.co/storage/v1/object/public/public-assets/ml-sync/b4802c6f-8bdf-46ca-b4f4-4c2527c41d92-0-1776871220000.jpg,https://cobtsgkwcftvexaarwmo.supabase.co/storage/v1/object/public/public-assets/ml-sync/b4802c6f-8bdf-46ca-b4f4-4c2527c41d92-0-1776871220000.jpg,200,image/jpeg,JPEG,/storage/v1/object/public/public-assets/ml-sync/b4802c6f-8bdf-46ca-b4f4-4c2527c41d92-0-1776871220000.jpg,jpg,PASS,990.00 UYU
5d5a8416-b1d0-467c-8412-9e711679d0fe,"Green Goblin Mj Spiderman 90&apos;s Animated Marvel Legends",green-goblin-mj-spiderman-90-s-animated-marvel-legends-7nmeh,https://cobtsgkwcftvexaarwmo.supabase.co/storage/v1/object/public/public-assets/vendors/61a48094-7453-4b7f-9563-e51f184832f9/ml-curation/5d5a8416-b1d0-467c-8412-9e711679d0fe-main.jpg,https://cobtsgkwcftvexaarwmo.supabase.co/storage/v1/object/public/public-assets/vendors/61a48094-7453-4b7f-9563-e51f184832f9/ml-curation/5d5a8416-b1d0-467c-8412-9e711679d0fe-main.jpg,200,image/jpeg,JPEG,/storage/v1/object/public/public-assets/vendors/61a48094-7453-4b7f-9563-e51f184832f9/ml-curation/5d5a8416-b1d0-467c-8412-9e711679d0fe-main.jpg,jpg,PASS,7990.00 UYU
70d683c0-f3ff-4268-9a72-020670decfea,"Yord Fandar The Acolyte Star Wars Black Series Hasbro",yord-fandar-the-acolyte-star-wars-black-series-hasbro-3866,https://collectibles.uy/catalog-images/external/http2.mlstatic.com/D_814554-MLU77295021511_062024-O.jpg,https://collectibles.uy/catalog-images/external/http2.mlstatic.com/D_814554-MLU77295021511_062024-O.jpg,200,image/jpeg,JPEG,/catalog-images/external/http2.mlstatic.com/D_814554-MLU77295021511_062024-O.jpg,jpg,PASS,2990.00 UYU
9f20972d-06a6-4f03-9d31-3d8e4cd5ea9a,"Shiny Rayquaza Pokemon Center Peluche 75cm Shiny Rayquaza",shiny-rayquaza-pokemon-center-peluche-75cm-shiny-rayquaza-2236,https://collectibles.uy/catalog-images/external/http2.mlstatic.com/D_648621-MLU92310063242_092025-O.jpg,https://collectibles.uy/catalog-images/external/http2.mlstatic.com/D_648621-MLU92310063242_092025-O.jpg,200,image/jpeg,JPEG,/catalog-images/external/http2.mlstatic.com/D_648621-MLU92310063242_092025-O.jpg,jpg,PASS,2650.00 UYU
5af89853-61cb-4831-9b0c-4c6afc02fc24,"Wakabayashi Genzo Captain Tsubasa Dasin Model",wakabayashi-genzo-captain-tsubasa-dasin-model-9451,https://collectibles.uy/catalog-images/external/http2.mlstatic.com/D_914332-MLU69826824220_062023-O.jpg,https://collectibles.uy/catalog-images/external/http2.mlstatic.com/D_914332-MLU69826824220_062023-O.jpg,200,image/jpeg,JPEG,/catalog-images/external/http2.mlstatic.com/D_914332-MLU69826824220_062023-O.jpg,jpg,PASS,19900.00 UYU
32ea63a8-5811-4809-ac8f-6b2dcae9c8b4,"Bonnie Five Nights At Freddy´s Funko 34cm",bonnie-five-nights-at-freddy-s-funko-34cm-5947,https://collectibles.uy/catalog-images/external/http2.mlstatic.com/D_616097-MLU73647877735_122023-O.jpg,https://collectibles.uy/catalog-images/external/http2.mlstatic.com/D_616097-MLU73647877735_122023-O.jpg,200,image/jpeg,JPEG,/catalog-images/external/http2.mlstatic.com/D_616097-MLU73647877735_122023-O.jpg,jpg,PASS,9900.00 UYU
a4cbd883-89da-43d3-aaf4-e5753b7ad0f6,"Star Wars The Black Series Figura: Boba Fett Hasbro Original",star-wars-the-black-series-figura--boba-fett-hasbro-original-7993,https://collectibles.uy/catalog-images/external/http2.mlstatic.com/D_684013-MLA99365893932_112025-O.jpg,https://collectibles.uy/catalog-images/external/http2.mlstatic.com/D_684013-MLA99365893932_112025-O.jpg,200,image/jpeg,JPEG,/catalog-images/external/http2.mlstatic.com/D_684013-MLA99365893932_112025-O.jpg,jpg,PASS,2490.00 UYU
b58947cb-0b0e-414a-8914-c7a87142d411,"Orville Five Nights At Freddy´s Glow In The Dark Funko",orville-five-nights-at-freddy-s-glow-in-the-dark-funko-5442,https://collectibles.uy/catalog-images/external/http2.mlstatic.com/D_762064-MLU77636962278_072024-O.jpg,https://collectibles.uy/catalog-images/external/http2.mlstatic.com/D_762064-MLU77636962278_072024-O.jpg,200,image/jpeg,JPEG,/catalog-images/external/http2.mlstatic.com/D_762064-MLU77636962278_072024-O.jpg,jpg,PASS,2650.00 UYU
54f6d15b-fa90-4b1c-9dcc-44d0e626441c,"Super Saiyan Broly Dragon Ball Evolve Bandai",super-saiyan-broly-dragon-ball-evolve-bandai-9120,https://collectibles.uy/catalog-images/external/http2.mlstatic.com/D_840763-MLU74322060680_022024-O.jpg,https://collectibles.uy/catalog-images/external/http2.mlstatic.com/D_840763-MLU74322060680_022024-O.jpg,200,image/jpeg,JPEG,/catalog-images/external/http2.mlstatic.com/D_840763-MLU74322060680_022024-O.jpg,jpg,PASS,2190.00 UYU
748b77cf-a970-42a7-b3d8-9b2e71ff5680,"Dragon Ball Super - Limit Breaker Series - Super Sayain Rosé Goku 30cm",dragon-ball-super-limit-breaker-series-super-sayain-ros-goku-30cm-hfppj,https://cobtsgkwcftvexaarwmo.supabase.co/storage/v1/object/public/public-assets/productos/1779859690587-rose.jpg,https://cobtsgkwcftvexaarwmo.supabase.co/storage/v1/object/public/public-assets/productos/1779859690587-rose.jpg,200,image/jpeg,JPEG,/storage/v1/object/public/public-assets/productos/1779859690587-rose.jpg,jpg,PASS,1490.00 UYU
70edf820-6f2a-4149-ae9e-d795ddcee48d,"Shiny Vaporeon Eevee Pokemon Center Peluche 20cm",shiny-vaporeon-eevee-pokemon-center-peluche-20cm-8728,https://collectibles.uy/catalog-images/external/http2.mlstatic.com/D_883591-MLU48533266723_122021-O.jpg,https://collectibles.uy/catalog-images/external/http2.mlstatic.com/D_883591-MLU48533266723_122021-O.jpg,200,image/jpeg,JPEG,/catalog-images/external/http2.mlstatic.com/D_883591-MLU48533266723_122021-O.jpg,jpg,PASS,1390.00 UYU
725fd036-adbc-4ae0-b0d4-e07df15a28f3,"Pikachu The Pokemon Company Peluche 25cm",pikachu-the-pokemon-company-peluche-25cm-3275,https://collectibles.uy/catalog-images/external/http2.mlstatic.com/D_680969-MLU49380109172_032022-O.jpg,https://collectibles.uy/catalog-images/external/http2.mlstatic.com/D_680969-MLU49380109172_032022-O.jpg,200,image/jpeg,JPEG,/catalog-images/external/http2.mlstatic.com/D_680969-MLU49380109172_032022-O.jpg,jpg,PASS,2190.00 UYU
7d3f3eb7-e58b-4497-9cb7-206eb944ea9a,"Evil Lyn He-man Motu Club Grayskull Filmation Mattel Muñeco",evil-lyn-he-man-motu-club-grayskull-filmation-mattel-mu-eco-3513,https://collectibles.uy/catalog-images/external/http2.mlstatic.com/D_881139-MLU45553614567_042021-O.jpg,https://collectibles.uy/catalog-images/external/http2.mlstatic.com/D_881139-MLU45553614567_042021-O.jpg,200,image/jpeg,JPEG,/catalog-images/external/http2.mlstatic.com/D_881139-MLU45553614567_042021-O.jpg,jpg,PASS,19900.00 UYU
5aaa7b32-881b-486f-8053-5516a10ff17a,"Michael Myers Ultimate Halloween Kills Neca",michael-myers-ultimate-halloween-kills-neca-2342,https://collectibles.uy/catalog-images/external/http2.mlstatic.com/D_722053-MLU69845733312_062023-O.jpg,https://collectibles.uy/catalog-images/external/http2.mlstatic.com/D_722053-MLU69845733312_062023-O.jpg,200,image/jpeg,JPEG,/catalog-images/external/http2.mlstatic.com/D_722053-MLU69845733312_062023-O.jpg,jpg,PASS,3985.00 UYU
e3356240-1912-456e-badd-cb42d64c5ac0,"Mega Gengar The Pokemon Company Peluche 20cm",mega-gengar-the-pokemon-company-peluche-20cm-9430,https://collectibles.uy/catalog-images/external/http2.mlstatic.com/D_670442-MLU73399730319_122023-O.jpg,https://collectibles.uy/catalog-images/external/http2.mlstatic.com/D_670442-MLU73399730319_122023-O.jpg,200,image/jpeg,JPEG,/catalog-images/external/http2.mlstatic.com/D_670442-MLU73399730319_122023-O.jpg,jpg,PASS,1650.00 UYU
2cb63a0f-b4d7-40df-ad48-b91b965692e5,"Gyrados Pokemon Center Peluche 56cm",gyrados-pokemon-center-peluche-56cm-2980,https://collectibles.uy/catalog-images/external/http2.mlstatic.com/D_886240-MLU79465376997_092024-O.jpg,https://collectibles.uy/catalog-images/external/http2.mlstatic.com/D_886240-MLU79465376997_092024-O.jpg,200,image/jpeg,JPEG,/catalog-images/external/http2.mlstatic.com/D_886240-MLU79465376997_092024-O.jpg,jpg,PASS,2190.00 UYU
e23f225e-6769-4db2-b36c-5b18bfe1bdfc,"Shiny Dragonair Pokemon Center Peluche 68cm",shiny-dragonair-pokemon-center-peluche-68cm-2933,https://collectibles.uy/catalog-images/external/http2.mlstatic.com/D_909901-MLU72562786783_102023-O.jpg,https://collectibles.uy/catalog-images/external/http2.mlstatic.com/D_909901-MLU72562786783_102023-O.jpg,200,image/jpeg,JPEG,/catalog-images/external/http2.mlstatic.com/D_909901-MLU72562786783_102023-O.jpg,jpg,PASS,2190.00 UYU
2d9cc175-6537-4f6a-a2c7-14ca0955c05c,"Mystique X-men 90&apos;s Animated Series Marvel Legends Hasbro",mystique-x-men-90-s-animated-series-marvel-legends-hasbro-yx785,https://cobtsgkwcftvexaarwmo.supabase.co/storage/v1/object/public/public-assets/vendors/61a48094-7453-4b7f-9563-e51f184832f9/ml-curation/2d9cc175-6537-4f6a-a2c7-14ca0955c05c-main.jpg,https://cobtsgkwcftvexaarwmo.supabase.co/storage/v1/object/public/public-assets/vendors/61a48094-7453-4b7f-9563-e51f184832f9/ml-curation/2d9cc175-6537-4f6a-a2c7-14ca0955c05c-main.jpg,200,image/jpeg,JPEG,/storage/v1/object/public/public-assets/vendors/61a48094-7453-4b7f-9563-e51f184832f9/ml-curation/2d9cc175-6537-4f6a-a2c7-14ca0955c05c-main.jpg,jpg,PASS,3990.00 UYU
a5099a4c-93a8-438a-9a9f-992037cf681f,"Voces Anonimas El Libro Prohibido Edición Limitada 100 unidades",voces-anonimas-el-libro-prohibido-edici-n-limitada-100-unidades-,https://cobtsgkwcftvexaarwmo.supabase.co/storage/v1/object/public/public-assets/productos/1779980727354-librovoces.webp,https://cobtsgkwcftvexaarwmo.supabase.co/storage/v1/object/public/public-assets/productos/1779980727354-librovoces.webp,200,image/webp,WEBP,/storage/v1/object/public/public-assets/productos/1779980727354-librovoces.webp,webp,PASS,5890.00 UYU
abde7f97-2128-46c1-8383-61dd8e2b5f15,"Snorlax The Pokemon Company Peluche 25cm",snorlax-the-pokemon-company-peluche-25cm-9576,https://collectibles.uy/catalog-images/external/http2.mlstatic.com/D_932352-MLU48917126567_012022-O.jpg,https://collectibles.uy/catalog-images/external/http2.mlstatic.com/D_932352-MLU48917126567_012022-O.jpg,200,image/jpeg,JPEG,/catalog-images/external/http2.mlstatic.com/D_932352-MLU48917126567_012022-O.jpg,jpg,PASS,2190.00 UYU
3ede714f-47d5-4bb1-b880-146c29caad4a,"Funko Pop! Dragon Ball Z - Goku #1922",funko-pop-dragon-ball-z-goku-1922,https://cobtsgkwcftvexaarwmo.supabase.co/storage/v1/object/public/public-assets/ml-sync/3ede714f-47d5-4bb1-b880-146c29caad4a-0-1776871355899.jpg,https://cobtsgkwcftvexaarwmo.supabase.co/storage/v1/object/public/public-assets/ml-sync/3ede714f-47d5-4bb1-b880-146c29caad4a-0-1776871355899.jpg,200,image/jpeg,JPEG,/storage/v1/object/public/public-assets/ml-sync/3ede714f-47d5-4bb1-b880-146c29caad4a-0-1776871355899.jpg,jpg,PASS,1090.00 UYU
17b30994-6026-408f-b5f8-97caf6508c48,"Majorette! Volkswagen 1:64",majorette-volkswagen-1-64,https://cobtsgkwcftvexaarwmo.supabase.co/storage/v1/object/public/public-assets/ml-sync/17b30994-6026-408f-b5f8-97caf6508c48-0-1776871168877.jpg,https://cobtsgkwcftvexaarwmo.supabase.co/storage/v1/object/public/public-assets/ml-sync/17b30994-6026-408f-b5f8-97caf6508c48-0-1776871168877.jpg,200,image/jpeg,JPEG,/storage/v1/object/public/public-assets/ml-sync/17b30994-6026-408f-b5f8-97caf6508c48-0-1776871168877.jpg,jpg,PASS,280.00 UYU
0c8cdf93-2e60-4882-a030-586acbae122b,"Figura Articulada Raphael Vs John Kreese Tortugas Ninja Cobra Kai Playmates",figura-articulada-raphael-vs-john-kreese-tortugas-ninja-cobra-kai-playmates,https://cobtsgkwcftvexaarwmo.supabase.co/storage/v1/object/public/public-assets/ml-sync/0c8cdf93-2e60-4882-a030-586acbae122b-0-1776870623471.jpg,https://cobtsgkwcftvexaarwmo.supabase.co/storage/v1/object/public/public-assets/ml-sync/0c8cdf93-2e60-4882-a030-586acbae122b-0-1776870623471.jpg,200,image/jpeg,JPEG,/storage/v1/object/public/public-assets/ml-sync/0c8cdf93-2e60-4882-a030-586acbae122b-0-1776870623471.jpg,jpg,PASS,3900.00 UYU
68985ee4-49c9-42d1-8c87-4afdd09c244a,"Cable X-men Marvel Legends Zabu Baf Hasbro",cable-x-men-marvel-legends-zabu-baf-hasbro-dc00j,https://cobtsgkwcftvexaarwmo.supabase.co/storage/v1/object/public/public-assets/vendors/61a48094-7453-4b7f-9563-e51f184832f9/ml-curation/68985ee4-49c9-42d1-8c87-4afdd09c244a-main.jpg,https://cobtsgkwcftvexaarwmo.supabase.co/storage/v1/object/public/public-assets/vendors/61a48094-7453-4b7f-9563-e51f184832f9/ml-curation/68985ee4-49c9-42d1-8c87-4afdd09c244a-main.jpg,200,image/jpeg,JPEG,/storage/v1/object/public/public-assets/vendors/61a48094-7453-4b7f-9563-e51f184832f9/ml-curation/68985ee4-49c9-42d1-8c87-4afdd09c244a-main.jpg,jpg,PASS,5900.00 UYU
ce50c75f-70c7-410a-a2a6-a779b23311ae,"Batman V Superman Oferta Figures Lex Luthor",batman-v-superman-oferta-figures-lex-luthor,https://cobtsgkwcftvexaarwmo.supabase.co/storage/v1/object/public/public-assets/ml-sync/ce50c75f-70c7-410a-a2a6-a779b23311ae-0-1779316076305.jpg,https://cobtsgkwcftvexaarwmo.supabase.co/storage/v1/object/public/public-assets/ml-sync/ce50c75f-70c7-410a-a2a6-a779b23311ae-0-1779316076305.jpg,200,image/jpeg,JPEG,/storage/v1/object/public/public-assets/ml-sync/ce50c75f-70c7-410a-a2a6-a779b23311ae-0-1779316076305.jpg,jpg,PASS,1990.00 UYU
09e7d1fd-bd7b-41b5-a227-5191f54833f4,"Peluche Sonic The Hedgehog X Dc - Shadow Batman",peluche-sonic-the-hedgehog-x-dc-shadow-batman,https://cobtsgkwcftvexaarwmo.supabase.co/storage/v1/object/public/public-assets/1779819270495-7-1-25-429124-sonic-plush9260.webp,https://cobtsgkwcftvexaarwmo.supabase.co/storage/v1/object/public/public-assets/1779819270495-7-1-25-429124-sonic-plush9260.webp,200,image/webp,WEBP,/storage/v1/object/public/public-assets/1779819270495-7-1-25-429124-sonic-plush9260.webp,webp,PASS,1090.00 UYU
1e5b0b70-e413-4cd1-94f9-f7a77471df1f,"Harry Potter! Tuníca Wizard Gryffindor Rojo Xl",harry-potter-tunica-wizard-gryffindor-rojo-xl,https://cobtsgkwcftvexaarwmo.supabase.co/storage/v1/object/public/public-assets/ml-sync/1e5b0b70-e413-4cd1-94f9-f7a77471df1f-0-1776871095355.jpg,https://cobtsgkwcftvexaarwmo.supabase.co/storage/v1/object/public/public-assets/ml-sync/1e5b0b70-e413-4cd1-94f9-f7a77471df1f-0-1776871095355.jpg,200,image/jpeg,JPEG,/storage/v1/object/public/public-assets/ml-sync/1e5b0b70-e413-4cd1-94f9-f7a77471df1f-0-1776871095355.jpg,jpg,PASS,3390.00 UYU
cadcd72c-86fb-4682-b769-b7b287a844fe,"T-rex Grey Jurassic World Lentes De Sol Uv400 Sun Statches T-rex Grey Gris",t-rex-grey-jurassic-world-lentes-de-sol-uv400-sun-statches-t-rex-grey-gris-2987,https://collectibles.uy/catalog-images/external/http2.mlstatic.com/D_674021-MLU45678222498_042021-O.jpg,https://collectibles.uy/catalog-images/external/http2.mlstatic.com/D_674021-MLU45678222498_042021-O.jpg,200,image/jpeg,JPEG,/catalog-images/external/http2.mlstatic.com/D_674021-MLU45678222498_042021-O.jpg,jpg,PASS,1650.00 UYU
bbf7019a-7cb3-4a93-b563-d527d81064de,"Wolverine Deadpool &amp; Wolverine Marvel Legends Hasbro",wolverine-deadpool-wolverine-marvel-legends-hasbro-e3zg8,https://cobtsgkwcftvexaarwmo.supabase.co/storage/v1/object/public/public-assets/vendors/61a48094-7453-4b7f-9563-e51f184832f9/ml-curation/bbf7019a-7cb3-4a93-b563-d527d81064de-main.jpg,https://cobtsgkwcftvexaarwmo.supabase.co/storage/v1/object/public/public-assets/vendors/61a48094-7453-4b7f-9563-e51f184832f9/ml-curation/bbf7019a-7cb3-4a93-b563-d527d81064de-main.jpg,200,image/jpeg,JPEG,/storage/v1/object/public/public-assets/vendors/61a48094-7453-4b7f-9563-e51f184832f9/ml-curation/bbf7019a-7cb3-4a93-b563-d527d81064de-main.jpg,jpg,PASS,3990.00 UYU
9dc6ac6f-fee5-4ab0-a6e3-62346513f7c4,"Frozen! Camiseta Bebé Estampada ",frozen-camiseta-bebe-estampada,https://cobtsgkwcftvexaarwmo.supabase.co/storage/v1/object/public/public-assets/ml-sync/9dc6ac6f-fee5-4ab0-a6e3-62346513f7c4-0-1779316677789.jpg,https://cobtsgkwcftvexaarwmo.supabase.co/storage/v1/object/public/public-assets/ml-sync/9dc6ac6f-fee5-4ab0-a6e3-62346513f7c4-0-1779316677789.jpg,200,image/jpeg,JPEG,/storage/v1/object/public/public-assets/ml-sync/9dc6ac6f-fee5-4ab0-a6e3-62346513f7c4-0-1779316677789.jpg,jpg,PASS,150.00 UYU
3ccfaa16-b629-43dc-ad3a-67438e77e6b7,"Body De Bebes Justicie Ligue - Linterna Verde Verde 24 Meses Lisa",body-de-bebes-justicie-ligue-linterna-verde-verde-24-meses-lisa,https://cobtsgkwcftvexaarwmo.supabase.co/storage/v1/object/public/public-assets/ml-sync/3ccfaa16-b629-43dc-ad3a-67438e77e6b7-0-1776872291253.jpg,https://cobtsgkwcftvexaarwmo.supabase.co/storage/v1/object/public/public-assets/ml-sync/3ccfaa16-b629-43dc-ad3a-67438e77e6b7-0-1776872291253.jpg,200,image/jpeg,JPEG,/storage/v1/object/public/public-assets/ml-sync/3ccfaa16-b629-43dc-ad3a-67438e77e6b7-0-1776872291253.jpg,jpg,PASS,990.00 UYU
1abd979c-5360-43cc-af8c-8f006b23a2e8,"Jason Voorhees Freddy Vs Jason Ultimate Neca",jason-voorhees-freddy-vs-jason-ultimate-neca-7388,https://collectibles.uy/catalog-images/external/http2.mlstatic.com/D_670794-MLA99574275960_122025-O.jpg,https://collectibles.uy/catalog-images/external/http2.mlstatic.com/D_670794-MLA99574275960_122025-O.jpg,200,image/jpeg,JPEG,/catalog-images/external/http2.mlstatic.com/D_670794-MLA99574275960_122025-O.jpg,jpg,PASS,3990.00 UYU
57cbda50-6807-4d97-9e84-7b39403a47e8,"Son Goku Ultra Instinct Sign Dragon Ball Super Evolve Bandai",son-goku-ultra-instinct-sign-dragon-ball-super-evolve-bandai-2608,https://collectibles.uy/catalog-images/external/http2.mlstatic.com/D_955769-MLU74969350604_032024-O.jpg,https://collectibles.uy/catalog-images/external/http2.mlstatic.com/D_955769-MLU74969350604_032024-O.jpg,200,image/jpeg,JPEG,/catalog-images/external/http2.mlstatic.com/D_955769-MLU74969350604_032024-O.jpg,jpg,PASS,2190.00 UYU
8aa895b0-2366-4143-9901-32c04ad54764,"Sylveon Eevee The Pokemon Company Peluche 30cm Sylveon",sylveon-eevee-the-pokemon-company-peluche-30cm-sylveon-7788,https://collectibles.uy/catalog-images/external/http2.mlstatic.com/D_998162-MLU92312093254_092025-O.jpg,https://collectibles.uy/catalog-images/external/http2.mlstatic.com/D_998162-MLU92312093254_092025-O.jpg,200,image/jpeg,JPEG,/catalog-images/external/http2.mlstatic.com/D_998162-MLU92312093254_092025-O.jpg,jpg,PASS,2650.00 UYU
9c5c9e76-1b02-470e-8544-57b3077b3558,"Princess Leia Organa Star Wars Black Series Hasbro",princess-leia-organa-star-wars-black-series-hasbro-1254,https://collectibles.uy/catalog-images/external/http2.mlstatic.com/D_991075-MLU54227858520_032023-O.jpg,https://collectibles.uy/catalog-images/external/http2.mlstatic.com/D_991075-MLU54227858520_032023-O.jpg,200,image/jpeg,JPEG,/catalog-images/external/http2.mlstatic.com/D_991075-MLU54227858520_032023-O.jpg,jpg,PASS,2490.00 UYU
2a2b994d-d5f8-43d0-9034-98901588bf1b,"Eevee Pokemon Takara Tomy Peluche 20cm",eevee-pokemon-takara-tomy-peluche-20cm-7763,https://collectibles.uy/catalog-images/external/http2.mlstatic.com/D_836155-MLU48921074328_012022-O.jpg,https://collectibles.uy/catalog-images/external/http2.mlstatic.com/D_836155-MLU48921074328_012022-O.jpg,200,image/jpeg,JPEG,/catalog-images/external/http2.mlstatic.com/D_836155-MLU48921074328_012022-O.jpg,jpg,PASS,1390.00 UYU
56e3e853-5e68-4b40-ac77-d7b87e024fe6,"Peso Octonautas Peluche Grande 25cm",peso-octonautas-peluche-grande-25cm-1981,https://collectibles.uy/catalog-images/external/http2.mlstatic.com/D_894471-MLU46033053625_052021-O.jpg,https://collectibles.uy/catalog-images/external/http2.mlstatic.com/D_894471-MLU46033053625_052021-O.jpg,200,image/jpeg,JPEG,/catalog-images/external/http2.mlstatic.com/D_894471-MLU46033053625_052021-O.jpg,jpg,PASS,2190.00 UYU
61ec621e-206e-4be6-969b-f0f386ee03f4,"Psyduck Pokemon Wicked Cool Toys Peluche 30cm",psyduck-pokemon-wicked-cool-toys-peluche-30cm-9171,https://collectibles.uy/catalog-images/external/http2.mlstatic.com/D_859746-MLU46421427410_062021-O.jpg,https://collectibles.uy/catalog-images/external/http2.mlstatic.com/D_859746-MLU46421427410_062021-O.jpg,200,image/jpeg,JPEG,/catalog-images/external/http2.mlstatic.com/D_859746-MLU46421427410_062021-O.jpg,jpg,PASS,2650.00 UYU
5f664c1c-fdd4-4d07-89a6-ef251fea4a68,"Shiny Riolu Pokemon Jazwares Peluche 25cm Shiny Riolu",shiny-riolu-pokemon-jazwares-peluche-25cm-shiny-riolu-5510,https://collectibles.uy/catalog-images/external/http2.mlstatic.com/D_847835-MLU92718994943_092025-O.jpg,https://collectibles.uy/catalog-images/external/http2.mlstatic.com/D_847835-MLU92718994943_092025-O.jpg,200,image/jpeg,JPEG,/catalog-images/external/http2.mlstatic.com/D_847835-MLU92718994943_092025-O.jpg,jpg,PASS,1990.00 UYU
3ae3283b-3419-4d67-8ff8-c919551e6051,"Ekans The Pokemon Company Peluche 100cm",ekans-the-pokemon-company-peluche-100cm-4575,https://collectibles.uy/catalog-images/external/http2.mlstatic.com/D_645105-MLU49280203440_032022-O.jpg,https://collectibles.uy/catalog-images/external/http2.mlstatic.com/D_645105-MLU49280203440_032022-O.jpg,200,image/jpeg,JPEG,/catalog-images/external/http2.mlstatic.com/D_645105-MLU49280203440_032022-O.jpg,jpg,PASS,2990.00 UYU
273f6679-52de-40a4-a1b4-58ade8bd0c20,"Chao Mascot Tails Sonic 3 La Película Series 2 Jakks Pacific",chao-mascot-tails-sonic-3-la-pel-cula-series-2-jakks-pacific-3934,https://collectibles.uy/catalog-images/external/http2.mlstatic.com/D_831174-MLU89923189307_082025-O.jpg,https://collectibles.uy/catalog-images/external/http2.mlstatic.com/D_831174-MLU89923189307_082025-O.jpg,200,image/jpeg,JPEG,/catalog-images/external/http2.mlstatic.com/D_831174-MLU89923189307_082025-O.jpg,jpg,PASS,1190.00 UYU
27c6a3f8-c34a-46f2-b6f4-9e58cdac6e09,"Figura De Acción Articulada Aayla Secura De Star Wars Vintage Hasbro",figura-de-acci-n-articulada-aayla-secura-de-star-wars-vintage-hasbro-2992,https://collectibles.uy/catalog-images/external/http2.mlstatic.com/D_831547-MLA99508813726_112025-O.jpg,https://collectibles.uy/catalog-images/external/http2.mlstatic.com/D_831547-MLA99508813726_112025-O.jpg,200,image/jpeg,JPEG,/catalog-images/external/http2.mlstatic.com/D_831547-MLA99508813726_112025-O.jpg,jpg,PASS,2190.00 UYU
7400b98e-7ff5-4669-8570-b456064a1d8f,"The Last Ronin Unarmored Tortugas Ninja Turtles Neca",the-last-ronin-unarmored-tortugas-ninja-turtles-neca-4331,https://collectibles.uy/catalog-images/external/http2.mlstatic.com/D_634559-MLU51970205914_102022-O.jpg,https://collectibles.uy/catalog-images/external/http2.mlstatic.com/D_634559-MLU51970205914_102022-O.jpg,200,image/jpeg,JPEG,/catalog-images/external/http2.mlstatic.com/D_634559-MLU51970205914_102022-O.jpg,jpg,PASS,3990.00 UYU
4b8cd2ed-21be-4675-a4ad-cfe4f65e6be6,"Poppolio The Pokemon Company Peluche 30cm",poppolio-the-pokemon-company-peluche-30cm-2667,https://collectibles.uy/catalog-images/external/http2.mlstatic.com/D_818954-MLU47051410970_082021-O.jpg,https://collectibles.uy/catalog-images/external/http2.mlstatic.com/D_818954-MLU47051410970_082021-O.jpg,200,image/jpeg,JPEG,/catalog-images/external/http2.mlstatic.com/D_818954-MLU47051410970_082021-O.jpg,jpg,PASS,2190.00 UYU
3e026baf-c1a8-4091-9763-823cf782db17,"Figura Articulada Neca Freddy Krueger Nightmare On Elm Street Ultimate",figura-articulada-neca-freddy-krueger-nightmare-on-elm-street-ultimate-3804,https://collectibles.uy/catalog-images/external/http2.mlstatic.com/D_690469-MLA95169573874_102025-O.jpg,https://collectibles.uy/catalog-images/external/http2.mlstatic.com/D_690469-MLA95169573874_102025-O.jpg,200,image/jpeg,JPEG,/catalog-images/external/http2.mlstatic.com/D_690469-MLA95169573874_102025-O.jpg,jpg,PASS,4990.00 UYU
0dcaabd9-7ecd-4793-9a46-d8f37bce510c,"Mack 2en1 Camión Estación Tune-up Cars Disney Pixar Mattel Mack",mack-2en1-cami-n-estaci-n-tune-up-cars-disney-pixar-mattel-mack-3214,https://collectibles.uy/catalog-images/external/http2.mlstatic.com/D_745956-MLU92302092994_092025-O.jpg,https://collectibles.uy/catalog-images/external/http2.mlstatic.com/D_745956-MLU92302092994_092025-O.jpg,200,image/jpeg,JPEG,/catalog-images/external/http2.mlstatic.com/D_745956-MLU92302092994_092025-O.jpg,jpg,PASS,4990.00 UYU
210341a7-835e-4636-98ac-e821e5cee546,"Mecha Sonic The Hedgehog Dr. Eggman 10cm Jakks Pacific",mecha-sonic-the-hedgehog-dr--eggman-10cm-jakks-pacific-8834,https://collectibles.uy/catalog-images/external/http2.mlstatic.com/D_659215-MLU51315581129_082022-O.jpg,https://collectibles.uy/catalog-images/external/http2.mlstatic.com/D_659215-MLU51315581129_082022-O.jpg,200,image/jpeg,JPEG,/catalog-images/external/http2.mlstatic.com/D_659215-MLU51315581129_082022-O.jpg,jpg,PASS,4990.00 UYU
7862de52-3ba6-4583-9899-381d8b7ec6ae,"Michelangelo Mummy Universal Monsters Ninja Turtles Neca",michelangelo-mummy-universal-monsters-ninja-turtles-neca-3271,https://collectibles.uy/catalog-images/external/http2.mlstatic.com/D_953620-MLU53267046138_012023-O.jpg,https://collectibles.uy/catalog-images/external/http2.mlstatic.com/D_953620-MLU53267046138_012023-O.jpg,200,image/jpeg,JPEG,/catalog-images/external/http2.mlstatic.com/D_953620-MLU53267046138_012023-O.jpg,jpg,PASS,2650.00 UYU
5de5e45c-db6f-49aa-83c9-167a6e5d998a,"Figura De Acción Mcfarlane Toys: Superman Traje Negro De Dc Multiverse",figura-de-acci-n-mcfarlane-toys--superman-traje-negro-de-dc-multiverse-1315,https://collectibles.uy/catalog-images/external/http2.mlstatic.com/D_890445-MLA99940413795_112025-O.jpg,https://collectibles.uy/catalog-images/external/http2.mlstatic.com/D_890445-MLA99940413795_112025-O.jpg,200,image/jpeg,JPEG,/catalog-images/external/http2.mlstatic.com/D_890445-MLA99940413795_112025-O.jpg,jpg,PASS,2650.00 UYU
2ef62592-3ebd-4269-bb92-b92860f78769,"Super Saiyan God Ss Gogeta Dragon Ball Evolve Bandai",super-saiyan-god-ss-gogeta-dragon-ball-evolve-bandai-2550,https://collectibles.uy/catalog-images/external/http2.mlstatic.com/D_891157-MLU74347797751_022024-O.jpg,https://collectibles.uy/catalog-images/external/http2.mlstatic.com/D_891157-MLU74347797751_022024-O.jpg,200,image/jpeg,JPEG,/catalog-images/external/http2.mlstatic.com/D_891157-MLU74347797751_022024-O.jpg,jpg,PASS,2190.00 UYU
f5db61b0-a18c-4b80-bbae-dcbb11e3f2d5,"Alf Alien Life Form Ultimate Neca",alf-alien-life-form-ultimate-neca-9225,https://collectibles.uy/catalog-images/external/http2.mlstatic.com/D_809835-MLU54158899389_032023-O.jpg,https://collectibles.uy/catalog-images/external/http2.mlstatic.com/D_809835-MLU54158899389_032023-O.jpg,200,image/jpeg,JPEG,/catalog-images/external/http2.mlstatic.com/D_809835-MLU54158899389_032023-O.jpg,jpg,PASS,4890.00 UYU
cd36e27d-6374-4cb8-9bb4-893fbf4919c8,"Pokémon 24 Mini Figuras Incluye Pikachu + 1 Sobre De Cartas",pok-mon-24-mini-figuras-incluye-pikachu---1-sobre-de-cartas-3691,https://collectibles.uy/catalog-images/external/http2.mlstatic.com/D_887586-MLU106813078759_022026-O.jpg,https://collectibles.uy/catalog-images/external/http2.mlstatic.com/D_887586-MLU106813078759_022026-O.jpg,200,image/jpeg,JPEG,/catalog-images/external/http2.mlstatic.com/D_887586-MLU106813078759_022026-O.jpg,jpg,PASS,1390.00 UYU
2d84e6e3-a66a-4a20-9293-84db64de5f58,"The Last Ronin Armored Tortugas Ninja Turtles Neca",the-last-ronin-armored-tortugas-ninja-turtles-neca-4309,https://collectibles.uy/catalog-images/external/http2.mlstatic.com/D_955926-MLU52614538445_112022-O.jpg,https://collectibles.uy/catalog-images/external/http2.mlstatic.com/D_955926-MLU52614538445_112022-O.jpg,200,image/jpeg,JPEG,/catalog-images/external/http2.mlstatic.com/D_955926-MLU52614538445_112022-O.jpg,jpg,PASS,3990.00 UYU
d1394be0-cb9a-4ff8-a909-49fb014ffa28,"Shadow Motocicleta Sonic 3 La Película Jakks Pacific",shadow-motocicleta-sonic-3-la-pel-cula-jakks-pacific-8919,https://collectibles.uy/catalog-images/external/http2.mlstatic.com/D_708668-MLU79537586356_102024-O.jpg,https://collectibles.uy/catalog-images/external/http2.mlstatic.com/D_708668-MLU79537586356_102024-O.jpg,200,image/jpeg,JPEG,/catalog-images/external/http2.mlstatic.com/D_708668-MLU79537586356_102024-O.jpg,jpg,PASS,5990.00 UYU
ff9d1bf8-213f-4415-87d7-bca8f79ffcf0,"Figura De Acción Angela Neca De Gárgolas Articulada 18 Cm",figura-de-acci-n-angela-neca-de-g-rgolas-articulada-18-cm-4337,https://collectibles.uy/catalog-images/external/http2.mlstatic.com/D_812265-MLA100049873595_122025-O.jpg,https://collectibles.uy/catalog-images/external/http2.mlstatic.com/D_812265-MLA100049873595_122025-O.jpg,200,image/jpeg,JPEG,/catalog-images/external/http2.mlstatic.com/D_812265-MLA100049873595_122025-O.jpg,jpg,PASS,5990.00 UYU
2c039570-b9e3-4ead-acd1-4c39e4f80007,"Miles Morales Spiderman Across Spider-verse Disfraz Jazwares Miles Morales S",miles-morales-spiderman-across-spider-verse-disfraz-jazwares-miles-morales-s-6083,https://collectibles.uy/catalog-images/external/http2.mlstatic.com/D_675521-MLU92302065918_092025-O.jpg,https://collectibles.uy/catalog-images/external/http2.mlstatic.com/D_675521-MLU92302065918_092025-O.jpg,200,image/jpeg,JPEG,/catalog-images/external/http2.mlstatic.com/D_675521-MLU92302065918_092025-O.jpg,jpg,PASS,2990.00 UYU
75089b6b-e8b5-4057-98b8-5aea0ea63adc,"Snorlax Pokemon Center Peluche 20cm",snorlax-pokemon-center-peluche-20cm-9964,https://collectibles.uy/catalog-images/external/http2.mlstatic.com/D_718042-MLU49407239648_032022-O.jpg,https://collectibles.uy/catalog-images/external/http2.mlstatic.com/D_718042-MLU49407239648_032022-O.jpg,200,image/jpeg,JPEG,/catalog-images/external/http2.mlstatic.com/D_718042-MLU49407239648_032022-O.jpg,jpg,PASS,1390.00 UYU
3c7e8599-08df-4ecb-94f1-957775c0e05e,"Peluche Demon Slayer Tanjiro 27 Cm Verde Oscuro",peluche-demon-slayer-tanjiro-27-cm-verde-oscuro,https://cobtsgkwcftvexaarwmo.supabase.co/storage/v1/object/public/public-assets/ml-sync/3c7e8599-08df-4ecb-94f1-957775c0e05e-0-1776871326093.jpg,https://cobtsgkwcftvexaarwmo.supabase.co/storage/v1/object/public/public-assets/ml-sync/3c7e8599-08df-4ecb-94f1-957775c0e05e-0-1776871326093.jpg,200,image/jpeg,JPEG,/storage/v1/object/public/public-assets/ml-sync/3c7e8599-08df-4ecb-94f1-957775c0e05e-0-1776871326093.jpg,jpg,PASS,1890.00 UYU
eb0c5eb4-32d8-4ea0-9f99-f6897a0f4459,"Iron Man Proton Cannon Marvel Legends Hasbro",iron-man-proton-cannon-marvel-legends-hasbro-lld3w,https://cobtsgkwcftvexaarwmo.supabase.co/storage/v1/object/public/public-assets/vendors/61a48094-7453-4b7f-9563-e51f184832f9/ml-curation/eb0c5eb4-32d8-4ea0-9f99-f6897a0f4459-main.jpg,https://cobtsgkwcftvexaarwmo.supabase.co/storage/v1/object/public/public-assets/vendors/61a48094-7453-4b7f-9563-e51f184832f9/ml-curation/eb0c5eb4-32d8-4ea0-9f99-f6897a0f4459-main.jpg,200,image/jpeg,JPEG,/storage/v1/object/public/public-assets/vendors/61a48094-7453-4b7f-9563-e51f184832f9/ml-curation/eb0c5eb4-32d8-4ea0-9f99-f6897a0f4459-main.jpg,jpg,PASS,7990.00 UYU
35e3c4f7-9cde-4ab2-914c-e241df062755,"Cars 3 Florida 500 Piston Cup Race Disney Pixar Mattel Lightning Mcqueen, Mater, Cruz Ramirez, Jackson Storm,mack",cars-3-florida-500-piston-cup-race-disney-pixar-mattel-lightning-mcqueen--mater--cruz-ramirez--jackson-storm-mack-3954,https://collectibles.uy/catalog-images/external/http2.mlstatic.com/D_969638-MLU92302052868_092025-O.jpg,https://collectibles.uy/catalog-images/external/http2.mlstatic.com/D_969638-MLU92302052868_092025-O.jpg,200,image/jpeg,JPEG,/catalog-images/external/http2.mlstatic.com/D_969638-MLU92302052868_092025-O.jpg,jpg,PASS,4990.00 UYU
32ada309-b7c9-482a-84a4-7b79b8e99139,"Super Saiyan Trunks Dragon Ball Evolve Bandai",super-saiyan-trunks-dragon-ball-evolve-bandai-4395,https://collectibles.uy/catalog-images/external/http2.mlstatic.com/D_602357-MLU74322184996_022024-O.jpg,https://collectibles.uy/catalog-images/external/http2.mlstatic.com/D_602357-MLU74322184996_022024-O.jpg,200,image/jpeg,JPEG,/catalog-images/external/http2.mlstatic.com/D_602357-MLU74322184996_022024-O.jpg,jpg,PASS,2190.00 UYU
5e304c85-c359-40a0-ac41-f751d952381a,"Don&apos;t Talk To Strangers Juego De Mesa Cryptozoic",don-t-talk-to-strangers-juego-de-mesa-cryptozoic-2275,https://collectibles.uy/catalog-images/external/http2.mlstatic.com/D_824389-MLU54013137869_022023-O.jpg,https://collectibles.uy/catalog-images/external/http2.mlstatic.com/D_824389-MLU54013137869_022023-O.jpg,200,image/jpeg,JPEG,/catalog-images/external/http2.mlstatic.com/D_824389-MLU54013137869_022023-O.jpg,jpg,PASS,2490.00 UYU
c0462006-4fa9-479a-9e0d-68bd23b8e243,"Super Sonic 3 La Película Series 2 Jakks Pacific",super-sonic-3-la-pel-cula-series-2-jakks-pacific-5036,https://collectibles.uy/catalog-images/external/http2.mlstatic.com/D_934695-MLU82480313204_022025-O.jpg,https://collectibles.uy/catalog-images/external/http2.mlstatic.com/D_934695-MLU82480313204_022025-O.jpg,200,image/jpeg,JPEG,/catalog-images/external/http2.mlstatic.com/D_934695-MLU82480313204_022025-O.jpg,jpg,PASS,3990.00 UYU
1d84ff42-655e-48a0-9ff2-1ba2018bda4c,"Batman The Adventures Continue Dc Collectibles",batman-the-adventures-continue-dc-collectibles-1982,https://collectibles.uy/catalog-images/external/http2.mlstatic.com/D_771463-MLU45541482681_042021-O.jpg,https://collectibles.uy/catalog-images/external/http2.mlstatic.com/D_771463-MLU45541482681_042021-O.jpg,200,image/jpeg,JPEG,/catalog-images/external/http2.mlstatic.com/D_771463-MLU45541482681_042021-O.jpg,jpg,PASS,5990.00 UYU
0f307df1-ff14-4ced-82e5-3d8cbc3d2b29,"The Sentry Marvel Legends Hasbro",the-sentry-marvel-legends-hasbro-5ax6l,https://cobtsgkwcftvexaarwmo.supabase.co/storage/v1/object/public/public-assets/vendors/61a48094-7453-4b7f-9563-e51f184832f9/ml-curation/0f307df1-ff14-4ced-82e5-3d8cbc3d2b29-main.jpg,https://cobtsgkwcftvexaarwmo.supabase.co/storage/v1/object/public/public-assets/vendors/61a48094-7453-4b7f-9563-e51f184832f9/ml-curation/0f307df1-ff14-4ced-82e5-3d8cbc3d2b29-main.jpg,200,image/jpeg,JPEG,/storage/v1/object/public/public-assets/vendors/61a48094-7453-4b7f-9563-e51f184832f9/ml-curation/0f307df1-ff14-4ced-82e5-3d8cbc3d2b29-main.jpg,jpg,PASS,3990.00 UYU
8f141158-601b-4dc5-ab32-6509e9012533,"Trunks Infinite Latent Super Power Dragon Ball Z Figuarts",trunks-infinite-latent-super-power-dragon-ball-z-figuarts-4198,https://collectibles.uy/catalog-images/external/http2.mlstatic.com/D_605870-MLU78668291532_092024-O.jpg,https://collectibles.uy/catalog-images/external/http2.mlstatic.com/D_605870-MLU78668291532_092024-O.jpg,200,image/jpeg,JPEG,/catalog-images/external/http2.mlstatic.com/D_605870-MLU78668291532_092024-O.jpg,jpg,PASS,3990.00 UYU
945695e4-a2b4-4c93-8afb-f49ef4e2231e,"Deadpool &amp; Wolverine Película Marvel Legends Hasbro",deadpool---wolverine-pel-cula-marvel-legends-hasbro-2458,https://collectibles.uy/catalog-images/external/http2.mlstatic.com/D_721625-MLU82270622965_022025-O.jpg,https://collectibles.uy/catalog-images/external/http2.mlstatic.com/D_721625-MLU82270622965_022025-O.jpg,200,image/jpeg,JPEG,/catalog-images/external/http2.mlstatic.com/D_721625-MLU82270622965_022025-O.jpg,jpg,PASS,5990.00 UYU
adbdb185-6301-4698-99b2-f653be8cadb8,"Raichu Pokemon Jazwares Peluche 30cm",raichu-pokemon-jazwares-peluche-30cm-4207,https://collectibles.uy/catalog-images/external/http2.mlstatic.com/D_663813-MLU48825244931_012022-O.jpg,https://collectibles.uy/catalog-images/external/http2.mlstatic.com/D_663813-MLU48825244931_012022-O.jpg,200,image/jpeg,JPEG,/catalog-images/external/http2.mlstatic.com/D_663813-MLU48825244931_012022-O.jpg,jpg,PASS,2650.00 UYU
5e0120c0-dcf8-4a34-b976-1b2d9568587d,"50 SOBRES DE FIGURITAS MUNDIAL 2026",10-sobres-de-figuritas-mundial-2026--copia-6926-copia-8343-copia-2101,https://cobtsgkwcftvexaarwmo.supabase.co/storage/v1/object/public/public-assets/1779846163118-50-sobresmundial2026.jpg,https://cobtsgkwcftvexaarwmo.supabase.co/storage/v1/object/public/public-assets/1779846163118-50-sobresmundial2026.jpg,200,image/jpeg,JPEG,/storage/v1/object/public/public-assets/1779846163118-50-sobresmundial2026.jpg,jpg,PASS,3000.00 UYU
b730d76e-e42e-45d1-92a5-37b4d140dda2,"Majorette! Autos S.o.s Cars",majorette-autos-s-o-s-cars,https://cobtsgkwcftvexaarwmo.supabase.co/storage/v1/object/public/public-assets/ml-sync/b730d76e-e42e-45d1-92a5-37b4d140dda2-0-1776871130319.jpg,https://cobtsgkwcftvexaarwmo.supabase.co/storage/v1/object/public/public-assets/ml-sync/b730d76e-e42e-45d1-92a5-37b4d140dda2-0-1776871130319.jpg,200,image/jpeg,JPEG,/storage/v1/object/public/public-assets/ml-sync/b730d76e-e42e-45d1-92a5-37b4d140dda2-0-1776871130319.jpg,jpg,PASS,290.00 UYU
fffeb42c-392a-48e3-ad60-cfa9b0efa2ae,"Zoroark Pokemon Moncolle Ex Takara Tomy Ms 18",zoroark-pokemon-moncolle-ex-takara-tomy-ms-18-4305,https://collectibles.uy/catalog-images/external/http2.mlstatic.com/D_792505-MLU81911461461_012025-O.jpg,https://collectibles.uy/catalog-images/external/http2.mlstatic.com/D_792505-MLU81911461461_012025-O.jpg,200,image/jpeg,JPEG,/catalog-images/external/http2.mlstatic.com/D_792505-MLU81911461461_012025-O.jpg,jpg,PASS,1390.00 UYU
bb863307-5b2d-4676-b81c-c7a0427764ed,"April O´neal Tortugas Ninja Turtles Ultimates Wave3 Super7",april-o-neal-tortugas-ninja-turtles-ultimates-wave3-super7-6468,https://collectibles.uy/catalog-images/external/http2.mlstatic.com/D_955239-MLU47036689017_082021-O.jpg,https://collectibles.uy/catalog-images/external/http2.mlstatic.com/D_955239-MLU47036689017_082021-O.jpg,200,image/jpeg,JPEG,/catalog-images/external/http2.mlstatic.com/D_955239-MLU47036689017_082021-O.jpg,jpg,PASS,4990.00 UYU
0b3b2a85-52ec-494e-922a-0969fdee46ad,"Funko Pop! Superman #557",funko-pop-superman-557,https://cobtsgkwcftvexaarwmo.supabase.co/storage/v1/object/public/public-assets/ml-sync/0b3b2a85-52ec-494e-922a-0969fdee46ad-0-1776872310230.jpg,https://cobtsgkwcftvexaarwmo.supabase.co/storage/v1/object/public/public-assets/ml-sync/0b3b2a85-52ec-494e-922a-0969fdee46ad-0-1776872310230.jpg,200,image/jpeg,JPEG,/storage/v1/object/public/public-assets/ml-sync/0b3b2a85-52ec-494e-922a-0969fdee46ad-0-1776872310230.jpg,jpg,PASS,1690.00 UYU
28fce903-29f8-4cc1-af66-19e5b61b583b,"Pipes Transformers Generations War For Cybertron Wfc-k32",pipes-transformers-generations-war-for-cybertron-wfc-k32-3709,https://collectibles.uy/catalog-images/external/http2.mlstatic.com/D_627204-MLU54370951946_032023-O.jpg,https://collectibles.uy/catalog-images/external/http2.mlstatic.com/D_627204-MLU54370951946_032023-O.jpg,200,image/jpeg,JPEG,/catalog-images/external/http2.mlstatic.com/D_627204-MLU54370951946_032023-O.jpg,jpg,PASS,3990.00 UYU
19446f97-109c-4e28-9269-cf2ef2328cfd,"Rescue Avengers Endgame Hot Toys Mms538d32",rescue-avengers-endgame-hot-toys-mms538d32-2657,https://collectibles.uy/catalog-images/external/http2.mlstatic.com/D_929612-MLU74776422973_022024-O.jpg,https://collectibles.uy/catalog-images/external/http2.mlstatic.com/D_929612-MLU74776422973_022024-O.jpg,200,image/jpeg,JPEG,/catalog-images/external/http2.mlstatic.com/D_929612-MLU74776422973_022024-O.jpg,jpg,PASS,36500.00 UYU
448e43b0-bd20-4df9-8c90-14932027d7e4,"Hammerhead Spiderman Marvel Legends Hasbro",hammerhead-spiderman-marvel-legends-hasbro-n986s,https://cobtsgkwcftvexaarwmo.supabase.co/storage/v1/object/public/public-assets/vendors/61a48094-7453-4b7f-9563-e51f184832f9/ml-curation/448e43b0-bd20-4df9-8c90-14932027d7e4-main.jpg,https://cobtsgkwcftvexaarwmo.supabase.co/storage/v1/object/public/public-assets/vendors/61a48094-7453-4b7f-9563-e51f184832f9/ml-curation/448e43b0-bd20-4df9-8c90-14932027d7e4-main.jpg,200,image/jpeg,JPEG,/storage/v1/object/public/public-assets/vendors/61a48094-7453-4b7f-9563-e51f184832f9/ml-curation/448e43b0-bd20-4df9-8c90-14932027d7e4-main.jpg,jpg,PASS,3990.00 UYU
e0ec4945-4ae5-4ade-b0c7-496a5a4c15c0,"Rockin&apos; Robin Squawk Stranger Things Funko Pop Town 50",rockin--robin-squawk-stranger-things-funko-pop-town-50-6563,https://collectibles.uy/catalog-images/external/http2.mlstatic.com/D_632134-MLU112465947326_062026-O.jpg,https://collectibles.uy/catalog-images/external/http2.mlstatic.com/D_632134-MLU112465947326_062026-O.jpg,200,image/jpeg,JPEG,/catalog-images/external/http2.mlstatic.com/D_632134-MLU112465947326_062026-O.jpg,jpg,PASS,4990.00 UYU
133f5e6c-f9df-4e62-819d-dd549ba71169,"Multiverse Suicide Squad Deadshot 9 Action Figure",multiverse-suicide-squad-deadshot-9-action-figure-2,https://cobtsgkwcftvexaarwmo.supabase.co/storage/v1/object/public/public-assets/ml-sync/133f5e6c-f9df-4e62-819d-dd549ba71169-0-1776870872783.jpg,https://cobtsgkwcftvexaarwmo.supabase.co/storage/v1/object/public/public-assets/ml-sync/133f5e6c-f9df-4e62-819d-dd549ba71169-0-1776870872783.jpg,200,image/jpeg,JPEG,/storage/v1/object/public/public-assets/ml-sync/133f5e6c-f9df-4e62-819d-dd549ba71169-0-1776870872783.jpg,jpg,PASS,2000.00 UYU
5e661789-8f0f-4dea-891c-d60bf7fe6199,"Funko Pop! Doctor Strange In The Multiverse - America Chavez",funko-pop-doctor-strange-in-the-multiverse-america-chavez-2,https://cobtsgkwcftvexaarwmo.supabase.co/storage/v1/object/public/public-assets/ml-sync/5e661789-8f0f-4dea-891c-d60bf7fe6199-0-1779316493226.jpg,https://cobtsgkwcftvexaarwmo.supabase.co/storage/v1/object/public/public-assets/ml-sync/5e661789-8f0f-4dea-891c-d60bf7fe6199-0-1779316493226.jpg,200,image/jpeg,JPEG,/storage/v1/object/public/public-assets/ml-sync/5e661789-8f0f-4dea-891c-d60bf7fe6199-0-1779316493226.jpg,jpg,PASS,1090.00 UYU
18fa9d80-8316-4bcc-90a0-6308be81d468,"Suicide Squad! Figure Boomerang ",suicide-squad-figure-boomerang,https://cobtsgkwcftvexaarwmo.supabase.co/storage/v1/object/public/public-assets/ml-sync/18fa9d80-8316-4bcc-90a0-6308be81d468-0-1779316111274.jpg,https://cobtsgkwcftvexaarwmo.supabase.co/storage/v1/object/public/public-assets/ml-sync/18fa9d80-8316-4bcc-90a0-6308be81d468-0-1779316111274.jpg,200,image/jpeg,JPEG,/storage/v1/object/public/public-assets/ml-sync/18fa9d80-8316-4bcc-90a0-6308be81d468-0-1779316111274.jpg,jpg,PASS,1500.00 UYU
7b945000-d43d-4319-81fd-2c471137b123,"Vulture Spiderman Homecoming Marvel Legends Hasbro",vulture-spiderman-homecoming-marvel-legends-hasbro-dm8ze,https://cobtsgkwcftvexaarwmo.supabase.co/storage/v1/object/public/public-assets/vendors/61a48094-7453-4b7f-9563-e51f184832f9/ml-curation/7b945000-d43d-4319-81fd-2c471137b123-main.jpg,https://cobtsgkwcftvexaarwmo.supabase.co/storage/v1/object/public/public-assets/vendors/61a48094-7453-4b7f-9563-e51f184832f9/ml-curation/7b945000-d43d-4319-81fd-2c471137b123-main.jpg,200,image/jpeg,JPEG,/storage/v1/object/public/public-assets/vendors/61a48094-7453-4b7f-9563-e51f184832f9/ml-curation/7b945000-d43d-4319-81fd-2c471137b123-main.jpg,jpg,PASS,5990.00 UYU
9577c44d-cece-4d7b-9b69-e894c00e1ac8,"Funko Pop! Mopeez Suicide Squad Katana Negro",funko-pop-mopeez-suicide-squad-katana-negro,https://cobtsgkwcftvexaarwmo.supabase.co/storage/v1/object/public/public-assets/ml-sync/9577c44d-cece-4d7b-9b69-e894c00e1ac8-0-1776871170406.jpg,https://cobtsgkwcftvexaarwmo.supabase.co/storage/v1/object/public/public-assets/ml-sync/9577c44d-cece-4d7b-9b69-e894c00e1ac8-0-1776871170406.jpg,200,image/jpeg,JPEG,/storage/v1/object/public/public-assets/ml-sync/9577c44d-cece-4d7b-9b69-e894c00e1ac8-0-1776871170406.jpg,jpg,PASS,380.00 UYU
b8a762cf-96c8-427c-8fad-8832613971e2,"Talia Al Ghul Batman The Animated Series Dc Collectibles 33",talia-al-ghul-batman-the-animated-series-dc-collectibles-33-5221,https://collectibles.uy/catalog-images/external/http2.mlstatic.com/D_811139-MLU45550010450_042021-O.jpg,https://collectibles.uy/catalog-images/external/http2.mlstatic.com/D_811139-MLU45550010450_042021-O.jpg,200,image/jpeg,JPEG,/catalog-images/external/http2.mlstatic.com/D_811139-MLU45550010450_042021-O.jpg,jpg,PASS,5990.00 UYU
6b1b398a-e836-42c7-a000-2439d6bc1a77,"Miles Morales Spiderman Series Marvel Legends Hasbro",miles-morales-spiderman-series-marvel-legends-hasbro-0nx4r,https://cobtsgkwcftvexaarwmo.supabase.co/storage/v1/object/public/public-assets/vendors/61a48094-7453-4b7f-9563-e51f184832f9/ml-curation/6b1b398a-e836-42c7-a000-2439d6bc1a77-main.jpg,https://cobtsgkwcftvexaarwmo.supabase.co/storage/v1/object/public/public-assets/vendors/61a48094-7453-4b7f-9563-e51f184832f9/ml-curation/6b1b398a-e836-42c7-a000-2439d6bc1a77-main.jpg,200,image/jpeg,JPEG,/storage/v1/object/public/public-assets/vendors/61a48094-7453-4b7f-9563-e51f184832f9/ml-curation/6b1b398a-e836-42c7-a000-2439d6bc1a77-main.jpg,jpg,PASS,2990.00 UYU
5d7a7570-8749-4ecd-ab44-f5c28872f56a,"Figgyz Pop! Magnet Street Fighter - Blanka",figgyz-pop-magnet-street-fighter-blanka,https://cobtsgkwcftvexaarwmo.supabase.co/storage/v1/object/public/public-assets/ml-sync/5d7a7570-8749-4ecd-ab44-f5c28872f56a-0-1776872291176.jpg,https://cobtsgkwcftvexaarwmo.supabase.co/storage/v1/object/public/public-assets/ml-sync/5d7a7570-8749-4ecd-ab44-f5c28872f56a-0-1776872291176.jpg,200,image/jpeg,JPEG,/storage/v1/object/public/public-assets/ml-sync/5d7a7570-8749-4ecd-ab44-f5c28872f56a-0-1776872291176.jpg,jpg,PASS,990.00 UYU
619178f4-f9e5-4194-b0c9-e401dcdbff5e,"Funko Pop! The Eternals -  Phastos",funko-pop-the-eternals-phastos,https://cobtsgkwcftvexaarwmo.supabase.co/storage/v1/object/public/public-assets/ml-sync/619178f4-f9e5-4194-b0c9-e401dcdbff5e-0-1776870835239.jpg,https://cobtsgkwcftvexaarwmo.supabase.co/storage/v1/object/public/public-assets/ml-sync/619178f4-f9e5-4194-b0c9-e401dcdbff5e-0-1776870835239.jpg,200,image/jpeg,JPEG,/storage/v1/object/public/public-assets/ml-sync/619178f4-f9e5-4194-b0c9-e401dcdbff5e-0-1776870835239.jpg,jpg,PASS,550.00 UYU
c885a8a4-b3e4-4ee8-9c31-c1c0e94253dd,"Ghostbusters 2021 Plasma Series - Trevor",ghostbusters-2021-plasma-series-trevor,https://cobtsgkwcftvexaarwmo.supabase.co/storage/v1/object/public/public-assets/ml-sync/c885a8a4-b3e4-4ee8-9c31-c1c0e94253dd-0-1779316266782.jpg,https://cobtsgkwcftvexaarwmo.supabase.co/storage/v1/object/public/public-assets/ml-sync/c885a8a4-b3e4-4ee8-9c31-c1c0e94253dd-0-1779316266782.jpg,200,image/jpeg,JPEG,/storage/v1/object/public/public-assets/ml-sync/c885a8a4-b3e4-4ee8-9c31-c1c0e94253dd-0-1779316266782.jpg,jpg,PASS,1390.00 UYU
6335781c-7a29-4e48-93c3-9f5f5c0d3a24,"Funko Pop1 Skibidi Toilet - Cameraman #1956",funko-pop1-skibidi-toilet-cameraman-1956,https://cobtsgkwcftvexaarwmo.supabase.co/storage/v1/object/public/public-assets/ml-sync/6335781c-7a29-4e48-93c3-9f5f5c0d3a24-0-1776872304163.jpg,https://cobtsgkwcftvexaarwmo.supabase.co/storage/v1/object/public/public-assets/ml-sync/6335781c-7a29-4e48-93c3-9f5f5c0d3a24-0-1776872304163.jpg,200,image/jpeg,JPEG,/storage/v1/object/public/public-assets/ml-sync/6335781c-7a29-4e48-93c3-9f5f5c0d3a24-0-1776872304163.jpg,jpg,PASS,1090.00 UYU
87248cd0-7041-4563-ba93-bbf8118fc0d3,"Plushies! Toki Doki- Strawberry Milk (small)",plushies-toki-doki-strawberry-milk-small,https://cobtsgkwcftvexaarwmo.supabase.co/storage/v1/object/public/public-assets/ml-sync/87248cd0-7041-4563-ba93-bbf8118fc0d3-0-1779316081786.jpg,https://cobtsgkwcftvexaarwmo.supabase.co/storage/v1/object/public/public-assets/ml-sync/87248cd0-7041-4563-ba93-bbf8118fc0d3-0-1779316081786.jpg,200,image/jpeg,JPEG,/storage/v1/object/public/public-assets/ml-sync/87248cd0-7041-4563-ba93-bbf8118fc0d3-0-1779316081786.jpg,jpg,PASS,965.00 UYU
6eefd5ee-c452-44ef-9100-6163db332e4c,"A.i.m Sciencist Supreme Marvel Legends Xenmu Baf Hasbro",a-i-m-sciencist-supreme-marvel-legends-xenmu-baf-hasbro-paqdo,https://cobtsgkwcftvexaarwmo.supabase.co/storage/v1/object/public/public-assets/vendors/61a48094-7453-4b7f-9563-e51f184832f9/ml-curation/6eefd5ee-c452-44ef-9100-6163db332e4c-main.jpg,https://cobtsgkwcftvexaarwmo.supabase.co/storage/v1/object/public/public-assets/vendors/61a48094-7453-4b7f-9563-e51f184832f9/ml-curation/6eefd5ee-c452-44ef-9100-6163db332e4c-main.jpg,200,image/jpeg,JPEG,/storage/v1/object/public/public-assets/vendors/61a48094-7453-4b7f-9563-e51f184832f9/ml-curation/6eefd5ee-c452-44ef-9100-6163db332e4c-main.jpg,jpg,PASS,2990.00 UYU
3b61201c-2a47-4f45-a0e8-bb267cd36b84,"Funko Pop! Marvel: The Eternals Phastos",funko-pop-marvel-the-eternals-phastos,https://cobtsgkwcftvexaarwmo.supabase.co/storage/v1/object/public/public-assets/ml-sync/3b61201c-2a47-4f45-a0e8-bb267cd36b84-0-1779316641341.jpg,https://cobtsgkwcftvexaarwmo.supabase.co/storage/v1/object/public/public-assets/ml-sync/3b61201c-2a47-4f45-a0e8-bb267cd36b84-0-1779316641341.jpg,200,image/jpeg,JPEG,/storage/v1/object/public/public-assets/ml-sync/3b61201c-2a47-4f45-a0e8-bb267cd36b84-0-1779316641341.jpg,jpg,PASS,550.00 UYU
b8d2a891-f6fb-4115-8722-34c896efbc2d,"Suicide Squad! Figure Boomerang",suicide-squad-figure-boomerang-2,https://cobtsgkwcftvexaarwmo.supabase.co/storage/v1/object/public/public-assets/ml-sync/b8d2a891-f6fb-4115-8722-34c896efbc2d-0-1776870726448.jpg,https://cobtsgkwcftvexaarwmo.supabase.co/storage/v1/object/public/public-assets/ml-sync/b8d2a891-f6fb-4115-8722-34c896efbc2d-0-1776870726448.jpg,200,image/jpeg,JPEG,/storage/v1/object/public/public-assets/ml-sync/b8d2a891-f6fb-4115-8722-34c896efbc2d-0-1776870726448.jpg,jpg,PASS,1500.00 UYU
0600a389-d470-4917-9c49-ed046c50dfe3,"Disney! Body Goofy",disney-body-goofy,https://cobtsgkwcftvexaarwmo.supabase.co/storage/v1/object/public/public-assets/ml-sync/0600a389-d470-4917-9c49-ed046c50dfe3-0-1779316459415.jpg,https://cobtsgkwcftvexaarwmo.supabase.co/storage/v1/object/public/public-assets/ml-sync/0600a389-d470-4917-9c49-ed046c50dfe3-0-1779316459415.jpg,200,image/jpeg,JPEG,/storage/v1/object/public/public-assets/ml-sync/0600a389-d470-4917-9c49-ed046c50dfe3-0-1779316459415.jpg,jpg,PASS,990.00 UYU
dd6b9eda-333f-42b5-a0ef-94dcef5fe548,"Street Fighter 2 Repli Cade Mini Arcade New Wave Toys",street-fighter-2-repli-cade-mini-arcade-new-wave-toys-1174,https://collectibles.uy/catalog-images/external/http2.mlstatic.com/D_905589-MLU75206132416_032024-O.jpg,https://collectibles.uy/catalog-images/external/http2.mlstatic.com/D_905589-MLU75206132416_032024-O.jpg,200,image/jpeg,JPEG,/catalog-images/external/http2.mlstatic.com/D_905589-MLU75206132416_032024-O.jpg,jpg,PASS,990.00 UYU
6fca609c-977d-463d-ada4-3eb24572170f,"The Simpsons! Plushies 10.5 Homero Color Azul Acero",the-simpsons-plushies-10-5-homero-color-azul-acero,https://cobtsgkwcftvexaarwmo.supabase.co/storage/v1/object/public/public-assets/ml-sync/6fca609c-977d-463d-ada4-3eb24572170f-0-1776871191324.jpg,https://cobtsgkwcftvexaarwmo.supabase.co/storage/v1/object/public/public-assets/ml-sync/6fca609c-977d-463d-ada4-3eb24572170f-0-1776871191324.jpg,200,image/jpeg,JPEG,/storage/v1/object/public/public-assets/ml-sync/6fca609c-977d-463d-ada4-3eb24572170f-0-1776871191324.jpg,jpg,PASS,1200.00 UYU
64c7d513-efd7-46d7-bdc1-e5687790098c,"Gorr Thor God Of Thunder Marvel Legends Amazon Exclusive",gorr-thor-god-of-thunder-marvel-legends-amazon-exclusive-d0up4,https://cobtsgkwcftvexaarwmo.supabase.co/storage/v1/object/public/public-assets/vendors/61a48094-7453-4b7f-9563-e51f184832f9/ml-curation/64c7d513-efd7-46d7-bdc1-e5687790098c-main.jpg,https://cobtsgkwcftvexaarwmo.supabase.co/storage/v1/object/public/public-assets/vendors/61a48094-7453-4b7f-9563-e51f184832f9/ml-curation/64c7d513-efd7-46d7-bdc1-e5687790098c-main.jpg,200,image/jpeg,JPEG,/storage/v1/object/public/public-assets/vendors/61a48094-7453-4b7f-9563-e51f184832f9/ml-curation/64c7d513-efd7-46d7-bdc1-e5687790098c-main.jpg,jpg,PASS,5990.00 UYU
34cc4821-b38e-48b8-b799-0d00d2bb266a,"Funko Pop! Chainsaw-man - Power",funko-pop-chainsaw-man-power,https://cobtsgkwcftvexaarwmo.supabase.co/storage/v1/object/public/public-assets/ml-sync/34cc4821-b38e-48b8-b799-0d00d2bb266a-0-1776871053309.jpg,https://cobtsgkwcftvexaarwmo.supabase.co/storage/v1/object/public/public-assets/ml-sync/34cc4821-b38e-48b8-b799-0d00d2bb266a-0-1776871053309.jpg,200,image/jpeg,JPEG,/storage/v1/object/public/public-assets/ml-sync/34cc4821-b38e-48b8-b799-0d00d2bb266a-0-1776871053309.jpg,jpg,PASS,1090.00 UYU
a80069d0-8eb2-4dea-a387-a0183a2a7312,"Funko Marvel Collectors Corps Box - Marvel Studios 10 Theme",funko-marvel-collectors-corps-box-marvel-studios-10-theme,https://cobtsgkwcftvexaarwmo.supabase.co/storage/v1/object/public/public-assets/ml-sync/a80069d0-8eb2-4dea-a387-a0183a2a7312-0-1779316019422.jpg,https://cobtsgkwcftvexaarwmo.supabase.co/storage/v1/object/public/public-assets/ml-sync/a80069d0-8eb2-4dea-a387-a0183a2a7312-0-1779316019422.jpg,200,image/jpeg,JPEG,/storage/v1/object/public/public-assets/ml-sync/a80069d0-8eb2-4dea-a387-a0183a2a7312-0-1779316019422.jpg,jpg,PASS,1990.00 UYU
4af9b502-9a5a-43e7-ac8d-c82d6f8038e7,"Spiderman 2099 Retro Marvel Legends Hasbro",spiderman-2099-retro-marvel-legends-hasbro-ei5fn,https://cobtsgkwcftvexaarwmo.supabase.co/storage/v1/object/public/public-assets/vendors/61a48094-7453-4b7f-9563-e51f184832f9/ml-curation/4af9b502-9a5a-43e7-ac8d-c82d6f8038e7-main.jpg,https://cobtsgkwcftvexaarwmo.supabase.co/storage/v1/object/public/public-assets/vendors/61a48094-7453-4b7f-9563-e51f184832f9/ml-curation/4af9b502-9a5a-43e7-ac8d-c82d6f8038e7-main.jpg,200,image/jpeg,JPEG,/storage/v1/object/public/public-assets/vendors/61a48094-7453-4b7f-9563-e51f184832f9/ml-curation/4af9b502-9a5a-43e7-ac8d-c82d6f8038e7-main.jpg,jpg,PASS,4990.00 UYU
221f6f12-796a-4bbf-b053-503a191c7acd,"Plushies! Toki Doki- Cora Mermicorno (small)",plushies-toki-doki-cora-mermicorno-small,https://cobtsgkwcftvexaarwmo.supabase.co/storage/v1/object/public/public-assets/ml-sync/221f6f12-796a-4bbf-b053-503a191c7acd-0-1779316013986.jpg,https://cobtsgkwcftvexaarwmo.supabase.co/storage/v1/object/public/public-assets/ml-sync/221f6f12-796a-4bbf-b053-503a191c7acd-0-1779316013986.jpg,200,image/jpeg,JPEG,/storage/v1/object/public/public-assets/ml-sync/221f6f12-796a-4bbf-b053-503a191c7acd-0-1779316013986.jpg,jpg,PASS,965.00 UYU
2d570467-85b6-4841-9103-008e4d7af377,"Cyclops X-men 90&apos;s Animated Series Marvel Legends Hasbro",cyclops-x-men-90-s-animated-series-marvel-legends-hasbro-m5lqa,https://cobtsgkwcftvexaarwmo.supabase.co/storage/v1/object/public/public-assets/vendors/61a48094-7453-4b7f-9563-e51f184832f9/ml-curation/2d570467-85b6-4841-9103-008e4d7af377-main.jpg,https://cobtsgkwcftvexaarwmo.supabase.co/storage/v1/object/public/public-assets/vendors/61a48094-7453-4b7f-9563-e51f184832f9/ml-curation/2d570467-85b6-4841-9103-008e4d7af377-main.jpg,200,image/jpeg,JPEG,/storage/v1/object/public/public-assets/vendors/61a48094-7453-4b7f-9563-e51f184832f9/ml-curation/2d570467-85b6-4841-9103-008e4d7af377-main.jpg,jpg,PASS,3990.00 UYU
dc2ffe66-7b5d-47f2-8d7b-82ed6adfedc8,"Mizuno Ami Mercury Sailor Moon Figuarts Bandai",mizuno-ami-mercury-sailor-moon-figuarts-bandai-4817,https://collectibles.uy/catalog-images/external/http2.mlstatic.com/D_909029-MLU53309876626_012023-O.jpg,https://collectibles.uy/catalog-images/external/http2.mlstatic.com/D_909029-MLU53309876626_012023-O.jpg,200,image/jpeg,JPEG,/catalog-images/external/http2.mlstatic.com/D_909029-MLU53309876626_012023-O.jpg,jpg,PASS,4990.00 UYU
65a4c48c-4f16-4a8c-b64c-1e66605f7b72,"Justice League! Body Logo",justice-league-body-logo,https://cobtsgkwcftvexaarwmo.supabase.co/storage/v1/object/public/public-assets/ml-sync/65a4c48c-4f16-4a8c-b64c-1e66605f7b72-0-1779316803099.jpg,https://cobtsgkwcftvexaarwmo.supabase.co/storage/v1/object/public/public-assets/ml-sync/65a4c48c-4f16-4a8c-b64c-1e66605f7b72-0-1779316803099.jpg,200,image/jpeg,JPEG,/storage/v1/object/public/public-assets/ml-sync/65a4c48c-4f16-4a8c-b64c-1e66605f7b72-0-1779316803099.jpg,jpg,PASS,990.00 UYU
91562f5e-55e5-41af-ac55-29927d024ef1,"Funko Games! Puzzle De 500 Pcs Guardianes De La Galaxia",funko-games-puzzle-de-500-pcs-guardianes-de-la-galaxia,https://cobtsgkwcftvexaarwmo.supabase.co/storage/v1/object/public/public-assets/ml-sync/91562f5e-55e5-41af-ac55-29927d024ef1-0-1776870719052.jpg,https://cobtsgkwcftvexaarwmo.supabase.co/storage/v1/object/public/public-assets/ml-sync/91562f5e-55e5-41af-ac55-29927d024ef1-0-1776870719052.jpg,200,image/jpeg,JPEG,/storage/v1/object/public/public-assets/ml-sync/91562f5e-55e5-41af-ac55-29927d024ef1-0-1776870719052.jpg,jpg,PASS,1190.00 UYU
c0d705e1-db5d-4461-888b-84d5afb61cf0,"Funko Games! Puzzle De 500 Pcs Tortugas Ninja",funko-games-puzzle-de-500-pcs-tortugas-ninja,https://cobtsgkwcftvexaarwmo.supabase.co/storage/v1/object/public/public-assets/ml-sync/c0d705e1-db5d-4461-888b-84d5afb61cf0-0-1776870649775.jpg,https://cobtsgkwcftvexaarwmo.supabase.co/storage/v1/object/public/public-assets/ml-sync/c0d705e1-db5d-4461-888b-84d5afb61cf0-0-1776870649775.jpg,200,image/jpeg,JPEG,/storage/v1/object/public/public-assets/ml-sync/c0d705e1-db5d-4461-888b-84d5afb61cf0-0-1776870649775.jpg,jpg,PASS,990.00 UYU
4fa75802-daf8-4165-9ce8-873c64c608d4,"The Punisher Marvel Legends Hasbro",the-punisher-marvel-legends-hasbro-9269,https://collectibles.uy/catalog-images/external/http2.mlstatic.com/D_741902-MLU45520671272_042021-O.jpg,https://collectibles.uy/catalog-images/external/http2.mlstatic.com/D_741902-MLU45520671272_042021-O.jpg,200,image/jpeg,JPEG,/catalog-images/external/http2.mlstatic.com/D_741902-MLU45520671272_042021-O.jpg,jpg,PASS,2650.00 UYU
a0f526dd-744d-479a-96c0-341dbdc2bc07,"Funko Pop! Funkoville - Fun  On The Run Freddy #se",funko-pop-funkoville-fun-on-the-run-freddy-se,https://cobtsgkwcftvexaarwmo.supabase.co/storage/v1/object/public/public-assets/ml-sync/a0f526dd-744d-479a-96c0-341dbdc2bc07-0-1776872331521.jpg,https://cobtsgkwcftvexaarwmo.supabase.co/storage/v1/object/public/public-assets/ml-sync/a0f526dd-744d-479a-96c0-341dbdc2bc07-0-1776872331521.jpg,200,image/jpeg,JPEG,/storage/v1/object/public/public-assets/ml-sync/a0f526dd-744d-479a-96c0-341dbdc2bc07-0-1776872331521.jpg,jpg,PASS,2590.00 UYU
bee4ad22-f9ca-40d2-8344-ea2ed5aaa615,"Mumm-ra The Ever Living Thundercats Ultimates Wave2 Super7",mumm-ra-the-ever-living-thundercats-ultimates-wave2-super7-5821,https://collectibles.uy/catalog-images/external/http2.mlstatic.com/D_987586-MLU49779370053_042022-O.jpg,https://collectibles.uy/catalog-images/external/http2.mlstatic.com/D_987586-MLU49779370053_042022-O.jpg,200,image/jpeg,JPEG,/catalog-images/external/http2.mlstatic.com/D_987586-MLU49779370053_042022-O.jpg,jpg,PASS,9900.00 UYU
ece91025-0bbc-4c82-be8f-c411303cd9ad,"Flareon Pokemon Moncolle Ex Takara Tomy Emc_24",flareon-pokemon-moncolle-ex-takara-tomy-emc-24-5587,https://collectibles.uy/catalog-images/external/http2.mlstatic.com/D_865602-MLU78937215248_092024-O.jpg,https://collectibles.uy/catalog-images/external/http2.mlstatic.com/D_865602-MLU78937215248_092024-O.jpg,200,image/jpeg,JPEG,/catalog-images/external/http2.mlstatic.com/D_865602-MLU78937215248_092024-O.jpg,jpg,PASS,990.00 UYU
21d28208-c648-4f76-b137-6c8f796b1ec0,"Harley Quinn Sucide Squad (2016) Dc Mezco One:12",harley-quinn-sucide-squad--2016--dc-mezco-one-12-9485,https://collectibles.uy/catalog-images/external/http2.mlstatic.com/D_685383-MLU76975831326_062024-O.jpg,https://collectibles.uy/catalog-images/external/http2.mlstatic.com/D_685383-MLU76975831326_062024-O.jpg,200,image/jpeg,JPEG,/catalog-images/external/http2.mlstatic.com/D_685383-MLU76975831326_062024-O.jpg,jpg,PASS,5990.00 UYU
fdcfb41e-b8aa-46fc-ab1f-f4cf973edac7,"Tracks Transformers Generations War For Cybertron Wfc-k26",tracks-transformers-generations-war-for-cybertron-wfc-k26-3246,https://collectibles.uy/catalog-images/external/http2.mlstatic.com/D_847864-MLU54371120144_032023-O.jpg,https://collectibles.uy/catalog-images/external/http2.mlstatic.com/D_847864-MLU54371120144_032023-O.jpg,200,image/jpeg,JPEG,/catalog-images/external/http2.mlstatic.com/D_847864-MLU54371120144_032023-O.jpg,jpg,PASS,3990.00 UYU
0c780450-19db-4f9d-b16f-97516c733e5a,"Mutagen Man Tortugas Ninja Turtles Glow In The Dark Super7",mutagen-man-tortugas-ninja-turtles-glow-in-the-dark-super7-9821,https://collectibles.uy/catalog-images/external/http2.mlstatic.com/D_680975-MLU53091875917_122022-O.jpg,https://collectibles.uy/catalog-images/external/http2.mlstatic.com/D_680975-MLU53091875917_122022-O.jpg,200,image/jpeg,JPEG,/catalog-images/external/http2.mlstatic.com/D_680975-MLU53091875917_122022-O.jpg,jpg,PASS,4990.00 UYU
cb9579d9-371a-4701-81f4-ebce1662d3b1,"Darkseid Dc Classic Multiverse Mcfarlane",darkseid-dc-classic-multiverse-mcfarlane-5602,https://collectibles.uy/catalog-images/external/http2.mlstatic.com/D_791051-MLU78870912143_092024-O.jpg,https://collectibles.uy/catalog-images/external/http2.mlstatic.com/D_791051-MLU78870912143_092024-O.jpg,200,image/jpeg,JPEG,/catalog-images/external/http2.mlstatic.com/D_791051-MLU78870912143_092024-O.jpg,jpg,PASS,7990.00 UYU
74467546-2566-4aa9-a274-97cf4d722724,"Splinter (versión 2) Tortugas Ninja Tmnt Ultimates Super 7",splinter--versi-n-2--tortugas-ninja-tmnt-ultimates-super-7-8862,https://collectibles.uy/catalog-images/external/http2.mlstatic.com/D_973505-MLA99529990942_122025-O.jpg,https://collectibles.uy/catalog-images/external/http2.mlstatic.com/D_973505-MLA99529990942_122025-O.jpg,200,image/jpeg,JPEG,/catalog-images/external/http2.mlstatic.com/D_973505-MLA99529990942_122025-O.jpg,jpg,PASS,4990.00 UYU
aec488ca-cc71-4628-a390-031d6731c101,"Elektra Marvel Legends Sp//dr Baf Hasbro",elektra-marvel-legends-sp--dr-baf-hasbro-2064,https://collectibles.uy/catalog-images/external/http2.mlstatic.com/D_603366-MLU45523315417_042021-O.jpg,https://collectibles.uy/catalog-images/external/http2.mlstatic.com/D_603366-MLU45523315417_042021-O.jpg,200,image/jpeg,JPEG,/catalog-images/external/http2.mlstatic.com/D_603366-MLU45523315417_042021-O.jpg,jpg,PASS,3990.00 UYU
08639fa7-b0ff-488d-9427-7e5700e927a8,"Figgyz Pop! Magnet Sonic - Knuckles",figgyz-pop-magnet-sonic-knuckles,https://cobtsgkwcftvexaarwmo.supabase.co/storage/v1/object/public/public-assets/ml-sync/08639fa7-b0ff-488d-9427-7e5700e927a8-0-1776871348799.jpg,https://cobtsgkwcftvexaarwmo.supabase.co/storage/v1/object/public/public-assets/ml-sync/08639fa7-b0ff-488d-9427-7e5700e927a8-0-1776871348799.jpg,200,image/jpeg,JPEG,/storage/v1/object/public/public-assets/ml-sync/08639fa7-b0ff-488d-9427-7e5700e927a8-0-1776871348799.jpg,jpg,PASS,990.00 UYU
291002c4-332e-4ff9-8f4f-4807a3ab5a2f,"Mighty Thor Love And Thunder Marvel Legends Korg Baf Hasbro",mighty-thor-love-and-thunder-marvel-legends-korg-baf-hasbro-hu4w8,https://cobtsgkwcftvexaarwmo.supabase.co/storage/v1/object/public/public-assets/vendors/61a48094-7453-4b7f-9563-e51f184832f9/ml-curation/291002c4-332e-4ff9-8f4f-4807a3ab5a2f-main.jpg,https://cobtsgkwcftvexaarwmo.supabase.co/storage/v1/object/public/public-assets/vendors/61a48094-7453-4b7f-9563-e51f184832f9/ml-curation/291002c4-332e-4ff9-8f4f-4807a3ab5a2f-main.jpg,200,image/jpeg,JPEG,/storage/v1/object/public/public-assets/vendors/61a48094-7453-4b7f-9563-e51f184832f9/ml-curation/291002c4-332e-4ff9-8f4f-4807a3ab5a2f-main.jpg,jpg,PASS,3990.00 UYU
59a5dc28-0f1a-4684-bce1-a101411a99c9,"Donkey Kong Super Mario Kart Nintendo Auto Friccion Muñeco Donkey Kong",donkey-kong-super-mario-kart-nintendo-auto-friccion-mu-eco-donkey-kong-7089,https://collectibles.uy/catalog-images/external/http2.mlstatic.com/D_643654-MLU92302535448_092025-O.jpg,https://collectibles.uy/catalog-images/external/http2.mlstatic.com/D_643654-MLU92302535448_092025-O.jpg,200,image/jpeg,JPEG,/catalog-images/external/http2.mlstatic.com/D_643654-MLU92302535448_092025-O.jpg,jpg,PASS,1650.00 UYU
93e31686-5640-432a-bb7c-86c74bb7b10f,"Sonic The Movie Talking Plush Jakks Pacific",sonic-the-movie-talking-plush-jakks-pacific-6947,https://collectibles.uy/catalog-images/external/http2.mlstatic.com/D_768645-MLU45608361304_042021-O.jpg,https://collectibles.uy/catalog-images/external/http2.mlstatic.com/D_768645-MLU45608361304_042021-O.jpg,200,image/jpeg,JPEG,/catalog-images/external/http2.mlstatic.com/D_768645-MLU45608361304_042021-O.jpg,jpg,PASS,5990.00 UYU
ad7eaebb-1ea6-4e31-858a-b6c4f3197e2e,"Web Man Spiderman Retro Marvel Legends Hasbro",web-man-spiderman-retro-marvel-legends-hasbro-03a89,https://cobtsgkwcftvexaarwmo.supabase.co/storage/v1/object/public/public-assets/vendors/61a48094-7453-4b7f-9563-e51f184832f9/ml-curation/ad7eaebb-1ea6-4e31-858a-b6c4f3197e2e-main.jpg,https://cobtsgkwcftvexaarwmo.supabase.co/storage/v1/object/public/public-assets/vendors/61a48094-7453-4b7f-9563-e51f184832f9/ml-curation/ad7eaebb-1ea6-4e31-858a-b6c4f3197e2e-main.jpg,200,image/jpeg,JPEG,/storage/v1/object/public/public-assets/vendors/61a48094-7453-4b7f-9563-e51f184832f9/ml-curation/ad7eaebb-1ea6-4e31-858a-b6c4f3197e2e-main.jpg,jpg,PASS,3990.00 UYU
dcf02f6a-46df-480a-a9e8-eac71bea2643,"Figura De Acción Marvel Legends Venom",figura-de-acci-n-marvel-legends-venom-s7ntt,https://cobtsgkwcftvexaarwmo.supabase.co/storage/v1/object/public/public-assets/vendors/61a48094-7453-4b7f-9563-e51f184832f9/ml-curation/dcf02f6a-46df-480a-a9e8-eac71bea2643-main.jpg,https://cobtsgkwcftvexaarwmo.supabase.co/storage/v1/object/public/public-assets/vendors/61a48094-7453-4b7f-9563-e51f184832f9/ml-curation/dcf02f6a-46df-480a-a9e8-eac71bea2643-main.jpg,200,image/jpeg,JPEG,/storage/v1/object/public/public-assets/vendors/61a48094-7453-4b7f-9563-e51f184832f9/ml-curation/dcf02f6a-46df-480a-a9e8-eac71bea2643-main.jpg,jpg,PASS,9900.00 UYU
0c40ee25-d145-41fd-98c8-9acb1295b7fc,"Legion X-men Marvel Legends Colossus Baf Hasbro",legion-x-men-marvel-legends-colossus-baf-hasbro-ukcf1,https://cobtsgkwcftvexaarwmo.supabase.co/storage/v1/object/public/public-assets/vendors/61a48094-7453-4b7f-9563-e51f184832f9/ml-curation/0c40ee25-d145-41fd-98c8-9acb1295b7fc-main.jpg,https://cobtsgkwcftvexaarwmo.supabase.co/storage/v1/object/public/public-assets/vendors/61a48094-7453-4b7f-9563-e51f184832f9/ml-curation/0c40ee25-d145-41fd-98c8-9acb1295b7fc-main.jpg,200,image/jpeg,JPEG,/storage/v1/object/public/public-assets/vendors/61a48094-7453-4b7f-9563-e51f184832f9/ml-curation/0c40ee25-d145-41fd-98c8-9acb1295b7fc-main.jpg,jpg,PASS,3990.00 UYU
93bc34e9-3dce-46fc-8a15-8580360e2283,"Funko Games! Puzzle De 500 Pcs Jurassic Park",funko-games-puzzle-de-500-pcs-jurassic-park,https://cobtsgkwcftvexaarwmo.supabase.co/storage/v1/object/public/public-assets/ml-sync/93bc34e9-3dce-46fc-8a15-8580360e2283-0-1776870719048.jpg,https://cobtsgkwcftvexaarwmo.supabase.co/storage/v1/object/public/public-assets/ml-sync/93bc34e9-3dce-46fc-8a15-8580360e2283-0-1776870719048.jpg,200,image/jpeg,JPEG,/storage/v1/object/public/public-assets/ml-sync/93bc34e9-3dce-46fc-8a15-8580360e2283-0-1776870719048.jpg,jpg,PASS,990.00 UYU
ecbd1a6f-f447-435d-a1e7-628b9a626b0e,"Luigi Super Mario Kart Nintendo Auto A Friccion Muñeco Luigi",luigi-super-mario-kart-nintendo-auto-a-friccion-mu-eco-luigi-5971,https://collectibles.uy/catalog-images/external/http2.mlstatic.com/D_737272-MLU92301624158_092025-O.jpg,https://collectibles.uy/catalog-images/external/http2.mlstatic.com/D_737272-MLU92301624158_092025-O.jpg,200,image/jpeg,JPEG,/catalog-images/external/http2.mlstatic.com/D_737272-MLU92301624158_092025-O.jpg,jpg,PASS,1650.00 UYU
049f4293-ac4e-4169-9e19-f953eef0e1a6,"Storm X-men 90&apos;s Animated Series Marvel Legends Hasbro",storm-x-men-90-s-animated-series-marvel-legends-hasbro-a9keu,https://cobtsgkwcftvexaarwmo.supabase.co/storage/v1/object/public/public-assets/vendors/61a48094-7453-4b7f-9563-e51f184832f9/ml-curation/049f4293-ac4e-4169-9e19-f953eef0e1a6-main.jpg,https://cobtsgkwcftvexaarwmo.supabase.co/storage/v1/object/public/public-assets/vendors/61a48094-7453-4b7f-9563-e51f184832f9/ml-curation/049f4293-ac4e-4169-9e19-f953eef0e1a6-main.jpg,200,image/jpeg,JPEG,/storage/v1/object/public/public-assets/vendors/61a48094-7453-4b7f-9563-e51f184832f9/ml-curation/049f4293-ac4e-4169-9e19-f953eef0e1a6-main.jpg,jpg,PASS,3990.00 UYU
a28d2115-54ec-40c6-aa61-f736013e5032,"Pj Masks Animal Power Carry N&apos; Go 15pcs. Hasbro ",pj-masks-animal-power-carry-n--go-15pcs--hasbro--8400,https://collectibles.uy/catalog-images/external/http2.mlstatic.com/D_716456-MLU72201961393_102023-O.jpg,https://collectibles.uy/catalog-images/external/http2.mlstatic.com/D_716456-MLU72201961393_102023-O.jpg,200,image/jpeg,JPEG,/catalog-images/external/http2.mlstatic.com/D_716456-MLU72201961393_102023-O.jpg,jpg,PASS,3990.00 UYU
198ecb68-ce77-4f31-9221-c6ca9fac7525,"Funko Pop! Marvel - Hulk",funko-pop-marvel-hulk,https://cobtsgkwcftvexaarwmo.supabase.co/storage/v1/object/public/public-assets/ml-sync/198ecb68-ce77-4f31-9221-c6ca9fac7525-0-1776871198091.jpg,https://cobtsgkwcftvexaarwmo.supabase.co/storage/v1/object/public/public-assets/ml-sync/198ecb68-ce77-4f31-9221-c6ca9fac7525-0-1776871198091.jpg,200,image/jpeg,JPEG,/storage/v1/object/public/public-assets/ml-sync/198ecb68-ce77-4f31-9221-c6ca9fac7525-0-1776871198091.jpg,jpg,PASS,1090.00 UYU
ca590dde-3bd7-4ad5-8637-b63234fc039e,"Funko Pop! Spiderman Across The Spider-verse - Spider-punk",funko-pop-spiderman-across-the-spider-verse-spider-punk,https://cobtsgkwcftvexaarwmo.supabase.co/storage/v1/object/public/public-assets/ml-sync/ca590dde-3bd7-4ad5-8637-b63234fc039e-0-1776871060604.jpg,https://cobtsgkwcftvexaarwmo.supabase.co/storage/v1/object/public/public-assets/ml-sync/ca590dde-3bd7-4ad5-8637-b63234fc039e-0-1776871060604.jpg,200,image/jpeg,JPEG,/storage/v1/object/public/public-assets/ml-sync/ca590dde-3bd7-4ad5-8637-b63234fc039e-0-1776871060604.jpg,jpg,PASS,1090.00 UYU
e5a8333d-8e12-42d2-9861-0a7d99896a8b,"Super7 Teenage Mutant Ninja Turtles Ultimates Metalhead",super7-teenage-mutant-ninja-turtles-ultimates-metalhead-9810,https://collectibles.uy/catalog-images/external/http2.mlstatic.com/D_750429-MLA100008506137_122025-O.jpg,https://collectibles.uy/catalog-images/external/http2.mlstatic.com/D_750429-MLA100008506137_122025-O.jpg,200,image/jpeg,JPEG,/catalog-images/external/http2.mlstatic.com/D_750429-MLA100008506137_122025-O.jpg,jpg,PASS,4990.00 UYU
c66820c2-7228-4e74-ba5e-ad3288ec5ca0,"Bonnie Original Funko Five Nights At Freddy&apos;s Muñeco",bonnie-original-funko-five-nights-at-freddy-s-mu-eco-6575,https://collectibles.uy/catalog-images/external/http2.mlstatic.com/D_694809-MLU102016301437_122025-O.jpg,https://collectibles.uy/catalog-images/external/http2.mlstatic.com/D_694809-MLU102016301437_122025-O.jpg,200,image/jpeg,JPEG,/catalog-images/external/http2.mlstatic.com/D_694809-MLU102016301437_122025-O.jpg,jpg,PASS,1990.00 UYU
e1e9bf6b-df7f-438e-982c-399e40a0d5e8,"Chimchar Pokemon Moncolle Ex Takara Tomy Pcc_35",chimchar-pokemon-moncolle-ex-takara-tomy-pcc-35-6118,https://collectibles.uy/catalog-images/external/http2.mlstatic.com/D_764419-MLU45609034832_042021-O.jpg,https://collectibles.uy/catalog-images/external/http2.mlstatic.com/D_764419-MLU45609034832_042021-O.jpg,200,image/jpeg,JPEG,/catalog-images/external/http2.mlstatic.com/D_764419-MLU45609034832_042021-O.jpg,jpg,PASS,990.00 UYU
be17a46b-8f3c-4e20-b166-e1cf65f2410c,"Rogue X-men Marvel Legends Hasbro",rogue-x-men-marvel-legends-hasbro-9599,https://collectibles.uy/catalog-images/external/http2.mlstatic.com/D_897658-MLU45520571345_042021-O.jpg,https://collectibles.uy/catalog-images/external/http2.mlstatic.com/D_897658-MLU45520571345_042021-O.jpg,200,image/jpeg,JPEG,/catalog-images/external/http2.mlstatic.com/D_897658-MLU45520571345_042021-O.jpg,jpg,PASS,7990.00 UYU
134fd597-219f-40e3-99a8-87f7d03f15e7,"Lapras Pokemon Moncolle Ex Takara Tomy Ms-30",lapras-pokemon-moncolle-ex-takara-tomy-ms-30-1657,https://collectibles.uy/catalog-images/external/http2.mlstatic.com/D_848825-MLU81282458215_122024-O.jpg,https://collectibles.uy/catalog-images/external/http2.mlstatic.com/D_848825-MLU81282458215_122024-O.jpg,200,image/jpeg,JPEG,/catalog-images/external/http2.mlstatic.com/D_848825-MLU81282458215_122024-O.jpg,jpg,PASS,1390.00 UYU
b75a984f-73a8-4976-802b-28c33baf8d73,"Funko Pop! Kpop Demon Hunters - Derpy With Sussie ",funko-pop-kpop-demon-hunters-derpy-with-sussie,https://cobtsgkwcftvexaarwmo.supabase.co/storage/v1/object/public/public-assets/ml-sync/b75a984f-73a8-4976-802b-28c33baf8d73-0-1776871220003.jpg,https://cobtsgkwcftvexaarwmo.supabase.co/storage/v1/object/public/public-assets/ml-sync/b75a984f-73a8-4976-802b-28c33baf8d73-0-1776871220003.jpg,200,image/jpeg,JPEG,/storage/v1/object/public/public-assets/ml-sync/b75a984f-73a8-4976-802b-28c33baf8d73-0-1776871220003.jpg,jpg,PASS,1090.00 UYU
d108a7d1-5c62-49d8-9e60-1adfeba4a6ad,"Black Lady Sailor Moon Figuarts Bandai",black-lady-sailor-moon-figuarts-bandai-9007,https://collectibles.uy/catalog-images/external/http2.mlstatic.com/D_775128-MLU53309884836_012023-O.jpg,https://collectibles.uy/catalog-images/external/http2.mlstatic.com/D_775128-MLU53309884836_012023-O.jpg,200,image/jpeg,JPEG,/catalog-images/external/http2.mlstatic.com/D_775128-MLU53309884836_012023-O.jpg,jpg,PASS,19900.00 UYU
b9fed99b-020d-4e0f-9aff-ec123921a957,"Figgyz Pop! Magnet Sonic - Amy",figgyz-pop-magnet-sonic-amy,https://cobtsgkwcftvexaarwmo.supabase.co/storage/v1/object/public/public-assets/ml-sync/b9fed99b-020d-4e0f-9aff-ec123921a957-0-1776872283528.jpg,https://cobtsgkwcftvexaarwmo.supabase.co/storage/v1/object/public/public-assets/ml-sync/b9fed99b-020d-4e0f-9aff-ec123921a957-0-1776872283528.jpg,200,image/jpeg,JPEG,/storage/v1/object/public/public-assets/ml-sync/b9fed99b-020d-4e0f-9aff-ec123921a957-0-1776872283528.jpg,jpg,PASS,990.00 UYU
56fa60cc-e17d-4407-8efb-390ea09d5b51,"Funko Pop! Halloween Michael Myers",funko-pop-halloween-michael-myers,https://cobtsgkwcftvexaarwmo.supabase.co/storage/v1/object/public/public-assets/ml-sync/56fa60cc-e17d-4407-8efb-390ea09d5b51-0-1776871312145.jpg,https://cobtsgkwcftvexaarwmo.supabase.co/storage/v1/object/public/public-assets/ml-sync/56fa60cc-e17d-4407-8efb-390ea09d5b51-0-1776871312145.jpg,200,image/jpeg,JPEG,/storage/v1/object/public/public-assets/ml-sync/56fa60cc-e17d-4407-8efb-390ea09d5b51-0-1776871312145.jpg,jpg,PASS,1090.00 UYU
323f4d3b-c23d-4bef-a4f7-7682b3c49db4,"Xerneas Pokemon Center Peluche 48cm",xerneas-pokemon-center-peluche-48cm-2022,https://collectibles.uy/catalog-images/external/http2.mlstatic.com/D_658739-MLU46421134266_062021-O.jpg,https://collectibles.uy/catalog-images/external/http2.mlstatic.com/D_658739-MLU46421134266_062021-O.jpg,200,image/jpeg,JPEG,/catalog-images/external/http2.mlstatic.com/D_658739-MLU46421134266_062021-O.jpg,jpg,PASS,2650.00 UYU
d12e0867-78fc-4356-81a0-c6a7451b9c10,"Masters Of The Universe Origins- Evil-lyn 2",masters-of-the-universe-origins-evil-lyn-2,https://cobtsgkwcftvexaarwmo.supabase.co/storage/v1/object/public/public-assets/ml-sync/d12e0867-78fc-4356-81a0-c6a7451b9c10-0-1779316191694.jpg,https://cobtsgkwcftvexaarwmo.supabase.co/storage/v1/object/public/public-assets/ml-sync/d12e0867-78fc-4356-81a0-c6a7451b9c10-0-1779316191694.jpg,200,image/jpeg,JPEG,/storage/v1/object/public/public-assets/ml-sync/d12e0867-78fc-4356-81a0-c6a7451b9c10-0-1779316191694.jpg,jpg,PASS,1390.00 UYU
e337f092-2e96-41e3-98aa-f41df178b8f2,"Funko! Mortal Kombat X Kitana Action Figure",funko-mortal-kombat-x-kitana-action-figure,https://cobtsgkwcftvexaarwmo.supabase.co/storage/v1/object/public/public-assets/ml-sync/e337f092-2e96-41e3-98aa-f41df178b8f2-0-1779316007919.jpg,https://cobtsgkwcftvexaarwmo.supabase.co/storage/v1/object/public/public-assets/ml-sync/e337f092-2e96-41e3-98aa-f41df178b8f2-0-1779316007919.jpg,200,image/jpeg,JPEG,/storage/v1/object/public/public-assets/ml-sync/e337f092-2e96-41e3-98aa-f41df178b8f2-0-1779316007919.jpg,jpg,PASS,1200.00 UYU
97ce6afc-fce2-43a2-b98e-e926fd52f0d5,"Pokémon 24 Mini Figuras Incluye Pikachu",pok-mon-24-mini-figuras-incluye-pikachu-9289,https://collectibles.uy/catalog-images/external/http2.mlstatic.com/D_848639-MLU75379185254_042024-O.jpg,https://collectibles.uy/catalog-images/external/http2.mlstatic.com/D_848639-MLU75379185254_042024-O.jpg,200,image/jpeg,JPEG,/catalog-images/external/http2.mlstatic.com/D_848639-MLU75379185254_042024-O.jpg,jpg,PASS,790.00 UYU
c92b14ce-73cc-412f-a2fe-086cbe1717e5,"Muñeca Hasbro Disney Villains Cruella De Vil - 27 Cm",mu-eca-hasbro-disney-villains-cruella-de-vil---27-cm-9210,https://collectibles.uy/catalog-images/external/http2.mlstatic.com/D_654221-MLA99449135530_112025-O.jpg,https://collectibles.uy/catalog-images/external/http2.mlstatic.com/D_654221-MLA99449135530_112025-O.jpg,200,image/jpeg,JPEG,/catalog-images/external/http2.mlstatic.com/D_654221-MLA99449135530_112025-O.jpg,jpg,PASS,2990.00 UYU
e6ad0941-7f39-4a81-8c8e-019ec1d3234d,"Star Wars! Camiseta Bebé Estampada Chewbacca",star-wars-camiseta-bebe-estampada-chewbacca,https://cobtsgkwcftvexaarwmo.supabase.co/storage/v1/object/public/public-assets/ml-sync/e6ad0941-7f39-4a81-8c8e-019ec1d3234d-0-1779316706404.jpg,https://cobtsgkwcftvexaarwmo.supabase.co/storage/v1/object/public/public-assets/ml-sync/e6ad0941-7f39-4a81-8c8e-019ec1d3234d-0-1779316706404.jpg,200,image/jpeg,JPEG,/storage/v1/object/public/public-assets/ml-sync/e6ad0941-7f39-4a81-8c8e-019ec1d3234d-0-1779316706404.jpg,jpg,PASS,450.00 UYU
e34fccd9-6060-41c4-920f-f0203accfacf,"Funko Pop Stranger Things Rockin&apos; Robin With The Squawk #50",funko-pop-stranger-things-rockin--robin-with-the-squawk--50-9853,https://collectibles.uy/catalog-images/external/http2.mlstatic.com/D_885610-MLA104644238421_012026-O.jpg,https://collectibles.uy/catalog-images/external/http2.mlstatic.com/D_885610-MLA104644238421_012026-O.jpg,200,image/jpeg,JPEG,/catalog-images/external/http2.mlstatic.com/D_885610-MLA104644238421_012026-O.jpg,jpg,PASS,4990.00 UYU
20e51f37-b3ca-4234-95e8-8385b41e1b10,"Peter Parker Spiderman Across Spider Verse Marvel Legends",peter-parker-spiderman-across-spider-verse-marvel-legends-fg9ce,https://cobtsgkwcftvexaarwmo.supabase.co/storage/v1/object/public/public-assets/vendors/61a48094-7453-4b7f-9563-e51f184832f9/ml-curation/20e51f37-b3ca-4234-95e8-8385b41e1b10-main.jpg,https://cobtsgkwcftvexaarwmo.supabase.co/storage/v1/object/public/public-assets/vendors/61a48094-7453-4b7f-9563-e51f184832f9/ml-curation/20e51f37-b3ca-4234-95e8-8385b41e1b10-main.jpg,200,image/jpeg,JPEG,/storage/v1/object/public/public-assets/vendors/61a48094-7453-4b7f-9563-e51f184832f9/ml-curation/20e51f37-b3ca-4234-95e8-8385b41e1b10-main.jpg,jpg,PASS,3990.00 UYU
b04280f6-b866-4683-afc1-ecd4830a5a7f,"Dk-3 Breaker Transformers Generations Legacy Deluxe Hasbro",dk-3-breaker-transformers-generations-legacy-deluxe-hasbro-2493,https://collectibles.uy/catalog-images/external/http2.mlstatic.com/D_724048-MLU54275271623_032023-O.jpg,https://collectibles.uy/catalog-images/external/http2.mlstatic.com/D_724048-MLU54275271623_032023-O.jpg,200,image/jpeg,JPEG,/catalog-images/external/http2.mlstatic.com/D_724048-MLU54275271623_032023-O.jpg,jpg,PASS,3990.00 UYU
3bb0672c-ad84-4a73-876a-1e2b2fd80d95,"Rillaboom Pokemon Moncolle Ex Takara Tomy Ms 36",rillaboom-pokemon-moncolle-ex-takara-tomy-ms-36-8064,https://collectibles.uy/catalog-images/external/http2.mlstatic.com/D_859204-MLU81838053746_012025-O.jpg,https://collectibles.uy/catalog-images/external/http2.mlstatic.com/D_859204-MLU81838053746_012025-O.jpg,200,image/jpeg,JPEG,/catalog-images/external/http2.mlstatic.com/D_859204-MLU81838053746_012025-O.jpg,jpg,PASS,1390.00 UYU
6761e09a-87bc-4e05-8fa2-8d5192867aea,"Donatello Tortugas Ninja Movie Star Playmates",donatello-tortugas-ninja-movie-star-playmates-1756,https://collectibles.uy/catalog-images/external/http2.mlstatic.com/D_795591-MLU47864862873_102021-O.jpg,https://collectibles.uy/catalog-images/external/http2.mlstatic.com/D_795591-MLU47864862873_102021-O.jpg,200,image/jpeg,JPEG,/catalog-images/external/http2.mlstatic.com/D_795591-MLU47864862873_102021-O.jpg,jpg,PASS,2190.00 UYU
9bc26186-d9fb-423e-873a-011b071671e7,"Scraphook Transformers Legacy Evolution Hasbro",scraphook-transformers-legacy-evolution-hasbro-5248,https://collectibles.uy/catalog-images/external/http2.mlstatic.com/D_736755-MLU54369209439_032023-O.jpg,https://collectibles.uy/catalog-images/external/http2.mlstatic.com/D_736755-MLU54369209439_032023-O.jpg,200,image/jpeg,JPEG,/catalog-images/external/http2.mlstatic.com/D_736755-MLU54369209439_032023-O.jpg,jpg,PASS,3990.00 UYU
dacc907d-0035-4dcb-8093-21cb39ee456c,"Charmeleon Pokémon Peluche Grande Naranja Claro",charmeleon-pok-mon-peluche-grande-naranja-claro-7912,https://collectibles.uy/catalog-images/external/http2.mlstatic.com/D_973605-MLU108421590926_032026-O.jpg,https://collectibles.uy/catalog-images/external/http2.mlstatic.com/D_973605-MLU108421590926_032026-O.jpg,200,image/jpeg,JPEG,/catalog-images/external/http2.mlstatic.com/D_973605-MLU108421590926_032026-O.jpg,jpg,PASS,2990.00 UYU
81865ef1-269c-4eb6-8ace-ad282e3fb409,"Scorbunny Pokemon Peluche Blanco",scorbunny-pokemon-peluche-blanco-5952,https://collectibles.uy/catalog-images/external/http2.mlstatic.com/D_687316-MLU105495967475_012026-O.jpg,https://collectibles.uy/catalog-images/external/http2.mlstatic.com/D_687316-MLU105495967475_012026-O.jpg,200,image/jpeg,JPEG,/catalog-images/external/http2.mlstatic.com/D_687316-MLU105495967475_012026-O.jpg,jpg,PASS,2650.00 UYU
dfa732e8-bf73-446e-a45f-4a154c99bd8f,"Ponyta Galarian Form Pokemon Moncolle Ex Takara Tomy Ms 42",ponyta-galarian-form-pokemon-moncolle-ex-takara-tomy-ms-42-5425,https://collectibles.uy/catalog-images/external/http2.mlstatic.com/D_783845-MLU81898923159_012025-O.jpg,https://collectibles.uy/catalog-images/external/http2.mlstatic.com/D_783845-MLU81898923159_012025-O.jpg,200,image/jpeg,JPEG,/catalog-images/external/http2.mlstatic.com/D_783845-MLU81898923159_012025-O.jpg,jpg,PASS,1390.00 UYU
123cc033-14fe-489f-b247-a1b5b84e5e80,"Articuno Pokemon Select Series 1 Jazwares",articuno-pokemon-select-series-1-jazwares-5086,https://collectibles.uy/catalog-images/external/http2.mlstatic.com/D_889781-MLU75347487775_032024-O.jpg,https://collectibles.uy/catalog-images/external/http2.mlstatic.com/D_889781-MLU75347487775_032024-O.jpg,200,image/jpeg,JPEG,/catalog-images/external/http2.mlstatic.com/D_889781-MLU75347487775_032024-O.jpg,jpg,PASS,3650.00 UYU
3f663a43-2731-47dd-a051-e34ab1514173,"Son Goku Ultra Instinct Dragon Ball Super Evolve Bandai",son-goku-ultra-instinct-dragon-ball-super-evolve-bandai-1320,https://collectibles.uy/catalog-images/external/http2.mlstatic.com/D_753301-MLU74233354378_022024-O.jpg,https://collectibles.uy/catalog-images/external/http2.mlstatic.com/D_753301-MLU74233354378_022024-O.jpg,200,image/jpeg,JPEG,/catalog-images/external/http2.mlstatic.com/D_753301-MLU74233354378_022024-O.jpg,jpg,PASS,2190.00 UYU
e2914df4-ef22-4fbd-b14b-a506c2d21d73,"Majorette! Tune-up&apos;s Series 3 With Neon Effects Multicolor",majorette-tune-up-s-series-3-with-neon-effects-multicolor,https://cobtsgkwcftvexaarwmo.supabase.co/storage/v1/object/public/public-assets/ml-sync/e2914df4-ef22-4fbd-b14b-a506c2d21d73-0-1776871113358.jpg,https://cobtsgkwcftvexaarwmo.supabase.co/storage/v1/object/public/public-assets/ml-sync/e2914df4-ef22-4fbd-b14b-a506c2d21d73-0-1776871113358.jpg,200,image/jpeg,JPEG,/storage/v1/object/public/public-assets/ml-sync/e2914df4-ef22-4fbd-b14b-a506c2d21d73-0-1776871113358.jpg,jpg,PASS,320.00 UYU
c196aa38-dc25-4990-92ee-990969b06a21,"Funko Pop! Whitney Houston",funko-pop-whitney-houston,https://cobtsgkwcftvexaarwmo.supabase.co/storage/v1/object/public/public-assets/ml-sync/c196aa38-dc25-4990-92ee-990969b06a21-0-1779316728268.jpg,https://cobtsgkwcftvexaarwmo.supabase.co/storage/v1/object/public/public-assets/ml-sync/c196aa38-dc25-4990-92ee-990969b06a21-0-1779316728268.jpg,200,image/jpeg,JPEG,/storage/v1/object/public/public-assets/ml-sync/c196aa38-dc25-4990-92ee-990969b06a21-0-1779316728268.jpg,jpg,PASS,990.00 UYU
3988a638-2d6d-48d9-b212-ec372fada700,"Justice League! Body Sweet But Story",justice-league-body-sweet-but-story,https://cobtsgkwcftvexaarwmo.supabase.co/storage/v1/object/public/public-assets/ml-sync/3988a638-2d6d-48d9-b212-ec372fada700-0-1779316765525.jpg,https://cobtsgkwcftvexaarwmo.supabase.co/storage/v1/object/public/public-assets/ml-sync/3988a638-2d6d-48d9-b212-ec372fada700-0-1779316765525.jpg,200,image/jpeg,JPEG,/storage/v1/object/public/public-assets/ml-sync/3988a638-2d6d-48d9-b212-ec372fada700-0-1779316765525.jpg,jpg,PASS,990.00 UYU
c6a00d12-acc4-486f-bff7-a7f572ced439,"Kraven Spiderman Marvel Legends Hasbro",kraven-spiderman-marvel-legends-hasbro-77ma2,https://cobtsgkwcftvexaarwmo.supabase.co/storage/v1/object/public/public-assets/vendors/61a48094-7453-4b7f-9563-e51f184832f9/ml-curation/c6a00d12-acc4-486f-bff7-a7f572ced439-main.jpg,https://cobtsgkwcftvexaarwmo.supabase.co/storage/v1/object/public/public-assets/vendors/61a48094-7453-4b7f-9563-e51f184832f9/ml-curation/c6a00d12-acc4-486f-bff7-a7f572ced439-main.jpg,200,image/jpeg,JPEG,/storage/v1/object/public/public-assets/vendors/61a48094-7453-4b7f-9563-e51f184832f9/ml-curation/c6a00d12-acc4-486f-bff7-a7f572ced439-main.jpg,jpg,PASS,3990.00 UYU
ac6ccd32-56ff-4fe9-9c7a-ae95786c4c0c,"Body Disney! Lion King: Pumba Naranja Oscuro 18 Meses",body-disney-lion-king-pumba-naranja-oscuro-18-meses,https://cobtsgkwcftvexaarwmo.supabase.co/storage/v1/object/public/public-assets/ml-sync/ac6ccd32-56ff-4fe9-9c7a-ae95786c4c0c-0-1779316430880.jpg,https://cobtsgkwcftvexaarwmo.supabase.co/storage/v1/object/public/public-assets/ml-sync/ac6ccd32-56ff-4fe9-9c7a-ae95786c4c0c-0-1779316430880.jpg,200,image/jpeg,JPEG,/storage/v1/object/public/public-assets/ml-sync/ac6ccd32-56ff-4fe9-9c7a-ae95786c4c0c-0-1779316430880.jpg,jpg,PASS,990.00 UYU
df31a767-e3d4-4a08-ad57-8f480679c3fd,"Cruella De Vil Villains Princesas Disney Hasbro",cruella-de-vil-villains-princesas-disney-hasbro-lp4qk,https://cobtsgkwcftvexaarwmo.supabase.co/storage/v1/object/public/public-assets/vendors/61a48094-7453-4b7f-9563-e51f184832f9/ml-curation/df31a767-e3d4-4a08-ad57-8f480679c3fd-main.jpg,https://cobtsgkwcftvexaarwmo.supabase.co/storage/v1/object/public/public-assets/vendors/61a48094-7453-4b7f-9563-e51f184832f9/ml-curation/df31a767-e3d4-4a08-ad57-8f480679c3fd-main.jpg,200,image/jpeg,JPEG,/storage/v1/object/public/public-assets/vendors/61a48094-7453-4b7f-9563-e51f184832f9/ml-curation/df31a767-e3d4-4a08-ad57-8f480679c3fd-main.jpg,jpg,PASS,2990.00 UYU
f7db66e4-8401-4b47-88b3-8206ca4d8ebb,"Figgyz Pop! Magnet Sonic - Dr. Eggman",figgyz-pop-magnet-sonic-dr-eggman,https://cobtsgkwcftvexaarwmo.supabase.co/storage/v1/object/public/public-assets/ml-sync/f7db66e4-8401-4b47-88b3-8206ca4d8ebb-0-1776872255375.jpg,https://cobtsgkwcftvexaarwmo.supabase.co/storage/v1/object/public/public-assets/ml-sync/f7db66e4-8401-4b47-88b3-8206ca4d8ebb-0-1776872255375.jpg,200,image/jpeg,JPEG,/storage/v1/object/public/public-assets/ml-sync/f7db66e4-8401-4b47-88b3-8206ca4d8ebb-0-1776872255375.jpg,jpg,PASS,990.00 UYU
bea9e5e9-46a0-4b9a-9865-10e4cddcd2fe,"Star Wars! Camiseta Bebé Estampada Stroomtrooper",star-wars-camiseta-bebe-estampada-stroomtrooper,https://cobtsgkwcftvexaarwmo.supabase.co/storage/v1/object/public/public-assets/ml-sync/bea9e5e9-46a0-4b9a-9865-10e4cddcd2fe-0-1779316666285.jpg,https://cobtsgkwcftvexaarwmo.supabase.co/storage/v1/object/public/public-assets/ml-sync/bea9e5e9-46a0-4b9a-9865-10e4cddcd2fe-0-1779316666285.jpg,200,image/jpeg,JPEG,/storage/v1/object/public/public-assets/ml-sync/bea9e5e9-46a0-4b9a-9865-10e4cddcd2fe-0-1779316666285.jpg,jpg,PASS,450.00 UYU
9f1af862-50a2-4f9c-bee2-d639f8da7c01,"Harry Potter! Cuaderno - Expecto Patronum Kawaii ",harry-potter-cuaderno-expecto-patronum-kawaii,https://cobtsgkwcftvexaarwmo.supabase.co/storage/v1/object/public/public-assets/ml-sync/9f1af862-50a2-4f9c-bee2-d639f8da7c01-0-1776870719046.jpg,https://cobtsgkwcftvexaarwmo.supabase.co/storage/v1/object/public/public-assets/ml-sync/9f1af862-50a2-4f9c-bee2-d639f8da7c01-0-1776870719046.jpg,200,image/jpeg,JPEG,/storage/v1/object/public/public-assets/ml-sync/9f1af862-50a2-4f9c-bee2-d639f8da7c01-0-1776870719046.jpg,jpg,PASS,590.00 UYU
29d90478-939f-432f-8035-f8d68a56b622,"Figgyz Pop! Magnet Megaman",figgyz-pop-magnet-megaman,https://cobtsgkwcftvexaarwmo.supabase.co/storage/v1/object/public/public-assets/ml-sync/29d90478-939f-432f-8035-f8d68a56b622-0-1776872277003.jpg,https://cobtsgkwcftvexaarwmo.supabase.co/storage/v1/object/public/public-assets/ml-sync/29d90478-939f-432f-8035-f8d68a56b622-0-1776872277003.jpg,200,image/jpeg,JPEG,/storage/v1/object/public/public-assets/ml-sync/29d90478-939f-432f-8035-f8d68a56b622-0-1776872277003.jpg,jpg,PASS,990.00 UYU
407d0c92-8e51-46a3-8f53-48190d7bf4c6,"Iron Studios! Minico Thundercats - Cheetara And Snarf",iron-studios-minico-thundercats-cheetara-and-snarf,https://cobtsgkwcftvexaarwmo.supabase.co/storage/v1/object/public/public-assets/ml-sync/407d0c92-8e51-46a3-8f53-48190d7bf4c6-0-1779316847830.jpg,https://cobtsgkwcftvexaarwmo.supabase.co/storage/v1/object/public/public-assets/ml-sync/407d0c92-8e51-46a3-8f53-48190d7bf4c6-0-1779316847830.jpg,200,image/jpeg,JPEG,/storage/v1/object/public/public-assets/ml-sync/407d0c92-8e51-46a3-8f53-48190d7bf4c6-0-1779316847830.jpg,jpg,PASS,2900.00 UYU
4fa01715-ffd5-4cfe-b6fe-0cc759c6a425,"Body Para Bébe De Star Wars - Rebels Rule Rojo 24 Meses",body-para-bebe-de-star-wars-rebels-rule-rojo-24-meses,https://cobtsgkwcftvexaarwmo.supabase.co/storage/v1/object/public/public-assets/ml-sync/4fa01715-ffd5-4cfe-b6fe-0cc759c6a425-0-1776872298086.jpg,https://cobtsgkwcftvexaarwmo.supabase.co/storage/v1/object/public/public-assets/ml-sync/4fa01715-ffd5-4cfe-b6fe-0cc759c6a425-0-1776872298086.jpg,200,image/jpeg,JPEG,/storage/v1/object/public/public-assets/ml-sync/4fa01715-ffd5-4cfe-b6fe-0cc759c6a425-0-1776872298086.jpg,jpg,PASS,990.00 UYU
ae85424e-0d76-47bc-9982-70c94b247fa7,"Transformers Lcd Video Game Tiger Electronics Hasbro",transformers-lcd-video-game-tiger-electronics-hasbro-4004,https://collectibles.uy/catalog-images/external/http2.mlstatic.com/D_795834-MLU45777159413_052021-O.jpg,https://collectibles.uy/catalog-images/external/http2.mlstatic.com/D_795834-MLU45777159413_052021-O.jpg,200,image/jpeg,JPEG,/catalog-images/external/http2.mlstatic.com/D_795834-MLU45777159413_052021-O.jpg,jpg,PASS,2490.00 UYU
df366072-17d5-4f21-a9a0-588abb078c2a,"Figgyz Pop! Magnet Street Fighter - Chun-li",figgyz-pop-magnet-street-fighter-chun-li,https://cobtsgkwcftvexaarwmo.supabase.co/storage/v1/object/public/public-assets/ml-sync/df366072-17d5-4f21-a9a0-588abb078c2a-0-1776872290734.jpg,https://cobtsgkwcftvexaarwmo.supabase.co/storage/v1/object/public/public-assets/ml-sync/df366072-17d5-4f21-a9a0-588abb078c2a-0-1776872290734.jpg,200,image/jpeg,JPEG,/storage/v1/object/public/public-assets/ml-sync/df366072-17d5-4f21-a9a0-588abb078c2a-0-1776872290734.jpg,jpg,PASS,990.00 UYU
3a980469-3fa9-4886-914e-1459aea98626,"Charizard Pokemon Moncolle Ex Takara Tomy Ms-15",charizard-pokemon-moncolle-ex-takara-tomy-ms-15-7922,https://collectibles.uy/catalog-images/external/http2.mlstatic.com/D_751024-MLU79174667305_092024-O.jpg,https://collectibles.uy/catalog-images/external/http2.mlstatic.com/D_751024-MLU79174667305_092024-O.jpg,200,image/jpeg,JPEG,/catalog-images/external/http2.mlstatic.com/D_751024-MLU79174667305_092024-O.jpg,jpg,PASS,1390.00 UYU
122992d6-73bd-40d7-8557-e04272376cb7,"Pokemon Select Mega Charizard Modelo",pokemon-select-mega-charizard-modelo-9907,https://collectibles.uy/catalog-images/external/http2.mlstatic.com/D_679212-MLA99453049220_112025-O.jpg,https://collectibles.uy/catalog-images/external/http2.mlstatic.com/D_679212-MLA99453049220_112025-O.jpg,200,image/jpeg,JPEG,/catalog-images/external/http2.mlstatic.com/D_679212-MLA99453049220_112025-O.jpg,jpg,PASS,4990.00 UYU
b02dc417-f618-47ea-8c6b-1fb63233b0af,"Deadpool Deadpool &amp; Wolverine Marvel Legends Hasbro",deadpool-deadpool---wolverine-marvel-legends-hasbro-5152,https://collectibles.uy/catalog-images/external/http2.mlstatic.com/D_910493-MLU82214295027_022025-O.jpg,https://collectibles.uy/catalog-images/external/http2.mlstatic.com/D_910493-MLU82214295027_022025-O.jpg,200,image/jpeg,JPEG,/catalog-images/external/http2.mlstatic.com/D_910493-MLU82214295027_022025-O.jpg,jpg,PASS,5990.00 UYU
4b0c9a41-9f18-4493-bf16-97dafeb5c55b,"Super Saiyan 3 Goku Dragon Ball Figuarts Bandai",super-saiyan-3-goku-dragon-ball-figuarts-bandai-6830,https://collectibles.uy/catalog-images/external/http2.mlstatic.com/D_773628-MLU53309794559_012023-O.jpg,https://collectibles.uy/catalog-images/external/http2.mlstatic.com/D_773628-MLU53309794559_012023-O.jpg,200,image/jpeg,JPEG,/catalog-images/external/http2.mlstatic.com/D_773628-MLU53309794559_012023-O.jpg,jpg,PASS,9900.00 UYU
d6e16fbd-1f54-41b6-990a-a7688521bc53,"Lycanroc Pokemon Moncolle Ex Takara Tomy Ms 23",lycanroc-pokemon-moncolle-ex-takara-tomy-ms-23-6906,https://collectibles.uy/catalog-images/external/http2.mlstatic.com/D_932339-MLU80124859225_102024-O.jpg,https://collectibles.uy/catalog-images/external/http2.mlstatic.com/D_932339-MLU80124859225_102024-O.jpg,200,image/jpeg,JPEG,/catalog-images/external/http2.mlstatic.com/D_932339-MLU80124859225_102024-O.jpg,jpg,PASS,1190.00 UYU
5b39d0c2-315a-4038-8c01-f660b23784b7,"Funko Pop! Lilo Y Stitch - Stitch",funko-pop-lilo-y-stitch-stitch,https://cobtsgkwcftvexaarwmo.supabase.co/storage/v1/object/public/public-assets/ml-sync/5b39d0c2-315a-4038-8c01-f660b23784b7-0-1776871304697.jpg,https://cobtsgkwcftvexaarwmo.supabase.co/storage/v1/object/public/public-assets/ml-sync/5b39d0c2-315a-4038-8c01-f660b23784b7-0-1776871304697.jpg,200,image/jpeg,JPEG,/storage/v1/object/public/public-assets/ml-sync/5b39d0c2-315a-4038-8c01-f660b23784b7-0-1776871304697.jpg,jpg,PASS,1090.00 UYU
526fd732-325f-4d5c-a47b-ffb80671ebc4,"Cars 10 Vehículos Metal Disney Pixar Mattel Autos",cars-10-veh-culos-metal-disney-pixar-mattel-autos-2980,https://collectibles.uy/catalog-images/external/http2.mlstatic.com/D_620202-MLA99963862333_112025-O.jpg,https://collectibles.uy/catalog-images/external/http2.mlstatic.com/D_620202-MLA99963862333_112025-O.jpg,200,image/jpeg,JPEG,/catalog-images/external/http2.mlstatic.com/D_620202-MLA99963862333_112025-O.jpg,jpg,PASS,5990.00 UYU
2537ee74-0a26-4c17-a72c-fb282aaec050,"Optimus Prime Transformers Legacy Core Class Hasbro",optimus-prime-transformers-legacy-core-class-hasbro-3594,https://collectibles.uy/catalog-images/external/http2.mlstatic.com/D_680801-MLU73051178128_112023-O.jpg,https://collectibles.uy/catalog-images/external/http2.mlstatic.com/D_680801-MLU73051178128_112023-O.jpg,200,image/jpeg,JPEG,/catalog-images/external/http2.mlstatic.com/D_680801-MLU73051178128_112023-O.jpg,jpg,PASS,1990.00 UYU
88cf82c8-89c9-452a-8747-db57e8dcc18b,"Kino Makoto Jupiter Sailor Moon Figuarts Bandai",kino-makoto-jupiter-sailor-moon-figuarts-bandai-3018,https://collectibles.uy/catalog-images/external/http2.mlstatic.com/D_669382-MLU53309923034_012023-O.jpg,https://collectibles.uy/catalog-images/external/http2.mlstatic.com/D_669382-MLU53309923034_012023-O.jpg,200,image/jpeg,JPEG,/catalog-images/external/http2.mlstatic.com/D_669382-MLU53309923034_012023-O.jpg,jpg,PASS,4990.00 UYU
d5406d81-e53d-46e9-ab67-1d9e0c4275b8,"Figura De Acción Hasbro Profesor X De The Uncanny X-men",figura-de-acci-n-hasbro-profesor-x-de-the-uncanny-x-men-1429,https://collectibles.uy/catalog-images/external/http2.mlstatic.com/D_994081-MLA99441340282_112025-O.jpg,https://collectibles.uy/catalog-images/external/http2.mlstatic.com/D_994081-MLA99441340282_112025-O.jpg,200,image/jpeg,JPEG,/catalog-images/external/http2.mlstatic.com/D_994081-MLA99441340282_112025-O.jpg,jpg,PASS,3990.00 UYU
d3cd981b-dd5b-43a8-b8be-60b45fcbfc73,"Togepi Pokemon Peluche 15cm Togepi",togepi-pokemon-peluche-15cm-togepi-6116,https://collectibles.uy/catalog-images/external/http2.mlstatic.com/D_662148-MLU107320643423_022026-O.jpg,https://collectibles.uy/catalog-images/external/http2.mlstatic.com/D_662148-MLU107320643423_022026-O.jpg,200,image/jpeg,JPEG,/catalog-images/external/http2.mlstatic.com/D_662148-MLU107320643423_022026-O.jpg,jpg,PASS,1390.00 UYU
55c58570-36c1-45f6-9b5f-4ff0fb819aa7,"Figura De Acción The Black Series Ahsoka Tano Star Wars 15cm",figura-de-acci-n-the-black-series-ahsoka-tano-star-wars-15cm-1836,https://collectibles.uy/catalog-images/external/http2.mlstatic.com/D_641800-MLA95643219160_102025-O.jpg,https://collectibles.uy/catalog-images/external/http2.mlstatic.com/D_641800-MLA95643219160_102025-O.jpg,200,image/jpeg,JPEG,/catalog-images/external/http2.mlstatic.com/D_641800-MLA95643219160_102025-O.jpg,jpg,PASS,2990.00 UYU
1eec2ee4-27f4-4ca7-8650-7a8592865c0a,"Popera Dungeons And Dragons.",popera-dungeons-and-dragons,https://cobtsgkwcftvexaarwmo.supabase.co/storage/v1/object/public/public-assets/ml-sync/1eec2ee4-27f4-4ca7-8650-7a8592865c0a-0-1776870907171.jpg,https://cobtsgkwcftvexaarwmo.supabase.co/storage/v1/object/public/public-assets/ml-sync/1eec2ee4-27f4-4ca7-8650-7a8592865c0a-0-1776870907171.jpg,200,image/jpeg,JPEG,/storage/v1/object/public/public-assets/ml-sync/1eec2ee4-27f4-4ca7-8650-7a8592865c0a-0-1776870907171.jpg,jpg,PASS,400.00 UYU
52e4c8dc-4052-441d-83d3-43941803ed61,"25 SOBRES DE FIGURITAS MUNDIAL 2026",10-sobres-de-figuritas-mundial-2026--copia-6926-copia-8343,https://cobtsgkwcftvexaarwmo.supabase.co/storage/v1/object/public/public-assets/1779846161895-25-sobresmundial2026.jpg,https://cobtsgkwcftvexaarwmo.supabase.co/storage/v1/object/public/public-assets/1779846161895-25-sobresmundial2026.jpg,200,image/jpeg,JPEG,/storage/v1/object/public/public-assets/1779846161895-25-sobresmundial2026.jpg,jpg,PASS,1500.00 UYU
e2cf41e7-aff1-4fbe-821b-847823df4827,"Black Superman The Animated Series Dc Multiverse Mcfarlane",black-superman-the-animated-series-dc-multiverse-mcfarlane-7302,https://collectibles.uy/catalog-images/external/http2.mlstatic.com/D_720457-MLU53289570582_012023-O.jpg,https://collectibles.uy/catalog-images/external/http2.mlstatic.com/D_720457-MLU53289570582_012023-O.jpg,200,image/jpeg,JPEG,/catalog-images/external/http2.mlstatic.com/D_720457-MLU53289570582_012023-O.jpg,jpg,PASS,2650.00 UYU
b52ee2fb-4a9e-4915-8a8e-4b56e2fdb4ee,"75 SOBRES DE FIGURITAS MUNDIAL 2026",10-sobres-de-figuritas-mundial-2026--copia-6926,https://cobtsgkwcftvexaarwmo.supabase.co/storage/v1/object/public/public-assets/1779846164660-75-sobresmundial2026.jpg,https://cobtsgkwcftvexaarwmo.supabase.co/storage/v1/object/public/public-assets/1779846164660-75-sobresmundial2026.jpg,200,image/jpeg,JPEG,/storage/v1/object/public/public-assets/1779846164660-75-sobresmundial2026.jpg,jpg,PASS,4500.00 UYU
224968d2-8f3b-48f7-89f9-cc2b27a27ddd,"Peter B. Parker Spiderman Across Spider-verse Marvel Legends",peter-b-parker-spiderman-across-spider-verse-marvel-legends-ge6xq,https://cobtsgkwcftvexaarwmo.supabase.co/storage/v1/object/public/public-assets/vendors/61a48094-7453-4b7f-9563-e51f184832f9/ml-curation/224968d2-8f3b-48f7-89f9-cc2b27a27ddd-main.jpg,https://cobtsgkwcftvexaarwmo.supabase.co/storage/v1/object/public/public-assets/vendors/61a48094-7453-4b7f-9563-e51f184832f9/ml-curation/224968d2-8f3b-48f7-89f9-cc2b27a27ddd-main.jpg,200,image/jpeg,JPEG,/storage/v1/object/public/public-assets/vendors/61a48094-7453-4b7f-9563-e51f184832f9/ml-curation/224968d2-8f3b-48f7-89f9-cc2b27a27ddd-main.jpg,jpg,PASS,3990.00 UYU
c9bcceef-29d7-44ea-816c-bad740ce745a,"Dc Dice Masters: Justice League 90 Count Gravity Feed",dc-dice-masters-justice-league-90-count-gravity-feed,https://cobtsgkwcftvexaarwmo.supabase.co/storage/v1/object/public/public-assets/ml-sync/c9bcceef-29d7-44ea-816c-bad740ce745a-0-1779316063086.jpg,https://cobtsgkwcftvexaarwmo.supabase.co/storage/v1/object/public/public-assets/ml-sync/c9bcceef-29d7-44ea-816c-bad740ce745a-0-1779316063086.jpg,200,image/jpeg,JPEG,/storage/v1/object/public/public-assets/ml-sync/c9bcceef-29d7-44ea-816c-bad740ce745a-0-1779316063086.jpg,jpg,PASS,150.00 UYU
192b0090-75d6-4d2c-b181-7ad9fdbab06a,"Mega Charizard X Pokemon Moncolle Ex Takara Tomy Ms-51",mega-charizard-x-pokemon-moncolle-ex-takara-tomy-ms-51-6100,https://collectibles.uy/catalog-images/external/http2.mlstatic.com/D_622683-MLU78565433868_082024-O.jpg,https://collectibles.uy/catalog-images/external/http2.mlstatic.com/D_622683-MLU78565433868_082024-O.jpg,200,image/jpeg,JPEG,/catalog-images/external/http2.mlstatic.com/D_622683-MLU78565433868_082024-O.jpg,jpg,PASS,1390.00 UYU
c77da985-4056-43eb-9815-c1303bb9fdcf,"Harry Potter! Cuaderno Slytherin",harry-potter-cuaderno-slytherin,https://cobtsgkwcftvexaarwmo.supabase.co/storage/v1/object/public/public-assets/ml-sync/c77da985-4056-43eb-9815-c1303bb9fdcf-0-1776870890394.jpg,https://cobtsgkwcftvexaarwmo.supabase.co/storage/v1/object/public/public-assets/ml-sync/c77da985-4056-43eb-9815-c1303bb9fdcf-0-1776870890394.jpg,200,image/jpeg,JPEG,/storage/v1/object/public/public-assets/ml-sync/c77da985-4056-43eb-9815-c1303bb9fdcf-0-1776870890394.jpg,jpg,PASS,590.00 UYU
84a0ef01-cf29-4b7f-aeb7-11a6913ab5fe,"Marvel Spiderman TAS 1996 - Spider-wars Cyborg Spiderman",marvel-spiderman-tas-1996-spider-wars-cyborg-spiderman,https://cobtsgkwcftvexaarwmo.supabase.co/storage/v1/object/public/public-assets/ml-sync/84a0ef01-cf29-4b7f-aeb7-11a6913ab5fe-0-1776872316473.jpg,https://cobtsgkwcftvexaarwmo.supabase.co/storage/v1/object/public/public-assets/ml-sync/84a0ef01-cf29-4b7f-aeb7-11a6913ab5fe-0-1776872316473.jpg,200,image/jpeg,JPEG,/storage/v1/object/public/public-assets/ml-sync/84a0ef01-cf29-4b7f-aeb7-11a6913ab5fe-0-1776872316473.jpg,jpg,PASS,3290.00 UYU
24805d3c-066d-4025-bd36-8c41aa58b59b,"Iron Studios! Batman Returns Minico Catwoman",iron-studios-batman-returns-minico-catwoman,https://cobtsgkwcftvexaarwmo.supabase.co/storage/v1/object/public/public-assets/productos/1779906334849-generated-image-may-27--2026---3-23pm.png,https://cobtsgkwcftvexaarwmo.supabase.co/storage/v1/object/public/public-assets/productos/1779906334849-generated-image-may-27--2026---3-23pm.png,200,image/png,PNG,/storage/v1/object/public/public-assets/productos/1779906334849-generated-image-may-27--2026---3-23pm.png,png,PASS,2900.00 UYU
7d5cb5f0-c51a-48d8-afb3-664e926dd7bf,"Dr. Strange Morbius Spiderman 90&apos;s Animated Marvel Legends",dr-strange-morbius-spiderman-90-s-animated-marvel-legends-o6gdu,https://cobtsgkwcftvexaarwmo.supabase.co/storage/v1/object/public/public-assets/vendors/61a48094-7453-4b7f-9563-e51f184832f9/ml-curation/7d5cb5f0-c51a-48d8-afb3-664e926dd7bf-main.jpg,https://cobtsgkwcftvexaarwmo.supabase.co/storage/v1/object/public/public-assets/vendors/61a48094-7453-4b7f-9563-e51f184832f9/ml-curation/7d5cb5f0-c51a-48d8-afb3-664e926dd7bf-main.jpg,200,image/jpeg,JPEG,/storage/v1/object/public/public-assets/vendors/61a48094-7453-4b7f-9563-e51f184832f9/ml-curation/7d5cb5f0-c51a-48d8-afb3-664e926dd7bf-main.jpg,jpg,PASS,7990.00 UYU
49103d54-c35d-4ede-8546-e60e3ba1cf01,"Funko Plushies! Marvel Lucha Libre Venom Multicolor",funko-plushies-marvel-lucha-libre-venom-multicolor,https://cobtsgkwcftvexaarwmo.supabase.co/storage/v1/object/public/public-assets/ml-sync/49103d54-c35d-4ede-8546-e60e3ba1cf01-0-1776871131327.jpg,https://cobtsgkwcftvexaarwmo.supabase.co/storage/v1/object/public/public-assets/ml-sync/49103d54-c35d-4ede-8546-e60e3ba1cf01-0-1776871131327.jpg,200,image/jpeg,JPEG,/storage/v1/object/public/public-assets/ml-sync/49103d54-c35d-4ede-8546-e60e3ba1cf01-0-1776871131327.jpg,jpg,PASS,1200.00 UYU
f9edb131-5a57-48ee-8e57-4fb19b1f6107,"Vulture Spiderman 90&apos;s Animated Marvel Legends",vulture-spiderman-90-s-animated-marvel-legends-5l26u,https://cobtsgkwcftvexaarwmo.supabase.co/storage/v1/object/public/public-assets/vendors/61a48094-7453-4b7f-9563-e51f184832f9/ml-curation/f9edb131-5a57-48ee-8e57-4fb19b1f6107-main.jpg,https://cobtsgkwcftvexaarwmo.supabase.co/storage/v1/object/public/public-assets/vendors/61a48094-7453-4b7f-9563-e51f184832f9/ml-curation/f9edb131-5a57-48ee-8e57-4fb19b1f6107-main.jpg,200,image/jpeg,JPEG,/storage/v1/object/public/public-assets/vendors/61a48094-7453-4b7f-9563-e51f184832f9/ml-curation/f9edb131-5a57-48ee-8e57-4fb19b1f6107-main.jpg,jpg,PASS,16500.00 UYU
9b3fa976-3b70-428b-95a6-d3a1a9c693d9,"Sylveon Pokemon Moncolle Ex Takara Tomy",sylveon-pokemon-moncolle-ex-takara-tomy-2721,https://collectibles.uy/catalog-images/external/http2.mlstatic.com/D_705288-MLU78566172710_082024-O.jpg,https://collectibles.uy/catalog-images/external/http2.mlstatic.com/D_705288-MLU78566172710_082024-O.jpg,200,image/jpeg,JPEG,/catalog-images/external/http2.mlstatic.com/D_705288-MLU78566172710_082024-O.jpg,jpg,PASS,1390.00 UYU
24f50c8b-6a76-48ab-a27f-b964864fa917,"Figgyz Pop! Magnet Silent Hill 2 - Bubble Head Nurse",figgyz-pop-magnet-silent-hill-2-bubble-head-nurse,https://cobtsgkwcftvexaarwmo.supabase.co/storage/v1/object/public/public-assets/ml-sync/24f50c8b-6a76-48ab-a27f-b964864fa917-0-1776872283686.jpg,https://cobtsgkwcftvexaarwmo.supabase.co/storage/v1/object/public/public-assets/ml-sync/24f50c8b-6a76-48ab-a27f-b964864fa917-0-1776872283686.jpg,200,image/jpeg,JPEG,/storage/v1/object/public/public-assets/ml-sync/24f50c8b-6a76-48ab-a27f-b964864fa917-0-1776872283686.jpg,jpg,PASS,990.00 UYU
f1a53ced-449c-4e73-ae7c-706822ec8784,"Invisible Woman Fantastic Four Marvel Legends Hasbro",invisible-woman-fantastic-four-marvel-legends-hasbro-x2p6d,https://cobtsgkwcftvexaarwmo.supabase.co/storage/v1/object/public/public-assets/vendors/61a48094-7453-4b7f-9563-e51f184832f9/ml-curation/f1a53ced-449c-4e73-ae7c-706822ec8784-main.jpg,https://cobtsgkwcftvexaarwmo.supabase.co/storage/v1/object/public/public-assets/vendors/61a48094-7453-4b7f-9563-e51f184832f9/ml-curation/f1a53ced-449c-4e73-ae7c-706822ec8784-main.jpg,200,image/jpeg,JPEG,/storage/v1/object/public/public-assets/vendors/61a48094-7453-4b7f-9563-e51f184832f9/ml-curation/f1a53ced-449c-4e73-ae7c-706822ec8784-main.jpg,jpg,PASS,3990.00 UYU
2a71d44c-5ae7-4fb0-91d8-5c60b366c890,"DC Multiverse - Batman V Superman Figures - Lex Luthor",batman-v-superman-figures-lex-luthor,https://cobtsgkwcftvexaarwmo.supabase.co/storage/v1/object/public/public-assets/ml-sync/2a71d44c-5ae7-4fb0-91d8-5c60b366c890-0-1776871190298.jpg,https://cobtsgkwcftvexaarwmo.supabase.co/storage/v1/object/public/public-assets/ml-sync/2a71d44c-5ae7-4fb0-91d8-5c60b366c890-0-1776871190298.jpg,200,image/jpeg,JPEG,/storage/v1/object/public/public-assets/ml-sync/2a71d44c-5ae7-4fb0-91d8-5c60b366c890-0-1776871190298.jpg,jpg,PASS,1990.00 UYU
190939e2-9c0a-4b00-983d-0d6d5b7e2cf2,"Funko Pop! Queen - News Of The World ",funko-pop-queen-news-of-the-world,https://cobtsgkwcftvexaarwmo.supabase.co/storage/v1/object/public/public-assets/ml-sync/190939e2-9c0a-4b00-983d-0d6d5b7e2cf2-0-1779316217531.jpg,https://cobtsgkwcftvexaarwmo.supabase.co/storage/v1/object/public/public-assets/ml-sync/190939e2-9c0a-4b00-983d-0d6d5b7e2cf2-0-1779316217531.jpg,200,image/jpeg,JPEG,/storage/v1/object/public/public-assets/ml-sync/190939e2-9c0a-4b00-983d-0d6d5b7e2cf2-0-1779316217531.jpg,jpg,PASS,1500.00 UYU
9e296af8-6fd1-45ab-a529-dc46e1dfbe3c,"Freddy Frostbear Five Nights Freddy´s Special Delivery Funko",freddy-frostbear-five-nights-freddy-s-special-delivery-funko-2968,https://collectibles.uy/catalog-images/external/http2.mlstatic.com/D_936317-MLU45522461781_042021-O.jpg,https://collectibles.uy/catalog-images/external/http2.mlstatic.com/D_936317-MLU45522461781_042021-O.jpg,200,image/jpeg,JPEG,/catalog-images/external/http2.mlstatic.com/D_936317-MLU45522461781_042021-O.jpg,jpg,PASS,2990.00 UYU
3f2c6d19-7e6a-44a8-ab80-67ce40bc3de1,"Goma De Borrar Rectangular De Goma Harry Potter Cinereplicas",goma-de-borrar-rectangular-de-goma-harry-potter-cinereplicas,https://cobtsgkwcftvexaarwmo.supabase.co/storage/v1/object/public/public-assets/ml-sync/3f2c6d19-7e6a-44a8-ab80-67ce40bc3de1-0-1776870907103.jpg,https://cobtsgkwcftvexaarwmo.supabase.co/storage/v1/object/public/public-assets/ml-sync/3f2c6d19-7e6a-44a8-ab80-67ce40bc3de1-0-1776870907103.jpg,200,image/jpeg,JPEG,/storage/v1/object/public/public-assets/ml-sync/3f2c6d19-7e6a-44a8-ab80-67ce40bc3de1-0-1776870907103.jpg,jpg,PASS,150.00 UYU
911d1f33-3bed-4d4a-9f17-e10887a11f8c,"Shiny Sylveon Eevee Pokemon Center Peluche 20cm Shiny Sylveon",shiny-sylveon-eevee-pokemon-center-peluche-20cm-shiny-sylveon-5181,https://collectibles.uy/catalog-images/external/http2.mlstatic.com/D_995610-MLU92718235537_092025-O.jpg,https://collectibles.uy/catalog-images/external/http2.mlstatic.com/D_995610-MLU92718235537_092025-O.jpg,200,image/jpeg,JPEG,/catalog-images/external/http2.mlstatic.com/D_995610-MLU92718235537_092025-O.jpg,jpg,PASS,1390.00 UYU
24d0caa9-1f29-4095-8523-b314ca0b0d89,"Figura De Acción Star Wars The Black Series Plo Koon",figura-de-acci-n-star-wars-the-black-series-plo-koon-6261,https://collectibles.uy/catalog-images/external/http2.mlstatic.com/D_730319-MLA96718014757_102025-O.jpg,https://collectibles.uy/catalog-images/external/http2.mlstatic.com/D_730319-MLA96718014757_102025-O.jpg,200,image/jpeg,JPEG,/catalog-images/external/http2.mlstatic.com/D_730319-MLA96718014757_102025-O.jpg,jpg,PASS,3990.00 UYU
58447512-5ea1-4d40-a063-b2176842d027,"Catwoman The New Batman Adventures Dc Collectibles 39",catwoman-the-new-batman-adventures-dc-collectibles-39-2771,https://collectibles.uy/catalog-images/external/http2.mlstatic.com/D_658987-MLU45550249422_042021-O.jpg,https://collectibles.uy/catalog-images/external/http2.mlstatic.com/D_658987-MLU45550249422_042021-O.jpg,200,image/jpeg,JPEG,/catalog-images/external/http2.mlstatic.com/D_658987-MLU45550249422_042021-O.jpg,jpg,PASS,5990.00 UYU
88cbc5f0-2630-4ad5-aec9-a44e0daac198,"Peluche Bob Esponja Interactivo Goofy Goober 45cm Amarillo",peluche-bob-esponja-interactivo-goofy-goober-45cm-amarillo,https://cobtsgkwcftvexaarwmo.supabase.co/storage/v1/object/public/public-assets/ml-sync/88cbc5f0-2630-4ad5-aec9-a44e0daac198-0-1776871312726.jpg,https://cobtsgkwcftvexaarwmo.supabase.co/storage/v1/object/public/public-assets/ml-sync/88cbc5f0-2630-4ad5-aec9-a44e0daac198-0-1776871312726.jpg,200,image/jpeg,JPEG,/storage/v1/object/public/public-assets/ml-sync/88cbc5f0-2630-4ad5-aec9-a44e0daac198-0-1776871312726.jpg,jpg,PASS,2990.00 UYU
5de68411-6e0b-4da0-b252-c8d9cb5438b5,"Pokemon! Portafolio Ultra Pro Pokeball 2",pokemon-portafolio-ultra-pro-pokeball-2,https://cobtsgkwcftvexaarwmo.supabase.co/storage/v1/object/public/public-assets/ml-sync/5de68411-6e0b-4da0-b252-c8d9cb5438b5-0-1776871258649.jpg,https://cobtsgkwcftvexaarwmo.supabase.co/storage/v1/object/public/public-assets/ml-sync/5de68411-6e0b-4da0-b252-c8d9cb5438b5-0-1776871258649.jpg,200,image/jpeg,JPEG,/storage/v1/object/public/public-assets/ml-sync/5de68411-6e0b-4da0-b252-c8d9cb5438b5-0-1776871258649.jpg,jpg,PASS,1900.00 UYU
04f7ed10-3308-41c4-9e17-5c659895a4de,"Amazing Spiderman No Way Home Andrew Garfield Marvel Legends",amazing-spiderman-no-way-home-andrew-garfield-marvel-legends-igw6p,https://cobtsgkwcftvexaarwmo.supabase.co/storage/v1/object/public/public-assets/vendors/61a48094-7453-4b7f-9563-e51f184832f9/ml-curation/04f7ed10-3308-41c4-9e17-5c659895a4de-main.jpg,https://cobtsgkwcftvexaarwmo.supabase.co/storage/v1/object/public/public-assets/vendors/61a48094-7453-4b7f-9563-e51f184832f9/ml-curation/04f7ed10-3308-41c4-9e17-5c659895a4de-main.jpg,200,image/jpeg,JPEG,/storage/v1/object/public/public-assets/vendors/61a48094-7453-4b7f-9563-e51f184832f9/ml-curation/04f7ed10-3308-41c4-9e17-5c659895a4de-main.jpg,jpg,PASS,5990.00 UYU
230cbe4c-81d0-48fc-885f-2009d3b5ffff,"Funko Pop! Superman",funko-pop-superman,https://cobtsgkwcftvexaarwmo.supabase.co/storage/v1/object/public/public-assets/ml-sync/230cbe4c-81d0-48fc-885f-2009d3b5ffff-0-1776871231221.jpg,https://cobtsgkwcftvexaarwmo.supabase.co/storage/v1/object/public/public-assets/ml-sync/230cbe4c-81d0-48fc-885f-2009d3b5ffff-0-1776871231221.jpg,200,image/jpeg,JPEG,/storage/v1/object/public/public-assets/ml-sync/230cbe4c-81d0-48fc-885f-2009d3b5ffff-0-1776871231221.jpg,jpg,PASS,1090.00 UYU
262eb434-bac6-4fa8-bd1a-99b3b76277b8,"Iron Studios! Harry Potter Bds Art Scale 1/10",iron-studios-harry-potter-bds-art-scale-1-10,https://cobtsgkwcftvexaarwmo.supabase.co/storage/v1/object/public/public-assets/ml-sync/262eb434-bac6-4fa8-bd1a-99b3b76277b8-0-1779316859092.jpg,https://cobtsgkwcftvexaarwmo.supabase.co/storage/v1/object/public/public-assets/ml-sync/262eb434-bac6-4fa8-bd1a-99b3b76277b8-0-1779316859092.jpg,200,image/jpeg,JPEG,/storage/v1/object/public/public-assets/ml-sync/262eb434-bac6-4fa8-bd1a-99b3b76277b8-0-1779316859092.jpg,jpg,PASS,10900.00 UYU
7dbea042-1238-4841-a715-f6e03c62ca0b,"Cubone Pokemon Center Peluche 20cm",cubone-pokemon-center-peluche-20cm-3843,https://collectibles.uy/catalog-images/external/http2.mlstatic.com/D_853147-MLU49179113784_022022-O.jpg,https://collectibles.uy/catalog-images/external/http2.mlstatic.com/D_853147-MLU49179113784_022022-O.jpg,200,image/jpeg,JPEG,/catalog-images/external/http2.mlstatic.com/D_853147-MLU49179113784_022022-O.jpg,jpg,PASS,1390.00 UYU
2ec197af-21cf-4880-a3c2-a9601bd6c4bf,"Figgyz Pop! Magnet Sonic",figgyz-pop-magnet-sonic,https://cobtsgkwcftvexaarwmo.supabase.co/storage/v1/object/public/public-assets/ml-sync/2ec197af-21cf-4880-a3c2-a9601bd6c4bf-0-1776872298072.jpg,https://cobtsgkwcftvexaarwmo.supabase.co/storage/v1/object/public/public-assets/ml-sync/2ec197af-21cf-4880-a3c2-a9601bd6c4bf-0-1776872298072.jpg,200,image/jpeg,JPEG,/storage/v1/object/public/public-assets/ml-sync/2ec197af-21cf-4880-a3c2-a9601bd6c4bf-0-1776872298072.jpg,jpg,PASS,990.00 UYU
23690889-04c9-493a-a5b8-76d49294cc85,"Shredder Tortugas Ninja Turtles Playmates Sewer Lair",shredder-tortugas-ninja-turtles-playmates-sewer-lair-9724,https://collectibles.uy/catalog-images/external/http2.mlstatic.com/D_710953-MLU45698325568_042021-O.jpg,https://collectibles.uy/catalog-images/external/http2.mlstatic.com/D_710953-MLU45698325568_042021-O.jpg,200,image/jpeg,JPEG,/catalog-images/external/http2.mlstatic.com/D_710953-MLU45698325568_042021-O.jpg,jpg,PASS,2990.00 UYU
23e96c01-9262-4a73-99e3-d87da4f86a1e,"Set De Figuras De Acción Marvel Legends Series Forge, Storm Y Jubilee Coleccionables De Hasbro",set-de-figuras-de-acci-n-marvel-legends-series-forge-storm-y-jubilee-coleccionables-de-hasbro-2t0ej,https://cobtsgkwcftvexaarwmo.supabase.co/storage/v1/object/public/public-assets/vendors/61a48094-7453-4b7f-9563-e51f184832f9/ml-curation/23e96c01-9262-4a73-99e3-d87da4f86a1e-main.jpg,https://cobtsgkwcftvexaarwmo.supabase.co/storage/v1/object/public/public-assets/vendors/61a48094-7453-4b7f-9563-e51f184832f9/ml-curation/23e96c01-9262-4a73-99e3-d87da4f86a1e-main.jpg,200,image/jpeg,JPEG,/storage/v1/object/public/public-assets/vendors/61a48094-7453-4b7f-9563-e51f184832f9/ml-curation/23e96c01-9262-4a73-99e3-d87da4f86a1e-main.jpg,jpg,PASS,9900.00 UYU
520ef152-857c-4899-b7a8-13da3459302d,"Charmander Peluche Pokemon 30cm Naranja",charmander-peluche-pokemon-30cm-naranja-7863,https://collectibles.uy/catalog-images/external/http2.mlstatic.com/D_908308-MLU100486446938_122025-O.jpg,https://collectibles.uy/catalog-images/external/http2.mlstatic.com/D_908308-MLU100486446938_122025-O.jpg,200,image/jpeg,JPEG,/catalog-images/external/http2.mlstatic.com/D_908308-MLU100486446938_122025-O.jpg,jpg,PASS,2990.00 UYU
851fd9a0-2e69-4ec6-ab87-a936844afc48,"Red Gyrados Pokemon Center Peluche 56cm",red-gyrados-pokemon-center-peluche-56cm-2113,https://collectibles.uy/catalog-images/external/http2.mlstatic.com/D_875979-MLU47036810068_082021-O.jpg,https://collectibles.uy/catalog-images/external/http2.mlstatic.com/D_875979-MLU47036810068_082021-O.jpg,200,image/jpeg,JPEG,/catalog-images/external/http2.mlstatic.com/D_875979-MLU47036810068_082021-O.jpg,jpg,PASS,2190.00 UYU
c0a8275f-8ca4-426c-8a58-c80e488945bb,"Doctor Strange! Camiseta Bebé Estampada Blanco/azul 3-6 Meses Liso",doctor-strange-camiseta-bebe-estampada-blanco-azul-3-6-meses-liso,https://cobtsgkwcftvexaarwmo.supabase.co/storage/v1/object/public/public-assets/ml-sync/c0a8275f-8ca4-426c-8a58-c80e488945bb-0-1779316687178.jpg,https://cobtsgkwcftvexaarwmo.supabase.co/storage/v1/object/public/public-assets/ml-sync/c0a8275f-8ca4-426c-8a58-c80e488945bb-0-1779316687178.jpg,200,image/jpeg,JPEG,/storage/v1/object/public/public-assets/ml-sync/c0a8275f-8ca4-426c-8a58-c80e488945bb-0-1779316687178.jpg,jpg,PASS,150.00 UYU
5017bfc0-9bfa-4733-a645-87222752fbcc,"Iron Man Nano Guantelete Infinito Marvel Legends Hasbro",iron-man-nano-guantelete-infinito-marvel-legends-hasbro-e6frg,https://cobtsgkwcftvexaarwmo.supabase.co/storage/v1/object/public/public-assets/vendors/61a48094-7453-4b7f-9563-e51f184832f9/ml-curation/5017bfc0-9bfa-4733-a645-87222752fbcc-main.jpg,https://cobtsgkwcftvexaarwmo.supabase.co/storage/v1/object/public/public-assets/vendors/61a48094-7453-4b7f-9563-e51f184832f9/ml-curation/5017bfc0-9bfa-4733-a645-87222752fbcc-main.jpg,200,image/jpeg,JPEG,/storage/v1/object/public/public-assets/vendors/61a48094-7453-4b7f-9563-e51f184832f9/ml-curation/5017bfc0-9bfa-4733-a645-87222752fbcc-main.jpg,jpg,PASS,14900.00 UYU
c4f23e6b-63d0-44e0-95ab-4056c2b1ae6c,"Flash Justice League Animated Dc Collectibles",flash-justice-league-animated-dc-collectibles-7095,https://collectibles.uy/catalog-images/external/http2.mlstatic.com/D_826488-MLU45524216454_042021-O.jpg,https://collectibles.uy/catalog-images/external/http2.mlstatic.com/D_826488-MLU45524216454_042021-O.jpg,200,image/jpeg,JPEG,/catalog-images/external/http2.mlstatic.com/D_826488-MLU45524216454_042021-O.jpg,jpg,PASS,3990.00 UYU
2f59425b-737c-4d91-9295-a52b472f96ee,"Flash! Camiseta Bebé Estampada",flash-camiseta-bebe-estampada,https://cobtsgkwcftvexaarwmo.supabase.co/storage/v1/object/public/public-assets/ml-sync/2f59425b-737c-4d91-9295-a52b472f96ee-0-1779316712305.jpg,https://cobtsgkwcftvexaarwmo.supabase.co/storage/v1/object/public/public-assets/ml-sync/2f59425b-737c-4d91-9295-a52b472f96ee-0-1779316712305.jpg,200,image/jpeg,JPEG,/storage/v1/object/public/public-assets/ml-sync/2f59425b-737c-4d91-9295-a52b472f96ee-0-1779316712305.jpg,jpg,PASS,150.00 UYU
8bb42916-91c2-4383-b082-d92053f2ad73,"Funko Pop! Kpop Demon Hunters - Jinu",funko-pop-kpop-demon-hunters-jinu,https://cobtsgkwcftvexaarwmo.supabase.co/storage/v1/object/public/public-assets/ml-sync/8bb42916-91c2-4383-b082-d92053f2ad73-0-1776871219998.jpg,https://cobtsgkwcftvexaarwmo.supabase.co/storage/v1/object/public/public-assets/ml-sync/8bb42916-91c2-4383-b082-d92053f2ad73-0-1776871219998.jpg,200,image/jpeg,JPEG,/storage/v1/object/public/public-assets/ml-sync/8bb42916-91c2-4383-b082-d92053f2ad73-0-1776871219998.jpg,jpg,PASS,1090.00 UYU
67f5247e-6019-47b4-956c-9b86af88a0ce,"Latias Pokemon Center Peluche",latias-pokemon-center-peluche-1337,https://collectibles.uy/catalog-images/external/http2.mlstatic.com/D_783950-MLU79178006395_092024-O.jpg,https://collectibles.uy/catalog-images/external/http2.mlstatic.com/D_783950-MLU79178006395_092024-O.jpg,200,image/jpeg,JPEG,/catalog-images/external/http2.mlstatic.com/D_783950-MLU79178006395_092024-O.jpg,jpg,PASS,2190.00 UYU
19a74947-9641-4332-83d0-1b5ea3195425,"Iron Man Mk85 Thanos Avengers Infinity Saga Marvel Legends",iron-man-mk85-thanos-avengers-infinity-saga-marvel-legends-882dp,https://cobtsgkwcftvexaarwmo.supabase.co/storage/v1/object/public/public-assets/vendors/61a48094-7453-4b7f-9563-e51f184832f9/ml-curation/19a74947-9641-4332-83d0-1b5ea3195425-main.jpg,https://cobtsgkwcftvexaarwmo.supabase.co/storage/v1/object/public/public-assets/vendors/61a48094-7453-4b7f-9563-e51f184832f9/ml-curation/19a74947-9641-4332-83d0-1b5ea3195425-main.jpg,200,image/jpeg,JPEG,/storage/v1/object/public/public-assets/vendors/61a48094-7453-4b7f-9563-e51f184832f9/ml-curation/19a74947-9641-4332-83d0-1b5ea3195425-main.jpg,jpg,PASS,9990.00 UYU
86250a14-31e2-42e9-a9fa-9d900da3a84d,"Dragonair Pokemon Center Peluche 68cm",dragonair-pokemon-center-peluche-68cm-6134,https://collectibles.uy/catalog-images/external/http2.mlstatic.com/D_642796-MLU46421000703_062021-O.jpg,https://collectibles.uy/catalog-images/external/http2.mlstatic.com/D_642796-MLU46421000703_062021-O.jpg,200,image/jpeg,JPEG,/catalog-images/external/http2.mlstatic.com/D_642796-MLU46421000703_062021-O.jpg,jpg,PASS,2190.00 UYU
e4975074-6918-4fb6-981b-761e2afbc092,"Charmander Pokemon Center Peluche 11cm",charmander-pokemon-center-peluche-11cm-2800,https://collectibles.uy/catalog-images/external/http2.mlstatic.com/D_910214-MLU107323626247_022026-O.jpg,https://collectibles.uy/catalog-images/external/http2.mlstatic.com/D_910214-MLU107323626247_022026-O.jpg,200,image/jpeg,JPEG,/catalog-images/external/http2.mlstatic.com/D_910214-MLU107323626247_022026-O.jpg,jpg,PASS,990.00 UYU
107ff1f0-1f02-4ec5-b841-1d98c0361019,"Figura De Acción Fire Man Mega Man Jada Toys 15cm Articulada Coleccionable",figura-de-acci-n-fire-man-mega-man-jada-toys-15cm-articulada-coleccionable-2052,https://collectibles.uy/catalog-images/external/http2.mlstatic.com/D_792413-MLA99932760595_112025-O.jpg,https://collectibles.uy/catalog-images/external/http2.mlstatic.com/D_792413-MLA99932760595_112025-O.jpg,200,image/jpeg,JPEG,/catalog-images/external/http2.mlstatic.com/D_792413-MLA99932760595_112025-O.jpg,jpg,PASS,2990.00 UYU
ae0e5b03-4cfd-4f37-ba36-32dbb91b3fe6,"Gwen Stacy Spiderman Marvel Legends Stilt-man Baf Hasbro",gwen-stacy-spiderman-marvel-legends-stilt-man-baf-hasbro-3440,https://collectibles.uy/catalog-images/external/http2.mlstatic.com/D_855625-MLU45516697905_042021-O.jpg,https://collectibles.uy/catalog-images/external/http2.mlstatic.com/D_855625-MLU45516697905_042021-O.jpg,200,image/jpeg,JPEG,/catalog-images/external/http2.mlstatic.com/D_855625-MLU45516697905_042021-O.jpg,jpg,PASS,3990.00 UYU
c16a301d-1339-42a2-941c-b7a29787b729,"Dani Moonstar X-men Marvel Legends Hasbro",dani-moonstar-x-men-marvel-legends-hasbro-2237,https://collectibles.uy/catalog-images/external/http2.mlstatic.com/D_718280-MLU45528883853_042021-O.jpg,https://collectibles.uy/catalog-images/external/http2.mlstatic.com/D_718280-MLU45528883853_042021-O.jpg,200,image/jpeg,JPEG,/catalog-images/external/http2.mlstatic.com/D_718280-MLU45528883853_042021-O.jpg,jpg,PASS,4990.00 UYU
04ee1610-7875-40b8-bb6c-d7deea915b60,"Figura De Acción Hasbro Star Wars Vintage Mace Windu 9.5 Cm",figura-de-acci-n-hasbro-star-wars-vintage-mace-windu-9-5-cm-6575,https://collectibles.uy/catalog-images/external/http2.mlstatic.com/D_967807-MLA99928919835_112025-O.jpg,https://collectibles.uy/catalog-images/external/http2.mlstatic.com/D_967807-MLA99928919835_112025-O.jpg,200,image/jpeg,JPEG,/catalog-images/external/http2.mlstatic.com/D_967807-MLA99928919835_112025-O.jpg,jpg,PASS,2190.00 UYU
cc7ffafd-dc2a-4b8b-bc78-c66293b26b91,"Funko Pop! Black Lightning - Lightning",funko-pop-black-lightning-lightning,https://cobtsgkwcftvexaarwmo.supabase.co/storage/v1/object/public/public-assets/ml-sync/cc7ffafd-dc2a-4b8b-bc78-c66293b26b91-0-1776870638672.jpg,https://cobtsgkwcftvexaarwmo.supabase.co/storage/v1/object/public/public-assets/ml-sync/cc7ffafd-dc2a-4b8b-bc78-c66293b26b91-0-1776870638672.jpg,200,image/jpeg,JPEG,/storage/v1/object/public/public-assets/ml-sync/cc7ffafd-dc2a-4b8b-bc78-c66293b26b91-0-1776870638672.jpg,jpg,PASS,790.00 UYU
ee122992-421f-40ae-996f-5ac56e83ec09,"Mikasa Ackerman Shigeki No Kyojin Rah Medicom Toy 648",mikasa-ackerman-shigeki-no-kyojin-rah-medicom-toy-648-4311,https://collectibles.uy/catalog-images/external/http2.mlstatic.com/D_797647-MLU45608573255_042021-O.jpg,https://collectibles.uy/catalog-images/external/http2.mlstatic.com/D_797647-MLU45608573255_042021-O.jpg,200,image/jpeg,JPEG,/catalog-images/external/http2.mlstatic.com/D_797647-MLU45608573255_042021-O.jpg,jpg,PASS,29900.00 UYU
ebbdb97a-90a4-4eae-9ff0-d4b19d779fe5,"Grogu The Mandalorian Star Wars Disfraz Jazwares  Grogu 3t-4t",grogu-the-mandalorian-star-wars-disfraz-jazwares--grogu-3t-4t-6597,https://collectibles.uy/catalog-images/external/http2.mlstatic.com/D_795411-MLU92721358929_092025-O.jpg,https://collectibles.uy/catalog-images/external/http2.mlstatic.com/D_795411-MLU92721358929_092025-O.jpg,200,image/jpeg,JPEG,/catalog-images/external/http2.mlstatic.com/D_795411-MLU92721358929_092025-O.jpg,jpg,PASS,2990.00 UYU
0b1dd095-38be-4508-8ccf-784fc875d7f6,"Freddy Five Nights At Freddy´s Funko 34cm",freddy-five-nights-at-freddy-s-funko-34cm-8158,https://collectibles.uy/catalog-images/external/http2.mlstatic.com/D_837848-MLA99988660941_112025-O.jpg,https://collectibles.uy/catalog-images/external/http2.mlstatic.com/D_837848-MLA99988660941_112025-O.jpg,200,image/jpeg,JPEG,/catalog-images/external/http2.mlstatic.com/D_837848-MLA99988660941_112025-O.jpg,jpg,PASS,9900.00 UYU
a6a2e976-6ca5-447a-960d-753b8dff3db1,"Once Eleven Eggo Stranger Things 421 Funko Pop Caja Dañada",once-eleven-eggo-stranger-things-421-funko-pop-caja-da-ada-9756,https://collectibles.uy/catalog-images/external/http2.mlstatic.com/D_716518-MLU107033755649_022026-O.jpg,https://collectibles.uy/catalog-images/external/http2.mlstatic.com/D_716518-MLU107033755649_022026-O.jpg,200,image/jpeg,JPEG,/catalog-images/external/http2.mlstatic.com/D_716518-MLU107033755649_022026-O.jpg,jpg,PASS,2650.00 UYU
43689d29-1f8d-4e60-80bf-f13c7044f847,"Figgyz Pop! Magnet Megaman - Zero",figgyz-pop-magnet-megaman-zero,https://cobtsgkwcftvexaarwmo.supabase.co/storage/v1/object/public/public-assets/ml-sync/43689d29-1f8d-4e60-80bf-f13c7044f847-0-1776871363125.jpg,https://cobtsgkwcftvexaarwmo.supabase.co/storage/v1/object/public/public-assets/ml-sync/43689d29-1f8d-4e60-80bf-f13c7044f847-0-1776871363125.jpg,200,image/jpeg,JPEG,/storage/v1/object/public/public-assets/ml-sync/43689d29-1f8d-4e60-80bf-f13c7044f847-0-1776871363125.jpg,jpg,PASS,990.00 UYU
a78c1adf-b99c-488e-aed7-c9a70c7f59b7,"Dragonite Pokemon Moncolle Ex Takara Tomy Ms 25",dragonite-pokemon-moncolle-ex-takara-tomy-ms-25-6875,https://collectibles.uy/catalog-images/external/http2.mlstatic.com/D_789105-MLU79872212634_102024-O.jpg,https://collectibles.uy/catalog-images/external/http2.mlstatic.com/D_789105-MLU79872212634_102024-O.jpg,200,image/jpeg,JPEG,/catalog-images/external/http2.mlstatic.com/D_789105-MLU79872212634_102024-O.jpg,jpg,PASS,1390.00 UYU
3a858090-fb4c-4b90-95e4-6d967ec42e3d,"Figgyz Pop! Magnet Super Sonic",figgyz-pop-magnet-super-sonic,https://cobtsgkwcftvexaarwmo.supabase.co/storage/v1/object/public/public-assets/ml-sync/3a858090-fb4c-4b90-95e4-6d967ec42e3d-0-1776872277049.jpg,https://cobtsgkwcftvexaarwmo.supabase.co/storage/v1/object/public/public-assets/ml-sync/3a858090-fb4c-4b90-95e4-6d967ec42e3d-0-1776872277049.jpg,200,image/jpeg,JPEG,/storage/v1/object/public/public-assets/ml-sync/3a858090-fb4c-4b90-95e4-6d967ec42e3d-0-1776872277049.jpg,jpg,PASS,990.00 UYU
7303c4ca-bbe4-4112-84b5-2fe076b249e7,"Baxter Tortugas Ninja Turtles Ultimates Wave1 Super7",baxter-tortugas-ninja-turtles-ultimates-wave1-super7-6439,https://collectibles.uy/catalog-images/external/http2.mlstatic.com/D_865110-MLU45527870243_042021-O.jpg,https://collectibles.uy/catalog-images/external/http2.mlstatic.com/D_865110-MLU45527870243_042021-O.jpg,200,image/jpeg,JPEG,/catalog-images/external/http2.mlstatic.com/D_865110-MLU45527870243_042021-O.jpg,jpg,PASS,4990.00 UYU
c1c97f8a-2e94-4e03-adae-be92c65a8978,"Charizard Pokemon Peluche 25cm",charizard-pokemon-peluche-25cm-1731,https://collectibles.uy/catalog-images/external/http2.mlstatic.com/D_861001-MLU69492281057_052023-O.jpg,https://collectibles.uy/catalog-images/external/http2.mlstatic.com/D_861001-MLU69492281057_052023-O.jpg,200,image/jpeg,JPEG,/catalog-images/external/http2.mlstatic.com/D_861001-MLU69492281057_052023-O.jpg,jpg,PASS,1990.00 UYU
64b638f1-7a7e-4423-8225-d2bfd72788f5,"Figura De Acción Pokémon Rillaboom Takara Tomy Coleccionable Pvc",figura-de-acci-n-pok-mon-rillaboom-takara-tomy-coleccionable-pvc-2058,https://collectibles.uy/catalog-images/external/http2.mlstatic.com/D_705059-MLA95199245394_102025-O.jpg,https://collectibles.uy/catalog-images/external/http2.mlstatic.com/D_705059-MLA95199245394_102025-O.jpg,200,image/jpeg,JPEG,/catalog-images/external/http2.mlstatic.com/D_705059-MLA95199245394_102025-O.jpg,jpg,PASS,1390.00 UYU
aa3b6928-d8cc-4b4b-b759-f7ce807199d8,"Omega Sentinel X-men Marvel Legends Tri-sentinel Baf Hasbro",omega-sentinel-x-men-marvel-legends-tri-sentinel-baf-hasbro-1125,https://collectibles.uy/catalog-images/external/http2.mlstatic.com/D_847822-MLU45520197942_042021-O.jpg,https://collectibles.uy/catalog-images/external/http2.mlstatic.com/D_847822-MLU45520197942_042021-O.jpg,200,image/jpeg,JPEG,/catalog-images/external/http2.mlstatic.com/D_847822-MLU45520197942_042021-O.jpg,jpg,PASS,3990.00 UYU
d81c5f29-76bc-4c73-8da9-90b378c5d4cc,"Malefik Spawn Bloody Disciple Mortal Kombat 11 Mcfarlane",malefik-spawn-bloody-disciple-mortal-kombat-11-mcfarlane-5013,https://collectibles.uy/catalog-images/external/http2.mlstatic.com/D_879565-MLU51641334296_092022-O.jpg,https://collectibles.uy/catalog-images/external/http2.mlstatic.com/D_879565-MLU51641334296_092022-O.jpg,200,image/jpeg,JPEG,/catalog-images/external/http2.mlstatic.com/D_879565-MLU51641334296_092022-O.jpg,jpg,PASS,2490.00 UYU
dc62130c-2309-4e59-af1a-54a954f013be,"Mega Man Rockman Classic Deluxe Lights/sounds Jakks Pacific",mega-man-rockman-classic-deluxe-lights-sounds-jakks-pacific-3128,https://collectibles.uy/catalog-images/external/http2.mlstatic.com/D_652039-MLU45584594405_042021-O.jpg,https://collectibles.uy/catalog-images/external/http2.mlstatic.com/D_652039-MLU45584594405_042021-O.jpg,200,image/jpeg,JPEG,/catalog-images/external/http2.mlstatic.com/D_652039-MLU45584594405_042021-O.jpg,jpg,PASS,4990.00 UYU
6a864e19-e906-41a0-b212-4971b2ba623f,"Miles Morales Spiderman Series Marvel Legends Hasbro",miles-morales-spiderman-series-marvel-legends-hasbro-v7ktt,https://cobtsgkwcftvexaarwmo.supabase.co/storage/v1/object/public/public-assets/vendors/61a48094-7453-4b7f-9563-e51f184832f9/ml-curation/6a864e19-e906-41a0-b212-4971b2ba623f-main.jpg,https://cobtsgkwcftvexaarwmo.supabase.co/storage/v1/object/public/public-assets/vendors/61a48094-7453-4b7f-9563-e51f184832f9/ml-curation/6a864e19-e906-41a0-b212-4971b2ba623f-main.jpg,200,image/jpeg,JPEG,/storage/v1/object/public/public-assets/vendors/61a48094-7453-4b7f-9563-e51f184832f9/ml-curation/6a864e19-e906-41a0-b212-4971b2ba623f-main.jpg,jpg,PASS,3990.00 UYU
776688b3-c3e3-4290-8ed1-5d46269b1ed0,"Marvel Girl X-men Marvel Legends Tri-sentinel Baf Hasbro",marvel-girl-x-men-marvel-legends-tri-sentinel-baf-hasbro-8877,https://collectibles.uy/catalog-images/external/http2.mlstatic.com/D_651142-MLU45520164664_042021-O.jpg,https://collectibles.uy/catalog-images/external/http2.mlstatic.com/D_651142-MLU45520164664_042021-O.jpg,200,image/jpeg,JPEG,/catalog-images/external/http2.mlstatic.com/D_651142-MLU45520164664_042021-O.jpg,jpg,PASS,3990.00 UYU
523b311e-2948-48f3-afdb-771c45c83626,"Shiny Lycanroc Midnight Form Pokemon Center Peluche 28cm",shiny-lycanroc-midnight-form-pokemon-center-peluche-28cm-3769,https://collectibles.uy/catalog-images/external/http2.mlstatic.com/D_823210-MLU47051639513_082021-O.jpg,https://collectibles.uy/catalog-images/external/http2.mlstatic.com/D_823210-MLU47051639513_082021-O.jpg,200,image/jpeg,JPEG,/catalog-images/external/http2.mlstatic.com/D_823210-MLU47051639513_082021-O.jpg,jpg,PASS,2190.00 UYU
55f2cad0-f8bf-42a4-826f-8dcfbb38c136,"Figura Neca The Last Ronin Con Armadura Tortugas Ninja",figura-neca-the-last-ronin-con-armadura-tortugas-ninja-8945,https://collectibles.uy/catalog-images/external/http2.mlstatic.com/D_709489-MLA99888335485_112025-O.jpg,https://collectibles.uy/catalog-images/external/http2.mlstatic.com/D_709489-MLA99888335485_112025-O.jpg,200,image/jpeg,JPEG,/catalog-images/external/http2.mlstatic.com/D_709489-MLA99888335485_112025-O.jpg,jpg,PASS,3990.00 UYU
4b1c9060-1767-44bf-91a8-39fb554d0c00,"Angel X-men Marvel Legends Hasbro",angel-x-men-marvel-legends-hasbro-8019,https://collectibles.uy/catalog-images/external/http2.mlstatic.com/D_801422-MLU75744188454_042024-O.jpg,https://collectibles.uy/catalog-images/external/http2.mlstatic.com/D_801422-MLU75744188454_042024-O.jpg,200,image/jpeg,JPEG,/catalog-images/external/http2.mlstatic.com/D_801422-MLU75744188454_042024-O.jpg,jpg,PASS,5990.00 UYU
8a0f9b6f-5962-414d-b492-3f48b32e19a8,"Cammy Super Street Fighter 4 Rah Medicom Toy 657",cammy-super-street-fighter-4-rah-medicom-toy-657-5827,https://collectibles.uy/catalog-images/external/http2.mlstatic.com/D_630838-MLU45608608204_042021-O.jpg,https://collectibles.uy/catalog-images/external/http2.mlstatic.com/D_630838-MLU45608608204_042021-O.jpg,200,image/jpeg,JPEG,/catalog-images/external/http2.mlstatic.com/D_630838-MLU45608608204_042021-O.jpg,jpg,PASS,29900.00 UYU
01195b2e-53a4-4c27-902a-1a4296f23f13,"Shadow Sonic The Hedgehog 10cm Wave 15 Jakks Pacific",shadow-sonic-the-hedgehog-10cm-wave-15-jakks-pacific-8373,https://collectibles.uy/catalog-images/external/http2.mlstatic.com/D_657157-MLU76913619088_062024-O.jpg,https://collectibles.uy/catalog-images/external/http2.mlstatic.com/D_657157-MLU76913619088_062024-O.jpg,200,image/jpeg,JPEG,/catalog-images/external/http2.mlstatic.com/D_657157-MLU76913619088_062024-O.jpg,jpg,PASS,3990.00 UYU
8c16eeaa-1ade-4937-b8b5-dad2e94be752,"Jiren Dragon Ball Super Evolve Bandai",jiren-dragon-ball-super-evolve-bandai-2411,https://collectibles.uy/catalog-images/external/http2.mlstatic.com/D_879014-MLU75689659220_042024-O.jpg,https://collectibles.uy/catalog-images/external/http2.mlstatic.com/D_879014-MLU75689659220_042024-O.jpg,200,image/jpeg,JPEG,/catalog-images/external/http2.mlstatic.com/D_879014-MLU75689659220_042024-O.jpg,jpg,PASS,2190.00 UYU
84308d6d-b5e9-4f6a-940a-0fa975832fdf,"Harry Potter! Llaveros Plush - Viktor",harry-potter-llaveros-plush-viktor,https://cobtsgkwcftvexaarwmo.supabase.co/storage/v1/object/public/public-assets/ml-sync/84308d6d-b5e9-4f6a-940a-0fa975832fdf-0-1779316130522.jpg,https://cobtsgkwcftvexaarwmo.supabase.co/storage/v1/object/public/public-assets/ml-sync/84308d6d-b5e9-4f6a-940a-0fa975832fdf-0-1779316130522.jpg,200,image/jpeg,JPEG,/storage/v1/object/public/public-assets/ml-sync/84308d6d-b5e9-4f6a-940a-0fa975832fdf-0-1779316130522.jpg,jpg,PASS,390.00 UYU
7992c632-ff8d-4d33-8bfc-6b3f91ba82bb,"Figura De Acción Profesor X With Hover Chair Legends Series Para X-men Marvel Hasbro",figura-de-acci-n-profesor-x-with-hover-chair-legends-series-para-x-men-marvel-hasbro-mcun2,https://cobtsgkwcftvexaarwmo.supabase.co/storage/v1/object/public/public-assets/vendors/61a48094-7453-4b7f-9563-e51f184832f9/ml-curation/7992c632-ff8d-4d33-8bfc-6b3f91ba82bb-main.jpg,https://cobtsgkwcftvexaarwmo.supabase.co/storage/v1/object/public/public-assets/vendors/61a48094-7453-4b7f-9563-e51f184832f9/ml-curation/7992c632-ff8d-4d33-8bfc-6b3f91ba82bb-main.jpg,200,image/jpeg,JPEG,/storage/v1/object/public/public-assets/vendors/61a48094-7453-4b7f-9563-e51f184832f9/ml-curation/7992c632-ff8d-4d33-8bfc-6b3f91ba82bb-main.jpg,jpg,PASS,7990.00 UYU
8de99658-68b6-468f-a56b-15601acca731,"Body De Bebes Justicie Ligue - Linterna Verde Verde 12 Meses Lisa",body-de-bebes-justicie-ligue-linterna-verde-verde-12-meses-lisa,https://cobtsgkwcftvexaarwmo.supabase.co/storage/v1/object/public/public-assets/ml-sync/8de99658-68b6-468f-a56b-15601acca731-0-1776872298299.jpg,https://cobtsgkwcftvexaarwmo.supabase.co/storage/v1/object/public/public-assets/ml-sync/8de99658-68b6-468f-a56b-15601acca731-0-1776872298299.jpg,200,image/jpeg,JPEG,/storage/v1/object/public/public-assets/ml-sync/8de99658-68b6-468f-a56b-15601acca731-0-1776872298299.jpg,jpg,PASS,990.00 UYU
6884455b-4793-444e-aeb8-26aa28b645b7,"Justice League! Body Supergirl Celeste/ Rosa 0-3 Meses Lisa",justice-league-body-supergirl-celeste-rosa-0-3-meses-lisa,https://cobtsgkwcftvexaarwmo.supabase.co/storage/v1/object/public/public-assets/ml-sync/6884455b-4793-444e-aeb8-26aa28b645b7-0-1779316807882.jpg,https://cobtsgkwcftvexaarwmo.supabase.co/storage/v1/object/public/public-assets/ml-sync/6884455b-4793-444e-aeb8-26aa28b645b7-0-1779316807882.jpg,200,image/jpeg,JPEG,/storage/v1/object/public/public-assets/ml-sync/6884455b-4793-444e-aeb8-26aa28b645b7-0-1779316807882.jpg,jpg,PASS,990.00 UYU
8b376558-a47d-4518-8d6c-1c26cdb29299,"Aliens! Figura De Acción Spitter Alien Fireteam Elite",aliens-figura-de-accion-spitter-alien-fireteam-elite,https://cobtsgkwcftvexaarwmo.supabase.co/storage/v1/object/public/public-assets/ml-sync/8b376558-a47d-4518-8d6c-1c26cdb29299-0-1779316921133.jpg,https://cobtsgkwcftvexaarwmo.supabase.co/storage/v1/object/public/public-assets/ml-sync/8b376558-a47d-4518-8d6c-1c26cdb29299-0-1779316921133.jpg,200,image/jpeg,JPEG,/storage/v1/object/public/public-assets/ml-sync/8b376558-a47d-4518-8d6c-1c26cdb29299-0-1779316921133.jpg,jpg,PASS,2840.00 UYU
2b0cda81-2acc-4b9c-9dd3-002f7e3a2abe,"Body Para Bébe The Lion King - Timon Y Pumba Naranja 18 Meses Lisa",body-para-bebe-the-lion-king-timon-y-pumba-naranja-18-meses-lisa,https://cobtsgkwcftvexaarwmo.supabase.co/storage/v1/object/public/public-assets/ml-sync/2b0cda81-2acc-4b9c-9dd3-002f7e3a2abe-0-1776872291244.jpg,https://cobtsgkwcftvexaarwmo.supabase.co/storage/v1/object/public/public-assets/ml-sync/2b0cda81-2acc-4b9c-9dd3-002f7e3a2abe-0-1776872291244.jpg,200,image/jpeg,JPEG,/storage/v1/object/public/public-assets/ml-sync/2b0cda81-2acc-4b9c-9dd3-002f7e3a2abe-0-1776872291244.jpg,jpg,PASS,990.00 UYU
6bfc9cdf-8695-4306-8866-97c48705155f,"Aayla Secura Star Wars Clone Wars Vintage Hasbro",aayla-secura-star-wars-clone-wars-vintage-hasbro-7919,https://collectibles.uy/catalog-images/external/http2.mlstatic.com/D_800149-MLU50700034716_072022-O.jpg,https://collectibles.uy/catalog-images/external/http2.mlstatic.com/D_800149-MLU50700034716_072022-O.jpg,200,image/jpeg,JPEG,/catalog-images/external/http2.mlstatic.com/D_800149-MLU50700034716_072022-O.jpg,jpg,PASS,2190.00 UYU
c33c1d4b-9026-4583-a254-b5281b852011,"10 SOBRES DE FIGURITAS MUNDIAL 2026",10-sobres-de-figuritas-mundial-2026-,https://cobtsgkwcftvexaarwmo.supabase.co/storage/v1/object/public/public-assets/1779846160241-10-sobresmundial2026.jpg,https://cobtsgkwcftvexaarwmo.supabase.co/storage/v1/object/public/public-assets/1779846160241-10-sobresmundial2026.jpg,200,image/jpeg,JPEG,/storage/v1/object/public/public-assets/1779846160241-10-sobresmundial2026.jpg,jpg,PASS,600.00 UYU
